timestamp,open,high,low,close,RSI,MACD,MA_20,Trendline,volume
2014-11-28 00:00:00+00:00,363.59,381.34,360.57,376.28,,,,,8617.15
2014-11-29 00:00:00+00:00,376.42,386.6,372.25,376.72,,,,,7245.19
2014-11-30 00:00:00+00:00,376.57,381.99,373.32,373.34,,,,,3046.33
2014-12-01 00:00:00+00:00,376.4,382.31,373.03,378.39,,,,,6660.56
2014-12-02 00:00:00+00:00,378.39,382.86,375.23,379.25,,,,,6832.53
2014-12-03 00:00:00+00:00,379.25,383.0,374.23,376.67,,,,,7908.29
2014-12-04 00:00:00+00:00,376.67,378.99,360.01,365.2,,,,,8865.09
2014-12-05 00:00:00+00:00,365.2,377.89,363.99,374.95,,,,,8951.16
2014-12-06 00:00:00+00:00,374.95,376.99,371.31,375.07,,,,,2300.21
2014-12-07 00:00:00+00:00,375.07,377.5,373.16,376.87,,,,,2429.62
2014-12-08 00:00:00+00:00,376.87,377.45,364.6,364.61,,,,,9920.84
2014-12-09 00:00:00+00:00,364.61,365.48,343.97,350.49,,,,,20940.84
2014-12-10 00:00:00+00:00,350.49,353.74,347.23,348.13,,,,,6579.79
2014-12-11 00:00:00+00:00,348.13,364.43,339.8,348.98,25.3953,,,,16533.38
2014-12-12 00:00:00+00:00,348.98,358.59,348.0,354.48,33.99147,,,,8039.95
2014-12-13 00:00:00+00:00,354.48,354.95,347.03,351.45,31.81649,,,,3880.75
2014-12-14 00:00:00+00:00,351.45,351.98,348.96,350.17,30.91652,,,,561.33
2014-12-15 00:00:00+00:00,350.17,350.17,350.17,350.17,30.91652,,,,0.0
2014-12-16 00:00:00+00:00,350.17,350.17,330.0,330.02,20.38771,,,,5677.83
2014-12-17 00:00:00+00:00,331.56,335.99,315.23,321.1,17.54002,,361.117,361.117,23478.02
2014-12-18 00:00:00+00:00,321.32,325.61,304.99,312.17,15.24437,,357.9115,357.9115,21637.58
2014-12-19 00:00:00+00:00,310.48,320.0,307.11,318.0,22.3863,,354.9755,354.9755,15958.56
2014-12-20 00:00:00+00:00,317.23,333.0,316.52,329.99,34.5932,,352.808,352.808,11146.4
2014-12-21 00:00:00+00:00,332.58,332.98,318.78,323.15,31.54515,,350.046,350.046,6510.0
2014-12-22 00:00:00+00:00,322.24,333.99,319.9,330.52,37.89486,,347.6095,347.6095,11646.6
2014-12-23 00:00:00+00:00,330.52,338.99,327.49,335.49,41.81444,-11.99423,345.5505,345.5505,7804.03
2014-12-24 00:00:00+00:00,337.0,337.0,320.92,322.14,35.35906,-12.11728,343.3975,343.3975,5544.8
2014-12-25 00:00:00+00:00,320.92,324.23,316.63,319.39,34.1882,-12.29498,340.6195,340.6195,3924.9
2014-12-26 00:00:00+00:00,319.0,332.0,316.64,330.88,42.72241,-11.37751,338.41,338.41,6347.26
2014-12-27 00:00:00+00:00,330.97,330.97,311.63,315.89,36.13834,-11.72481,335.361,335.361,8639.54
2014-12-28 00:00:00+00:00,315.89,319.56,311.22,316.63,36.65732,-11.80427,332.962,332.962,4089.61
2014-12-29 00:00:00+00:00,316.63,320.14,311.61,314.78,35.87246,-11.87958,331.1765,331.1765,5901.06
2014-12-30 00:00:00+00:00,314.78,316.77,310.0,311.94,34.64609,-12.02976,329.367,329.367,9894.24
2014-12-31 00:00:00+00:00,311.94,320.0,310.69,319.25,40.30319,-11.4272,327.8805,327.8805,6097.71
2015-01-01 00:00:00+00:00,319.25,321.0,312.6,316.31,38.84675,-11.05941,325.972,325.972,3223.06
2015-01-02 00:00:00+00:00,316.31,317.01,311.96,316.51,39.00822,-10.62926,324.225,324.225,3472.05
2015-01-03 00:00:00+00:00,316.51,316.58,285.0,286.01,27.20928,-12.60418,321.017,321.017,20350.46
2015-01-04 00:00:00+00:00,286.01,289.81,255.0,264.62,22.14936,-15.71416,316.7395,316.7395,42650.57
2015-01-05 00:00:00+00:00,264.62,280.0,262.94,276.8,30.11848,-17.00005,314.0785,314.0785,9752.08
2015-01-06 00:00:00+00:00,276.8,276.8,276.8,276.8,30.11848,-17.81379,311.8635,311.8635,0.0
2015-01-07 00:00:00+00:00,276.8,276.8,276.8,276.8,30.11848,-18.24832,310.095,310.095,0.0
2015-01-08 00:00:00+00:00,276.8,276.8,276.8,276.8,30.11848,-18.38081,308.035,308.035,0.0
2015-01-09 00:00:00+00:00,276.8,276.8,276.8,276.8,30.11848,-18.27514,305.3755,305.3755,0.0
2015-01-10 00:00:00+00:00,276.8,276.8,276.8,276.8,30.11848,-17.98409,303.058,303.058,0.0
2015-01-11 00:00:00+00:00,276.8,276.8,276.8,276.8,30.11848,-17.55112,300.372,300.372,0.0
2015-01-12 00:00:00+00:00,270.4,272.43,263.54,268.16,26.84392,-17.70111,297.0055,297.0055,7909.25
2015-01-13 00:00:00+00:00,268.16,268.72,216.0,221.0,16.37729,-21.37895,291.9485,291.9485,57653.9
2015-01-14 00:00:00+00:00,221.0,230.89,152.4,162.0,10.73695,-28.72337,284.079,284.079,123599.76
2015-01-15 00:00:00+00:00,162.0,233.9,161.1,208.81,31.0317,-30.41608,277.9755,277.9755,86158.17
2015-01-16 00:00:00+00:00,214.77,223.15,198.04,206.6,30.67708,-31.57195,272.511,272.511,34657.09
2015-01-17 00:00:00+00:00,206.6,212.84,192.17,200.1,29.60547,-32.63627,266.6845,266.6845,19933.78
2015-01-18 00:00:00+00:00,200.1,222.0,195.02,211.42,33.9338,-32.1952,261.5165,261.5165,18205.49
2015-01-19 00:00:00+00:00,210.05,220.94,207.7,216.88,35.97853,-31.04718,256.7635,256.7635,12796.47
2015-01-20 00:00:00+00:00,217.84,217.84,201.98,211.08,34.74823,-30.2566,251.355,251.355,14234.73
2015-01-21 00:00:00+00:00,211.08,228.9,205.0,228.59,41.27682,-27.89558,246.969,246.969,22796.06
2015-01-22 00:00:00+00:00,228.59,239.0,226.01,233.0,42.8283,-25.37609,242.7935,242.7935,25809.37
2015-01-23 00:00:00+00:00,233.0,240.0,225.55,233.03,42.83937,-23.11055,240.1445,240.1445,15246.43
2015-01-24 00:00:00+00:00,233.03,249.99,230.03,249.99,48.86406,-19.71925,239.413,239.413,13633.14
2015-01-25 00:00:00+00:00,249.99,257.0,241.33,253.09,49.90342,-16.59023,238.2275,238.2275,28139.7
2015-01-26 00:00:00+00:00,253.09,309.9,253.09,269.5,55.10537,-12.6406,237.8625,237.8625,55355.5
2015-01-27 00:00:00+00:00,269.5,278.51,243.1,262.99,52.7646,-9.92143,237.172,237.172,21293.57
2015-01-28 00:00:00+00:00,262.99,266.45,225.91,236.2,44.40522,-9.81505,235.142,235.142,27595.15
2015-01-29 00:00:00+00:00,236.2,242.18,220.0,234.75,43.99891,-9.73552,233.0395,233.0395,26178.79
2015-01-30 00:00:00+00:00,234.75,244.98,227.26,232.6,43.36531,-9.73378,230.8295,230.8295,19832.17
2015-01-31 00:00:00+00:00,232.6,234.8,215.75,217.98,39.22846,-10.78775,227.8885,227.8885,19706.27
2015-02-01 00:00:00+00:00,217.98,220.81,208.48,214.8,38.37103,-11.74425,225.2205,225.2205,6189.01
2015-02-02 00:00:00+00:00,214.8,241.98,214.8,237.97,47.39336,-10.51149,226.069,226.069,6423.56
2015-02-03 00:00:00+00:00,237.97,244.39,223.79,227.35,44.19937,-10.27305,229.3365,229.3365,17756.67
2015-02-04 00:00:00+00:00,227.35,231.0,220.02,227.0,44.0939,-9.99708,230.246,230.246,14313.23
2015-02-05 00:00:00+00:00,227.0,228.94,213.64,217.0,41.07791,-10.46465,230.766,230.766,4314.11
2015-02-06 00:00:00+00:00,216.81,225.86,214.95,222.88,43.52403,-10.24268,231.905,231.905,4730.33
2015-02-07 00:00:00+00:00,223.37,231.14,221.77,228.61,45.88182,-9.49494,232.7645,232.7645,6356.04
2015-02-08 00:00:00+00:00,228.3,232.89,219.7,224.19,44.34392,-9.1535,233.13,233.13,5456.94
2015-02-09 00:00:00+00:00,224.19,225.99,215.0,220.72,43.1219,-9.05848,233.612,233.612,19478.94
2015-02-10 00:00:00+00:00,220.72,222.0,215.0,220.95,43.23357,-8.86246,233.23,233.23,6332.22
2015-02-11 00:00:00+00:00,220.95,223.43,217.99,219.12,42.51832,-8.75387,232.536,232.536,9298.5
2015-02-12 00:00:00+00:00,219.55,223.07,218.17,222.46,44.32861,-8.30259,232.0075,232.0075,4010.23
2015-02-13 00:00:00+00:00,223.0,242.35,221.37,236.86,51.43062,-6.70569,231.351,231.351,8077.55
2015-02-14 00:00:00+00:00,237.0,259.31,236.9,257.9,59.5502,-3.69973,231.5915,231.5915,10813.61
2015-02-15 00:00:00+00:00,256.99,265.89,227.75,234.01,49.443,-3.20824,229.817,229.817,18474.58
2015-02-16 00:00:00+00:00,234.01,241.23,229.2,236.55,50.40677,-2.58397,228.495,228.495,12321.08
2015-02-17 00:00:00+00:00,236.55,248.78,232.01,244.96,53.56323,-1.39455,228.933,228.933,11898.41
2015-02-18 00:00:00+00:00,244.96,247.0,232.24,235.79,49.83845,-1.17829,228.985,228.985,6766.05
2015-02-19 00:00:00+00:00,237.37,245.01,235.66,242.67,52.50695,-0.44659,229.4885,229.4885,4730.24
2015-02-20 00:00:00+00:00,240.59,248.96,239.41,246.1,53.82577,0.40539,230.8945,230.8945,4559.19
2015-02-21 00:00:00+00:00,245.48,247.48,244.0,245.87,53.71805,1.04993,232.448,232.448,1553.36
2015-02-22 00:00:00+00:00,245.41,247.42,232.48,236.68,49.45892,0.80983,232.3835,232.3835,6739.67
2015-02-23 00:00:00+00:00,236.68,240.66,232.05,238.92,50.48934,0.79119,232.962,232.962,3706.77
2015-02-24 00:00:00+00:00,239.65,240.88,236.3,239.69,50.86022,0.82899,233.5965,233.5965,2430.95
2015-02-25 00:00:00+00:00,239.94,240.61,236.0,238.0,49.97537,0.71434,234.6465,234.6465,1735.6
2015-02-26 00:00:00+00:00,237.97,238.55,234.01,236.7,49.26534,0.51267,235.3375,235.3375,3498.78
2015-02-27 00:00:00+00:00,236.7,256.15,236.16,253.06,57.45701,1.6539,236.56,236.56,22016.89
2015-02-28 00:00:00+00:00,253.06,254.29,245.2,252.98,57.4082,2.52279,237.9995,237.9995,3613.22
2015-03-01 00:00:00+00:00,253.47,260.0,245.0,255.81,58.74345,3.40056,239.754,239.754,5062.1
2015-03-02 00:00:00+00:00,258.34,274.81,256.0,274.0,66.09992,5.50056,242.4065,242.4065,9781.93
2015-03-03 00:00:00+00:00,274.0,284.95,265.89,279.0,67.79958,7.48204,245.4005,245.4005,22213.49
2015-03-04 00:00:00+00:00,279.0,283.88,264.94,269.83,61.69068,8.21771,247.769,247.769,14281.76
2015-03-05 00:00:00+00:00,269.83,280.5,262.2,273.8,63.23513,9.01713,249.616,249.616,11360.44
2015-03-06 00:00:00+00:00,273.8,276.46,269.0,273.26,62.86389,9.49763,250.384,250.384,6996.36
2015-03-07 00:00:00+00:00,273.26,279.48,270.0,275.59,63.85006,9.95171,252.463,252.463,5605.63
2015-03-08 00:00:00+00:00,275.59,277.59,271.12,274.89,63.30615,10.13823,254.38,254.38,4455.34
2015-03-09 00:00:00+00:00,274.89,289.0,274.17,287.0,68.33212,11.13487,256.482,256.482,11984.22
2015-03-10 00:00:00+00:00,287.0,296.8,283.96,290.24,69.53445,12.04727,259.2045,259.2045,12857.02
2015-03-11 00:00:00+00:00,290.24,296.74,285.83,295.11,71.29836,13.01332,261.8265,261.8265,6784.55
2015-03-12 00:00:00+00:00,295.11,297.95,289.0,295.56,71.46278,13.6578,264.2995,264.2995,8145.87
2015-03-13 00:00:00+00:00,295.56,295.84,282.99,284.4,61.98011,13.11683,266.226,266.226,9178.74
2015-03-14 00:00:00+00:00,284.4,287.69,280.46,282.7,60.65966,12.4079,268.527,268.527,5616.62
2015-03-15 00:00:00+00:00,282.7,287.75,281.42,286.4,62.53069,12.00622,270.901,270.901,2426.65
2015-03-16 00:00:00+00:00,286.4,294.26,285.78,289.7,64.16757,11.81795,273.4015,273.4015,6473.86
2015-03-17 00:00:00+00:00,289.7,292.99,281.9,284.46,59.70722,11.11775,275.7245,275.7245,6470.43
2015-03-18 00:00:00+00:00,284.46,284.48,249.02,257.29,43.01216,8.27506,276.754,276.754,21120.78
2015-03-19 00:00:00+00:00,257.29,265.95,249.0,262.01,45.84509,6.33011,277.2015,277.2015,14750.19
2015-03-20 00:00:00+00:00,262.01,265.27,257.0,262.09,45.89418,4.74052,277.657,277.657,5683.15
2015-03-21 00:00:00+00:00,262.09,262.62,256.25,259.8,44.64648,3.25842,277.8565,277.8565,4622.93
2015-03-22 00:00:00+00:00,259.8,272.0,259.24,269.39,50.69205,2.82511,277.626,277.626,5709.7
2015-03-23 00:00:00+00:00,269.39,270.07,259.5,265.84,48.57702,2.17024,276.968,276.968,8901.07
2015-03-24 00:00:00+00:00,265.84,266.52,241.84,246.93,39.1957,0.12394,275.823,275.823,17591.02
2015-03-25 00:00:00+00:00,246.93,250.0,236.4,247.68,39.69316,-1.42087,274.517,274.517,13448.56
2015-03-26 00:00:00+00:00,247.68,253.75,244.91,249.46,40.92837,-2.473,273.327,273.327,8403.54
2015-03-27 00:00:00+00:00,249.46,250.52,245.12,248.09,40.24513,-3.37843,271.952,271.952,5845.29
2015-03-28 00:00:00+00:00,248.09,253.83,247.17,252.31,43.38052,-3.71267,270.823,270.823,5943.83
2015-03-29 00:00:00+00:00,252.31,252.96,239.96,242.19,38.20356,-4.73952,268.5825,268.5825,6591.6
2015-03-30 00:00:00+00:00,242.19,248.86,236.52,247.69,42.23805,-5.05128,266.455,266.455,7880.41
2015-03-31 00:00:00+00:00,247.69,248.59,238.55,243.98,40.32555,-5.53393,263.8985,263.8985,8180.68
2015-04-01 00:00:00+00:00,243.98,246.83,239.32,245.98,41.85403,-5.68946,261.4195,261.4195,6106.97
2015-04-02 00:00:00+00:00,245.98,256.96,244.52,253.16,47.09318,-5.17371,259.8575,259.8575,9880.07
2015-04-03 00:00:00+00:00,253.16,256.67,251.23,253.79,47.53983,-4.66042,258.412,258.412,5062.49
2015-04-04 00:00:00+00:00,253.79,255.85,250.76,253.45,47.30771,-4.23228,256.7645,256.7645,2579.58
2015-04-05 00:00:00+00:00,253.45,261.0,251.65,260.5,52.48801,-3.28622,255.3045,255.3045,5807.32
2015-04-06 00:00:00+00:00,260.5,262.98,254.0,255.83,49.04813,-2.88009,253.873,253.873,5989.94
2015-04-07 00:00:00+00:00,255.83,256.62,251.5,254.45,48.04609,-2.63916,253.731,253.731,5990.22
2015-04-08 00:00:00+00:00,254.45,254.96,243.06,244.09,41.23526,-3.24676,252.835,252.835,11647.96
2015-04-09 00:00:00+00:00,244.09,246.3,238.47,243.53,40.89778,-3.73048,251.907,251.907,7990.92
2015-04-10 00:00:00+00:00,243.53,243.94,231.0,234.77,35.94224,-4.76575,250.6555,250.6555,11525.77
2015-04-11 00:00:00+00:00,234.77,239.42,233.0,237.34,38.30414,-5.31753,249.053,249.053,4103.6
2015-04-12 00:00:00+00:00,237.34,237.5,233.42,236.3,37.69838,-5.7722,247.576,247.576,2850.16
2015-04-13 00:00:00+00:00,236.3,236.9,219.64,222.87,30.90216,-7.13399,246.373,246.373,13823.98
2015-04-14 00:00:00+00:00,222.87,224.79,210.0,216.42,28.26652,-8.63414,244.81,244.81,18432.86
2015-04-15 00:00:00+00:00,216.42,222.43,214.05,221.51,33.11461,-9.30504,243.4125,243.4125,9766.32
2015-04-16 00:00:00+00:00,221.51,229.67,221.51,227.59,38.46451,-9.23962,242.3875,242.3875,11002.79
2015-04-17 00:00:00+00:00,227.59,228.29,220.0,221.86,35.57641,-9.54017,240.865,240.865,5767.04
2015-04-18 00:00:00+00:00,221.86,224.72,220.32,223.14,36.71945,-9.56481,239.9125,239.9125,4254.1
2015-04-19 00:00:00+00:00,223.14,227.35,221.91,222.89,36.58293,-9.49506,238.6725,238.6725,5866.64
2015-04-20 00:00:00+00:00,222.89,226.51,221.43,224.07,37.75922,-9.23807,237.677,237.677,6013.41
2015-04-21 00:00:00+00:00,224.07,235.61,223.91,234.13,46.81631,-8.12894,237.0845,237.0845,9531.32
2015-04-22 00:00:00+00:00,234.13,238.64,229.1,233.0,46.00647,-7.25747,236.0765,236.0765,11066.24
2015-04-23 00:00:00+00:00,233.0,236.22,232.01,235.14,47.84641,-6.32128,235.144,235.144,8021.19
2015-04-24 00:00:00+00:00,235.14,236.0,228.0,231.06,44.71765,-5.84123,234.0245,234.0245,8557.1
2015-04-25 00:00:00+00:00,231.06,232.29,225.7,226.28,41.30945,-5.77986,232.3135,232.3135,5375.75
2015-04-26 00:00:00+00:00,226.28,227.26,214.98,219.49,36.99597,-6.20757,230.4965,230.4965,11260.03
2015-04-27 00:00:00+00:00,219.49,229.93,217.52,226.01,43.1361,-5.95181,229.0745,229.0745,13501.83
2015-04-28 00:00:00+00:00,226.01,228.06,221.45,225.11,42.52009,-5.7554,228.1255,228.1255,9597.44
2015-04-29 00:00:00+00:00,225.11,226.99,221.81,225.49,42.89092,-5.50562,227.2235,227.2235,8661.92
2015-04-30 00:00:00+00:00,225.49,240.0,224.6,235.75,51.91171,-4.42871,227.2725,227.2725,12474.83
2015-05-01 00:00:00+00:00,235.75,239.23,231.04,231.96,48.84258,-3.83685,227.0035,227.0035,6622.93
2015-05-02 00:00:00+00:00,231.96,234.9,229.87,233.9,50.45723,-3.17466,226.8835,226.8835,4381.68
2015-05-03 00:00:00+00:00,233.9,242.25,232.31,239.18,54.65231,-2.19847,227.699,227.699,4422.59
2015-05-04 00:00:00+00:00,239.18,242.2,236.07,237.93,53.49738,-1.50831,228.7745,228.7745,7163.19
2015-05-05 00:00:00+00:00,237.93,238.99,229.66,234.37,50.24106,-1.23439,229.4175,229.4175,8788.82
2015-05-06 00:00:00+00:00,234.37,235.98,227.01,229.78,46.32575,-1.37187,229.527,229.527,8708.99
2015-05-07 00:00:00+00:00,229.78,240.0,227.35,236.82,52.44687,-0.90235,230.275,230.275,10896.59
2015-05-08 00:00:00+00:00,236.82,246.57,235.29,243.16,57.18259,-0.01845,231.276,231.276,9617.81
2015-05-09 00:00:00+00:00,243.16,247.01,238.62,241.4,55.52934,0.53387,232.2015,232.2015,5562.4
2015-05-10 00:00:00+00:00,241.4,244.99,238.02,239.08,53.34013,0.77545,232.952,232.952,3493.96
2015-05-11 00:00:00+00:00,239.08,241.0,237.99,239.0,53.26215,0.9495,233.1955,233.1955,5171.02
2015-05-12 00:00:00+00:00,240.06,242.0,238.56,241.3,55.28602,1.25852,233.6105,233.6105,5822.43
2015-05-13 00:00:00+00:00,241.3,244.14,235.06,236.9,50.75781,1.13529,233.6985,233.6985,9233.25
2015-05-14 00:00:00+00:00,236.9,239.7,232.22,236.95,50.80712,1.02979,233.993,233.993,7711.21
2015-05-15 00:00:00+00:00,236.95,239.28,235.12,237.12,50.98682,0.94896,234.535,234.535,4517.94
2015-05-16 00:00:00+00:00,237.12,237.4,234.0,235.6,49.25431,0.75357,235.3405,235.3405,3118.36
2015-05-17 00:00:00+00:00,235.6,237.0,234.15,236.05,49.79818,0.62779,235.8425,235.8425,2628.86
2015-05-18 00:00:00+00:00,236.05,236.94,231.44,232.24,45.36505,0.21816,236.199,236.199,7421.78
2015-05-19 00:00:00+00:00,232.24,234.24,230.86,231.69,44.74579,-0.14914,236.509,236.509,5562.18
2015-05-20 00:00:00+00:00,231.69,234.86,231.0,233.8,47.69559,-0.26688,236.4115,236.4115,7681.74
2015-05-21 00:00:00+00:00,233.8,236.52,233.75,235.49,49.99811,-0.22128,236.588,236.588,4586.63
2015-05-22 00:00:00+00:00,235.49,240.9,232.92,238.99,54.46847,0.09617,236.8425,236.8425,10421.69
2015-05-23 00:00:00+00:00,238.99,240.67,237.4,237.71,52.6158,0.24168,236.769,236.769,3295.19
2015-05-24 00:00:00+00:00,237.71,241.64,237.66,239.68,55.14457,0.51009,236.8565,236.8565,2864.64
2015-05-25 00:00:00+00:00,239.68,240.1,233.1,235.48,49.12523,0.37952,236.912,236.912,5297.76
2015-05-26 00:00:00+00:00,235.48,236.23,235.0,236.21,50.14388,0.33113,237.2335,237.2335,474.9
2015-05-27 00:00:00+00:00,236.21,237.35,234.0,235.34,48.88756,0.22004,237.1595,237.1595,8615.67
2015-05-28 00:00:00+00:00,235.34,236.8,234.87,236.46,50.60335,0.21984,236.8245,236.8245,4983.03
2015-05-29 00:00:00+00:00,236.46,236.52,234.0,236.02,49.89473,0.18209,236.5555,236.5555,6208.04
2015-05-30 00:00:00+00:00,236.02,236.21,231.0,232.07,43.94534,-0.16467,236.205,236.205,4263.02
2015-05-31 00:00:00+00:00,232.07,232.51,228.0,229.08,40.05217,-0.67299,235.709,235.709,4385.74
2015-06-01 00:00:00+00:00,229.08,231.2,220.65,223.67,34.15602,-1.49514,234.8275,234.8275,12135.65
2015-06-02 00:00:00+00:00,223.67,226.38,221.34,224.78,36.2303,-2.0337,234.2215,234.2215,7796.34
2015-06-03 00:00:00+00:00,224.78,226.99,222.57,225.11,36.86707,-2.40614,233.6295,233.6295,5730.82
2015-06-04 00:00:00+00:00,225.11,225.98,222.0,222.37,33.84513,-2.88909,232.892,232.892,4892.73
2015-06-05 00:00:00+00:00,222.37,225.9,219.03,224.49,38.0746,-3.06543,232.3365,232.3365,7893.14
2015-06-06 00:00:00+00:00,224.49,225.26,223.07,224.36,37.91453,-3.17903,231.752,231.752,2585.82
2015-06-07 00:00:00+00:00,224.36,225.48,221.86,222.86,36.03214,-3.35146,231.283,231.283,3473.44
2015-06-08 00:00:00+00:00,222.86,229.4,222.09,228.11,46.11579,-3.02955,231.104,231.104,8948.31
2015-06-09 00:00:00+00:00,228.11,230.79,226.67,229.49,48.41756,-2.63274,230.8885,230.8885,9116.02
2015-06-10 00:00:00+00:00,229.49,229.75,226.83,227.51,45.41967,-2.44979,230.4895,230.4895,6347.54
2015-06-11 00:00:00+00:00,227.51,229.57,227.25,229.01,48.04423,-2.15888,229.9905,229.9905,4721.47
2015-06-12 00:00:00+00:00,229.01,230.7,228.29,229.61,49.09861,-1.8585,229.5855,229.5855,5893.36
2015-06-13 00:00:00+00:00,229.61,232.03,228.06,231.51,52.39331,-1.4504,229.177,229.177,3931.71
2015-06-14 00:00:00+00:00,231.51,234.0,230.94,231.77,52.84313,-1.0934,228.9915,228.9915,3541.16
2015-06-15 00:00:00+00:00,231.77,237.09,231.55,235.92,59.43201,-0.47019,228.977,228.977,10453.01
2015-06-16 00:00:00+00:00,235.92,252.05,234.35,248.75,72.31211,1.04692,229.6475,229.6475,17375.21
2015-06-17 00:00:00+00:00,248.75,257.39,243.2,245.78,67.0084,1.98668,230.1135,230.1135,17474.9
2015-06-18 00:00:00+00:00,245.78,251.58,240.0,248.09,68.9179,2.8846,230.717,230.717,11164.4
2015-06-19 00:00:00+00:00,248.09,249.93,242.14,243.42,61.2054,3.18269,231.2845,231.2845,6749.43
2015-06-20 00:00:00+00:00,243.42,245.56,239.93,244.69,62.43652,3.48127,232.065,232.065,4503.01
2015-06-21 00:00:00+00:00,244.69,245.0,241.06,243.37,60.2948,3.57023,233.05,233.05,1960.74
2015-06-22 00:00:00+00:00,243.37,247.99,242.64,247.09,64.03862,3.896,234.1655,234.1655,4980.1
2015-06-23 00:00:00+00:00,247.09,247.25,242.14,243.78,58.73206,3.84278,235.099,235.099,5073.39
2015-06-24 00:00:00+00:00,243.78,244.14,238.2,240.69,54.21549,3.5108,236.015,236.015,6597.99
2015-06-25 00:00:00+00:00,240.69,242.9,239.18,241.65,55.36395,3.28727,236.873,236.873,5160.95
2015-06-26 00:00:00+00:00,241.65,243.44,240.0,243.2,57.22942,3.19833,237.815,237.815,5140.84
2015-06-27 00:00:00+00:00,243.2,252.0,242.36,251.17,65.26747,3.72798,239.2305,239.2305,7113.62
2015-06-28 00:00:00+00:00,251.17,251.4,247.04,248.9,61.71022,3.91938,240.27,240.27,5867.88
2015-06-29 00:00:00+00:00,248.9,256.94,248.15,256.38,67.91565,4.62137,241.6145,241.6145,15337.97
2015-06-30 00:00:00+00:00,256.38,268.0,255.0,264.13,72.82902,5.73693,243.4455,243.4455,19956.78
2015-07-01 00:00:00+00:00,264.13,265.25,253.81,257.07,63.31659,5.98238,244.8485,244.8485,13366.47
2015-07-02 00:00:00+00:00,257.07,260.77,253.19,254.69,60.45016,5.91664,246.1025,246.1025,9722.57
2015-07-03 00:00:00+00:00,254.69,256.44,252.4,255.86,61.37588,5.89105,247.32,247.32,8654.59
2015-07-04 00:00:00+00:00,255.86,261.28,254.05,260.74,65.05033,6.19315,248.7685,248.7685,7843.22
2015-07-05 00:00:00+00:00,260.74,274.74,258.75,270.33,70.90762,7.12428,250.489,250.489,20910.74
2015-07-06 00:00:00+00:00,270.33,278.54,267.13,269.47,69.77825,7.704,251.525,251.525,20312.49
2015-07-07 00:00:00+00:00,269.47,271.69,264.01,266.18,65.48144,7.80795,252.545,252.545,13614.5
2015-07-08 00:00:00+00:00,266.18,273.0,263.01,269.39,67.57914,8.05649,253.61,253.61,14420.88
2015-07-09 00:00:00+00:00,269.39,271.98,265.92,269.65,67.7501,8.18014,254.9215,254.9215,13965.07
2015-07-10 00:00:00+00:00,269.65,294.71,268.63,286.61,76.46701,9.53673,257.0175,257.0175,29175.43
2015-07-11 00:00:00+00:00,286.61,298.05,283.88,292.02,78.46644,10.92247,259.45,259.45,11468.25
2015-07-12 00:00:00+00:00,292.02,317.99,291.64,310.24,83.53894,13.33714,262.6075,262.6075,22483.42
2015-07-13 00:00:00+00:00,310.24,310.73,281.0,292.0,66.62002,13.62194,265.0185,265.0185,29753.17
2015-07-14 00:00:00+00:00,292.0,297.13,286.02,287.96,63.55001,13.36756,267.382,267.382,10331.15
2015-07-15 00:00:00+00:00,287.96,293.7,285.4,285.55,61.72275,12.82367,269.577,269.577,9139.09
2015-07-16 00:00:00+00:00,285.55,292.4,274.92,277.23,55.76182,11.58771,271.2785,271.2785,21306.73
2015-07-17 00:00:00+00:00,278.27,280.73,272.31,279.43,56.94586,10.66281,272.6915,272.6915,11791.54
2015-07-18 00:00:00+00:00,279.43,283.0,276.73,276.73,55.00023,9.60127,274.083,274.083,9438.44
2015-07-19 00:00:00+00:00,276.73,278.1,275.12,275.5,54.09352,8.56204,275.039,275.039,4922.56
2015-07-20 00:00:00+00:00,275.5,279.16,274.62,277.73,55.52507,7.82815,275.719,275.719,8914.57
2015-07-21 00:00:00+00:00,277.73,281.07,276.28,276.48,54.49915,7.06424,276.6895,276.6895,8831.73
2015-07-22 00:00:00+00:00,276.48,277.93,275.0,277.93,55.52569,6.5009,277.8515,277.8515,8397.47
2015-07-23 00:00:00+00:00,277.93,278.55,275.79,276.67,54.37764,5.88495,278.892,278.892,6582.58
2015-07-24 00:00:00+00:00,276.67,290.02,275.9,289.96,63.05458,6.39546,280.353,280.353,13542.88
2015-07-25 00:00:00+00:00,289.96,292.0,286.5,289.34,62.45778,6.6731,281.3035,281.3035,6912.1
2015-07-26 00:00:00+00:00,289.34,294.0,287.41,292.84,64.50044,7.09377,282.472,282.472,5451.14
2015-07-27 00:00:00+00:00,292.84,297.44,286.43,294.27,65.33043,7.4566,283.8765,283.8765,14479.23
2015-07-28 00:00:00+00:00,294.27,297.0,292.19,293.84,64.83951,7.62158,285.099,285.099,8973.72
2015-07-29 00:00:00+00:00,293.84,294.67,287.27,289.63,60.07939,7.32815,286.098,286.098,10200.93
2015-07-30 00:00:00+00:00,289.63,290.23,284.53,287.73,58.00957,6.86317,286.154,286.154,7987.07
2015-07-31 00:00:00+00:00,287.73,289.0,281.8,284.39,54.45779,6.15422,285.7725,285.7725,7806.41
2015-08-01 00:00:00+00:00,284.39,285.16,276.66,280.77,50.82554,5.23987,284.299,284.299,7104.93
2015-08-02 00:00:00+00:00,280.77,282.9,276.57,281.5,51.52766,4.52202,283.774,283.774,4504.34
2015-08-03 00:00:00+00:00,281.5,285.8,279.52,282.72,52.74207,4.00538,283.512,283.512,6191.27
2015-08-04 00:00:00+00:00,282.72,285.88,280.26,284.65,54.6766,3.70893,283.467,283.467,6341.12
2015-08-05 00:00:00+00:00,284.65,285.86,280.63,281.99,51.54479,3.2222,283.705,283.705,6265.79
2015-08-06 00:00:00+00:00,281.99,281.99,281.99,281.99,51.54479,2.80415,283.833,283.833,0.0
2015-08-07 00:00:00+00:00,281.99,281.99,277.43,279.01,47.97447,2.20693,283.947,283.947,4153.05
2015-08-08 00:00:00+00:00,279.01,279.97,260.41,261.71,33.4772,0.33382,283.2575,283.2575,10196.43
2015-08-09 00:00:00+00:00,261.71,268.95,261.01,265.36,37.75124,-0.84635,282.639,282.639,8992.5
2015-08-10 00:00:00+00:00,265.36,266.79,261.6,264.33,37.02825,-1.84351,282.0315,282.0315,9762.3
2015-08-11 00:00:00+00:00,264.33,270.87,263.64,270.0,43.44879,-2.15144,281.635,281.635,8309.4
2015-08-12 00:00:00+00:00,270.0,271.5,265.71,268.51,42.23025,-2.48704,281.227,281.227,8958.14
2015-08-13 00:00:00+00:00,268.51,269.37,262.32,264.65,39.16581,-3.02955,279.9615,279.9615,11012.75
2015-08-14 00:00:00+00:00,264.65,266.99,262.0,265.71,40.44389,-3.33552,278.78,278.78,8078.55
2015-08-15 00:00:00+00:00,265.71,266.5,260.45,261.03,36.77075,-3.91055,277.1895,277.1895,5325.65
2015-08-16 00:00:00+00:00,261.03,262.2,254.01,256.09,33.32976,-4.71059,275.2805,275.2805,9784.83
2015-08-17 00:00:00+00:00,256.09,259.12,254.63,256.66,34.09611,-5.23824,273.4215,273.4215,8544.68
2015-08-18 00:00:00+00:00,256.66,256.99,245.05,246.0,27.68655,-6.44233,271.24,271.24,11560.09
2015-08-19 00:00:00+00:00,246.0,246.0,221.11,227.1,20.37376,-8.81997,268.2085,268.2085,28563.8
2015-08-20 00:00:00+00:00,227.1,236.66,226.01,235.95,29.73284,-9.8763,265.7865,265.7865,16008.51
2015-08-21 00:00:00+00:00,235.95,236.66,231.77,233.27,28.63521,-10.80515,263.4115,263.4115,10039.9
2015-08-22 00:00:00+00:00,233.27,235.2,223.01,230.47,27.49325,-11.63311,260.86,260.86,16002.99
2015-08-23 00:00:00+00:00,230.47,234.03,227.13,228.47,26.67496,-12.30876,258.1475,258.1475,7473.26
2015-08-24 00:00:00+00:00,228.47,228.99,207.73,211.79,21.04828,-14.02845,254.5045,254.5045,37272.75
2015-08-25 00:00:00+00:00,211.79,228.04,198.12,221.64,30.38655,-14.43016,251.487,251.487,42103.77
2015-08-26 00:00:00+00:00,221.64,231.09,219.77,225.17,33.42558,-14.29885,248.646,248.646,24502.89
2015-08-27 00:00:00+00:00,225.17,228.89,223.17,223.8,32.82662,-14.14231,245.8855,245.8855,14442.78
2015-08-28 00:00:00+00:00,223.8,235.93,220.29,232.09,39.85041,-13.19719,244.4045,244.4045,22724.23
2015-08-29 00:00:00+00:00,232.09,233.9,226.67,229.23,38.36019,-12.53446,242.598,242.598,15403.85
2015-08-30 00:00:00+00:00,229.23,232.75,225.04,228.43,37.93288,-11.9362,240.803,240.803,15797.35
2015-08-31 00:00:00+00:00,228.43,232.49,224.39,229.84,39.21802,-11.21898,238.795,238.795,15220.01
2015-09-01 00:00:00+00:00,229.84,231.67,226.17,227.65,37.90522,-10.7039,236.752,236.752,23816.39
2015-09-02 00:00:00+00:00,227.65,230.77,226.0,228.77,39.02929,-10.08903,234.958,234.958,21569.59
2015-09-03 00:00:00+00:00,228.77,229.96,226.5,226.79,37.72898,-9.65026,233.012,233.012,19714.63
2015-09-04 00:00:00+00:00,226.79,231.4,226.33,231.09,42.23032,-8.8535,231.515,231.515,20890.72
2015-09-05 00:00:00+00:00,231.09,237.22,229.23,235.45,46.45665,-7.78056,230.483,230.483,20028.27
2015-09-06 00:00:00+00:00,235.45,244.2,235.02,240.45,50.89346,-6.45241,229.6725,229.6725,25523.35
2015-09-07 00:00:00+00:00,240.45,242.91,238.44,240.12,50.59547,-5.36463,229.3785,229.3785,23160.77
2015-09-08 00:00:00+00:00,240.12,246.24,239.89,244.04,54.03816,-4.13853,230.2255,230.2255,23713.93
2015-09-09 00:00:00+00:00,244.04,244.22,237.01,237.96,48.40417,-3.61577,230.326,230.326,23263.18
2015-09-10 00:00:00+00:00,237.96,241.65,234.78,238.5,48.91361,-3.12192,230.5875,230.5875,20541.17
2015-09-11 00:00:00+00:00,238.5,240.94,237.5,239.94,50.32224,-2.58455,231.061,231.061,13813.07
2015-09-12 00:00:00+00:00,239.94,240.0,233.02,235.61,46.1973,-2.47949,231.418,231.418,12452.61
2015-09-13 00:00:00+00:00,235.61,236.09,228.0,230.17,41.58526,-2.80288,232.337,232.337,18652.71
2015-09-14 00:00:00+00:00,230.17,232.92,223.99,229.51,41.04981,-3.07696,232.7305,232.7305,17592.99
2015-09-15 00:00:00+00:00,229.51,231.21,226.5,229.3,40.86949,-3.27338,232.937,232.937,16362.58
2015-09-16 00:00:00+00:00,229.3,230.0,223.0,227.85,39.57679,-3.50564,233.1395,233.1395,15080.6
2015-09-17 00:00:00+00:00,227.85,235.0,227.0,232.44,45.45793,-3.2815,233.157,233.157,14590.39
2015-09-18 00:00:00+00:00,232.44,234.4,230.83,232.82,45.92717,-3.03819,233.3365,233.3365,19329.16
2015-09-19 00:00:00+00:00,232.82,233.76,229.98,230.23,43.19921,-3.01954,233.4265,233.4265,11239.65
2015-09-20 00:00:00+00:00,230.23,231.7,229.01,230.29,43.28325,-2.96574,233.449,233.449,13163.49
2015-09-21 00:00:00+00:00,230.29,230.34,225.0,225.93,38.79148,-3.23759,233.363,233.363,13979.61
2015-09-22 00:00:00+00:00,226.15,231.96,223.12,229.59,44.0413,-3.12172,233.404,233.404,18901.15
2015-09-23 00:00:00+00:00,230.08,231.5,228.0,229.41,43.84214,-3.00972,233.535,233.535,13541.0
2015-09-24 00:00:00+00:00,229.42,235.52,228.89,233.19,49.0525,-2.58614,233.64,233.64,23959.71
2015-09-25 00:00:00+00:00,233.88,237.25,232.56,235.13,51.53766,-2.07004,233.624,233.624,22472.07
2015-09-26 00:00:00+00:00,235.14,235.67,233.0,233.89,49.86342,-1.74102,233.296,233.296,15034.03
2015-09-27 00:00:00+00:00,233.81,234.61,231.16,231.91,47.22528,-1.62134,232.8855,232.8855,17283.89
2015-09-28 00:00:00+00:00,232.4,239.68,231.69,239.0,56.16805,-0.94352,232.6335,232.6335,17516.84
2015-09-29 00:00:00+00:00,239.14,240.56,235.09,236.71,53.0417,-0.58439,232.571,232.571,19556.79
2015-09-30 00:00:00+00:00,236.78,238.27,234.67,236.65,52.95853,-0.30115,232.4785,232.4785,20602.4
2015-10-01 00:00:00+00:00,236.19,239.44,235.01,237.52,54.08286,-0.0064,232.3575,232.3575,20053.8
2015-10-02 00:00:00+00:00,237.15,239.06,235.0,237.69,54.31264,0.23817,232.4615,232.4615,16889.46
2015-10-03 00:00:00+00:00,237.77,239.86,236.3,238.77,55.8251,0.51321,232.8915,232.8915,17807.25
2015-10-04 00:00:00+00:00,239.06,239.98,237.62,238.4,55.1515,0.69334,233.336,233.336,14937.72
2015-10-05 00:00:00+00:00,238.6,240.57,236.1,240.53,58.27296,0.99648,233.8975,233.8975,20080.15
2015-10-06 00:00:00+00:00,240.85,248.19,239.52,246.93,65.94306,1.73317,234.8515,234.8515,26660.11
2015-10-07 00:00:00+00:00,246.79,247.65,242.3,243.47,59.56809,2.01459,235.403,235.403,23728.8
2015-10-08 00:00:00+00:00,243.47,244.76,242.06,243.41,59.46074,2.20733,235.9325,235.9325,13785.97
2015-10-09 00:00:00+00:00,243.29,244.95,242.16,244.49,60.82912,2.41933,236.6455,236.6455,14078.43
2015-10-10 00:00:00+00:00,244.49,246.43,243.0,245.72,62.38631,2.65598,237.417,237.417,17279.47
2015-10-11 00:00:00+00:00,245.71,248.5,244.53,247.83,64.95972,2.97944,238.512,238.512,18945.03
2015-10-12 00:00:00+00:00,248.05,248.47,245.01,245.48,60.03337,3.01144,239.3065,239.3065,10507.17
2015-10-13 00:00:00+00:00,245.81,250.89,242.82,248.69,64.04451,3.25827,240.2705,240.2705,25785.95
2015-10-14 00:00:00+00:00,249.97,255.93,248.06,252.46,68.09453,3.71526,241.234,241.234,26881.16
2015-10-15 00:00:00+00:00,252.47,256.5,250.3,254.44,70.00545,4.18891,242.1995,242.1995,21895.64
2015-10-16 00:00:00+00:00,254.49,267.0,253.69,262.5,76.24311,5.15523,243.63,243.63,33657.67
2015-10-17 00:00:00+00:00,263.09,273.0,260.8,268.99,79.87271,6.37129,245.484,245.484,25102.03
2015-10-18 00:00:00+00:00,270.04,271.17,260.0,261.0,66.41884,6.61406,246.584,246.584,9651.58
2015-10-19 00:00:00+00:00,260.99,266.01,259.82,264.43,68.84494,7.00251,247.97,247.97,16353.66
2015-10-20 00:00:00+00:00,264.28,272.95,262.67,270.23,72.46722,7.68972,249.649,249.649,28660.58
2015-10-21 00:00:00+00:00,270.3,272.69,264.0,267.8,68.85518,7.94666,251.163,251.163,20286.19
2015-10-22 00:00:00+00:00,267.9,280.04,267.39,275.3,73.28168,8.6557,253.0435,253.0435,28004.6
2015-10-23 00:00:00+00:00,275.12,280.19,273.46,277.71,74.53417,9.30482,254.9905,254.9905,21426.74
2015-10-24 00:00:00+00:00,278.6,283.0,278.22,282.59,76.89595,10.09664,257.2,257.2,20060.55
2015-10-25 00:00:00+00:00,283.03,296.0,282.2,288.27,79.30209,11.05506,259.587,259.587,28720.71
2015-10-26 00:00:00+00:00,283.96,286.99,279.25,285.82,75.64275,11.48453,261.5315,261.5315,20790.45
2015-10-27 00:00:00+00:00,286.9,300.0,286.15,295.17,79.52567,12.436,264.1165,264.1165,33675.21
2015-10-28 00:00:00+00:00,295.59,308.48,294.4,304.05,82.39597,13.74811,267.1485,267.1485,30679.48
2015-10-29 00:00:00+00:00,304.77,319.6,301.7,313.73,84.88374,15.39164,270.6105,270.6105,31657.38
2015-10-30 00:00:00+00:00,314.95,334.05,313.5,328.78,87.7761,17.70447,274.7635,274.7635,38136.6
2015-10-31 00:00:00+00:00,328.15,334.67,302.99,310.06,69.86828,17.82142,277.875,277.875,28649.04
2015-11-01 00:00:00+00:00,309.3,329.85,303.01,328.98,75.34346,19.21924,282.05,282.05,14020.62
2015-11-02 00:00:00+00:00,325.78,369.02,320.0,361.98,81.6176,22.72786,287.7145,287.7145,44128.12
2015-11-03 00:00:00+00:00,361.73,420.77,360.4,398.21,85.86902,28.10791,295.002,295.002,75165.25
2015-11-04 00:00:00+00:00,404.55,502.0,368.11,404.3,86.43686,32.48855,302.495,302.495,102836.94
2015-11-05 00:00:00+00:00,407.99,448.79,364.37,383.22,75.17603,33.86883,308.531,308.531,59345.77
2015-11-06 00:00:00+00:00,387.77,396.67,353.26,371.79,69.86144,33.65249,313.671,313.671,46753.83
2015-11-07 00:00:00+00:00,374.41,392.82,371.07,385.76,72.42715,34.2139,319.909,319.909,26232.37
2015-11-08 00:00:00+00:00,384.62,390.47,366.18,371.87,66.37666,33.15582,325.281,325.281,27164.76
2015-11-09 00:00:00+00:00,372.86,386.79,360.54,379.88,68.03502,32.58796,330.7635,330.7635,25175.75
2015-11-10 00:00:00+00:00,378.32,381.44,323.63,337.69,53.16197,28.40611,334.258,334.258,47566.89
2015-11-11 00:00:00+00:00,336.66,341.41,294.0,303.0,44.54016,22.03872,335.643,335.643,50855.93
2015-11-12 00:00:00+00:00,309.9,344.78,308.42,334.94,52.22315,19.34679,338.5045,338.5045,36439.1
2015-11-13 00:00:00+00:00,337.17,342.0,325.0,333.51,51.87664,16.90317,341.0505,341.0505,24269.32
2015-11-14 00:00:00+00:00,336.28,356.1,325.45,331.61,51.38876,14.64446,343.2175,343.2175,25224.62
2015-11-15 00:00:00+00:00,333.02,334.99,314.6,317.0,47.67577,11.54246,344.7765,344.7765,27063.93
2015-11-16 00:00:00+00:00,319.3,332.2,315.0,330.9,51.28232,10.08941,346.563,346.563,20088.97
2015-11-17 00:00:00+00:00,330.95,350.44,329.0,335.44,52.4355,9.19817,348.1325,348.1325,27389.82
2015-11-18 00:00:00+00:00,336.0,337.89,330.28,337.06,52.86425,8.52431,349.299,349.299,26870.04
2015-11-19 00:00:00+00:00,334.53,336.48,324.94,324.95,49.28762,6.93318,349.1075,349.1075,26672.92
2015-11-20 00:00:00+00:00,326.51,327.73,310.0,321.5,48.28535,5.33234,349.6795,349.6795,21066.59
2015-11-21 00:00:00+00:00,322.05,328.94,318.52,324.99,49.40617,4.29576,349.48,349.48,4924.8
2015-11-22 00:00:00+00:00,326.5,326.6,320.13,323.11,48.7927,3.28469,347.5365,347.5365,3922.9
2015-11-23 00:00:00+00:00,324.24,326.09,320.39,323.01,48.75802,2.44714,343.7765,343.7765,4998.52
2015-11-24 00:00:00+00:00,323.48,323.5,317.0,318.42,47.10309,1.3969,339.4825,339.4825,8504.75
2015-11-25 00:00:00+00:00,319.7,330.84,316.0,328.3,50.96142,1.34628,336.7365,336.7365,12219.77
2015-11-26 00:00:00+00:00,328.9,369.7,328.53,356.39,59.9139,3.53209,335.9665,335.9665,35559.27
2015-11-27 00:00:00+00:00,353.9,364.8,347.84,359.87,60.86705,5.48197,334.672,334.672,13114.65
2015-11-28 00:00:00+00:00,357.14,359.44,350.41,356.39,59.34737,6.66957,333.898,333.898,6228.08
2015-11-29 00:00:00+00:00,356.78,373.15,354.45,371.04,63.481,8.69268,333.456,333.456,7667.1
2015-11-30 00:00:00+00:00,371.48,383.0,367.11,377.98,65.28196,10.7323,335.4705,335.4705,17776.96
2015-12-01 00:00:00+00:00,376.7,379.0,354.56,362.95,58.54784,11.00901,338.468,338.468,15389.67
2015-12-02 00:00:00+00:00,363.06,363.06,348.64,359.97,57.28607,10.86262,339.7195,339.7195,12043.46
2015-12-03 00:00:00+00:00,359.11,370.53,356.21,361.32,57.7305,10.73184,341.11,341.11,12110.5
2015-12-04 00:00:00+00:00,361.48,364.3,355.92,362.3,58.07154,10.58525,342.6445,342.6445,9924.22
2015-12-05 00:00:00+00:00,363.62,389.89,363.0,384.67,65.01123,12.13427,346.028,346.028,16356.43
2015-12-06 00:00:00+00:00,388.0,399.85,383.0,394.6,67.57664,14.00174,349.213,349.213,14206.16
2015-12-07 00:00:00+00:00,387.18,399.91,381.01,395.1,67.70504,15.34519,352.196,352.196,14778.37
2015-12-08 00:00:00+00:00,394.96,409.0,388.33,409.0,71.12811,17.3317,355.793,355.793,9656.3
2015-12-09 00:00:00+00:00,418.8,424.95,400.0,416.08,72.71452,19.25536,360.3495,360.3495,20835.19
2015-12-10 00:00:00+00:00,416.98,419.79,408.91,416.28,72.76005,20.55902,365.0885,365.0885,8304.87
2015-12-11 00:00:00+00:00,415.36,454.36,415.13,451.68,79.33382,24.17005,371.423,371.423,28322.47
2015-12-12 00:00:00+00:00,452.99,467.8,403.0,435.87,71.08317,25.46256,377.061,377.061,29628.96
2015-12-13 00:00:00+00:00,436.08,442.97,422.03,435.8,71.04794,26.17946,382.7005,382.7005,11227.18
2015-12-14 00:00:00+00:00,432.89,448.12,428.42,442.37,72.42917,26.96689,388.898,388.898,13155.98
2015-12-15 00:00:00+00:00,443.36,464.99,442.94,463.61,76.35631,28.97087,395.6635,395.6635,17598.64
2015-12-16 00:00:00+00:00,464.5,465.0,436.89,455.1,71.93524,29.53192,400.599,400.599,23311.2
2015-12-17 00:00:00+00:00,455.63,458.84,448.75,456.01,72.12113,29.70754,405.406,405.406,6551.59
2015-12-18 00:00:00+00:00,455.87,466.64,453.5,463.0,73.56931,30.0642,410.7365,410.7365,12837.8
2015-12-19 00:00:00+00:00,462.99,465.9,452.03,460.96,72.38749,29.83828,415.2325,415.2325,6710.68
2015-12-20 00:00:00+00:00,461.8,462.0,433.83,441.48,62.12482,27.76728,418.4075,418.4075,16556.94
2015-12-21 00:00:00+00:00,442.54,450.0,425.52,437.56,60.27299,25.51556,422.138,422.138,18774.32
2015-12-22 00:00:00+00:00,438.07,443.58,433.06,436.15,59.58498,23.34814,425.947,425.947,7980.12
2015-12-23 00:00:00+00:00,435.18,445.52,434.43,443.34,61.96895,21.9575,430.048,430.048,6926.87
2015-12-24 00:00:00+00:00,442.5,459.54,442.5,455.71,65.71589,21.60452,434.7185,434.7185,10117.43
2015-12-25 00:00:00+00:00,455.42,458.33,448.0,455.5,65.59773,21.06502,438.26,438.26,2866.07
2015-12-26 00:00:00+00:00,455.51,457.45,407.25,417.42,48.5507,17.36455,439.401,439.401,26407.73
2015-12-27 00:00:00+00:00,417.11,425.42,410.5,423.29,50.67846,14.7357,440.8105,440.8105,6833.96
2015-12-28 00:00:00+00:00,421.57,429.86,417.01,420.7,49.70176,12.30152,441.3955,441.3955,7435.09
2015-12-29 00:00:00+00:00,420.81,433.17,418.55,430.04,53.20424,10.99928,442.0935,442.0935,10134.54
2015-12-30 00:00:00+00:00,431.7,434.97,420.75,427.05,51.95693,9.61514,442.632,442.632,7637.42
2015-12-31 00:00:00+00:00,426.09,433.89,419.99,430.57,53.34367,8.70192,441.5765,441.5765,6585.13
2016-01-01 00:00:00+00:00,430.89,436.0,427.2,434.98,55.09257,8.23907,441.532,441.532,3735.62
2016-01-02 00:00:00+00:00,434.87,435.99,430.42,433.74,54.47425,7.68363,441.429,441.429,2908.35
2016-01-03 00:00:00+00:00,433.2,434.09,424.06,430.85,52.98177,6.93034,440.853,440.853,4504.52
2016-01-04 00:00:00+00:00,430.79,435.86,428.44,433.97,54.43324,6.51008,439.371,439.371,5700.13
2016-01-05 00:00:00+00:00,434.17,435.39,429.5,431.89,53.25298,5.94069,438.2105,438.2105,3862.38
2016-01-06 00:00:00+00:00,432.45,432.67,426.54,431.84,53.2231,5.4229,437.002,437.002,5326.67
2016-01-07 00:00:00+00:00,429.99,457.79,429.25,457.79,64.38905,7.02552,436.7415,436.7415,15940.74
2016-01-08 00:00:00+00:00,457.0,465.0,444.51,451.32,60.51069,7.68494,436.2595,436.2595,10258.75
2016-01-09 00:00:00+00:00,452.02,454.0,446.68,449.95,59.69082,8.00471,436.683,436.683,4330.04
2016-01-10 00:00:00+00:00,448.84,449.89,440.8,447.21,57.99827,7.94545,437.1655,437.1655,3987.37
2016-01-11 00:00:00+00:00,448.79,451.13,438.0,448.99,58.81528,7.95046,437.8075,437.8075,7902.84
2016-01-12 00:00:00+00:00,448.0,448.0,442.88,446.27,56.99097,7.64681,437.954,437.954,4096.26
2016-01-13 00:00:00+00:00,434.89,438.35,424.5,432.53,48.76288,6.2257,436.795,436.795,9997.31
2016-01-14 00:00:00+00:00,432.64,434.0,427.0,429.22,47.00237,4.77729,435.481,435.481,4388.51
2016-01-15 00:00:00+00:00,429.55,429.8,365.0,372.85,28.27812,-0.90869,433.2525,433.2525,35218.44
2016-01-16 00:00:00+00:00,360.0,387.5,352.0,386.43,34.99641,-4.26986,431.4095,431.4095,23675.75
2016-01-17 00:00:00+00:00,387.28,391.14,376.0,382.85,34.08984,-7.14018,429.517,429.517,7962.09
2016-01-18 00:00:00+00:00,380.16,388.5,373.63,385.0,35.1759,-9.13613,427.265,427.265,6968.7
2016-01-19 00:00:00+00:00,385.47,386.92,375.59,379.88,33.74968,-11.00422,424.9065,424.9065,6854.8
2016-01-20 00:00:00+00:00,376.77,422.98,372.53,410.93,47.61991,-9.8655,423.9245,423.9245,24594.14
2016-01-21 00:00:00+00:00,418.9,421.25,404.59,410.03,47.31072,-8.93271,422.677,422.677,9301.69
2016-01-22 00:00:00+00:00,409.42,410.07,374.45,381.78,38.79585,-10.35365,420.079,420.079,14308.54
2016-01-23 00:00:00+00:00,382.85,395.0,381.05,386.92,40.88071,-10.93891,417.8825,417.8825,7020.14
2016-01-24 00:00:00+00:00,386.37,405.97,385.36,402.5,46.79666,-10.02993,416.309,416.309,5356.26
2016-01-25 00:00:00+00:00,402.16,402.31,385.5,392.58,43.79185,-9.99481,414.3435,414.3435,7943.7
2016-01-26 00:00:00+00:00,390.1,397.7,386.2,390.66,43.21349,-10.00655,412.2845,412.2845,6361.63
2016-01-27 00:00:00+00:00,391.77,397.0,390.31,395.0,44.98229,-9.55551,409.145,409.145,4234.46
2016-01-28 00:00:00+00:00,394.62,395.56,376.0,379.16,40.07585,-10.35682,405.537,405.537,11329.82
2016-01-29 00:00:00+00:00,379.55,383.99,363.73,379.44,40.20002,-10.84427,402.0115,402.0115,13500.22
2016-01-30 00:00:00+00:00,378.12,380.42,372.95,376.6,39.31028,-11.32914,398.481,398.481,2351.12
2016-01-31 00:00:00+00:00,376.38,379.3,367.77,370.0,37.24709,-12.10642,394.5315,394.5315,3752.13
2016-02-01 00:00:00+00:00,368.49,378.2,366.53,371.5,38.04299,-12.45777,390.793,390.793,7005.04
2016-02-02 00:00:00+00:00,371.79,375.0,369.73,373.18,38.9765,-12.45706,387.8255,387.8255,5655.12
2016-02-03 00:00:00+00:00,373.05,374.0,365.0,367.64,36.99689,-12.75648,384.7465,384.7465,7030.2
2016-02-04 00:00:00+00:00,368.4,391.88,367.95,390.0,48.39035,-11.062,385.604,385.604,13133.51
2016-02-05 00:00:00+00:00,388.0,389.5,382.99,385.88,46.71405,-9.937,385.5765,385.5765,7247.88
2016-02-06 00:00:00+00:00,384.97,384.98,371.35,374.27,42.27032,-9.86851,385.1475,385.1475,5702.07
2016-02-07 00:00:00+00:00,375.39,380.0,373.04,375.4,42.84025,-9.61225,384.6675,384.6675,2855.74
2016-02-08 00:00:00+00:00,375.0,378.99,369.99,371.16,41.19679,-9.64016,384.2315,384.2315,6907.71
2016-02-09 00:00:00+00:00,370.95,377.0,369.12,373.16,42.32081,-9.39263,382.343,382.343,5724.8
2016-02-10 00:00:00+00:00,373.69,383.85,372.12,379.86,46.04181,-8.55718,380.8345,380.8345,9979.76
2016-02-11 00:00:00+00:00,379.34,380.5,373.54,377.99,45.16602,-7.95428,380.645,380.645,6953.11
2016-02-12 00:00:00+00:00,377.98,383.0,377.07,382.88,47.954,-7.00119,380.443,380.443,5714.98
2016-02-13 00:00:00+00:00,383.0,390.08,382.0,389.51,51.55081,-5.6458,379.7935,379.7935,6936.51
2016-02-14 00:00:00+00:00,390.99,404.0,390.59,403.95,58.30873,-3.36763,380.362,380.362,9555.92
2016-02-15 00:00:00+00:00,405.5,409.71,393.4,399.0,55.45326,-1.93923,380.779,380.779,7876.6
2016-02-16 00:00:00+00:00,399.5,407.8,396.0,406.47,58.73725,-0.20212,381.3525,381.3525,8208.39
2016-02-17 00:00:00+00:00,407.51,421.11,404.0,415.52,62.35778,1.8831,383.1705,383.1705,11273.65
2016-02-18 00:00:00+00:00,415.59,424.9,413.4,420.31,64.15073,3.87747,385.214,385.214,8537.45
2016-02-19 00:00:00+00:00,421.15,422.0,414.0,419.27,63.44414,5.31286,387.3475,387.3475,4968.2
2016-02-20 00:00:00+00:00,419.98,443.96,419.5,440.24,70.49981,8.04973,390.8595,390.8595,10802.06
2016-02-21 00:00:00+00:00,434.63,447.99,426.0,437.7,68.76844,9.89965,394.1695,394.1695,10244.17
2016-02-22 00:00:00+00:00,438.33,439.5,431.15,437.97,68.856,11.25773,397.409,397.409,5823.89
2016-02-23 00:00:00+00:00,438.26,440.0,414.0,420.05,57.36178,10.76395,400.0295,400.0295,10427.66
2016-02-24 00:00:00+00:00,419.1,424.28,409.07,422.61,58.42938,10.45863,401.66,401.66,7236.69
2016-02-25 00:00:00+00:00,423.79,426.75,415.79,423.51,58.81976,10.17204,403.5415,403.5415,5541.05
2016-02-26 00:00:00+00:00,423.38,428.38,418.01,427.8,60.7136,10.17379,406.218,406.218,4310.49
2016-02-27 00:00:00+00:00,432.0,435.0,428.22,431.06,62.13854,10.31929,409.001,409.001,4119.77
2016-02-28 00:00:00+00:00,431.07,435.0,422.29,432.16,62.63106,10.40343,412.051,412.051,3435.21
2016-02-29 00:00:00+00:00,430.26,440.99,428.12,436.62,64.63956,10.70658,415.224,415.224,8260.08
2016-03-01 00:00:00+00:00,436.75,437.5,427.01,433.31,61.97718,10.55803,417.8965,417.8965,6763.52
2016-03-02 00:00:00+00:00,433.33,434.5,424.0,425.18,55.88826,9.67278,420.256,420.256,5220.05
2016-03-03 00:00:00+00:00,422.4,424.47,415.85,420.27,52.53162,8.47729,422.1255,422.1255,7304.22
2016-03-04 00:00:00+00:00,420.29,423.9,407.55,409.97,46.25554,6.6224,423.1485,423.1485,7474.02
2016-03-05 00:00:00+00:00,408.18,408.98,382.0,398.5,40.45871,4.17868,422.876,422.876,16205.36
2016-03-06 00:00:00+00:00,399.77,412.31,393.11,404.78,44.55569,2.71744,423.165,423.165,5659.13
2016-03-07 00:00:00+00:00,406.15,414.96,403.03,414.76,50.397,2.33774,423.5795,423.5795,5793.31
2016-03-08 00:00:00+00:00,413.96,414.99,408.46,412.13,48.9339,1.80382,423.41,423.41,5549.37
2016-03-09 00:00:00+00:00,412.14,413.51,408.75,412.66,49.25363,1.40723,423.0275,423.0275,4832.17
2016-03-10 00:00:00+00:00,412.99,416.9,409.31,416.5,51.61724,1.3868,422.889,422.889,5105.04
2016-03-11 00:00:00+00:00,416.0,421.91,415.11,418.1,52.60773,1.48262,421.782,421.782,5905.9
2016-03-12 00:00:00+00:00,419.14,420.93,406.59,410.47,47.60296,0.93214,420.4205,420.4205,4577.67
2016-03-13 00:00:00+00:00,409.95,417.0,409.67,412.64,49.08646,0.66333,419.154,419.154,3254.44
2016-03-14 00:00:00+00:00,412.99,415.22,410.5,413.85,49.93761,0.54169,418.844,418.844,4217.13
2016-03-15 00:00:00+00:00,414.83,417.43,412.15,415.89,51.41238,0.60295,418.508,418.508,4500.81
2016-03-16 00:00:00+00:00,415.84,416.61,413.15,416.49,51.86155,0.69194,418.157,418.157,4065.34
2016-03-17 00:00:00+00:00,416.52,419.0,415.66,418.49,53.40774,0.91332,417.6915,417.6915,3703.74
2016-03-18 00:00:00+00:00,418.47,418.49,403.34,408.21,45.34555,0.2563,416.549,416.549,6324.84
2016-03-19 00:00:00+00:00,407.5,409.95,404.1,408.94,45.96929,-0.20314,415.388,415.388,2840.41
2016-03-20 00:00:00+00:00,408.36,412.0,406.6,411.34,48.06769,-0.36934,414.124,414.124,2555.36
2016-03-21 00:00:00+00:00,410.62,411.96,406.5,410.99,47.77628,-0.52326,413.008,413.008,3491.93
2016-03-22 00:00:00+00:00,411.15,416.99,410.35,415.89,52.14994,-0.24701,412.5435,412.5435,3863.92
2016-03-23 00:00:00+00:00,416.39,419.0,413.44,417.22,53.29333,0.07834,412.391,412.391,4908.2
2016-03-24 00:00:00+00:00,417.62,418.15,412.85,415.96,52.02501,0.23183,412.6905,412.6905,2766.79
2016-03-25 00:00:00+00:00,415.17,416.92,412.0,416.25,52.30635,0.37259,413.578,413.578,2550.63
2016-03-26 00:00:00+00:00,415.6,416.99,414.0,416.77,52.84039,0.5201,414.1775,414.1775,1251.01
2016-03-27 00:00:00+00:00,416.96,427.99,415.77,424.3,59.85112,1.23043,414.6545,414.6545,5033.3
2016-03-28 00:00:00+00:00,424.62,424.77,420.32,422.05,57.11872,1.59344,415.1505,415.1505,3227.79
2016-03-29 00:00:00+00:00,422.87,424.37,407.22,415.4,49.87185,1.32921,415.2875,415.2875,5894.96
2016-03-30 00:00:00+00:00,415.43,415.93,408.59,413.09,47.61208,0.92278,415.117,415.117,4785.87
2016-03-31 00:00:00+00:00,413.68,416.99,411.4,415.51,50.15994,0.78687,414.9875,414.9875,3669.08
2016-04-01 00:00:00+00:00,414.66,416.99,413.42,415.38,50.0192,0.66106,415.233,415.233,3662.38
2016-04-02 00:00:00+00:00,416.31,420.0,416.01,419.19,54.08511,0.85889,415.5605,415.5605,2052.82
2016-04-03 00:00:00+00:00,419.35,419.44,416.1,419.0,53.84984,0.98894,415.818,415.818,1302.3
2016-04-04 00:00:00+00:00,418.51,419.85,416.0,418.65,53.38914,1.05163,415.956,415.956,3434.14
2016-04-05 00:00:00+00:00,418.81,423.0,416.61,422.6,57.7793,1.40387,416.2615,416.2615,3934.8
2016-04-06 00:00:00+00:00,422.71,422.9,420.0,421.63,56.37506,1.58647,416.4185,416.4185,2389.51
2016-04-07 00:00:00+00:00,420.62,421.99,418.09,419.84,53.77768,1.56865,417.0,417.0,3093.89
2016-04-08 00:00:00+00:00,419.99,423.99,416.26,418.13,51.34399,1.40041,417.4595,417.4595,4501.64
2016-04-09 00:00:00+00:00,417.75,418.71,412.0,418.37,51.67454,1.27178,417.811,417.811,3578.63
2016-04-10 00:00:00+00:00,418.59,421.79,417.2,420.77,54.96911,1.34796,418.3,418.3,1735.02
2016-04-11 00:00:00+00:00,420.4,422.8,418.0,422.08,56.70416,1.49679,418.6095,418.6095,3461.33
2016-04-12 00:00:00+00:00,422.79,426.67,421.0,425.91,61.38834,1.90186,419.044,419.044,6052.84
2016-04-13 00:00:00+00:00,425.32,426.0,422.27,423.26,56.80868,1.98615,419.409,419.409,3888.13
2016-04-14 00:00:00+00:00,423.6,425.35,420.57,424.51,58.3857,2.12928,419.822,419.822,3844.83
2016-04-15 00:00:00+00:00,424.4,430.0,423.07,429.25,63.78551,2.59527,420.446,420.446,4378.6
2016-04-16 00:00:00+00:00,429.29,432.87,427.12,430.68,65.25047,3.04486,420.765,420.765,1824.13
2016-04-17 00:00:00+00:00,430.18,430.91,424.24,426.75,58.27365,3.04889,421.0,421.0,1482.15
2016-04-18 00:00:00+00:00,427.15,430.01,425.8,428.07,59.82736,3.12261,421.6335,421.6335,3175.38
2016-04-19 00:00:00+00:00,428.14,436.82,426.24,435.25,67.02078,3.71755,422.7415,422.7415,3734.22
2016-04-20 00:00:00+00:00,435.7,444.0,433.11,441.25,71.59767,4.61993,424.0285,424.0285,7279.21
2016-04-21 00:00:00+00:00,441.99,452.11,440.0,451.0,77.14773,6.05206,425.8095,425.8095,5394.19
2016-04-22 00:00:00+00:00,451.0,451.36,442.96,447.8,72.16358,6.84985,427.24,427.24,5482.08
2016-04-23 00:00:00+00:00,447.16,452.18,444.46,451.31,74.13729,7.67684,428.8555,428.8555,2229.62
2016-04-24 00:00:00+00:00,451.92,470.02,447.06,459.4,78.00778,8.88264,430.893,430.893,7012.4
2016-04-25 00:00:00+00:00,460.03,469.47,455.13,465.99,80.55996,10.25183,433.0625,433.0625,5508.19
2016-04-26 00:00:00+00:00,462.29,469.87,462.13,468.0,81.27378,11.36806,435.381,435.381,4611.27
2016-04-27 00:00:00+00:00,467.39,469.03,445.42,447.46,57.88355,10.47454,436.762,436.762,6747.73
2016-04-28 00:00:00+00:00,445.39,451.0,435.0,450.0,59.43816,9.85774,438.3555,438.3555,8725.35
2016-04-29 00:00:00+00:00,449.94,456.0,445.62,454.77,62.25581,9.64266,440.1755,440.1755,2924.98
2016-04-30 00:00:00+00:00,456.53,456.9,446.5,446.7,55.26168,8.72051,441.472,441.472,2413.28
2016-05-01 00:00:00+00:00,448.43,453.78,446.84,451.4,58.20658,8.27357,442.938,442.938,1180.66
2016-05-02 00:00:00+00:00,452.99,453.8,438.59,443.54,52.03755,7.20211,443.8195,443.8195,6326.81
2016-05-03 00:00:00+00:00,444.06,452.0,440.78,451.7,57.11873,6.93151,445.2415,445.2415,5568.02
2016-05-04 00:00:00+00:00,451.18,451.68,444.15,446.3,53.10896,6.20975,446.331,446.331,3295.73
2016-05-05 00:00:00+00:00,447.36,450.0,445.11,448.82,54.70691,5.77452,447.3095,447.3095,2366.93
2016-05-06 00:00:00+00:00,448.5,463.97,447.03,459.73,60.91668,6.23804,448.762,448.762,5517.34
2016-05-07 00:00:00+00:00,458.98,461.0,455.95,458.15,59.64139,6.40406,450.332,450.332,1989.03
2016-05-08 00:00:00+00:00,458.97,459.69,455.95,457.81,59.35343,6.43404,451.819,451.819,1294.05
2016-05-09 00:00:00+00:00,457.75,464.79,455.62,461.63,61.59686,6.68893,453.138,453.138,3517.48
2016-05-10 00:00:00+00:00,461.49,463.0,447.38,449.91,52.0964,5.87747,453.571,453.571,5664.75
2016-05-11 00:00:00+00:00,450.88,457.99,450.32,452.01,53.4809,5.34226,453.6215,453.6215,3344.72
2016-05-12 00:00:00+00:00,452.95,455.09,448.88,454.92,55.40433,5.09419,453.9775,453.9775,3404.27
2016-05-13 00:00:00+00:00,455.2,456.82,452.04,456.04,56.15573,4.93112,454.214,454.214,2819.7
2016-05-14 00:00:00+00:00,456.42,457.25,453.51,455.38,55.56163,4.69452,454.013,454.013,1344.33
2016-05-15 00:00:00+00:00,456.3,458.08,454.72,457.48,57.11623,4.62317,453.5875,453.5875,1599.7
2016-05-16 00:00:00+00:00,457.56,458.0,451.11,455.56,55.21436,4.36142,452.9655,452.9655,3075.4
2016-05-17 00:00:00+00:00,454.0,456.09,452.14,453.01,52.70427,3.90322,453.243,453.243,3173.8
2016-05-18 00:00:00+00:00,452.96,455.68,452.01,452.94,52.63353,3.49417,453.39,453.39,2588.67
2016-05-19 00:00:00+00:00,452.47,453.85,441.05,441.63,42.66895,2.23165,452.733,452.733,5466.73
2016-05-20 00:00:00+00:00,436.3,444.41,435.06,441.97,43.0182,1.24418,452.4965,452.4965,3414.13
2016-05-21 00:00:00+00:00,442.84,443.98,435.28,442.84,43.95895,0.52575,452.0685,452.0685,1909.66
2016-05-22 00:00:00+00:00,442.72,443.47,435.0,437.85,39.89097,-0.44118,451.784,451.784,2294.47
2016-05-23 00:00:00+00:00,438.72,442.91,436.4,442.29,44.78696,-0.83953,451.3135,451.3135,2555.94
2016-05-24 00:00:00+00:00,442.63,446.37,441.0,445.31,47.89569,-0.90115,451.264,451.264,3053.33
2016-05-25 00:00:00+00:00,445.31,449.6,444.26,448.02,50.58445,-0.72297,451.224,451.224,3655.41
2016-05-26 00:00:00+00:00,448.27,452.98,446.8,452.38,54.64003,-0.22733,450.8565,450.8565,3763.09
2016-05-27 00:00:00+00:00,452.07,478.16,452.07,472.68,67.8643,1.78296,451.583,451.583,12121.62
2016-05-28 00:00:00+00:00,470.58,529.08,468.0,521.5,81.68975,7.23212,454.7675,454.7675,12464.98
2016-05-29 00:00:00+00:00,522.13,540.0,485.0,513.85,76.16046,10.80874,457.3785,457.3785,8124.92
2016-05-30 00:00:00+00:00,517.6,535.0,510.01,527.0,78.81495,14.53676,461.233,461.233,6063.14
2016-05-31 00:00:00+00:00,527.64,548.5,515.0,532.06,79.74935,17.69555,465.2355,465.2355,12006.15
2016-06-01 00:00:00+00:00,532.37,542.87,525.49,538.65,80.9291,20.49444,469.422,469.422,5388.62
2016-06-02 00:00:00+00:00,536.95,540.0,529.13,538.98,80.98883,22.48006,473.569,473.569,3910.44
2016-06-03 00:00:00+00:00,538.0,578.37,535.74,567.94,85.33075,26.08977,479.197,479.197,8718.77
2016-06-04 00:00:00+00:00,569.93,588.71,558.54,573.87,86.03411,29.09361,485.0165,485.0165,6187.45
2016-06-05 00:00:00+00:00,573.5,582.0,566.0,573.76,85.95178,31.10673,490.9265,490.9265,5341.22
2016-06-06 00:00:00+00:00,573.8,586.02,573.8,583.49,87.12538,33.10564,497.4505,497.4505,4420.07
2016-06-07 00:00:00+00:00,584.12,594.44,563.0,576.75,82.01422,33.75681,503.641,503.641,6660.02
2016-06-08 00:00:00+00:00,577.48,584.25,571.86,583.24,83.04562,34.40001,510.7215,510.7215,3252.98
2016-06-09 00:00:00+00:00,583.01,583.1,572.97,576.4,77.97075,33.96628,517.443,517.443,3758.43
2016-06-10 00:00:00+00:00,576.06,580.0,572.0,577.91,78.28621,33.35984,524.1965,524.1965,3457.49
2016-06-11 00:00:00+00:00,576.53,594.0,575.93,592.13,81.03981,33.63889,531.9105,531.9105,2766.37
2016-06-12 00:00:00+00:00,610.0,683.02,603.21,667.94,89.02814,39.5217,543.193,543.193,13876.2
2016-06-13 00:00:00+00:00,668.73,725.0,655.02,702.05,90.88831,46.40137,556.03,556.03,17251.66
2016-06-14 00:00:00+00:00,703.81,704.5,655.0,685.69,83.57003,49.95757,567.9135,567.9135,10609.09
2016-06-15 00:00:00+00:00,685.25,695.77,672.12,693.01,84.18368,52.75837,579.945,579.945,5752.51
2016-06-16 00:00:00+00:00,695.0,773.07,689.8,765.6,88.69351,60.14216,594.591,594.591,17747.96
2016-06-17 00:00:00+00:00,767.37,778.7,706.37,746.99,82.22074,63.75724,605.8655,605.8655,14631.57
2016-06-18 00:00:00+00:00,745.0,778.85,723.02,755.02,82.80389,66.50355,617.924,617.924,5827.87
2016-06-19 00:00:00+00:00,753.47,764.93,740.11,760.55,83.21226,68.33849,629.6015,629.6015,2611.71
2016-06-20 00:00:00+00:00,759.12,763.99,725.0,734.99,74.41575,66.95836,639.748,639.748,7836.92
2016-06-21 00:00:00+00:00,725.0,728.18,625.0,668.42,57.39739,59.80357,646.2365,646.2365,32747.0
2016-06-22 00:00:00+00:00,665.36,677.63,593.03,594.1,45.01909,47.58779,648.9925,648.9925,15620.53
2016-06-23 00:00:00+00:00,602.82,632.67,540.17,624.69,49.81631,39.91494,651.83,651.83,23795.95
2016-06-24 00:00:00+00:00,622.59,683.88,620.82,656.71,54.31022,36.00287,655.972,655.972,16058.17
2016-06-25 00:00:00+00:00,660.76,684.45,639.4,663.24,55.19146,33.04849,660.446,660.446,6559.01
2016-06-26 00:00:00+00:00,658.8,662.9,608.64,628.61,49.71511,27.59467,662.702,662.702,5277.84
2016-06-27 00:00:00+00:00,630.16,653.46,618.03,648.2,52.58149,24.57,666.2745,666.2745,8482.24
2016-06-28 00:00:00+00:00,657.49,665.51,635.5,645.39,52.12253,21.69609,669.382,669.382,5462.68
2016-06-29 00:00:00+00:00,644.33,645.0,621.09,634.43,50.27911,18.32289,672.2835,672.2835,9088.42
2016-06-30 00:00:00+00:00,635.91,671.22,628.06,666.84,55.31225,18.05669,676.73,676.73,7428.6
2016-07-01 00:00:00+00:00,666.33,684.1,659.71,677.0,56.78896,18.45283,680.9735,680.9735,6421.13
2016-07-02 00:00:00+00:00,674.55,704.93,672.74,702.48,60.32945,20.5855,682.7005,682.7005,5431.82
2016-07-03 00:00:00+00:00,702.48,704.99,646.29,664.14,53.25825,18.96334,680.805,680.805,7213.63
2016-07-04 00:00:00+00:00,659.77,682.35,640.1,678.72,55.39915,18.63939,680.4565,680.4565,4180.06
2016-07-05 00:00:00+00:00,678.74,682.36,661.57,666.58,53.2136,17.20473,679.135,679.135,3100.26
2016-07-06 00:00:00+00:00,669.09,679.0,662.13,674.46,54.46921,16.51325,674.578,674.578,3541.03
2016-07-07 00:00:00+00:00,674.7,678.43,605.5,636.39,47.79555,12.74639,669.048,669.048,12646.13
2016-07-08 00:00:00+00:00,638.89,665.0,635.0,664.0,52.35487,11.85239,664.497,664.497,6483.61
2016-07-09 00:00:00+00:00,663.0,663.99,626.0,652.54,50.38779,10.10271,659.0965,659.0965,6111.73
2016-07-10 00:00:00+00:00,647.78,650.88,636.8,646.55,49.34421,8.13891,654.6745,654.6745,2272.95
2016-07-11 00:00:00+00:00,648.77,659.6,639.31,647.42,49.50778,6.57697,653.6245,653.6245,2973.44
2016-07-12 00:00:00+00:00,649.32,678.0,646.05,671.7,53.97448,7.21514,657.5045,657.5045,4145.96
2016-07-13 00:00:00+00:00,663.52,669.97,654.52,661.5,51.89744,6.81923,659.345,659.345,6367.45
2016-07-14 00:00:00+00:00,652.24,664.93,650.01,660.53,51.69371,6.35396,659.536,659.536,2379.09
2016-07-15 00:00:00+00:00,660.3,670.01,658.41,664.99,52.61479,6.2728,659.6235,659.6235,3209.21
2016-07-16 00:00:00+00:00,664.6,666.67,655.0,662.0,51.90032,5.89921,661.293,661.293,1640.0
2016-07-17 00:00:00+00:00,662.45,684.19,661.35,678.23,55.43764,6.83399,662.7945,662.7945,3409.25
2016-07-18 00:00:00+00:00,679.54,682.21,666.12,673.46,54.1766,7.10797,664.198,664.198,2993.77
2016-07-19 00:00:00+00:00,673.45,675.81,666.0,673.86,54.27054,7.27354,666.1695,666.1695,1855.39
2016-07-20 00:00:00+00:00,674.8,675.0,660.0,667.02,52.29625,6.77472,666.1785,666.1785,3402.67
2016-07-21 00:00:00+00:00,667.01,667.1,660.1,664.25,51.47951,6.08574,665.541,665.541,2486.28
2016-07-22 00:00:00+00:00,663.25,666.3,645.0,652.95,48.17417,4.57516,663.0645,663.0645,5031.9
2016-07-23 00:00:00+00:00,647.88,656.77,646.0,653.8,48.44233,3.40733,662.5475,662.5475,1274.47
2016-07-24 00:00:00+00:00,655.52,665.0,651.99,659.51,50.30266,2.90902,661.587,661.587,1402.78
2016-07-25 00:00:00+00:00,659.64,661.99,652.28,654.37,48.60259,2.07544,660.9765,660.9765,2429.95
2016-07-26 00:00:00+00:00,655.0,656.94,645.01,652.22,47.87375,1.22718,659.8645,659.8645,3378.47
2016-07-27 00:00:00+00:00,651.22,659.98,646.31,655.63,49.17555,0.82063,660.8265,660.8265,2623.74
2016-07-28 00:00:00+00:00,655.13,657.89,652.41,653.44,48.34057,0.31805,660.2985,660.2985,1880.26
2016-07-29 00:00:00+00:00,654.84,657.48,653.0,657.03,49.84401,0.20706,660.523,660.523,1290.14
2016-07-30 00:00:00+00:00,654.88,657.5,652.19,654.37,48.71278,-0.09446,660.914,660.914,704.79
2016-07-31 00:00:00+00:00,654.02,654.71,620.01,620.01,37.02384,-3.07059,659.5435,659.5435,4521.71
2016-08-01 00:00:00+00:00,622.5,630.0,604.0,607.61,33.86561,-6.35649,656.339,656.339,5337.66
2016-08-02 00:00:00+00:00,606.84,613.03,465.28,514.98,20.08348,-16.24776,649.013,649.013,20392.04
2016-08-03 00:00:00+00:00,540.03,572.34,521.0,565.63,35.53278,-19.77172,644.268,644.268,15293.43
2016-08-04 00:00:00+00:00,563.99,583.97,552.0,575.52,38.05108,-21.51839,639.7945,639.7945,8428.57
2016-08-05 00:00:00+00:00,578.14,578.2,562.0,576.64,38.34481,-22.5523,635.5265,635.5265,4733.0
2016-08-06 00:00:00+00:00,572.98,592.0,562.56,588.78,41.57829,-22.1369,631.054,631.054,6011.14
2016-08-07 00:00:00+00:00,589.47,598.82,582.12,592.6,42.59842,-21.25444,627.011,627.011,2896.89
2016-08-08 00:00:00+00:00,592.47,594.0,583.58,589.46,41.94999,-20.57133,622.791,622.791,3171.44
2016-08-09 00:00:00+00:00,591.85,591.85,579.43,583.53,40.69028,-20.27474,618.6165,618.6165,3160.44
2016-08-10 00:00:00+00:00,582.71,603.0,580.01,591.7,43.22007,-19.15958,614.989,614.989,5145.88
2016-08-11 00:00:00+00:00,590.46,597.78,585.23,587.57,42.23926,-18.397,611.72,611.72,2506.9
2016-08-12 00:00:00+00:00,585.25,591.19,580.47,586.0,41.85045,-17.71513,608.33,608.33,2133.13
2016-08-13 00:00:00+00:00,585.34,589.98,581.71,582.11,40.84718,-17.28932,604.46,604.46,951.03
2016-08-14 00:00:00+00:00,583.52,583.92,556.24,567.45,37.22537,-17.92815,600.114,600.114,4797.45
2016-08-15 00:00:00+00:00,568.76,573.69,554.9,565.79,36.82718,-18.35676,595.7925,595.7925,4530.14
2016-08-16 00:00:00+00:00,564.2,579.8,563.0,577.53,41.58614,-17.54686,591.8875,591.8875,4786.52
2016-08-17 00:00:00+00:00,574.95,577.86,566.02,570.47,39.65166,-17.27554,587.739,587.739,4097.78
2016-08-18 00:00:00+00:00,570.91,575.87,568.79,569.71,39.43898,-16.92672,583.373,583.373,3956.21
2016-08-19 00:00:00+00:00,571.51,574.86,552.3,572.11,40.5239,-16.26908,579.26,579.26,4630.18
2016-08-20 00:00:00+00:00,572.98,580.0,568.52,580.0,44.07115,-14.93904,577.2595,577.2595,2348.32
2016-08-21 00:00:00+00:00,577.7,583.99,576.01,578.47,43.52899,-13.84878,575.8025,575.8025,1125.19
2016-08-22 00:00:00+00:00,577.55,585.95,572.5,583.85,46.0426,-12.4076,579.246,579.246,5054.71
2016-08-23 00:00:00+00:00,582.78,584.99,576.0,580.71,44.78951,-11.38755,580.0,580.0,4177.43
2016-08-24 00:00:00+00:00,580.27,582.1,575.4,577.11,43.33338,-10.74578,580.0795,580.0795,2968.77
2016-08-25 00:00:00+00:00,577.65,578.75,571.16,576.99,43.28287,-10.13008,580.097,580.097,4193.61
2016-08-26 00:00:00+00:00,575.75,582.46,574.1,577.84,43.78276,-9.46444,579.55,579.55,3265.45
2016-08-27 00:00:00+00:00,577.92,579.09,564.81,567.41,39.21538,-9.6671,578.2905,578.2905,2689.93
2016-08-28 00:00:00+00:00,567.51,573.0,566.8,573.0,42.66743,-9.26979,577.4675,577.4675,995.44
2016-08-29 00:00:00+00:00,573.2,575.0,568.6,571.5,41.9785,-8.97252,576.866,576.866,2325.16
2016-08-30 00:00:00+00:00,570.74,576.5,568.55,575.23,44.38334,-8.33982,576.0425,576.0425,4412.26
2016-08-31 00:00:00+00:00,575.88,576.49,568.4,570.76,42.12978,-8.10565,575.202,575.202,3629.56
2016-09-01 00:00:00+00:00,570.75,572.86,566.86,571.6,42.71838,-7.7628,574.482,574.482,2772.91
2016-09-02 00:00:00+00:00,571.05,574.2,567.03,572.0,43.0156,-7.37382,573.9765,573.9765,2943.1
2016-09-03 00:00:00+00:00,572.0,598.64,569.01,592.5,55.70191,-5.3497,575.229,575.229,4578.51
2016-09-04 00:00:00+00:00,596.25,609.05,590.88,604.25,61.05386,-2.76556,577.152,577.152,3913.31
2016-09-05 00:00:00+00:00,605.72,607.31,592.46,603.74,60.711,-0.75012,578.4625,578.4625,3829.55
2016-09-06 00:00:00+00:00,604.98,609.74,601.0,608.96,63.00119,1.25388,580.387,580.387,4030.31
2016-09-07 00:00:00+00:00,608.93,615.92,604.7,614.39,65.26912,3.24285,582.621,582.621,4372.18
2016-09-08 00:00:00+00:00,614.44,628.98,611.66,625.66,69.45419,5.66323,585.2985,585.2985,4346.02
2016-09-09 00:00:00+00:00,625.67,627.49,612.93,622.0,66.64553,7.20304,587.3985,587.3985,3272.66
2016-09-10 00:00:00+00:00,622.01,625.0,618.67,622.01,66.6495,8.32815,589.5755,589.5755,1515.24
2016-09-11 00:00:00+00:00,621.65,628.99,594.63,603.8,54.04081,7.66209,590.573,590.573,5290.23
2016-09-12 00:00:00+00:00,604.08,609.15,602.0,607.0,55.62934,7.3082,591.8875,591.8875,3505.24
2016-09-13 00:00:00+00:00,606.4,609.61,603.28,607.73,56.00293,7.00589,593.4185,593.4185,3452.28
2016-09-14 00:00:00+00:00,607.45,610.69,605.98,607.89,56.0902,6.70196,594.9635,594.9635,2886.87
2016-09-15 00:00:00+00:00,608.5,608.99,602.3,605.21,54.15268,6.17367,596.332,596.332,3071.05
2016-09-16 00:00:00+00:00,606.65,608.99,603.5,605.9,54.58762,5.74446,598.2565,598.2565,2588.36
2016-09-17 00:00:00+00:00,607.04,607.59,601.1,604.04,53.12457,5.19434,599.8085,599.8085,1109.35
2016-09-18 00:00:00+00:00,602.93,609.06,601.97,608.0,55.83838,5.02004,601.6335,601.6335,1289.48
2016-09-19 00:00:00+00:00,608.0,609.5,603.0,607.88,55.73308,4.8167,603.266,603.266,2468.15
2016-09-20 00:00:00+00:00,608.73,608.88,605.35,606.95,54.8695,4.52831,605.0755,605.0755,2432.7
2016-09-21 00:00:00+00:00,601.0,601.01,592.1,594.66,44.95593,3.27035,606.2285,606.2285,3652.44
2016-09-22 00:00:00+00:00,595.46,596.42,592.5,593.95,44.45621,2.19087,607.326,607.326,2312.18
2016-09-23 00:00:00+00:00,595.42,602.9,593.0,602.53,51.47575,2.0046,607.8275,607.8275,3967.48
2016-09-24 00:00:00+00:00,600.47,603.59,597.76,600.14,49.59552,1.64516,607.622,607.622,1092.94
2016-09-25 00:00:00+00:00,600.05,601.99,596.0,597.41,47.46291,1.12702,607.3055,607.3055,1073.77
2016-09-26 00:00:00+00:00,598.95,607.27,596.1,604.28,52.94621,1.25627,607.0715,607.0715,4005.66
2016-09-27 00:00:00+00:00,606.7,608.37,600.02,604.57,53.16841,1.36634,606.5805,606.5805,3019.48
2016-09-28 00:00:00+00:00,604.26,605.3,601.41,603.71,52.37849,1.36841,605.483,605.483,2180.68
2016-09-29 00:00:00+00:00,603.93,605.99,601.0,604.96,53.46079,1.45415,604.631,604.631,2697.69
2016-09-30 00:00:00+00:00,605.59,608.38,603.15,608.26,56.2854,1.768,603.9435,603.9435,2621.96
2016-10-01 00:00:00+00:00,608.23,614.28,608.23,612.0,59.3003,2.2921,604.3535,604.3535,1459.26
2016-10-02 00:00:00+00:00,612.98,613.0,605.0,608.59,55.53921,2.40457,604.433,604.433,1404.48
2016-10-03 00:00:00+00:00,608.6,611.59,606.6,611.06,57.6352,2.66232,604.5995,604.5995,1989.94
2016-10-04 00:00:00+00:00,612.84,612.84,604.99,607.18,53.37827,2.52441,604.564,604.564,2940.59
2016-10-05 00:00:00+00:00,607.19,612.0,605.76,610.98,56.74768,2.69072,604.8525,604.8525,2263.27
2016-10-06 00:00:00+00:00,608.01,610.5,607.09,610.34,56.01344,2.73931,605.0745,605.0745,1997.2
2016-10-07 00:00:00+00:00,610.25,616.34,607.52,614.23,59.4479,3.05647,605.584,605.584,4024.05
2016-10-08 00:00:00+00:00,614.88,616.99,612.5,614.48,59.66587,3.29007,605.908,605.908,879.41
2016-10-09 00:00:00+00:00,614.34,614.98,610.0,613.61,58.48772,3.3662,606.1945,606.1945,1171.51
2016-10-10 00:00:00+00:00,612.12,616.47,612.12,615.37,60.19985,3.52788,606.6155,606.6155,2211.59
2016-10-11 00:00:00+00:00,616.37,639.0,614.56,638.91,75.03243,5.49218,608.828,608.828,8068.14
2016-10-12 00:00:00+00:00,638.3,640.0,628.76,635.06,70.41065,6.66145,610.8835,610.8835,2647.77
2016-10-13 00:00:00+00:00,634.5,636.0,630.0,635.61,70.68842,7.54551,612.5375,612.5375,2372.3
2016-10-14 00:00:00+00:00,635.16,639.99,630.45,638.38,72.10854,8.37313,614.4495,614.4495,3126.93
2016-10-15 00:00:00+00:00,638.2,642.0,635.25,636.01,69.02707,8.73707,616.3795,616.3795,1416.27
2016-10-16 00:00:00+00:00,635.26,641.4,635.18,638.09,70.22949,9.08856,618.07,618.07,1281.36
2016-10-17 00:00:00+00:00,638.97,639.99,632.1,635.69,66.99753,9.06892,619.626,619.626,3949.98
2016-10-18 00:00:00+00:00,636.96,637.8,631.52,635.58,66.84569,8.94141,621.2195,621.2195,2723.53
2016-10-19 00:00:00+00:00,635.95,638.04,624.13,627.98,57.2001,8.13335,622.3705,622.3705,4438.98
2016-10-20 00:00:00+00:00,627.84,630.22,625.0,627.72,56.89762,7.38682,623.3435,623.3435,2027.49
2016-10-21 00:00:00+00:00,628.05,632.36,627.5,628.99,58.06415,6.81906,624.193,624.193,3021.58
2016-10-22 00:00:00+00:00,628.99,656.0,628.57,655.0,73.73959,8.3714,626.5135,626.5135,4327.45
2016-10-23 00:00:00+00:00,654.52,656.0,647.51,649.69,68.13977,9.06863,628.445,628.445,2515.06
2016-10-24 00:00:00+00:00,648.71,652.25,640.0,648.14,66.55104,9.3879,630.493,630.493,4619.48
2016-10-25 00:00:00+00:00,649.03,657.58,643.0,648.33,66.65368,9.54621,632.3605,632.3605,5962.24
2016-10-26 00:00:00+00:00,651.97,677.0,651.69,673.14,76.7053,11.5406,635.5005,635.5005,6676.41
2016-10-27 00:00:00+00:00,674.63,685.89,665.59,682.67,79.28793,13.73187,638.9225,638.9225,4360.41
2016-10-28 00:00:00+00:00,684.68,687.23,677.05,685.29,79.94619,15.50119,642.463,642.463,3533.3
2016-10-29 00:00:00+00:00,685.91,717.99,684.89,712.06,85.14209,18.84625,647.3855,647.3855,4006.35
2016-10-30 00:00:00+00:00,711.1,711.78,691.49,696.36,73.1685,19.99984,651.435,651.435,3701.4
2016-10-31 00:00:00+00:00,697.1,706.97,683.6,697.67,73.50333,20.78022,654.373,654.373,4633.45
2016-11-01 00:00:00+00:00,697.04,737.0,695.38,726.6,79.56745,23.46263,658.95,658.95,6513.61
2016-11-02 00:00:00+00:00,726.6,735.93,717.32,732.99,80.62235,25.8066,663.819,663.819,3993.43
2016-11-03 00:00:00+00:00,742.0,745.19,670.32,681.03,55.52082,23.20399,665.9515,665.9515,12058.18
2016-11-04 00:00:00+00:00,684.84,707.67,681.0,702.98,61.03932,22.65147,669.3,669.3,5281.98
2016-11-05 00:00:00+00:00,702.95,707.34,694.71,703.63,61.19287,22.01231,672.577,672.577,1903.05
2016-11-06 00:00:00+00:00,703.33,714.36,697.92,710.22,62.79384,21.78638,676.3035,676.3035,2286.86
2016-11-07 00:00:00+00:00,709.92,709.92,698.26,706.5,61.25755,21.06434,679.8495,679.8495,2980.3
2016-11-08 00:00:00+00:00,702.86,712.92,701.02,710.19,62.2443,20.55295,683.96,683.96,5507.32
2016-11-09 00:00:00+00:00,708.17,740.86,705.45,720.44,64.91729,20.73573,688.596,688.596,9704.45
2016-11-10 00:00:00+00:00,721.5,722.0,707.0,714.5,62.17037,20.16878,692.8715,692.8715,4904.22
2016-11-11 00:00:00+00:00,714.48,720.94,712.24,715.82,62.54961,19.60005,695.9125,695.9125,3275.09
2016-11-12 00:00:00+00:00,716.39,716.39,701.0,703.0,56.61353,17.90842,698.578,698.578,2744.07
2016-11-13 00:00:00+00:00,701.17,702.89,683.23,701.51,55.94894,16.26013,701.2465,701.2465,6019.9
2016-11-14 00:00:00+00:00,700.38,705.89,697.14,704.7,57.1098,15.0379,704.065,704.065,7277.37
2016-11-15 00:00:00+00:00,704.98,716.54,703.05,710.82,59.32442,14.39715,705.949,705.949,5632.96
2016-11-16 00:00:00+00:00,711.07,742.87,708.44,737.99,67.3778,15.89847,708.715,708.715,11341.32
2016-11-17 00:00:00+00:00,739.71,749.98,732.22,737.0,66.85837,16.81457,711.3005,711.3005,6643.37
2016-11-18 00:00:00+00:00,736.0,752.95,731.31,745.99,69.1818,18.05784,712.997,712.997,4252.57
2016-11-19 00:00:00+00:00,748.98,755.07,742.63,749.57,70.08131,19.11171,715.6575,715.6575,1959.94
2016-11-20 00:00:00+00:00,750.09,753.82,714.0,727.09,58.52901,17.92632,717.1285,717.1285,5518.93
2016-11-21 00:00:00+00:00,727.09,739.2,727.03,736.97,61.53044,17.58145,717.647,717.647,4009.26
2016-11-22 00:00:00+00:00,736.92,750.0,730.27,746.61,64.24923,17.8799,718.328,718.328,4968.31
2016-11-23 00:00:00+00:00,749.13,749.98,729.92,740.17,61.14052,17.39624,721.285,721.285,4417.64
2016-11-24 00:00:00+00:00,740.18,741.15,729.0,735.7,59.0064,16.46247,722.921,722.921,3998.96
2016-11-25 00:00:00+00:00,735.63,737.03,728.0,737.03,59.45983,15.64938,724.591,724.591,3328.41
2016-11-26 00:00:00+00:00,736.96,737.56,722.3,729.87,55.87669,14.26283,725.5735,725.5735,2272.64
2016-11-27 00:00:00+00:00,729.91,732.0,722.44,726.12,54.0399,12.71482,726.5545,726.5545,3436.36
2016-11-28 00:00:00+00:00,727.32,732.44,724.1,730.98,56.05602,11.74478,727.594,727.594,4736.73
2016-11-29 00:00:00+00:00,730.99,733.29,721.0,730.99,56.06029,10.85174,728.1215,728.1215,5193.25
2016-11-30 00:00:00+00:00,730.72,744.49,727.0,742.06,60.62294,10.91147,729.4995,729.4995,6208.19
2016-12-01 00:00:00+00:00,742.06,754.98,740.18,751.6,64.08417,11.59494,731.2885,731.2885,6097.42
2016-12-02 00:00:00+00:00,751.55,778.07,750.77,769.99,69.62659,13.4653,734.638,734.638,8062.0
2016-12-03 00:00:00+00:00,770.91,770.99,752.41,762.79,65.37308,14.20288,737.702,737.702,2763.36
2016-12-04 00:00:00+00:00,762.97,762.97,752.41,761.99,64.89867,14.55507,740.5665,740.5665,3143.49
2016-12-05 00:00:00+00:00,762.0,762.09,743.0,750.0,58.09415,13.70867,742.5255,742.5255,5540.78
2016-12-06 00:00:00+00:00,749.51,759.9,747.99,758.91,61.33819,13.60008,743.5715,743.5715,6703.0
2016-12-07 00:00:00+00:00,758.97,769.61,751.78,766.85,64.01182,13.99341,745.064,745.064,4745.99
2016-12-08 00:00:00+00:00,764.05,772.01,762.29,767.96,64.38264,14.23065,746.1625,746.1625,4475.48
2016-12-09 00:00:00+00:00,766.84,773.99,766.29,769.49,64.91921,14.3764,747.1585,747.1585,2855.94
2016-12-10 00:00:00+00:00,769.57,774.12,768.11,772.35,65.95179,14.55491,749.4215,749.4215,2197.94
2016-12-11 00:00:00+00:00,772.28,772.28,764.01,768.19,63.04499,14.19704,750.9825,750.9825,1378.71
2016-12-12 00:00:00+00:00,768.97,779.0,768.96,777.93,66.74111,14.53185,752.5485,752.5485,2790.93
2016-12-13 00:00:00+00:00,777.0,793.27,765.1,778.71,67.02554,14.69079,754.4755,754.4755,4840.32
2016-12-14 00:00:00+00:00,775.35,781.0,770.74,776.29,65.16357,14.45485,756.505,756.505,2309.6
2016-12-15 00:00:00+00:00,777.03,779.08,771.0,774.79,63.9772,13.9856,758.393,758.393,2948.47
2016-12-16 00:00:00+00:00,776.3,782.46,771.24,780.35,66.41777,13.90212,760.917,760.917,3290.32
2016-12-17 00:00:00+00:00,781.32,790.88,780.36,788.4,69.62638,14.32044,764.031,764.031,2387.99
2016-12-18 00:00:00+00:00,788.3,790.99,780.0,788.68,69.7347,14.50733,766.916,766.916,2516.86
2016-12-19 00:00:00+00:00,788.34,794.39,787.01,790.65,70.53097,14.64558,769.899,769.899,3878.35
2016-12-20 00:00:00+00:00,791.03,803.0,787.1,801.02,74.35572,15.41423,772.847,772.847,3979.47
2016-12-21 00:00:00+00:00,798.65,830.01,796.82,828.1,81.21298,18.00102,776.672,776.672,9191.56
2016-12-22 00:00:00+00:00,832.02,875.0,827.29,858.94,85.85264,22.28273,781.1195,781.1195,12029.93
2016-12-23 00:00:00+00:00,858.94,920.0,858.93,916.0,90.51832,29.93521,788.78,788.78,16185.92
2016-12-24 00:00:00+00:00,914.48,918.5,878.89,892.63,79.02337,33.72533,795.312,795.312,5987.56
2016-12-25 00:00:00+00:00,892.61,894.97,859.0,891.67,78.58191,36.23388,802.3955,802.3955,3974.2
2016-12-26 00:00:00+00:00,890.65,905.18,888.0,899.1,79.53483,38.37905,809.405,809.405,3461.33
2016-12-27 00:00:00+00:00,897.82,936.42,891.0,929.92,82.92786,42.08095,817.5585,817.5585,7170.3
2016-12-28 00:00:00+00:00,930.34,975.97,929.49,975.97,86.52321,48.17525,827.959,827.959,12023.35
2016-12-29 00:00:00+00:00,976.46,980.74,950.0,968.99,83.64768,51.84417,837.934,837.934,7785.7
2016-12-30 00:00:00+00:00,969.99,970.0,931.0,959.03,79.58329,53.33333,847.268,847.268,10687.6
2016-12-31 00:00:00+00:00,959.54,966.37,944.11,964.32,80.13537,54.31426,857.0745,857.0745,4029.84
2017-01-01 00:00:00+00:00,966.34,1005.0,960.53,998.8,83.30434,57.21437,868.118,868.118,6665.42
2017-01-02 00:00:00+00:00,997.75,1032.0,990.01,1014.1,84.48695,60.05503,879.8875,879.8875,8085.06
2017-01-03 00:00:00+00:00,1011.44,1039.0,999.99,1036.99,86.07601,63.42222,892.9225,892.9225,8779.72
2017-01-04 00:00:00+00:00,1035.51,1139.89,1028.56,1122.56,90.14152,72.16366,910.311,910.311,21371.6
2017-01-05 00:00:00+00:00,1114.38,1136.72,885.41,994.02,61.2234,67.93609,920.9945,920.9945,34736.36
2017-01-06 00:00:00+00:00,1004.73,1026.99,871.0,891.56,48.00372,55.67625,926.1525,926.1525,27597.93
2017-01-07 00:00:00+00:00,894.02,906.0,812.28,897.14,48.65396,45.8816,931.5755,931.5755,19697.24
2017-01-08 00:00:00+00:00,906.2,941.81,881.3,906.17,49.74914,38.4052,937.3515,937.3515,8849.68
2017-01-09 00:00:00+00:00,909.8,912.87,875.0,899.99,48.97917,31.61696,942.3,942.3,8663.98
2017-01-10 00:00:00+00:00,896.09,912.47,889.41,907.96,50.0528,26.57402,946.293,946.293,7931.46
2017-01-11 00:00:00+00:00,905.05,918.4,755.0,788.81,37.38667,12.81532,942.7865,942.7865,35446.63
2017-01-12 00:00:00+00:00,778.7,832.99,751.34,816.0,41.05257,4.05867,937.7865,937.7865,17298.71
2017-01-13 00:00:00+00:00,807.51,831.4,775.0,826.9,42.50581,-1.97869,934.5,934.5,11298.84
2017-01-14 00:00:00+00:00,825.98,837.76,810.0,819.66,41.76922,-7.26382,930.8995,930.8995,6581.1
2017-01-15 00:00:00+00:00,819.52,823.45,808.0,822.47,42.18797,-11.09765,927.068,927.068,4203.56
2017-01-16 00:00:00+00:00,821.86,835.0,818.09,829.62,43.30515,-13.40453,922.053,922.053,6136.18
2017-01-17 00:00:00+00:00,831.76,908.5,827.0,906.08,53.6256,-8.95977,918.5585,918.5585,12173.38
2017-01-18 00:00:00+00:00,905.95,915.99,851.74,876.74,49.87381,-7.71583,913.946,913.946,11022.4
2017-01-19 00:00:00+00:00,887.69,910.0,878.89,900.46,52.75181,-4.7611,911.0175,911.0175,11066.52
2017-01-20 00:00:00+00:00,902.23,902.43,880.0,895.62,52.09455,-2.77798,907.5825,907.5825,6605.45
2017-01-21 00:00:00+00:00,895.81,928.0,895.0,921.1,55.25521,0.83999,903.6975,903.6975,5817.93
2017-01-22 00:00:00+00:00,921.98,937.74,886.76,919.39,54.99298,3.5286,898.962,898.962,7066.33
2017-01-23 00:00:00+00:00,923.75,927.57,913.21,921.39,55.26042,5.7544,893.182,893.182,3339.46
2017-01-24 00:00:00+00:00,913.15,923.0,886.27,893.0,50.65878,5.16795,881.704,881.704,8821.87
2017-01-25 00:00:00+00:00,885.47,904.01,884.5,892.95,50.65078,4.6456,876.6505,876.6505,5289.95
2017-01-26 00:00:00+00:00,893.25,919.49,892.86,916.34,54.28741,6.04928,877.8895,877.8895,5107.77
2017-01-27 00:00:00+00:00,914.95,924.88,908.01,917.84,54.51888,7.19974,878.9245,878.9245,4817.73
2017-01-28 00:00:00+00:00,918.02,920.99,913.08,917.75,54.50105,8.01188,879.5035,879.5035,1144.75
2017-01-29 00:00:00+00:00,918.6,919.99,910.45,913.1,53.52691,8.18592,880.159,880.159,1322.86
2017-01-30 00:00:00+00:00,913.12,923.0,910.0,921.08,55.01298,8.86558,880.815,880.815,2997.2
2017-01-31 00:00:00+00:00,919.99,970.0,917.5,965.01,62.18226,12.80143,889.625,889.625,9315.91
2017-02-01 00:00:00+00:00,963.99,986.96,962.0,983.36,64.712,17.203,897.993,897.993,6874.21
2017-02-02 00:00:00+00:00,983.79,1011.65,973.12,1008.18,67.84512,22.43542,907.057,907.057,8205.72
2017-02-03 00:00:00+00:00,1009.15,1022.64,987.01,1012.64,68.38826,26.63501,916.706,916.706,10799.51
2017-02-04 00:00:00+00:00,1015.06,1044.23,1004.0,1034.44,70.96951,31.36078,927.3045,927.3045,5725.94
2017-02-05 00:00:00+00:00,1033.72,1034.6,1004.7,1014.57,65.70334,33.12085,936.552,936.552,4318.54
2017-02-06 00:00:00+00:00,1010.03,1031.94,1005.1,1023.7,66.91805,34.8507,942.433,942.433,5069.03
2017-02-07 00:00:00+00:00,1024.0,1056.25,1021.3,1054.12,70.64821,38.2355,951.302,951.302,5280.65
2017-02-08 00:00:00+00:00,1052.48,1070.0,1025.0,1056.99,70.98066,40.68062,959.1285,959.1285,9568.8
2017-02-09 00:00:00+00:00,1051.73,1074.69,913.73,981.96,53.81868,36.14742,963.4455,963.4455,24957.61
2017-02-10 00:00:00+00:00,985.71,1010.68,950.0,997.57,56.19188,33.42907,967.269,967.269,10634.42
2017-02-11 00:00:00+00:00,995.49,1020.0,987.62,1011.98,58.32115,32.06787,971.8985,971.8985,4426.59
2017-02-12 00:00:00+00:00,1011.01,1011.97,991.98,1001.63,56.20798,29.81031,975.9105,975.9105,2662.09
2017-02-13 00:00:00+00:00,1000.73,1007.89,975.1,1000.25,55.91705,27.59177,981.273,981.273,4540.29
2017-02-14 00:00:00+00:00,1000.74,1019.0,987.97,1011.51,57.83474,26.43739,987.201,987.201,6536.91
2017-02-15 00:00:00+00:00,1008.88,1013.8,1000.97,1011.53,57.83825,25.23328,991.9605,991.9605,3095.66
2017-02-16 00:00:00+00:00,1011.53,1043.21,1010.75,1032.7,61.49072,25.6911,997.7035,997.7035,5996.1
2017-02-17 00:00:00+00:00,1032.7,1064.99,1031.98,1055.46,65.00114,27.57263,1004.589,1004.589,6085.02
2017-02-18 00:00:00+00:00,1055.46,1068.99,1046.14,1056.4,65.14247,28.80753,1011.754,1011.754,4471.03
2017-02-19 00:00:00+00:00,1056.4,1061.9,1039.07,1051.8,63.78506,29.0798,1018.29,1018.29,2270.85
2017-02-20 00:00:00+00:00,1051.8,1089.99,1044.39,1084.0,68.70151,31.53039,1024.2395,1024.2395,3664.0
2017-02-21 00:00:00+00:00,1084.0,1126.86,1077.0,1124.62,73.57507,36.33138,1031.3025,1031.3025,8394.92
2017-02-22 00:00:00+00:00,1124.62,1143.0,1098.16,1130.01,74.15027,40.10879,1037.394,1037.394,11672.0
2017-02-23 00:00:00+00:00,1130.01,1193.92,1120.73,1188.11,79.36446,47.24597,1046.1675,1046.1675,11752.03
2017-02-24 00:00:00+00:00,1188.11,1220.0,1091.1,1180.14,77.06793,51.66358,1053.4525,1053.4525,19597.57
2017-02-25 00:00:00+00:00,1180.14,1184.73,1127.0,1152.2,69.47788,52.30708,1060.334,1060.334,6238.36
2017-02-26 00:00:00+00:00,1152.2,1184.97,1133.0,1179.05,72.30105,54.35703,1068.1015,1068.1015,3536.49
2017-02-27 00:00:00+00:00,1179.05,1197.99,1169.0,1194.64,73.81549,56.58732,1075.1275,1075.1275,4638.0
2017-02-28 00:00:00+00:00,1194.64,1209.99,1176.27,1191.21,72.87147,57.4162,1081.8385,1081.8385,7559.42
2017-03-01 00:00:00+00:00,1191.21,1231.0,1188.3,1226.39,76.22932,60.21768,1094.06,1094.06,6012.98
2017-03-02 00:00:00+00:00,1226.39,1283.25,1215.0,1257.6,78.74305,64.21601,1107.0615,1107.0615,7761.85
2017-03-03 00:00:00+00:00,1257.6,1298.0,1255.0,1285.33,80.6963,68.82888,1120.729,1120.729,7545.48
2017-03-04 00:00:00+00:00,1285.33,1289.55,1230.0,1260.0,74.00673,69.63796,1133.6475,1133.6475,4951.0
2017-03-05 00:00:00+00:00,1260.0,1275.0,1240.0,1273.0,75.14551,70.51529,1147.285,1147.285,3026.02
2017-03-06 00:00:00+00:00,1273.0,1285.0,1251.0,1278.49,75.63106,70.83701,1160.634,1160.634,4249.47
2017-03-07 00:00:00+00:00,1278.49,1281.62,1175.97,1233.05,64.41447,66.65697,1171.71,1171.71,14450.04
2017-03-08 00:00:00+00:00,1233.05,1245.49,1145.5,1150.05,49.86672,56.0013,1177.5775,1177.5775,13391.55
2017-03-09 00:00:00+00:00,1150.05,1208.0,1135.01,1190.89,55.22517,50.27255,1184.349,1184.349,7653.86
2017-03-10 00:00:00+00:00,1190.89,1350.0,975.0,1116.97,45.70332,39.31454,1187.3775,1187.3775,33194.61
2017-03-11 00:00:00+00:00,1116.97,1198.0,1106.51,1176.55,52.77156,35.03401,1193.615,1193.615,7346.55
2017-03-12 00:00:00+00:00,1176.55,1241.85,1170.9,1226.62,57.74931,35.27525,1200.746,1200.746,5793.91
2017-03-13 00:00:00+00:00,1226.62,1249.02,1215.43,1242.46,59.21386,36.32585,1206.638,1206.638,5630.79
2017-03-14 00:00:00+00:00,1242.46,1260.0,1226.5,1245.86,59.53807,37.00623,1212.4305,1212.4305,5745.5
2017-03-15 00:00:00+00:00,1245.86,1260.0,1238.32,1257.32,60.67281,38.03175,1215.891,1215.891,3920.35
2017-03-16 00:00:00+00:00,1257.32,1258.96,1130.0,1172.62,49.60089,31.64512,1215.515,1215.515,15244.87
2017-03-17 00:00:00+00:00,1172.62,1173.23,1063.0,1071.02,40.13878,18.17587,1211.456,1211.456,16703.78
2017-03-18 00:00:00+00:00,1071.02,1099.0,944.36,969.4,33.29694,-0.69053,1200.9735,1200.9735,21291.94
2017-03-19 00:00:00+00:00,969.4,1063.7,969.4,1017.97,38.67721,-11.58949,1192.14,1192.14,12196.14
2017-03-20 00:00:00+00:00,1017.97,1053.0,1010.01,1035.96,40.58872,-18.56139,1184.3775,1184.3775,7486.66
2017-03-21 00:00:00+00:00,1035.96,1117.9,1034.92,1114.39,48.17347,-17.55566,1178.7775,1178.7775,11125.5
2017-03-22 00:00:00+00:00,1114.39,1114.39,988.0,1037.56,42.45552,-22.69652,1167.7755,1167.7755,14520.38
2017-03-23 00:00:00+00:00,1037.56,1054.4,1010.69,1029.65,41.90406,-27.0966,1154.9915,1154.9915,5917.0
2017-03-24 00:00:00+00:00,1029.65,1032.0,920.0,929.06,35.57558,-38.25944,1138.4445,1138.4445,16066.46
2017-03-25 00:00:00+00:00,929.06,963.36,891.33,956.02,38.26658,-44.4186,1122.5955,1122.5955,13507.18
2017-03-26 00:00:00+00:00,956.02,997.0,937.52,960.0,38.67383,-48.42046,1106.671,1106.671,9005.18
2017-03-27 00:00:00+00:00,960.0,1043.0,952.95,1039.92,46.3302,-44.62863,1097.0145,1097.0145,8687.09
2017-03-28 00:00:00+00:00,1039.92,1068.26,1014.9,1043.99,46.69518,-40.82457,1091.7115,1091.7115,9109.22
2017-03-29 00:00:00+00:00,1043.99,1059.43,1008.16,1035.96,46.03008,-38.01951,1083.965,1083.965,9379.72
2017-03-30 00:00:00+00:00,1035.96,1050.17,1017.14,1033.7,45.83222,-35.56883,1079.8015,1079.8015,8644.96
2017-03-31 00:00:00+00:00,1033.7,1081.0,1031.43,1070.31,49.61084,-30.32298,1074.4895,1074.4895,12058.79
2017-04-01 00:00:00+00:00,1070.31,1097.0,1061.64,1083.94,50.98181,-24.78013,1067.3555,1067.3555,5209.01
2017-04-02 00:00:00+00:00,1083.94,1100.0,1066.49,1078.01,50.34008,-20.6281,1059.133,1059.133,7635.31
2017-04-03 00:00:00+00:00,1078.01,1152.0,1076.19,1144.77,56.91522,-11.81442,1054.0785,1054.0785,11076.86
2017-04-04 00:00:00+00:00,1144.77,1162.93,1118.85,1143.0,56.70087,-4.91567,1048.3625,1048.3625,7418.36
2017-04-05 00:00:00+00:00,1143.0,1145.0,1111.0,1134.58,55.62758,-0.12633,1046.4605,1046.4605,5581.47
2017-04-06 00:00:00+00:00,1134.58,1201.37,1134.36,1190.85,60.94771,8.11621,1052.452,1052.452,9134.3
2017-04-07 00:00:00+00:00,1190.85,1202.0,1176.0,1190.66,60.92115,14.4664,1063.515,1063.515,5450.27
2017-04-08 00:00:00+00:00,1190.66,1197.3,1166.66,1184.03,59.93954,18.74787,1071.818,1071.818,2720.8
2017-04-09 00:00:00+00:00,1184.03,1216.87,1173.98,1206.2,62.13653,23.65719,1080.33,1080.33,4817.38
2017-04-10 00:00:00+00:00,1206.2,1219.71,1195.0,1209.25,62.4417,27.47723,1085.073,1085.073,3656.82
2017-04-11 00:00:00+00:00,1209.25,1229.0,1198.02,1218.99,63.45466,30.93399,1094.1445,1094.1445,3487.75
2017-04-12 00:00:00+00:00,1218.99,1224.57,1208.0,1212.17,62.18987,32.74571,1103.2705,1103.2705,3475.19
2017-04-13 00:00:00+00:00,1212.17,1219.45,1141.0,1172.91,55.35038,30.66013,1115.463,1115.463,7135.29
2017-04-14 00:00:00+00:00,1172.91,1193.0,1142.0,1170.34,54.92455,28.4717,1126.179,1126.179,8982.72
2017-04-15 00:00:00+00:00,1170.34,1192.5,1165.0,1173.45,55.37199,26.68075,1136.8515,1136.8515,1804.45
2017-04-16 00:00:00+00:00,1173.45,1179.3,1150.0,1162.31,53.32989,24.08487,1142.971,1142.971,2663.99
2017-04-17 00:00:00+00:00,1162.31,1192.5,1161.0,1176.54,55.58329,22.91175,1149.5985,1149.5985,3568.83
2017-04-18 00:00:00+00:00,1176.54,1210.0,1175.95,1202.58,59.44244,23.8088,1157.9295,1157.9295,5514.17
2017-04-19 00:00:00+00:00,1202.58,1209.99,1190.0,1203.98,59.64544,24.35197,1166.4435,1166.4435,6046.52
2017-04-20 00:00:00+00:00,1203.98,1243.88,1201.66,1234.19,63.85029,26.90993,1174.6375,1174.6375,5970.91
2017-04-21 00:00:00+00:00,1234.19,1252.32,1231.65,1243.61,65.0724,29.35882,1182.621,1182.621,4984.49
2017-04-22 00:00:00+00:00,1243.61,1247.15,1199.0,1233.2,62.55555,30.11246,1190.3805,1190.3805,4122.37
2017-04-23 00:00:00+00:00,1233.2,1248.99,1223.42,1241.99,63.82776,31.06096,1195.2415,1195.2415,2604.72
2017-04-24 00:00:00+00:00,1241.99,1254.0,1234.0,1253.58,65.49256,32.37467,1200.7705,1200.7705,3048.04
2017-04-25 00:00:00+00:00,1253.58,1280.0,1251.07,1269.0,67.62733,34.26507,1207.4915,1207.4915,5249.77
2017-04-26 00:00:00+00:00,1269.0,1330.0,1265.0,1287.99,70.08202,36.87054,1212.3485,1212.3485,8685.55
2017-04-27 00:00:00+00:00,1287.99,1342.02,1285.0,1331.53,74.80009,41.96497,1219.392,1219.392,6668.0
2017-04-28 00:00:00+00:00,1331.53,1347.02,1299.0,1330.7,74.55871,45.41188,1226.7255,1226.7255,8234.28
2017-04-29 00:00:00+00:00,1330.7,1342.8,1316.0,1333.0,74.80138,47.77842,1233.0655,1233.0655,3927.45
2017-04-30 00:00:00+00:00,1333.0,1356.0,1315.68,1350.21,76.59996,50.46093,1240.1135,1240.1135,3536.18
2017-05-01 00:00:00+00:00,1350.21,1425.0,1341.22,1390.86,80.19561,55.2303,1248.707,1248.707,8602.88
2017-05-02 00:00:00+00:00,1390.86,1481.73,1388.0,1447.75,83.91967,62.87581,1260.486,1260.486,8920.17
2017-05-03 00:00:00+00:00,1447.75,1516.04,1431.02,1503.22,86.57122,72.57431,1277.0015,1277.0015,11052.34
2017-05-04 00:00:00+00:00,1503.22,1623.01,1444.94,1537.23,87.88975,82.05884,1295.346,1295.346,18824.97
2017-05-05 00:00:00+00:00,1537.23,1609.0,1495.0,1514.9,82.18406,86.77329,1312.4185,1312.4185,15601.41
2017-05-06 00:00:00+00:00,1514.9,1578.97,1505.0,1558.02,84.30318,92.91784,1332.204,1332.204,7898.17
2017-05-07 00:00:00+00:00,1558.02,1565.0,1525.0,1554.01,83.31076,96.35318,1351.0775,1351.0775,7667.79
2017-05-08 00:00:00+00:00,1554.01,1653.97,1554.01,1649.54,87.18203,105.56726,1373.4255,1373.4255,19232.7
2017-05-09 00:00:00+00:00,1649.54,1760.4,1616.05,1720.28,89.18298,117.2263,1399.2405,1399.2405,16793.24
2017-05-10 00:00:00+00:00,1720.28,1794.21,1682.0,1772.58,90.3788,129.19705,1426.16,1426.16,11263.87
2017-05-11 00:00:00+00:00,1772.58,1892.0,1745.01,1828.45,91.46436,141.56037,1455.402,1455.402,14739.88
2017-05-12 00:00:00+00:00,1828.45,1832.0,1650.0,1691.51,70.47503,138.70953,1478.3175,1478.3175,17061.7
2017-05-13 00:00:00+00:00,1691.51,1785.82,1601.46,1776.89,74.41697,141.70616,1505.0625,1505.0625,10531.58
2017-05-14 00:00:00+00:00,1776.89,1815.0,1753.0,1784.0,74.71966,143.00625,1531.5835,1531.5835,4816.73
2017-05-15 00:00:00+00:00,1784.0,1784.0,1682.56,1705.48,65.50241,136.13143,1553.4075,1553.4075,13312.2
2017-05-16 00:00:00+00:00,1705.48,1750.0,1641.22,1700.01,64.90176,128.75746,1574.0085,1574.0085,16473.76
2017-05-17 00:00:00+00:00,1700.01,1840.42,1670.01,1782.99,69.47464,128.13231,1596.5815,1596.5815,17790.68
2017-05-18 00:00:00+00:00,1782.99,1881.8,1766.33,1878.99,73.73768,133.84044,1623.996,1623.996,11915.2
2017-05-19 00:00:00+00:00,1878.99,1969.99,1874.99,1958.0,76.63039,143.09016,1655.246,1655.246,14115.85
2017-05-20 00:00:00+00:00,1958.0,2021.0,1914.0,2013.99,78.4425,153.17288,1688.435,1688.435,12308.17
2017-05-21 00:00:00+00:00,2013.99,2063.11,1961.52,2017.55,78.55636,159.61087,1719.7695,1719.7695,6755.83
2017-05-22 00:00:00+00:00,2017.55,2230.34,2008.75,2099.97,81.05152,169.41077,1752.3805,1752.3805,15312.07
2017-05-23 00:00:00+00:00,2099.97,2275.0,2088.45,2264.23,84.83803,188.26151,1790.431,1790.431,14138.92
2017-05-24 00:00:00+00:00,2264.23,2481.75,2264.23,2420.29,87.41182,213.33441,1834.584,1834.584,22143.08
2017-05-25 00:00:00+00:00,2420.29,2760.1,2221.0,2292.53,76.03277,220.35557,1873.4655,1873.4655,32938.03
2017-05-26 00:00:00+00:00,2292.53,2599.12,2060.0,2279.82,74.98695,222.33141,1909.5555,1909.5555,28125.34
2017-05-27 00:00:00+00:00,2279.82,2339.94,1850.0,2042.0,58.71345,202.37434,1933.955,1933.955,26205.92
2017-05-28 00:00:00+00:00,2042.0,2313.96,2041.48,2178.81,63.60644,195.34582,1960.4185,1960.4185,15365.53
2017-05-29 00:00:00+00:00,2178.81,2350.0,2110.0,2292.1,67.08513,196.65036,1989.0095,1989.0095,12115.83
2017-05-30 00:00:00+00:00,2292.1,2339.08,2160.0,2203.51,62.0874,188.3644,2010.556,2010.556,13888.0
2017-05-31 00:00:00+00:00,2203.51,2334.0,2154.28,2298.01,65.07622,187.2644,2034.034,2034.034,16275.49
2017-06-01 00:00:00+00:00,2298.01,2456.39,2296.81,2413.63,68.3625,193.49177,2070.14,2070.14,18392.66
2017-06-02 00:00:00+00:00,2413.63,2489.0,2370.03,2488.94,70.32147,202.17336,2105.7425,2105.7425,12423.32
2017-06-03 00:00:00+00:00,2488.94,2584.34,2445.0,2540.94,71.62781,210.81935,2143.5895,2143.5895,10806.98
2017-06-04 00:00:00+00:00,2540.94,2569.0,2460.0,2530.27,70.93783,214.33961,2184.829,2184.829,8827.27
2017-06-05 00:00:00+00:00,2530.27,2699.35,2525.28,2698.0,75.01263,228.0352,2234.7285,2234.7285,12220.09
2017-06-06 00:00:00+00:00,2698.0,2933.0,2689.4,2880.74,78.54255,250.74422,2289.616,2289.616,26672.53
2017-06-07 00:00:00+00:00,2880.74,2893.28,2612.5,2683.03,67.44179,249.90697,2329.818,2329.818,16961.13
2017-06-08 00:00:00+00:00,2683.03,2815.0,2613.13,2806.0,70.25746,256.21263,2372.218,2372.218,13248.6
2017-06-09 00:00:00+00:00,2806.0,2868.23,2780.43,2822.32,70.62059,259.53504,2412.6345,2412.6345,8036.31
2017-06-10 00:00:00+00:00,2822.32,2912.98,2800.0,2899.99,72.35077,265.37631,2456.7565,2456.7565,9589.16
2017-06-11 00:00:00+00:00,2899.99,2967.46,2861.53,2954.22,73.5232,271.2546,2499.469,2499.469,6830.4
2017-06-12 00:00:00+00:00,2954.22,2980.0,2480.03,2667.06,59.20656,249.86153,2519.6105,2519.6105,31530.49
2017-06-13 00:00:00+00:00,2667.06,2783.62,2638.62,2703.02,60.25039,233.12176,2533.747,2533.747,16035.02
2017-06-14 00:00:00+00:00,2703.02,2801.0,2320.0,2450.0,50.46553,197.16597,2541.6205,2541.6205,29466.54
2017-06-15 00:00:00+00:00,2450.0,2516.2,2120.0,2424.91,49.60523,164.74708,2548.875,2548.875,36736.98
2017-06-16 00:00:00+00:00,2424.91,2540.0,2307.66,2484.68,51.71687,142.23819,2571.009,2571.009,13800.26
2017-06-17 00:00:00+00:00,2484.68,2674.4,2420.53,2630.0,56.49047,134.57455,2593.5685,2593.5685,11137.71
2017-06-18 00:00:00+00:00,2630.0,2665.0,2460.62,2516.98,52.17041,118.02082,2604.8125,2604.8125,9423.46
2017-06-19 00:00:00+00:00,2516.98,2598.0,2480.96,2598.0,54.83679,110.16954,2624.537,2624.537,10563.71
2017-06-20 00:00:00+00:00,2598.0,2783.0,2581.0,2740.0,59.13651,114.0904,2646.6365,2646.6365,15891.45
2017-06-21 00:00:00+00:00,2740.0,2789.0,2611.0,2657.04,55.79447,109.24422,2658.807,2658.807,15671.82
2017-06-22 00:00:00+00:00,2657.04,2740.0,2594.61,2713.48,57.55205,108.70475,2670.034,2670.034,10790.79
2017-06-23 00:00:00+00:00,2713.48,2745.0,2657.46,2685.05,56.33696,104.77537,2677.2395,2677.2395,8229.5
2017-06-24 00:00:00+00:00,2685.05,2724.96,2512.13,2557.66,51.12803,90.34061,2678.609,2678.609,13341.43
2017-06-25 00:00:00+00:00,2557.66,2635.72,2432.0,2502.03,48.9975,73.56407,2668.8105,2668.8105,10339.57
2017-06-26 00:00:00+00:00,2502.03,2550.03,2315.01,2421.22,45.99892,53.13535,2645.8345,2645.8345,22086.78
2017-06-27 00:00:00+00:00,2421.22,2565.0,2291.0,2565.0,51.66663,47.99404,2639.933,2639.933,19109.29
2017-06-28 00:00:00+00:00,2565.0,2593.0,2468.01,2559.9,51.46031,43.01217,2627.628,2627.628,12254.3
2017-06-29 00:00:00+00:00,2559.9,2594.78,2500.31,2541.59,50.67788,37.1582,2613.5915,2613.5915,8115.56
2017-06-30 00:00:00+00:00,2541.59,2564.58,2451.0,2465.49,47.4488,26.07764,2591.8665,2591.8665,8711.29
2017-07-01 00:00:00+00:00,2465.49,2517.11,2390.0,2412.41,45.28153,12.86481,2564.776,2564.776,8863.07
2017-07-02 00:00:00+00:00,2412.41,2528.72,2374.34,2504.37,49.57844,9.70211,2556.6415,2556.6415,8739.52
2017-07-03 00:00:00+00:00,2504.37,2595.0,2472.68,2550.47,51.6291,10.79114,2549.014,2549.014,11519.81
2017-07-04 00:00:00+00:00,2550.47,2639.47,2540.07,2596.12,53.6398,15.16299,2556.32,2556.32,9653.8
2017-07-05 00:00:00+00:00,2596.12,2623.0,2530.1,2602.9,53.946,18.95629,2565.2195,2565.2195,10880.61
2017-07-06 00:00:00+00:00,2602.9,2614.0,2522.0,2600.39,53.80432,21.51199,2571.005,2571.005,8327.49
2017-07-07 00:00:00+00:00,2600.39,2605.0,2475.0,2501.46,48.40796,15.37731,2564.578,2564.578,9428.99
2017-07-08 00:00:00+00:00,2501.46,2555.0,2462.0,2550.07,51.00807,14.27342,2566.2325,2566.2325,5400.45
2017-07-09 00:00:00+00:00,2550.07,2564.65,2500.5,2502.28,48.42422,9.43359,2561.4465,2561.4465,4481.28
2017-07-10 00:00:00+00:00,2502.28,2527.88,2261.85,2323.45,40.21497,-8.73145,2540.619,2540.619,17285.96
2017-07-11 00:00:00+00:00,2323.45,2399.0,2242.62,2305.98,39.51029,-24.25744,2523.066,2523.066,17576.48
2017-07-12 00:00:00+00:00,2305.98,2408.84,2239.54,2388.0,44.43326,-29.60233,2506.792,2506.792,12881.06
2017-07-13 00:00:00+00:00,2388.0,2425.16,2312.93,2339.99,42.26495,-37.28243,2489.539,2489.539,8427.81
2017-07-14 00:00:00+00:00,2339.99,2357.84,2140.0,2213.37,37.12003,-52.97547,2472.3245,2472.3245,12614.31
2017-07-15 00:00:00+00:00,2213.37,2219.99,1967.65,1970.51,29.66183,-84.04033,2445.7485,2445.7485,19882.2
2017-07-16 00:00:00+00:00,1970.51,2044.44,1830.0,1917.63,28.32724,-111.63951,2420.569,2420.569,25559.44
2017-07-17 00:00:00+00:00,1917.63,2229.97,1910.57,2226.0,44.11761,-107.39124,2403.619,2403.619,26427.32
2017-07-18 00:00:00+00:00,2226.0,2392.0,2164.0,2303.71,47.27031,-96.63991,2390.8095,2390.8095,25186.71
2017-07-19 00:00:00+00:00,2303.71,2402.5,2223.0,2265.21,45.88902,-90.18641,2376.9905,2376.9905,17007.92
2017-07-20 00:00:00+00:00,2265.21,2938.0,2265.21,2875.03,63.88872,-35.45588,2397.4675,2397.4675,30969.52
2017-07-21 00:00:00+00:00,2875.03,2887.45,2611.39,2670.0,57.02096,-8.52745,2410.347,2410.347,20713.79
2017-07-22 00:00:00+00:00,2670.0,2882.0,2644.59,2832.71,60.63721,25.64722,2426.764,2426.764,12811.92
2017-07-23 00:00:00+00:00,2832.71,2855.0,2640.0,2749.02,57.93698,45.45384,2436.6915,2436.6915,11000.53
2017-07-24 00:00:00+00:00,2749.02,2800.0,2701.0,2759.98,58.1995,61.32816,2444.8845,2444.8845,10001.91
2017-07-25 00:00:00+00:00,2759.98,2775.79,2450.0,2564.82,51.97859,57.49809,2442.9805,2442.9805,21325.75
2017-07-26 00:00:00+00:00,2564.82,2608.96,2400.0,2524.99,50.78548,50.66475,2439.2105,2439.2105,17706.93
2017-07-27 00:00:00+00:00,2524.99,2695.0,2509.63,2666.33,54.75438,56.00861,2447.454,2447.454,11825.41
2017-07-28 00:00:00+00:00,2666.33,2825.0,2655.82,2777.01,57.63554,68.38629,2458.801,2458.801,14061.36
2017-07-29 00:00:00+00:00,2777.01,2785.65,2631.78,2680.56,54.38548,69.61055,2467.715,2467.715,10780.01
2017-07-30 00:00:00+00:00,2680.56,2774.45,2569.69,2742.37,56.09418,74.70716,2488.661,2488.661,9675.59
2017-07-31 00:00:00+00:00,2742.37,2889.99,2680.01,2855.81,59.12078,86.89822,2516.1525,2516.1525,11112.43
2017-08-01 00:00:00+00:00,2855.81,2929.17,2615.0,2731.0,54.65658,85.50296,2533.3025,2533.3025,12518.56
2017-08-02 00:00:00+00:00,2731.0,2760.0,2650.0,2703.51,53.69486,81.24249,2551.4785,2551.4785,9478.55
2017-08-03 00:00:00+00:00,2703.51,2807.44,2698.83,2793.37,56.39577,84.14699,2580.4785,2580.4785,7963.67
2017-08-04 00:00:00+00:00,2793.37,2877.52,2765.91,2855.0,58.19671,90.38001,2624.703,2624.703,7635.81
2017-08-05 00:00:00+00:00,2855.0,3339.66,2848.32,3263.62,67.71714,126.82993,2692.0025,2692.0025,16994.2
2017-08-06 00:00:00+00:00,3263.62,3296.51,3146.1,3222.75,66.09575,150.68191,2741.84,2741.84,5998.74
2017-08-07 00:00:00+00:00,3222.75,3430.0,3186.0,3387.55,69.28892,180.79863,2796.032,2796.032,12042.05
2017-08-08 00:00:00+00:00,3387.55,3490.0,3300.0,3412.41,69.75173,204.3171,2853.392,2853.392,15829.04
2017-08-09 00:00:00+00:00,3412.41,3423.1,3178.72,3342.99,66.72776,214.87708,2876.79,2876.79,14270.73
2017-08-10 00:00:00+00:00,3342.99,3448.0,3311.17,3413.03,68.22455,226.28906,2913.9415,2913.9415,9027.65
2017-08-11 00:00:00+00:00,3413.03,3705.0,3390.67,3645.06,72.61905,251.16079,2954.559,2954.559,11923.28
2017-08-12 00:00:00+00:00,3645.06,3934.0,3586.95,3855.1,75.87203,284.54028,3009.863,3009.863,12340.84
2017-08-13 00:00:00+00:00,3855.1,4190.0,3841.71,4053.87,78.47789,323.30598,3074.5575,3074.5575,15881.43
2017-08-14 00:00:00+00:00,4053.87,4329.43,3964.96,4306.23,81.24708,370.12485,3161.628,3161.628,14210.19
2017-08-15 00:00:00+00:00,4306.23,4400.0,3800.0,4155.67,75.04333,390.57787,3243.162,3243.162,25498.45
2017-08-16 00:00:00+00:00,4155.67,4379.78,3926.06,4378.84,77.75474,419.95402,3328.7875,3328.7875,12923.26
2017-08-17 00:00:00+00:00,4378.84,4480.0,4167.21,4276.5,73.79532,430.01985,3403.762,3403.762,14566.12
2017-08-18 00:00:00+00:00,4276.5,4368.0,3964.96,4100.0,67.41899,418.9259,3474.734,3474.734,17329.3
2017-08-19 00:00:00+00:00,4100.0,4188.0,3900.0,4099.55,67.403,405.42408,3542.593,3542.593,15034.29
2017-08-20 00:00:00+00:00,4099.55,4125.95,4000.0,4058.68,65.87477,386.96522,3602.7365,3602.7365,6235.95
2017-08-21 00:00:00+00:00,4058.68,4080.0,3949.78,3987.52,63.18843,362.41671,3665.5625,3665.5625,9779.7
2017-08-22 00:00:00+00:00,3987.52,4139.31,3600.0,4085.0,65.27734,346.82963,3734.637,3734.637,23497.56
2017-08-23 00:00:00+00:00,4085.0,4248.97,4051.94,4108.12,65.77342,332.50938,3800.3745,3800.3745,14972.03
2017-08-24 00:00:00+00:00,4108.12,4350.0,4082.57,4300.34,69.65514,332.83433,3872.6415,3872.6415,10779.09
2017-08-25 00:00:00+00:00,4300.34,4449.98,4270.0,4355.98,70.6913,333.73445,3927.2595,3927.2595,9691.7
2017-08-26 00:00:00+00:00,4355.98,4369.78,4232.43,4333.38,69.65096,328.83358,3982.791,3982.791,6559.28
2017-08-27 00:00:00+00:00,4333.38,4393.3,4290.32,4337.68,69.7422,321.58949,4030.2975,4030.2975,3944.92
2017-08-28 00:00:00+00:00,4337.68,4399.72,4169.01,4379.99,70.67637,315.62425,4078.6765,4078.6765,8636.26
2017-08-29 00:00:00+00:00,4379.99,4649.78,4336.26,4578.82,74.63896,323.21485,4140.468,4140.468,11875.02
2017-08-30 00:00:00+00:00,4578.82,4642.22,4479.0,4573.2,74.3332,325.03022,4198.4765,4198.4765,8593.36
2017-08-31 00:00:00+00:00,4573.2,4765.21,4566.66,4734.26,77.21405,335.59656,4252.9365,4252.9365,8901.59
2017-09-01 00:00:00+00:00,4734.26,4935.0,4671.09,4921.7,80.0241,355.00306,4306.2665,4306.2665,15349.9
2017-09-02 00:00:00+00:00,4921.7,4979.9,4488.5,4599.9,65.16562,340.4913,4333.568,4333.568,16968.78
2017-09-03 00:00:00+00:00,4599.9,4700.0,4385.0,4606.26,65.30274,325.74879,4348.5695,4348.5695,11216.38
2017-09-04 00:00:00+00:00,4606.26,4613.97,4058.5,4277.0,53.55037,284.22041,4354.636,4354.636,25014.15
2017-09-05 00:00:00+00:00,4277.0,4474.88,4001.93,4396.52,56.60343,257.9793,4355.52,4355.52,20870.95
2017-09-06 00:00:00+00:00,4396.52,4649.23,4356.42,4605.8,61.38903,251.1748,4371.985,4371.985,16613.84
2017-09-07 00:00:00+00:00,4605.8,4674.34,4475.0,4615.0,61.58956,243.71514,4397.735,4397.735,9248.08
2017-09-08 00:00:00+00:00,4615.0,4679.97,4125.99,4312.0,52.00916,210.92237,4408.3575,4408.3575,23654.99
2017-09-09 00:00:00+00:00,4312.0,4379.78,4164.0,4308.72,51.91502,182.56469,4420.8595,4420.8595,9970.37
2017-09-10 00:00:00+00:00,4308.72,4322.44,4010.0,4226.22,49.48855,151.68544,4432.7945,4432.7945,14714.59
2017-09-11 00:00:00+00:00,4226.22,4353.49,4092.4,4207.31,48.9241,124.25519,4438.91,4438.91,11154.82
2017-09-12 00:00:00+00:00,4207.31,4377.65,4080.0,4172.56,47.84416,98.57616,4442.132,4442.132,13251.77
2017-09-13 00:00:00+00:00,4172.56,4179.14,3720.01,3865.34,39.53531,52.82631,4420.382,4420.382,29518.25
2017-09-14 00:00:00+00:00,3865.34,3921.74,3210.0,3227.79,28.48127,-34.47829,4363.9725,4363.9725,41197.76
2017-09-15 00:00:00+00:00,3227.79,3820.0,2977.0,3700.01,41.52301,-64.81644,4332.304,4332.304,59782.68
2017-09-16 00:00:00+00:00,3700.01,3872.9,3500.0,3678.93,41.16216,-89.5286,4299.3665,4299.3665,23098.16
2017-09-17 00:00:00+00:00,3678.93,3772.52,3463.0,3662.99,40.87291,-109.14127,4263.5165,4263.5165,11757.1
2017-09-18 00:00:00+00:00,3662.99,4122.7,3659.42,4101.6,51.0632,-88.27472,4239.6555,4239.6555,17181.29
2017-09-19 00:00:00+00:00,4101.6,4119.7,3848.35,3888.8,46.84488,-87.8958,4205.4355,4205.4355,15251.89
2017-09-20 00:00:00+00:00,3888.8,4050.0,3820.56,3874.46,46.56571,-87.74119,4162.4455,4162.4455,11636.97
2017-09-21 00:00:00+00:00,3874.46,3914.0,3573.0,3617.05,41.75542,-107.15429,4097.213,4097.213,17898.73
2017-09-22 00:00:00+00:00,3617.05,3761.84,3514.0,3612.18,41.66772,-121.53135,4047.827,4047.827,14959.45
2017-09-23 00:00:00+00:00,3612.18,3810.25,3552.0,3779.17,45.86623,-118.08931,4006.4725,4006.4725,10105.29
2017-09-24 00:00:00+00:00,3779.17,3783.25,3615.0,3664.22,43.54292,-123.21661,3975.8335,3975.8335,6506.91
2017-09-25 00:00:00+00:00,3664.22,3968.59,3658.39,3918.0,49.61139,-105.58499,3951.9075,3951.9075,14928.61
2017-09-26 00:00:00+00:00,3918.0,3970.0,3850.61,3888.03,48.94234,-92.95856,3916.019,3916.019,9982.65
2017-09-27 00:00:00+00:00,3888.03,4226.73,3870.0,4199.29,55.63421,-57.17685,3895.2335,3895.2335,15047.14
2017-09-28 00:00:00+00:00,4199.29,4270.01,4123.5,4184.84,55.27203,-29.64386,3888.8755,3888.8755,9606.78
2017-09-29 00:00:00+00:00,4184.84,4227.62,4022.02,4164.82,54.74033,-9.33165,3881.6805,3881.6805,12152.44
2017-09-30 00:00:00+00:00,4164.82,4349.0,4154.28,4326.09,58.22642,19.55367,3886.674,3886.674,7484.86
2017-10-01 00:00:00+00:00,4326.09,4377.22,4216.0,4377.22,59.29686,46.04053,3895.1695,3895.1695,7186.75
2017-10-02 00:00:00+00:00,4377.22,4453.0,4352.0,4391.48,59.60773,67.40521,3906.1155,3906.1155,8257.67
2017-10-03 00:00:00+00:00,4391.48,4425.0,4218.0,4315.83,57.11551,77.34101,3928.64,3928.64,12439.78
2017-10-04 00:00:00+00:00,4315.83,4343.0,4170.07,4219.53,54.01927,76.56204,3978.227,3978.227,8495.27
2017-10-05 00:00:00+00:00,4219.53,4358.97,4137.96,4301.09,56.18564,81.58545,4008.281,4008.281,8403.54
2017-10-06 00:00:00+00:00,4301.09,4425.0,4278.4,4362.95,57.80929,89.52612,4042.482,4042.482,8373.72
2017-10-07 00:00:00+00:00,4362.95,4463.0,4312.82,4423.3,59.39037,99.54144,4080.4975,4080.4975,4624.88
2017-10-08 00:00:00+00:00,4423.3,4612.0,4404.5,4597.98,63.63792,120.18842,4105.3165,4105.3165,10072.26
2017-10-09 00:00:00+00:00,4597.98,4865.0,4541.0,4764.7,67.16765,148.29476,4149.1115,4149.1115,12900.31
2017-10-10 00:00:00+00:00,4764.7,4909.97,4700.0,4749.29,66.52485,167.39614,4192.853,4192.853,11657.5
2017-10-11 00:00:00+00:00,4749.29,4869.78,4700.0,4822.01,68.07741,186.25498,4253.101,4253.101,9847.43
2017-10-12 00:00:00+00:00,4822.01,5445.0,4793.66,5445.0,77.64362,248.60508,4344.742,4344.742,19885.18
2017-10-13 00:00:00+00:00,5445.0,5846.43,5380.0,5653.6,79.82384,311.26221,4438.4635,4438.4635,27797.47
2017-10-14 00:00:00+00:00,5653.6,5817.34,5558.26,5801.29,81.22023,368.58695,4545.317,4545.317,8393.91
2017-10-15 00:00:00+00:00,5801.29,5830.0,5415.0,5679.7,76.52451,399.59959,4633.402,4633.402,11529.17
2017-10-16 00:00:00+00:00,5679.7,5807.11,5548.0,5745.72,77.29218,424.60995,4726.2865,4726.2865,9053.39
2017-10-17 00:00:00+00:00,5745.72,5776.31,5506.78,5597.31,71.62221,427.52713,4796.1875,4796.1875,9087.77
2017-10-18 00:00:00+00:00,5597.31,5617.75,5101.36,5582.05,71.0451,423.72324,4866.048,4866.048,18914.61
2017-10-19 00:00:00+00:00,5582.05,5735.14,5512.06,5698.69,72.84612,425.21885,4942.7415,4942.7415,9883.68
2017-10-20 00:00:00+00:00,5698.69,6074.0,5589.8,5977.29,76.59144,443.76933,5025.3015,5025.3015,15052.02
2017-10-21 00:00:00+00:00,5977.29,6180.0,5871.0,6013.46,77.03432,456.13133,5107.1135,5107.1135,15305.54
2017-10-22 00:00:00+00:00,6013.46,6071.07,5700.0,5969.0,75.15214,457.07192,5185.9895,5185.9895,12213.02
2017-10-23 00:00:00+00:00,5969.0,6045.34,5617.75,5871.17,71.03912,444.79594,5263.7565,5263.7565,15257.2
2017-10-24 00:00:00+00:00,5871.17,5871.17,5453.01,5523.4,58.73334,402.36678,5328.95,5328.95,17264.05
2017-10-25 00:00:00+00:00,5523.4,5748.0,5366.0,5735.88,62.9556,381.48915,5400.6895,5400.6895,12312.35
2017-10-26 00:00:00+00:00,5735.88,5988.0,5683.0,5890.0,65.69718,373.07905,5477.042,5477.042,11743.86
2017-10-27 00:00:00+00:00,5890.0,5994.06,5674.06,5771.89,61.91546,352.81645,5544.4715,5544.4715,11878.19
2017-10-28 00:00:00+00:00,5771.89,5875.66,5646.18,5730.69,60.60493,329.63389,5601.107,5601.107,5911.95
2017-10-29 00:00:00+00:00,5730.69,6316.85,5683.0,6137.37,67.84082,340.1561,5669.7405,5669.7405,16067.43
2017-10-30 00:00:00+00:00,6137.37,6229.77,6024.03,6119.99,67.27215,343.13715,5738.2755,5738.2755,9573.17
2017-10-31 00:00:00+00:00,6119.99,6449.78,6072.81,6434.21,71.86417,366.62831,5818.8855,5818.8855,13388.29
2017-11-01 00:00:00+00:00,6434.21,6756.36,6340.01,6741.59,75.48745,405.37531,5883.715,5883.715,12942.67
2017-11-02 00:00:00+00:00,6741.59,7354.1,6700.0,7030.0,78.30989,454.12004,5952.535,5952.535,26442.64
2017-11-03 00:00:00+00:00,7030.0,7500.0,6925.22,7146.82,79.34719,496.45418,6019.8115,6019.8115,15978.77
2017-11-04 00:00:00+00:00,7146.82,7569.9,6994.0,7388.83,81.3383,543.27,6105.268,6105.268,9178.26
2017-11-05 00:00:00+00:00,7388.83,7590.0,7275.16,7372.72,80.78,572.47282,6186.618,6186.618,9211.21
2017-11-06 00:00:00+00:00,7372.72,7421.39,6922.07,6967.68,68.11999,556.51773,6255.1365,6255.1365,19290.82
2017-11-07 00:00:00+00:00,6967.68,7244.69,6945.0,7130.28,70.14294,550.64616,6332.548,6332.548,11625.97
2017-11-08 00:00:00+00:00,7130.28,7888.0,7080.01,7450.32,73.68271,565.30102,6420.1295,6420.1295,24598.0
2017-11-09 00:00:00+00:00,7450.32,7490.0,7061.2,7148.0,65.75245,546.22387,6478.665,6478.665,14729.52
2017-11-10 00:00:00+00:00,7148.0,7343.18,6429.44,6588.18,54.13377,480.39461,6507.401,6507.401,26492.72
2017-11-11 00:00:00+00:00,6588.18,6820.0,6218.0,6355.13,50.16013,404.75351,6526.7075,6526.7075,14890.46
2017-11-12 00:00:00+00:00,6355.13,6488.88,5555.55,5870.37,43.07695,302.20765,6526.6675,6526.6675,37220.5
2017-11-13 00:00:00+00:00,5870.37,6775.75,5846.0,6525.17,52.77729,270.65625,6576.756,6576.756,27163.67
2017-11-14 00:00:00+00:00,6525.17,6750.0,6466.88,6609.0,53.86131,249.53939,6620.412,6620.412,12072.05
2017-11-15 00:00:00+00:00,6609.0,7350.0,6609.0,7294.0,61.61526,284.79495,6690.612,6690.612,16869.9
2017-11-16 00:00:00+00:00,7294.0,7976.79,7120.85,7846.96,66.50834,353.28208,6794.3655,6794.3655,19272.37
2017-11-17 00:00:00+00:00,7846.96,7997.0,7528.5,7674.99,63.78509,389.19567,6891.5805,6891.5805,17714.37
2017-11-18 00:00:00+00:00,7674.99,7858.0,7431.54,7771.03,64.65549,420.55914,6973.2635,6973.2635,7326.81
2017-11-19 00:00:00+00:00,7771.03,8087.35,7675.0,8016.58,66.84928,459.92699,7068.093,7068.093,8307.78
2017-11-20 00:00:00+00:00,8016.58,8269.99,7900.0,8226.17,68.63858,502.24884,7157.691,7157.691,8179.46
2017-11-21 00:00:00+00:00,8226.17,8354.46,7770.0,8095.23,66.23336,519.238,7225.373,7225.373,13686.34
2017-11-22 00:00:00+00:00,8095.23,8310.89,8045.76,8214.69,67.35721,536.16093,7284.6075,7284.6075,8078.58
2017-11-23 00:00:00+00:00,8214.69,8279.76,7980.0,7989.0,63.0853,525.30577,7326.7165,7326.7165,7811.79
2017-11-24 00:00:00+00:00,7989.0,8340.0,7876.0,8199.19,65.293,527.58192,7367.2345,7367.2345,9289.99
2017-11-25 00:00:00+00:00,8199.19,8737.0,8114.78,8717.99,70.05356,564.73866,7434.498,7434.498,11611.67
2017-11-26 00:00:00+00:00,8717.99,9366.6,8538.2,9271.06,74.12774,631.53384,7549.667,7549.667,12021.22
2017-11-27 00:00:00+00:00,9271.06,9721.7,9267.0,9708.07,76.81217,711.53047,7678.5565,7678.5565,13272.45
2017-11-28 00:00:00+00:00,9708.07,9968.0,9582.25,9868.82,77.7276,778.92065,7799.4815,7799.4815,11214.93
2017-11-29 00:00:00+00:00,9868.82,11395.0,9289.0,9824.68,76.83065,819.32149,7933.3155,7933.3155,29509.5
2017-11-30 00:00:00+00:00,9824.68,10618.29,9000.0,9947.67,77.60609,851.44875,8101.29,8101.29,25433.46
2017-12-01 00:00:00+00:00,9947.67,10949.89,9370.11,10840.45,82.25005,938.13547,8325.556,8325.556,16708.03
2017-12-02 00:00:00+00:00,10840.45,11200.0,10637.69,10872.0,82.38903,997.87823,8575.6375,8575.6375,9267.16
2017-12-03 00:00:00+00:00,10872.0,11800.01,10513.16,11250.0,84.00504,1063.46724,8811.879,8811.879,14238.53
2017-12-04 00:00:00+00:00,11250.0,11613.07,10850.0,11613.07,85.39163,1131.69821,9062.0825,9062.0825,13621.48
2017-12-05 00:00:00+00:00,11613.07,11850.0,11384.25,11677.0,85.62788,1177.35851,9281.2325,9281.2325,10910.99
2017-12-06 00:00:00+00:00,11677.0,13700.0,11659.8,13623.5,90.60825,1354.99141,9570.0595,9570.0595,19784.87
2017-12-07 00:00:00+00:00,13623.5,16615.62,13085.9,16599.99,94.0205,1716.16178,10016.3095,10016.3095,24423.39
2017-12-08 00:00:00+00:00,16599.99,16666.66,13482.42,15800.0,85.07395,1915.75576,10417.758,10417.758,25473.4
2017-12-09 00:00:00+00:00,15800.0,15998.5,12701.05,14607.49,73.80056,1955.17183,10747.3035,10747.3035,15763.56
2017-12-10 00:00:00+00:00,14607.49,15385.0,13011.0,14691.0,74.05979,1970.43397,11070.545,11070.545,18487.98
2017-12-11 00:00:00+00:00,14691.0,17270.0,14677.19,16470.0,78.85881,2101.85093,11489.2835,11489.2835,16583.72
2017-12-12 00:00:00+00:00,16470.0,17428.42,15967.29,16650.01,79.27659,2195.21999,11911.0495,11911.0495,12511.23
2017-12-13 00:00:00+00:00,16650.01,17107.03,15497.69,16250.0,75.69684,2211.44601,12324.0995,12324.0995,17136.71
2017-12-14 00:00:00+00:00,16250.0,16830.45,15852.69,16404.99,76.14629,2211.32091,12734.3895,12734.3895,13409.52
2017-12-15 00:00:00+00:00,16404.99,17934.0,16337.19,17471.5,79.02132,2271.10038,13172.065,13172.065,18998.39
2017-12-16 00:00:00+00:00,17471.5,19377.0,17269.99,19187.78,82.64617,2428.96589,13667.901,13667.901,9761.22
2017-12-17 00:00:00+00:00,19187.78,19666.0,18465.0,18953.0,80.59465,2506.24028,14130.1475,14130.1475,9749.25
2017-12-18 00:00:00+00:00,18953.0,19220.0,17835.2,18940.57,80.48074,2537.23019,14583.735,14583.735,14678.94
2017-12-19 00:00:00+00:00,18940.57,19160.79,16831.26,17700.0,69.8676,2433.63287,14977.501,14977.501,21528.14
2017-12-20 00:00:00+00:00,17700.0,17950.0,15343.04,16466.98,61.22553,2226.37261,15303.4665,15303.4665,31172.23
2017-12-21 00:00:00+00:00,16466.98,17281.17,15005.0,15600.01,55.98216,1969.45744,15541.4445,15541.4445,20377.86
2017-12-22 00:00:00+00:00,15600.01,15795.61,11159.93,14009.79,47.88209,1618.87151,15698.334,15698.334,57444.16
2017-12-23 00:00:00+00:00,14009.79,15756.22,13496.48,14619.0,50.81798,1374.3452,15866.784,15866.784,21786.41
2017-12-24 00:00:00+00:00,14619.0,14619.1,12488.0,14157.87,48.58691,1130.3174,15994.024,15994.024,18519.49
2017-12-25 00:00:00+00:00,14157.87,14650.0,13210.0,13911.28,47.38877,906.57543,16105.738,16105.738,11564.54
2017-12-26 00:00:00+00:00,13911.28,16147.87,13746.95,15764.44,56.14185,868.77809,16212.785,16212.785,15051.16
2017-12-27 00:00:00+00:00,15764.44,16480.52,14484.0,15364.93,54.05395,797.39444,16151.032,16151.032,15643.75
2017-12-28 00:00:00+00:00,15364.93,15474.19,13500.0,14470.07,49.60404,660.99512,16084.5355,16084.5355,16557.22
2017-12-29 00:00:00+00:00,14470.07,15111.0,13998.0,14340.0,48.97295,536.2209,16071.161,16071.161,13505.7
2017-12-30 00:00:00+00:00,14340.0,14463.28,12050.0,12640.0,41.53518,296.74,15968.611,15968.611,21749.67
2017-12-31 00:00:00+00:00,12640.0,14296.06,12491.21,13880.0,47.76667,204.64824,15839.111,15839.111,11583.42
2018-01-01 00:00:00+00:00,13880.0,13941.75,12801.38,13443.41,45.9112,95.33671,15678.781,15678.781,7688.03
2018-01-02 00:00:00+00:00,13443.41,15257.53,12910.58,14678.94,51.63664,107.16812,15600.228,15600.228,16299.67
2018-01-03 00:00:00+00:00,14678.94,15500.0,14546.28,15155.62,53.67407,153.2422,15537.7595,15537.7595,12275.0
2018-01-04 00:00:00+00:00,15155.62,15430.27,14192.37,15143.67,53.6131,186.6405,15421.368,15421.368,15004.02
2018-01-05 00:00:00+00:00,15143.67,17200.0,14810.0,16928.0,60.77815,353.02002,15308.379,15308.379,16248.91
2018-01-06 00:00:00+00:00,16928.0,17234.99,16220.0,17149.67,61.57226,497.0344,15218.2125,15218.2125,9501.02
2018-01-07 00:00:00+00:00,17149.67,17149.97,15707.16,16124.02,55.9297,522.38374,15077.385,15077.385,8632.81
2018-01-08 00:00:00+00:00,16124.02,16300.0,13900.0,14999.99,50.47092,446.62503,14942.3845,14942.3845,16684.13
2018-01-09 00:00:00+00:00,14999.99,15367.18,14123.97,14403.51,47.80452,334.59772,14839.211,14839.211,13913.52
2018-01-10 00:00:00+00:00,14403.51,14900.0,13412.0,14890.02,50.11923,281.82387,14803.7115,14803.7115,18479.01
2018-01-11 00:00:00+00:00,14890.02,14973.07,12800.0,13243.83,43.14678,105.94517,14765.4135,14765.4135,19630.08
2018-01-12 00:00:00+00:00,13243.83,14152.19,12807.27,13781.41,45.79857,9.82499,14723.534,14723.534,13433.08
2018-01-13 00:00:00+00:00,13781.41,14619.1,13781.41,14197.78,47.82831,-32.38011,14725.5295,14725.5295,7488.99
2018-01-14 00:00:00+00:00,14197.78,14365.81,13072.22,13647.99,45.41015,-108.93567,14712.365,14712.365,7588.64
2018-01-15 00:00:00+00:00,13647.99,14394.36,13429.25,13607.04,45.22674,-170.94033,14604.495,14604.495,9444.64
2018-01-16 00:00:00+00:00,13607.04,13607.04,10162.0,11386.34,36.59455,-394.7213,14405.5655,14405.5655,38789.88
2018-01-17 00:00:00+00:00,11386.34,11794.07,9222.0,11191.35,35.94579,-581.10478,14241.6295,14241.6295,41356.19
2018-01-18 00:00:00+00:00,11191.35,12146.0,10693.0,11247.57,36.29645,-716.02466,14087.008,14087.008,22195.26
2018-01-19 00:00:00+00:00,11247.57,12050.39,11025.18,11552.0,38.26725,-789.28628,14032.608,14032.608,13203.26
2018-01-20 00:00:00+00:00,11552.0,13052.12,11515.94,12775.99,45.55969,-740.05004,13977.4075,13977.4075,10324.06
2018-01-21 00:00:00+00:00,12775.99,12791.88,11100.0,11558.87,40.4435,-790.13322,13883.1805,13883.1805,11596.44
2018-01-22 00:00:00+00:00,11558.87,11910.78,10028.41,10808.99,37.63906,-880.18729,13689.683,13689.683,17067.73
2018-01-23 00:00:00+00:00,10808.99,11409.87,9927.54,10851.82,37.90391,-937.29522,13474.493,13474.493,17250.18
2018-01-24 00:00:00+00:00,10851.82,11500.0,10488.13,11400.96,41.34365,-927.55042,13287.3575,13287.3575,11646.79
2018-01-25 00:00:00+00:00,11400.96,11741.82,10868.57,11155.54,40.27002,-928.9229,12998.7345,12998.7345,10212.92
2018-01-26 00:00:00+00:00,11155.54,11635.0,10263.32,11092.95,39.98484,-924.40513,12695.8985,12695.8985,15074.67
2018-01-27 00:00:00+00:00,11092.95,11630.47,10815.84,11446.54,42.46375,-882.12442,12462.0245,12462.0245,10309.81
2018-01-28 00:00:00+00:00,11446.54,11989.15,11360.52,11685.58,44.14343,-819.87709,12296.304,12296.304,9956.09
2018-01-29 00:00:00+00:00,11685.58,11820.01,10991.0,11162.62,41.30259,-803.48209,12134.2595,12134.2595,9996.36
2018-01-30 00:00:00+00:00,11162.62,11222.36,9731.2,9971.0,35.66966,-876.53852,11888.3085,11888.3085,21082.19
2018-01-31 00:00:00+00:00,9971.0,10324.0,9514.96,10149.0,37.05073,-909.58799,11733.567,11733.567,12743.51
2018-02-01 00:00:00+00:00,10149.0,10187.56,8455.0,8998.99,32.23567,-1016.85447,11494.446,11494.446,26356.59
2018-02-02 00:00:00+00:00,8998.99,9096.79,7625.25,8838.83,31.61937,-1102.08337,11226.4985,11226.4985,51005.6
2018-02-03 00:00:00+00:00,8838.83,9491.2,8170.71,9225.86,34.86037,-1125.4246,11005.392,11005.392,16208.37
2018-02-04 00:00:00+00:00,9225.86,9350.09,7825.0,8191.0,30.67399,-1213.43947,10734.59,10734.59,19110.67
2018-02-05 00:00:00+00:00,8191.0,8335.56,6600.0,6874.27,26.33971,-1373.60692,10508.9865,10508.9865,46544.43
2018-02-06 00:00:00+00:00,6874.27,8150.0,5920.72,7737.37,33.02064,-1414.58931,10336.2875,10336.2875,70961.37
2018-02-07 00:00:00+00:00,7737.37,8649.0,7213.8,7588.01,32.47177,-1442.4921,10153.3095,10153.3095,32640.89
2018-02-08 00:00:00+00:00,7588.01,8644.36,7565.5,8259.76,37.50327,-1394.32771,9988.6975,9988.6975,22746.39
2018-02-09 00:00:00+00:00,8259.76,8779.62,7753.32,8693.98,40.585,-1306.06367,9784.597,9784.597,18418.12
2018-02-10 00:00:00+00:00,8693.98,9090.8,8170.86,8560.0,39.93072,-1232.71488,9634.6535,9634.6535,14670.56
2018-02-11 00:00:00+00:00,8560.0,8560.0,7820.0,8067.0,37.533,-1200.52749,9497.554,9497.554,12711.79
2018-02-12 00:00:00+00:00,8067.0,8995.0,8067.0,8899.0,43.67939,-1095.25784,9399.913,9399.913,15071.04
2018-02-13 00:00:00+00:00,8899.0,8951.89,8360.13,8522.99,41.68325,-1030.29516,9256.0145,9256.0145,11374.52
2018-02-14 00:00:00+00:00,8522.99,9515.0,8504.57,9490.98,48.24103,-890.43863,9172.7865,9172.7865,17468.74
2018-02-15 00:00:00+00:00,9490.98,10234.0,9350.0,10018.0,51.44257,-728.6755,9119.039,9119.039,21036.34
2018-02-16 00:00:00+00:00,10018.0,10300.0,9707.51,10196.0,52.511,-579.43458,9056.512,9056.512,11857.64
2018-02-17 00:00:00+00:00,10196.0,11135.83,10053.5,11101.0,57.61714,-383.71096,9027.283,9027.283,14511.17
2018-02-18 00:00:00+00:00,11101.0,11300.0,10153.15,10421.06,53.00578,-280.2337,8990.205,8990.205,17623.08
2018-02-19 00:00:00+00:00,10421.06,11262.48,10307.51,11173.0,57.09536,-135.98441,9050.305,9050.305,11698.26
2018-02-20 00:00:00+00:00,11173.0,11780.0,11080.37,11233.41,57.41598,-16.59986,9104.5255,9104.5255,15880.91
2018-02-21 00:00:00+00:00,11233.41,11275.74,10256.0,10449.4,51.98631,14.5821,9177.046,9177.046,19959.68
2018-02-22 00:00:00+00:00,10449.4,10935.0,9731.2,9843.34,48.1923,-9.50044,9227.2715,9227.2715,20204.69
2018-02-23 00:00:00+00:00,9843.34,10405.3,9600.0,10166.1,50.27365,-2.51302,9274.2835,9274.2835,16044.04
2018-02-24 00:00:00+00:00,10166.1,10540.63,9373.48,9689.99,47.25763,-34.99019,9349.233,9349.233,13972.71
2018-02-25 00:00:00+00:00,9689.99,9883.41,9260.0,9590.04,46.62525,-68.00974,9485.0215,9485.0215,11037.18
2018-02-26 00:00:00+00:00,9590.04,10461.97,9376.34,10324.7,51.73739,-34.49936,9614.388,9614.388,16156.81
2018-02-27 00:00:00+00:00,10324.7,10850.0,10150.0,10566.3,53.32077,11.42131,9763.3025,9763.3025,10408.48
2018-02-28 00:00:00+00:00,10572.49,11064.75,10255.07,10314.9,51.42998,27.21417,9866.0595,9866.0595,108211027.46001
2018-03-01 00:00:00+00:00,10314.99,11090.0,10223.41,10903.13,55.41392,86.2017,9976.517,9976.517,103379827.70451
2018-03-02 00:00:00+00:00,10917.37,11175.0,10774.01,11029.99,56.24743,141.55453,10100.0165,10100.0165,91869866.55551
2018-03-03 00:00:00+00:00,11032.81,11503.24,11022.85,11445.0,58.95097,216.41518,10268.9165,10268.9165,89113831.98969
2018-03-04 00:00:00+00:00,11445.0,11511.0,11054.91,11463.27,59.07087,274.05786,10397.13,10397.13,78312827.28637
2018-03-05 00:00:00+00:00,11479.68,11688.0,11383.66,11419.24,58.62643,312.58397,10541.9425,10541.9425,113435032.99103
2018-03-06 00:00:00+00:00,11417.39,11420.01,10560.19,10723.76,51.97448,283.72615,10603.5815,10603.5815,158008378.38365
2018-03-07 00:00:00+00:00,10723.01,10911.78,9450.0,9913.03,45.49427,193.20978,10598.333,10598.333,258893765.44488
2018-03-08 00:00:00+00:00,9904.52,10150.0,9078.95,9285.32,41.21007,70.01684,10552.799,10552.799,209127946.2349
2018-03-09 00:00:00+00:00,9293.06,9420.39,8366.0,9230.0,40.84502,-31.71275,10459.249,10459.249,267800759.9751
2018-03-10 00:00:00+00:00,9228.83,9514.96,8697.0,8791.47,37.97333,-146.03647,10377.7695,10377.7695,113292056.89691
2018-03-11 00:00:00+00:00,8795.04,9768.37,8450.0,9535.04,45.03045,-174.62597,10295.8715,10295.8715,156446572.85275
2018-03-12 00:00:00+00:00,9535.04,9892.0,8742.07,9120.75,42.15277,-228.08389,10190.2385,10190.2385,171023370.9513
2018-03-13 00:00:00+00:00,9115.24,9482.79,8830.0,9142.32,42.35931,-265.64695,10124.8845,10124.8845,146290608.08881
2018-03-14 00:00:00+00:00,9152.07,9356.14,7948.0,8196.69,36.24898,-367.48425,10042.552,10042.552,173696247.42698
2018-03-15 00:00:00+00:00,8195.99,8425.0,7682.0,8265.05,36.95695,-437.63024,9947.4995,9947.4995,151974527.50181
2018-03-16 00:00:00+00:00,8265.05,8613.06,7914.08,8258.54,36.91491,-488.11999,9875.927,9875.927,136254549.01813
2018-03-17 00:00:00+00:00,8258.54,8356.4,7730.23,7860.83,34.34436,-553.84103,9789.4665,9789.4665,94712537.88158
2018-03-18 00:00:00+00:00,7860.83,8324.92,7325.37,8188.24,38.16196,-572.90211,9682.6435,9682.6435,160058484.43921
2018-03-19 00:00:00+00:00,8205.55,8718.74,8114.17,8596.93,42.64503,-548.70516,9584.175,9584.175,166746813.89468
2018-03-20 00:00:00+00:00,8596.79,9051.0,8313.01,8904.02,45.82329,-498.99718,9513.631,9513.631,119802006.50305
2018-03-21 00:00:00+00:00,8904.02,9188.1,8754.83,8893.79,45.73237,-455.18167,9413.164,9413.164,107623727.29435
2018-03-22 00:00:00+00:00,8892.18,9099.59,8503.52,8704.67,43.99459,-430.75251,9296.898,9296.898,109571199.37434
2018-03-23 00:00:00+00:00,8708.52,8920.79,8265.0,8920.79,46.49664,-389.46366,9170.6875,9170.6875,122658943.28989
2018-03-24 00:00:00+00:00,8917.99,9020.0,8505.0,8547.0,42.9248,-382.49452,9024.874,9024.874,83179253.3028
2018-03-25 00:00:00+00:00,8541.96,8680.0,8368.63,8453.9,42.05819,-380.10224,8876.607,8876.607,77403165.70612
2018-03-26 00:00:00+00:00,8451.12,8500.0,7831.15,8149.66,39.26815,-398.16615,8747.902,8747.902,144195319.25408
2018-03-27 00:00:00+00:00,8152.26,8211.62,7742.11,7791.7,36.2234,-436.33649,8641.8355,8641.8355,96502154.63956
2018-03-28 00:00:00+00:00,7791.69,8104.98,7723.03,7932.41,38.25025,-450.04481,8574.19,8574.19,66930857.03378
2018-03-29 00:00:00+00:00,7932.41,7968.0,6914.53,7088.38,31.73518,-522.98625,8467.109,8467.109,156923365.45297
2018-03-30 00:00:00+00:00,7086.14,7302.35,6550.0,6850.0,30.17208,-593.19022,8370.0355,8370.0355,199344918.98536
2018-03-31 00:00:00+00:00,6839.63,7231.73,6794.26,6928.62,31.37266,-635.16165,8239.7145,8239.7145,80230627.76232
2018-04-01 00:00:00+00:00,6926.5,7045.71,6427.16,6813.52,30.54467,-669.9887,8124.353,8124.353,122963192.58348
2018-04-02 00:00:00+00:00,6816.31,7106.5,6759.96,7052.76,34.41898,-670.55498,8019.875,8019.875,96087933.18998
2018-04-03 00:00:00+00:00,7052.75,7506.84,7001.28,7416.27,39.90426,-634.35905,7980.854,7980.854,119324384.89713
2018-04-04 00:00:00+00:00,7415.53,7430.0,6710.38,6799.95,34.61748,-647.93637,7907.599,7907.599,107297787.81282
2018-04-05 00:00:00+00:00,6799.37,6928.7,6578.95,6771.69,34.39248,-653.44435,7833.2565,7833.2565,80546110.33734
2018-04-06 00:00:00+00:00,6771.3,6850.0,6510.0,6618.33,33.13388,-662.5469,7771.1315,7771.1315,56112968.65841
2018-04-07 00:00:00+00:00,6627.7,7069.13,6600.99,6904.9,37.7203,-639.26786,7706.9645,7706.9645,53050634.30704
2018-04-08 00:00:00+00:00,6904.21,7104.52,6894.8,7027.26,39.62454,-603.98327,7628.481,7628.481,30587540.14004
2018-04-09 00:00:00+00:00,7027.26,7175.83,6611.49,6780.1,37.1534,-589.17212,7522.285,7522.285,68505562.33712
2018-04-10 00:00:00+00:00,6782.39,6900.0,6653.21,6835.67,38.08828,-566.42079,7419.379,7419.379,44296459.27232
2018-04-11 00:00:00+00:00,6824.75,6984.92,6809.26,6940.94,39.91179,-533.74314,7331.1925,7331.1925,40433825.76619
2018-04-12 00:00:00+00:00,6940.94,8069.34,6758.45,7923.78,53.6407,-423.65525,7281.342,7281.342,150816318.42611
2018-04-13 00:00:00+00:00,7923.78,8239.33,7753.32,7896.92,53.2824,-334.71876,7248.838,7248.838,154826561.42741
2018-04-14 00:00:00+00:00,7885.9,8232.14,7835.0,8000.41,54.54228,-252.96909,7226.1635,7226.1635,71487909.28575
2018-04-15 00:00:00+00:00,8003.39,8417.0,8001.23,8354.22,58.6481,-157.81322,7236.3915,7236.3915,63014551.59884
2018-04-16 00:00:00+00:00,8353.43,8424.99,7905.0,8048.15,54.09618,-105.87829,7249.214,7249.214,87456050.59232
2018-04-17 00:00:00+00:00,8054.68,8160.85,7806.81,7890.87,51.86836,-76.52849,7247.137,7247.137,73204794.21091
2018-04-18 00:00:00+00:00,7890.87,8235.0,7870.35,8172.84,55.41349,-30.16819,7301.36,7301.36,75412466.82737
2018-04-19 00:00:00+00:00,8172.83,8297.99,8074.44,8271.31,56.61526,14.35294,7372.4255,7372.4255,78055081.39819
2018-04-20 00:00:00+00:00,8273.0,8934.0,8216.9,8861.0,63.04001,96.1114,7469.0445,7469.0445,142304316.49074
2018-04-21 00:00:00+00:00,8865.78,9023.4,8608.0,8920.71,63.62737,163.83508,7574.404,7574.404,136810755.4913
2018-04-22 00:00:00+00:00,8924.93,9036.52,8760.0,8789.96,61.32902,204.59768,7661.264,7661.264,82154937.10574
2018-04-23 00:00:00+00:00,8781.7,9006.39,8771.22,8946.95,63.05465,246.726,7737.798,7737.798,92029380.88932
2018-04-24 00:00:00+00:00,8942.0,9737.16,8930.0,9648.0,69.5822,332.84505,7880.2005,7880.2005,197402990.66837
2018-04-25 00:00:00+00:00,9648.36,9755.53,8751.0,8864.99,57.38658,334.0618,7984.8655,7984.8655,292862958.99829
2018-04-26 00:00:00+00:00,8855.07,9326.79,8647.29,9274.48,61.21508,363.87399,8117.673,8117.673,185888121.64283
2018-04-27 00:00:00+00:00,9277.32,9387.82,8901.09,8921.43,56.50181,354.92087,8218.4995,8218.4995,101485855.21475
2018-04-28 00:00:00+00:00,8916.54,9442.34,8854.47,9345.11,60.43843,377.65947,8334.392,8334.392,145394980.93579
2018-04-29 00:00:00+00:00,9352.97,9538.75,9180.0,9393.99,60.87833,395.07007,8465.0865,8465.0865,102776995.77256
2018-04-30 00:00:00+00:00,9396.32,9443.96,9111.0,9242.17,58.69529,392.09762,8585.4115,8585.4115,74729305.78533
2018-05-01 00:00:00+00:00,9243.51,9249.99,8815.91,9066.9,56.19021,371.31878,8691.7095,8691.7095,110056425.50346
2018-05-02 00:00:00+00:00,9066.9,9259.16,8975.23,9222.0,57.90245,363.18016,8756.6205,8756.6205,97524263.64638
2018-05-03 00:00:00+00:00,9220.0,9799.99,9165.19,9732.43,63.02422,393.38301,8848.396,8848.396,113585239.94305
2018-05-04 00:00:00+00:00,9737.0,9784.73,9527.38,9696.57,62.44937,409.70258,8933.204,8933.204,71037576.73116
2018-05-05 00:00:00+00:00,9689.0,9948.98,9670.68,9823.28,63.70896,427.92752,9006.657,9006.657,72722773.51544
2018-05-06 00:00:00+00:00,9827.04,9918.41,9375.0,9623.54,60.27656,421.39597,9085.4265,9085.4265,78485520.10256
2018-05-07 00:00:00+00:00,9621.99,9634.5,9175.0,9359.52,55.98308,390.41501,9158.859,9158.859,127442486.98596
2018-05-08 00:00:00+00:00,9356.79,9450.0,9015.0,9167.69,53.0276,346.39032,9208.6015,9208.6015,104679531.32246
2018-05-09 00:00:00+00:00,9181.52,9368.79,8974.62,9308.49,54.90921,319.18248,9260.4605,9260.4605,105826680.62955
2018-05-10 00:00:00+00:00,9308.49,9393.0,8987.74,9020.99,50.46404,271.29392,9268.46,9268.46,106131744.42914
2018-05-11 00:00:00+00:00,9007.19,9018.38,8351.0,8411.42,42.59116,182.05606,9242.9955,9242.9955,171457767.96521
2018-05-12 00:00:00+00:00,8408.79,8652.8,8208.81,8481.6,43.68055,115.66404,9227.5775,9227.5775,131167345.22465
2018-05-13 00:00:00+00:00,8481.72,8775.9,8335.56,8696.58,46.99845,79.4788,9215.059,9215.059,85532816.76178
2018-05-14 00:00:00+00:00,8696.54,8900.9,8286.57,8674.36,46.69227,48.45026,9166.377,9166.377,163615232.6704
2018-05-15 00:00:00+00:00,8674.53,8865.0,8400.0,8474.99,43.92705,7.68386,9146.877,9146.877,105020652.17074
2018-05-16 00:00:00+00:00,8481.99,8505.33,8100.01,8346.59,42.19395,-34.58594,9100.4825,9100.4825,106044454.41548
2018-05-17 00:00:00+00:00,8337.77,8500.0,7980.0,8067.03,38.62112,-89.61024,9057.7625,9057.7625,66626605.31223
2018-05-18 00:00:00+00:00,8058.16,8275.1,7929.53,8248.87,42.05792,-117.19349,9002.9505,9002.9505,59236817.27832
2018-05-19 00:00:00+00:00,8248.99,8395.0,8141.08,8231.2,41.81292,-138.87833,8944.811,8944.811,31147484.44814
2018-05-20 00:00:00+00:00,8225.55,8590.0,8170.71,8518.48,47.19847,-131.3683,8908.6265,8908.6265,45275711.82788
2018-05-21 00:00:00+00:00,8518.64,8589.1,8320.0,8391.76,45.21069,-134.09602,8874.8695,8874.8695,51416070.60775
2018-05-22 00:00:00+00:00,8403.23,8417.65,7951.41,7984.08,39.45378,-167.22644,8812.9735,8812.9735,72663597.40771
2018-05-23 00:00:00+00:00,7983.98,8032.01,7435.49,7502.89,33.95754,-229.66313,8701.4965,8701.4965,132320227.45501
2018-05-24 00:00:00+00:00,7509.99,7733.99,7267.24,7586.88,35.64281,-269.26347,8596.012,8596.012,88374749.29921
2018-05-25 00:00:00+00:00,7579.3,7661.07,7328.13,7471.18,34.34272,-306.45048,8478.407,8478.407,75375564.36985
2018-05-26 00:00:00+00:00,7459.21,7622.87,7276.04,7335.99,32.83562,-342.87767,8364.0295,8364.0295,29663498.48651
2018-05-27 00:00:00+00:00,7335.99,7412.57,7213.09,7347.39,33.10223,-366.60065,8263.423,8263.423,23103508.6342
2018-05-28 00:00:00+00:00,7348.64,7445.0,7084.99,7112.5,30.42265,-399.74691,8160.6635,8160.6635,46826086.36671
2018-05-29 00:00:00+00:00,7112.2,7537.0,7026.9,7469.45,38.56173,-392.68604,8068.7115,8068.7115,82536832.36019
2018-05-30 00:00:00+00:00,7469.45,7559.0,7273.89,7375.73,37.32709,-390.15521,7986.4485,7986.4485,65942374.82051
2018-05-31 00:00:00+00:00,7375.64,7601.23,7330.22,7492.28,39.90397,-374.42871,7940.4915,7940.4915,54985897.38371
2018-06-01 00:00:00+00:00,7492.28,7620.01,7348.45,7511.6,40.34186,-356.29919,7891.9915,7891.9915,50798153.27509
2018-06-02 00:00:00+00:00,7511.72,7700.0,7438.92,7642.0,43.34261,-327.63248,7839.2625,7839.2625,30660993.62731
2018-06-03 00:00:00+00:00,7642.0,7790.69,7581.03,7703.67,44.7578,-296.51956,7790.728,7790.728,36432273.84511
2018-06-04 00:00:00+00:00,7712.97,7764.44,7449.68,7488.26,40.91364,-285.9479,7741.3915,7741.3915,52347066.07237
2018-06-05 00:00:00+00:00,7494.99,7685.0,7360.0,7617.98,44.03113,-264.05857,7704.961,7704.961,75939491.50355
2018-06-06 00:00:00+00:00,7617.98,7695.46,7482.61,7658.57,45.00883,-240.66164,7684.538,7684.538,54054614.19622
2018-06-07 00:00:00+00:00,7658.99,7750.0,7618.99,7689.28,45.78055,-217.13833,7656.5585,7656.5585,58015688.73091
2018-06-08 00:00:00+00:00,7676.41,7697.0,7542.0,7618.11,44.23138,-201.91125,7625.904,7625.904,35626535.76237
2018-06-09 00:00:00+00:00,7618.11,7686.45,7468.31,7492.7,41.56243,-197.68444,7574.615,7574.615,20333547.2367
2018-06-10 00:00:00+00:00,7498.0,7498.0,6627.7,6781.17,30.36669,-248.88025,7494.0855,7494.0855,97599314.30732
2018-06-11 00:00:00+00:00,6781.17,6919.97,6634.86,6880.61,33.07977,-278.22215,7438.912,7438.912,78504486.52718
2018-06-12 00:00:00+00:00,6880.76,6880.76,6461.42,6557.67,29.11267,-323.80179,7391.651,7391.651,57888484.4112
2018-06-13 00:00:00+00:00,6557.66,6624.45,6120.0,6307.4,26.46395,-375.78684,7327.677,7327.677,121042188.57894
2018-06-14 00:00:00+00:00,6308.49,6708.1,6270.69,6646.1,35.07327,-385.2146,7286.423,7286.423,94280499.33785
2018-06-15 00:00:00+00:00,6638.8,6666.66,6370.0,6390.6,32.02715,-408.59287,7239.1535,7239.1535,45579080.70393
2018-06-16 00:00:00+00:00,6390.6,6557.81,6333.63,6487.92,34.36545,-414.48944,7196.18,7196.18,23056119.5265
2018-06-17 00:00:00+00:00,6487.92,6575.35,6429.23,6453.41,33.91985,-417.13866,7163.2255,7163.2255,18255127.47541
2018-06-18 00:00:00+00:00,6451.03,6793.0,6381.25,6707.5,40.0804,-394.19126,7125.128,7125.128,39843719.77123
2018-06-19 00:00:00+00:00,6711.3,6841.81,6660.21,6736.52,40.75969,-369.40533,7093.1675,7093.1675,36671457.82124
2018-06-20 00:00:00+00:00,6728.44,6809.26,6558.95,6756.58,41.25546,-344.17618,7056.3825,7056.3825,35092114.70897
2018-06-21 00:00:00+00:00,6756.6,6792.2,6677.85,6718.33,40.55847,-323.5388,7016.719,7016.719,32498741.82652
2018-06-22 00:00:00+00:00,6718.33,6737.97,5940.0,6050.45,30.78009,-356.96104,6937.1415,6937.1415,112200416.39546
2018-06-23 00:00:00+00:00,6055.17,6261.0,6048.54,6177.38,34.03508,-368.95315,6860.827,6860.827,28328670.71401
2018-06-24 00:00:00+00:00,6169.91,6255.05,5780.0,6153.4,33.71254,-376.05702,6794.084,6794.084,70293942.88246
2018-06-25 00:00:00+00:00,6153.6,6365.34,6075.01,6253.61,36.42393,-369.34322,6725.8655,6725.8655,60595537.94721
2018-06-26 00:00:00+00:00,6252.28,6277.0,6025.68,6068.0,33.67629,-374.68057,6646.337,6646.337,47036842.8295
2018-06-27 00:00:00+00:00,6073.99,6181.11,5985.0,6135.64,35.58333,-369.19661,6568.655,6568.655,45691261.60518
2018-06-28 00:00:00+00:00,6135.64,6165.49,5818.14,5848.33,31.44712,-383.61201,6480.166,6480.166,51923804.72591
2018-06-29 00:00:00+00:00,5845.2,6299.0,5774.72,6204.24,40.65049,-362.1428,6415.743,6415.743,74868879.30178
2018-06-30 00:00:00+00:00,6204.01,6510.0,6190.28,6385.71,44.72521,-326.71897,6395.97,6395.97,44157752.19288
2018-07-01 00:00:00+00:00,6385.75,6438.55,6259.34,6349.99,44.08363,-298.09142,6369.439,6369.439,26420438.74473
2018-07-02 00:00:00+00:00,6345.48,6667.57,6270.69,6612.98,49.79401,-251.28612,6372.2045,6372.2045,58192917.76504
2018-07-03 00:00:00+00:00,6605.46,6666.0,6464.39,6507.99,47.69973,-220.12691,6382.234,6382.234,38558964.88557
2018-07-04 00:00:00+00:00,6507.99,6792.28,6413.2,6584.25,49.36559,-187.12243,6379.1415,6379.1415,44158813.38032
2018-07-05 00:00:00+00:00,6575.62,6700.0,6445.31,6533.69,48.26788,-163.16505,6386.296,6386.296,50258553.29964
2018-07-06 00:00:00+00:00,6533.69,6636.15,6449.76,6596.53,49.76308,-137.52272,6391.7265,6391.7265,36001698.31494
2018-07-07 00:00:00+00:00,6604.74,6820.0,6510.0,6759.99,53.52587,-102.82582,6407.0555,6407.0555,32737251.66081
2018-07-08 00:00:00+00:00,6755.46,6783.54,6674.6,6706.6,52.15186,-78.72886,6407.0105,6407.0105,34511129.15282
2018-07-09 00:00:00+00:00,6706.6,6814.72,6620.0,6666.75,51.09752,-62.1312,6403.522,6403.522,47768711.9903
2018-07-10 00:00:00+00:00,6666.75,6683.9,6270.84,6299.46,42.55763,-77.71878,6380.666,6380.666,57722076.55132
2018-07-11 00:00:00+00:00,6304.45,6400.0,6285.0,6380.0,44.73866,-82.62074,6363.7495,6363.7495,40641472.79268
2018-07-12 00:00:00+00:00,6379.13,6380.0,6072.0,6243.88,41.84674,-96.37833,6373.421,6373.421,48655227.96421
2018-07-13 00:00:00+00:00,6243.53,6337.25,6121.01,6215.59,41.24995,-108.3155,6375.3315,6375.3315,36680034.63021
2018-07-14 00:00:00+00:00,6208.78,6317.84,6180.0,6243.98,42.1417,-114.16889,6379.8605,6379.8605,16139027.16592
2018-07-15 00:00:00+00:00,6245.99,6397.21,6227.76,6349.3,45.44968,-109.05221,6384.645,6384.645,22579971.82548
2018-07-16 00:00:00+00:00,6353.25,6755.0,6333.63,6721.04,55.18836,-74.14618,6417.297,6417.297,63205039.74075
2018-07-17 00:00:00+00:00,6721.21,7468.31,6657.95,7310.71,65.6608,1.08602,6476.0505,6476.0505,92870116.85004
2018-07-18 00:00:00+00:00,7310.71,7599.98,7239.15,7378.1,66.62087,65.39209,6552.539,6552.539,98481951.34354
2018-07-19 00:00:00+00:00,7384.92,7570.9,7278.84,7471.42,67.95688,122.47346,6615.898,6615.898,65772801.25765
2018-07-20 00:00:00+00:00,7474.35,7696.88,7265.0,7330.84,63.81325,154.58526,6663.1545,6663.1545,68757205.10379
2018-07-21 00:00:00+00:00,7330.84,7458.0,7212.0,7409.92,65.10231,184.2908,6716.151,6716.151,30008769.76413
2018-07-22 00:00:00+00:00,7398.16,7581.03,7336.15,7396.6,64.68434,204.40163,6755.332,6755.332,37781676.08676
2018-07-23 00:00:00+00:00,7393.5,7800.0,7369.86,7719.62,69.75546,243.59659,6815.9135,6815.9135,97054560.95031
2018-07-24 00:00:00+00:00,7712.46,8496.96,7691.14,8403.83,77.21783,326.10972,6906.8925,6906.8925,157213906.53095
2018-07-25 00:00:00+00:00,8394.48,8475.0,8049.22,8174.06,70.89203,368.71118,6988.911,6988.911,84585733.43799
2018-07-26 00:00:00+00:00,8174.06,8314.23,7855.97,7926.0,64.72704,378.09829,7055.3845,7055.3845,64136174.78104
2018-07-27 00:00:00+00:00,7926.0,8274.98,7798.48,8183.05,67.84735,401.64946,7126.5375,7126.5375,71206985.26846
2018-07-28 00:00:00+00:00,8177.72,8259.0,8051.43,8237.74,68.4861,419.88677,7203.0945,7203.0945,22782956.80464
2018-07-29 00:00:00+00:00,8231.07,8299.99,8109.74,8216.74,67.92807,427.71501,7280.594,7280.594,32704921.0196
2018-07-30 00:00:00+00:00,8216.74,8295.0,7853.01,8160.21,66.36055,424.46449,7373.6315,7373.6315,96175354.39569
2018-07-31 00:00:00+00:00,8162.28,8162.37,7633.67,7725.43,55.71206,382.39727,7440.903,7440.903,92659472.90059
2018-08-01 00:00:00+00:00,7726.85,7761.56,7440.0,7602.01,53.10693,335.23536,7508.8095,7508.8095,86714367.72888
2018-08-02 00:00:00+00:00,7600.22,7709.98,7455.0,7536.37,51.7217,289.22855,7574.8485,7574.8485,39658158.51805
2018-08-03 00:00:00+00:00,7535.0,7542.92,7286.41,7416.98,49.20758,240.36329,7633.4985,7633.4985,71097533.42053
2018-08-04 00:00:00+00:00,7416.98,7494.48,6926.0,7009.99,41.75623,166.87293,7666.533,7666.533,47890508.92835
2018-08-05 00:00:00+00:00,7009.94,7086.8,6888.88,7032.61,42.27939,109.19776,7682.1115,7682.1115,42470882.20927
2018-08-06 00:00:00+00:00,7028.89,7157.93,6835.06,6936.11,40.60381,55.06824,7663.3815,7663.3815,50755976.54284
2018-08-07 00:00:00+00:00,6932.18,7155.0,6671.0,6717.68,37.02679,-5.3931,7630.3605,7630.3605,67441429.32472
2018-08-08 00:00:00+00:00,6717.67,6717.68,6121.0,6283.59,31.15314,-87.3299,7570.969,7570.969,92171267.33868
2018-08-09 00:00:00+00:00,6283.89,6627.0,6190.01,6543.76,37.54759,-129.77588,7531.615,7531.615,62066822.22445
2018-08-10 00:00:00+00:00,6544.98,6584.05,5995.75,6139.99,32.50221,-193.76193,7468.1185,7468.1185,86549359.75799
2018-08-11 00:00:00+00:00,6139.99,6494.13,6000.0,6239.98,34.83738,-233.70892,7410.2875,7410.2875,42546523.93302
2018-08-12 00:00:00+00:00,6240.49,6493.77,6163.44,6310.82,36.51316,-256.69202,7339.8475,7339.8475,45247905.59728
2018-08-13 00:00:00+00:00,6311.99,6544.37,6142.2,6252.63,35.70098,-276.41539,7232.2875,7232.2875,55627653.50473
2018-08-14 00:00:00+00:00,6252.63,6254.02,5880.0,6193.62,34.85429,-293.4255,7133.2655,7133.2655,88167854.10575
2018-08-15 00:00:00+00:00,6194.3,6628.5,6186.02,6272.3,36.9997,-297.13215,7050.5805,7050.5805,78410733.25147
2018-08-16 00:00:00+00:00,6273.34,6477.57,6208.37,6313.51,38.14863,-293.3627,6957.1035,6957.1035,44821256.349
2018-08-17 00:00:00+00:00,6314.08,6584.49,6290.64,6580.15,45.12223,-265.79583,6874.224,6874.224,43663122.19931
2018-08-18 00:00:00+00:00,6578.13,6615.0,6303.0,6399.28,41.68862,-255.59722,6783.351,6783.351,22377017.15846
2018-08-19 00:00:00+00:00,6397.37,6545.0,6312.0,6481.99,43.79488,-238.09612,6699.44,6699.44,20345095.37804
2018-08-20 00:00:00+00:00,6481.63,6522.99,6223.9,6260.82,39.6686,-239.31428,6626.2095,6626.2095,39160307.21014
2018-08-21 00:00:00+00:00,6260.83,6513.28,6246.05,6479.27,45.16414,-220.11523,6570.0725,6570.0725,36640542.1978
2018-08-22 00:00:00+00:00,6478.99,6906.81,6250.0,6355.76,42.79084,-212.41746,6511.042,6511.042,75987246.46615
2018-08-23 00:00:00+00:00,6355.97,6575.99,6344.8,6525.01,46.90801,-190.46431,6466.4435,6466.4435,26285571.30221
2018-08-24 00:00:00+00:00,6525.99,6721.09,6445.32,6692.94,50.69917,-157.69788,6450.591,6450.591,42664431.00561
2018-08-25 00:00:00+00:00,6692.99,6800.0,6664.25,6732.4,51.57423,-127.08125,6435.5805,6435.5805,33531723.23496
2018-08-26 00:00:00+00:00,6732.99,6775.34,6558.95,6700.46,50.78844,-104.19356,6423.798,6423.798,23288924.50363
2018-08-27 00:00:00+00:00,6700.13,6944.47,6641.35,6904.51,55.45755,-68.79673,6433.1395,6433.1395,40485894.14768
2018-08-28 00:00:00+00:00,6911.7,7125.28,6861.17,7080.94,59.07327,-26.20597,6473.007,6473.007,58221242.29143
2018-08-29 00:00:00+00:00,7079.46,7124.06,6890.0,7032.96,57.7015,3.63404,6497.467,6497.467,40305745.55106
2018-08-30 00:00:00+00:00,7034.47,7055.97,6792.85,6984.01,56.26597,23.0667,6539.668,6539.668,48016898.36626
2018-08-31 00:00:00+00:00,6984.34,7101.03,6879.0,7017.35,57.04974,40.68846,6578.5365,6578.5365,40633126.64645
2018-09-01 00:00:00+00:00,7015.78,7300.18,7015.22,7185.01,60.84949,67.40558,6622.246,6622.246,32982481.18202
2018-09-02 00:00:00+00:00,7195.8,7334.5,7130.63,7290.31,63.05989,95.96964,6674.13,6674.13,24041157.48888
2018-09-03 00:00:00+00:00,7291.94,7340.08,7184.0,7258.99,61.93973,114.75676,6727.3985,6727.3985,20542049.37356
2018-09-04 00:00:00+00:00,7261.29,7411.85,7231.0,7361.0,64.17204,136.30579,6781.8335,6781.8335,33353778.9837
2018-09-05 00:00:00+00:00,7353.48,7387.0,6650.0,6679.3,45.12474,97.25497,6800.123,6800.123,82882077.70532
2018-09-06 00:00:00+00:00,6671.95,6705.59,6253.29,6493.09,41.50113,50.69692,6795.77,6795.77,95279756.36183
2018-09-07 00:00:00+00:00,6488.01,6525.0,6322.0,6400.0,39.78128,6.21608,6795.806,6795.806,41868591.81363
2018-09-08 00:00:00+00:00,6401.01,6465.46,6113.23,6178.31,35.95945,-46.38908,6780.622,6780.622,26469083.8407
2018-09-09 00:00:00+00:00,6178.31,6451.51,6094.38,6236.04,37.63958,-82.47006,6779.383,6779.383,25594665.0016
2018-09-10 00:00:00+00:00,6238.99,6351.13,6223.9,6301.99,39.58941,-104.53784,6770.519,6770.519,33852559.1657
2018-09-11 00:00:00+00:00,6303.99,6405.0,6162.06,6279.99,39.14966,-122.39108,6766.7305,6766.7305,44442216.02282
2018-09-12 00:00:00+00:00,6274.6,6350.0,6192.89,6322.45,40.52282,-131.59677,6756.6025,6756.6025,27073739.96719
2018-09-13 00:00:00+00:00,6326.83,6537.46,6324.37,6485.7,45.60528,-124.28673,6746.2405,6746.2405,45304868.11692
2018-09-14 00:00:00+00:00,6482.95,6587.0,6384.36,6476.51,45.37024,-117.87623,6733.446,6733.446,29779128.87803
2018-09-15 00:00:00+00:00,6476.51,6570.1,6466.74,6520.15,46.7731,-108.02918,6724.4305,6724.4305,8664102.87298
2018-09-16 00:00:00+00:00,6521.49,6524.84,6349.47,6499.98,46.1828,-100.69216,6704.204,6704.204,7141060.41945
2018-09-17 00:00:00+00:00,6499.28,6530.24,6200.0,6254.52,39.62833,-113.37715,6662.883,6662.883,27437877.01264
2018-09-18 00:00:00+00:00,6251.49,6390.0,6226.63,6332.34,42.41853,-115.81561,6627.852,6627.852,26573494.77451
2018-09-19 00:00:00+00:00,6330.0,6510.0,6100.0,6388.4,44.41164,-111.93424,6598.0715,6598.0715,46201441.46518
2018-09-20 00:00:00+00:00,6388.4,6535.11,6333.63,6492.98,48.02589,-99.2751,6571.853,6571.853,33618346.10653
2018-09-21 00:00:00+00:00,6492.98,6775.34,6483.83,6749.45,55.64267,-67.7665,6550.075,6550.075,57842691.15194
2018-09-22 00:00:00+00:00,6748.85,6826.28,6624.79,6710.01,54.32422,-45.45421,6521.06,6521.06,36850096.75603
2018-09-23 00:00:00+00:00,6710.01,6774.91,6659.0,6702.22,54.05179,-28.07649,6493.2215,6493.2215,21774205.3063
2018-09-24 00:00:00+00:00,6703.37,6721.68,6550.96,6581.52,49.87809,-23.77001,6454.2475,6454.2475,26528301.28261
2018-09-25 00:00:00+00:00,6578.7,6579.59,6324.96,6428.99,45.13505,-32.29273,6441.732,6441.732,52760258.6575
2018-09-26 00:00:00+00:00,6428.09,6540.0,6379.44,6461.51,46.30736,-36.00789,6440.153,6440.153,27758173.59844
2018-09-27 00:00:00+00:00,6454.32,6736.85,6431.95,6681.62,53.54293,-20.94964,6454.234,6454.234,37850389.17199
2018-09-28 00:00:00+00:00,6684.5,6792.28,6525.67,6610.76,51.15305,-14.56577,6475.8565,6475.8565,50519754.25541
2018-09-29 00:00:00+00:00,6609.02,6609.02,6454.0,6579.38,50.08686,-11.90143,6493.0235,6493.0235,22251567.91768
2018-09-30 00:00:00+00:00,6574.29,6628.06,6510.0,6597.81,50.73632,-8.20815,6507.8145,6507.8145,16380350.39364
2018-10-01 00:00:00+00:00,6597.79,6638.15,6477.57,6571.2,49.73018,-7.34375,6522.375,6522.375,31515738.9154
2018-10-02 00:00:00+00:00,6569.32,6597.0,6447.28,6500.0,47.04209,-12.26259,6531.2525,6531.2525,26754867.25724
2018-10-03 00:00:00+00:00,6500.0,6510.0,6396.34,6456.77,45.4362,-19.42519,6529.806,6529.806,30829548.31464
2018-10-04 00:00:00+00:00,6454.81,6604.89,6450.58,6547.56,49.34705,-17.57304,6533.3585,6533.3585,25094836.4148
2018-10-05 00:00:00+00:00,6548.83,6641.35,6510.0,6582.12,50.79287,-13.16474,6536.457,6536.457,25059903.28519
2018-10-06 00:00:00+00:00,6582.11,6595.69,6526.28,6544.08,49.13056,-12.59544,6538.662,6538.662,13237239.10988
2018-10-07 00:00:00+00:00,6547.93,6600.0,6493.92,6577.63,50.66415,-9.32952,6554.8175,6554.8175,16152400.4618
2018-10-08 00:00:00+00:00,6574.15,6656.63,6541.06,6604.75,51.92582,-4.50101,6568.438,6568.438,26941067.50576
2018-10-09 00:00:00+00:00,6604.76,6623.14,6553.13,6588.8,51.09818,-1.93907,6578.458,6578.458,14857416.33627
2018-10-10 00:00:00+00:00,6588.72,6589.79,6387.91,6517.55,47.45911,-5.59351,6579.6865,6579.6865,33741791.45877
2018-10-11 00:00:00+00:00,6517.55,6520.43,6055.28,6152.76,34.07779,-37.49298,6549.852,6549.852,59166414.25984
2018-10-12 00:00:00+00:00,6152.76,6243.79,6109.79,6185.15,35.80845,-59.47436,6523.609,6523.609,20079356.88852
2018-10-13 00:00:00+00:00,6182.03,6219.77,6168.83,6199.69,36.61293,-74.85859,6498.4825,6498.4825,12114484.44226
2018-10-14 00:00:00+00:00,6201.23,6349.47,6143.08,6183.0,36.05436,-87.39006,6478.5565,6478.5565,15616639.29586
2018-10-15 00:00:00+00:00,6185.04,6756.0,6149.28,6441.74,49.03517,-75.57204,6479.194,6479.194,108838925.96438
2018-10-16 00:00:00+00:00,6438.2,6493.77,6386.4,6461.2,49.85958,-63.89932,6479.1785,6479.1785,30387630.34732
2018-10-17 00:00:00+00:00,6457.67,6465.39,6407.69,6437.29,48.81475,-55.93318,6466.962,6466.962,19062511.10778
2018-10-18 00:00:00+00:00,6440.07,6490.0,6350.0,6396.18,46.99141,-52.33392,6456.233,6456.233,24453678.91752
2018-10-19 00:00:00+00:00,6394.23,6412.4,6355.99,6383.46,46.41373,-49.93229,6446.437,6446.437,14618500.09883
2018-10-20 00:00:00+00:00,6380.47,6424.16,6363.02,6412.86,48.00476,-45.13634,6437.1895,6437.1895,8092891.41459
2018-10-21 00:00:00+00:00,6412.86,6470.0,6401.01,6413.38,48.03415,-40.82298,6429.2985,6429.2985,9883092.44604
2018-10-22 00:00:00+00:00,6412.62,6429.23,6372.53,6406.06,47.62606,-37.56227,6424.6015,6424.6015,15422816.62042
2018-10-23 00:00:00+00:00,6409.39,6421.58,6354.26,6393.41,46.88474,-35.58865,6421.4335,6421.4335,18227647.49943
2018-10-24 00:00:00+00:00,6396.24,6473.0,6393.0,6411.96,48.15903,-32.15702,6414.6535,6414.6535,22668446.40834
2018-10-25 00:00:00+00:00,6411.96,6422.73,6361.73,6393.53,46.95376,-30.57216,6405.224,6405.224,19478552.83171
2018-10-26 00:00:00+00:00,6393.38,6450.3,6377.81,6406.1,47.91128,-27.97932,6398.325,6398.325,21292763.77459
2018-10-27 00:00:00+00:00,6406.1,6420.01,6381.25,6407.66,48.03664,-25.5046,6389.8265,6389.8265,5703632.17818
2018-10-28 00:00:00+00:00,6407.66,6420.0,6383.0,6405.57,47.87041,-23.44179,6379.8675,6379.8675,5376179.94226
2018-10-29 00:00:00+00:00,6404.27,6420.0,6208.37,6266.52,38.35986,-32.65079,6363.7535,6363.7535,32528389.97338
2018-10-30 00:00:00+00:00,6266.47,6289.0,6240.0,6269.46,38.63745,-39.2592,6351.349,6351.349,15821467.75028
2018-10-31 00:00:00+00:00,6269.45,6350.0,6199.25,6303.27,41.87902,-41.29224,6358.8745,6358.8745,32449754.75835
2018-11-01 00:00:00+00:00,6304.5,6365.33,6288.01,6340.99,45.34775,-39.40551,6366.6665,6366.6665,13892921.88406
2018-11-02 00:00:00+00:00,6343.85,6381.25,6328.33,6350.43,46.21292,-36.72518,6374.2035,6374.2035,17006892.77404
2018-11-03 00:00:00+00:00,6350.05,6351.74,6312.48,6335.0,44.96007,-35.43758,6381.8035,6381.8035,6868018.15472
2018-11-04 00:00:00+00:00,6333.59,6475.0,6310.57,6421.76,52.72142,-27.1039,6380.8045,6380.8045,17170591.2403
2018-11-05 00:00:00+00:00,6428.23,6441.43,6369.89,6403.2,51.06258,-21.74635,6377.9045,6377.9045,14954600.9541
2018-11-06 00:00:00+00:00,6404.97,6460.01,6378.24,6447.5,54.72437,-13.76712,6378.415,6378.415,27532982.33421
2018-11-07 00:00:00+00:00,6448.17,6544.0,6442.47,6501.0,58.73968,-3.09089,6383.656,6383.656,31210162.75766
2018-11-08 00:00:00+00:00,6501.0,6511.27,6388.88,6405.49,50.18324,-2.31013,6384.7575,6384.7575,25410406.08553
2018-11-09 00:00:00+00:00,6405.49,6418.18,6307.0,6325.0,44.32355,-8.09295,6380.3645,6380.3645,20354666.08989
2018-11-10 00:00:00+00:00,6325.0,6377.26,6323.0,6349.32,46.36152,-10.59137,6377.1615,6377.1615,9672515.03943
2018-11-11 00:00:00+00:00,6349.39,6365.0,6269.46,6357.54,47.06678,-11.77239,6374.7355,6374.7355,10923961.07341
2018-11-12 00:00:00+00:00,6352.57,6388.21,6298.5,6318.0,44.06542,-15.71772,6370.965,6370.965,22277514.60664
2018-11-13 00:00:00+00:00,6318.01,6328.36,6244.35,6260.91,40.09028,-23.18386,6363.4125,6363.4125,22730626.44704
2018-11-14 00:00:00+00:00,6255.86,6298.47,5324.0,5595.91,18.80744,-81.81763,6323.5315,6323.5315,140580076.16991
2018-11-15 00:00:00+00:00,5592.23,5641.0,5199.8,5585.0,18.63267,-127.69369,6282.4765,6282.4765,111397897.75279
2018-11-16 00:00:00+00:00,5571.12,5610.0,5411.74,5508.71,17.4141,-168.26709,6237.529,6237.529,44480660.48147
2018-11-17 00:00:00+00:00,5514.62,5550.66,5452.63,5503.36,17.32851,-198.56456,6192.4185,6192.4185,15039536.13778
2018-11-18 00:00:00+00:00,5503.36,5658.47,5500.0,5559.26,21.66092,-215.5798,6157.0555,6157.0555,14323185.00282
2018-11-19 00:00:00+00:00,5553.01,5559.69,4694.44,4735.44,11.82543,-292.17191,6080.3545,6080.3545,136904721.99306
2018-11-20 00:00:00+00:00,4732.92,4897.36,4048.58,4352.0,9.63298,-379.43819,5982.791,5982.791,173102494.83975
2018-11-21 00:00:00+00:00,4349.41,4635.0,4242.33,4538.01,17.61285,-428.64672,5892.642,5892.642,93838105.30955
2018-11-22 00:00:00+00:00,4551.47,4589.53,4194.98,4275.23,15.52687,-483.27805,5788.882,5788.882,43857283.33737
2018-11-23 00:00:00+00:00,4268.4,4364.46,4061.02,4288.26,16.05775,-519.5335,5686.545,5686.545,57131533.27704
2018-11-24 00:00:00+00:00,4288.25,4376.88,3638.48,3785.65,12.73347,-582.11241,5554.7395,5554.7395,53895330.5837
2018-11-25 00:00:00+00:00,3780.67,4120.0,3474.73,3938.89,18.28773,-612.28344,5431.524,5431.524,106231657.03703
2018-11-26 00:00:00+00:00,3934.22,4069.59,3522.28,3727.34,16.70685,-645.8199,5295.516,5295.516,90790111.39512
2018-11-27 00:00:00+00:00,3727.34,3834.35,3548.76,3771.01,18.27734,-661.25148,5159.0165,5159.0165,63405773.3235
2018-11-28 00:00:00+00:00,3771.01,4355.08,3771.0,4220.16,32.39596,-629.9765,5049.75,5049.75,96994948.31512
2018-11-29 00:00:00+00:00,4219.77,4409.77,4086.97,4249.8,33.21592,-595.92964,4945.99,4945.99,67758864.85916
2018-11-30 00:00:00+00:00,4250.0,4300.0,3861.0,3971.06,29.58215,-584.69921,4827.077,4827.077,57042773.64694
2018-12-01 00:00:00+00:00,3970.56,4264.47,3904.34,4140.39,34.28534,-555.72938,4716.2195,4716.2195,26549143.47565
2018-12-02 00:00:00+00:00,4140.4,4265.0,4030.0,4102.05,33.73592,-529.75759,4605.422,4605.422,28792953.72104
2018-12-03 00:00:00+00:00,4099.63,4115.15,3747.0,3834.34,30.10787,-524.72798,4484.0935,4484.0935,41129727.85612
2018-12-04 00:00:00+00:00,3830.81,4033.98,3730.0,3903.52,32.13884,-509.28897,4399.474,4399.474,47817873.64066
2018-12-05 00:00:00+00:00,3903.52,3913.62,3662.35,3696.69,29.38917,-507.88827,4305.0585,4305.0585,49695419.62637
2018-12-06 00:00:00+00:00,3694.03,3844.79,3415.22,3437.26,26.34456,-521.69823,4201.486,4201.486,53212108.5348
2018-12-07 00:00:00+00:00,3437.22,3531.0,3210.0,3380.68,25.71878,-531.08622,4095.352,4095.352,89632751.88967
2018-12-08 00:00:00+00:00,3376.27,3495.99,3241.0,3398.8,26.32238,-530.94375,3987.329,3987.329,34587375.91359
2018-12-09 00:00:00+00:00,3398.8,3633.2,3371.09,3529.75,30.70469,-514.33533,3927.0445,3927.0445,28276908.26401
2018-12-10 00:00:00+00:00,3528.68,3588.43,3355.0,3408.0,28.97886,-505.17392,3879.8445,3879.8445,35358915.97003
2018-12-11 00:00:00+00:00,3406.41,3427.27,3292.65,3353.42,28.21327,-496.59317,3820.615,3820.615,30018845.72336
2018-12-12 00:00:00+00:00,3345.01,3490.0,3325.7,3430.18,30.97516,-478.08787,3778.3625,3778.3625,24985787.1108
2018-12-13 00:00:00+00:00,3430.2,3441.13,3221.14,3262.73,28.40754,-471.49895,3727.086,3727.086,38222944.21307
2018-12-14 00:00:00+00:00,3263.55,3294.81,3135.55,3195.75,27.42815,-466.30663,3697.591,3697.591,46138657.45586
2018-12-15 00:00:00+00:00,3194.04,3230.0,3122.28,3179.54,27.18389,-458.21763,3659.6235,3659.6235,18488607.09354
2018-12-16 00:00:00+00:00,3180.84,3259.43,3178.23,3193.78,27.79224,-445.5223,3632.9455,3632.9455,19269694.45381
2018-12-17 00:00:00+00:00,3191.41,3590.0,3181.26,3496.73,39.39326,-406.33168,3619.2315,3619.2315,57310685.94376
2018-12-18 00:00:00+00:00,3499.37,3684.0,3422.77,3667.16,44.76919,-357.40066,3591.5815,3591.5815,50578806.57808
2018-12-19 00:00:00+00:00,3667.16,3924.01,3642.69,3684.5,45.30081,-313.6082,3563.3165,3563.3165,77837326.1662
2018-12-20 00:00:00+00:00,3684.03,4172.07,3656.75,4073.77,55.62672,-244.67112,3568.452,3568.452,105864461.80365
2018-12-21 00:00:00+00:00,4073.58,4162.0,3770.0,3841.08,49.59926,-206.43447,3553.4865,3553.4865,65172505.4968
2018-12-22 00:00:00+00:00,3842.59,4010.16,3780.09,3980.9,52.90168,-162.97071,3547.429,3547.429,30643368.48342
2018-12-23 00:00:00+00:00,3977.65,4051.0,3900.0,3943.83,51.93016,-130.01785,3552.9035,3552.9035,18180632.80073
2018-12-24 00:00:00+00:00,3947.82,4236.84,3944.84,4036.0,54.18315,-95.36581,3559.5275,3559.5275,48504313.54039
2018-12-25 00:00:00+00:00,4034.54,4049.23,3674.73,3779.99,47.52086,-87.55243,3563.6925,3563.6925,44609304.08725
2018-12-26 00:00:00+00:00,3780.0,3863.34,3678.8,3810.01,48.32326,-78.03833,3582.33,3582.33,38344637.19929
2018-12-27 00:00:00+00:00,3810.01,3841.17,3566.0,3591.69,43.15542,-87.11078,3592.8805,3592.8805,42561570.97195
2018-12-28 00:00:00+00:00,3590.26,3970.0,3575.0,3884.97,50.77168,-69.83055,3617.189,3617.189,50721074.33922
2018-12-29 00:00:00+00:00,3884.66,3961.85,3702.51,3725.48,47.07763,-68.21897,3626.9755,3626.9755,25710961.84947
2018-12-30 00:00:00+00:00,3728.96,3870.0,3688.76,3835.79,49.79824,-57.37925,3648.365,3648.365,22003831.7693
2018-12-31 00:00:00+00:00,3831.03,3842.89,3630.0,3693.3,46.47472,-59.59943,3665.359,3665.359,24623835.83145
2019-01-01 00:00:00+00:00,3693.85,3845.46,3629.66,3823.44,49.7719,-50.27814,3685.022,3685.022,19689210.62484
2019-01-02 00:00:00+00:00,3825.41,3918.67,3770.0,3885.87,51.32104,-37.422,3716.179,3716.179,21506229.05243
2019-01-03 00:00:00+00:00,3890.27,3893.4,3760.0,3787.81,48.77633,-34.74552,3745.782,3745.782,18193783.64489
2019-01-04 00:00:00+00:00,3785.64,3850.33,3732.38,3817.71,49.59699,-29.86741,3777.6905,3777.6905,28449799.94942
2019-01-05 00:00:00+00:00,3822.0,3887.09,3780.0,3791.84,48.8675,-27.76887,3807.5935,3807.5935,13864390.17212
2019-01-06 00:00:00+00:00,3795.38,4090.0,3753.0,4040.71,55.62877,-5.95538,3834.7925,3834.7925,21822722.5584
2019-01-07 00:00:00+00:00,4040.71,4070.0,3964.01,4005.45,54.52863,8.39007,3851.707,3851.707,29820959.79026
2019-01-08 00:00:00+00:00,4005.0,4112.0,3934.73,3994.9,54.18335,18.69217,3867.227,3867.227,47219665.14611
2019-01-09 00:00:00+00:00,3994.75,4060.0,3948.44,4002.13,54.39646,27.12735,3863.645,3863.645,29576276.95352
2019-01-10 00:00:00+00:00,4003.09,4036.22,3503.44,3627.51,43.18703,3.54275,3852.9665,3852.9665,58469732.93541
2019-01-11 00:00:00+00:00,3627.65,3704.6,3569.85,3632.02,43.33841,-14.61581,3835.5225,3835.5225,38394379.94767
2019-01-12 00:00:00+00:00,3631.0,3650.35,3557.09,3617.13,42.93169,-29.86385,3819.1875,3819.1875,11518215.85199
2019-01-13 00:00:00+00:00,3617.75,3654.02,3476.0,3515.95,40.17271,-49.54133,3793.185,3793.185,20774070.75462
2019-01-14 00:00:00+00:00,3517.03,3714.0,3506.0,3664.28,45.68358,-52.56099,3787.3995,3787.3995,36371609.28153
2019-01-15 00:00:00+00:00,3664.28,3687.02,3534.68,3576.93,43.16217,-61.29593,3775.7455,3775.7455,28829402.57282
2019-01-16 00:00:00+00:00,3576.92,3669.0,3570.48,3605.91,44.26133,-65.12922,3776.4565,3776.4565,27675597.46979
2019-01-17 00:00:00+00:00,3609.5,3660.0,3534.25,3638.01,45.51813,-64.82961,3764.1085,3764.1085,27283348.87234
2019-01-18 00:00:00+00:00,3638.01,3641.9,3577.0,3609.21,44.54761,-66.15351,3758.295,3758.295,18130903.57666
2019-01-19 00:00:00+00:00,3609.29,3774.0,3602.6,3681.0,47.5497,-60.71003,3750.5555,3750.5555,15021732.03146
2019-01-20 00:00:00+00:00,3680.0,3703.27,3470.0,3536.72,42.56249,-67.26286,3742.7265,3742.7265,19773857.5212
2019-01-21 00:00:00+00:00,3537.42,3573.29,3485.58,3531.51,42.38959,-72.04593,3728.13,3728.13,20560097.47348
2019-01-22 00:00:00+00:00,3531.51,3615.8,3401.36,3576.81,44.50061,-71.35863,3712.677,3712.677,24597950.12517
2019-01-23 00:00:00+00:00,3574.44,3620.23,3518.0,3552.32,43.57108,-71.96057,3700.9025,3700.9025,21920807.84145
2019-01-24 00:00:00+00:00,3553.2,3598.0,3524.0,3570.73,44.50943,-70.1435,3688.5535,3688.5535,16025488.50838
2019-01-25 00:00:00+00:00,3570.67,3578.79,3511.0,3560.0,44.04966,-68.77648,3676.9615,3676.9615,17663990.63784
2019-01-26 00:00:00+00:00,3560.94,3657.89,3536.51,3555.56,43.84783,-67.27585,3652.704,3652.704,9592488.00606
2019-01-27 00:00:00+00:00,3555.31,3564.12,3456.0,3533.23,42.786,-67.11479,3629.093,3629.093,13612332.62302
2019-01-28 00:00:00+00:00,3532.23,3536.77,3357.3,3429.5,38.16278,-74.49851,3600.823,3600.823,35478523.57222
2019-01-29 00:00:00+00:00,3431.43,3438.76,3322.19,3390.5,36.5631,-82.5456,3570.2415,3570.2415,24697713.65785
2019-01-30 00:00:00+00:00,3391.25,3465.05,3372.34,3437.35,39.82619,-84.1723,3560.7335,3560.7335,19606724.84038
2019-01-31 00:00:00+00:00,3438.0,3474.2,3392.6,3413.11,38.71653,-86.42122,3549.788,3549.788,20314210.11353
2019-02-01 00:00:00+00:00,3413.69,3460.0,3364.53,3434.83,40.32108,-85.46568,3540.673,3540.673,22875444.07412
2019-02-02 00:00:00+00:00,3434.83,3485.0,3406.38,3462.82,42.41355,-81.51026,3538.0165,3538.0165,10568383.30585
2019-02-03 00:00:00+00:00,3470.5,3476.33,3384.67,3414.82,39.83416,-81.31145,3525.5435,3525.5435,9608935.44579
2019-02-04 00:00:00+00:00,3413.75,3439.46,3394.85,3410.87,39.62062,-80.54416,3517.2405,3517.2405,11065152.13225
2019-02-05 00:00:00+00:00,3409.81,3435.0,3396.0,3431.39,41.37871,-77.3882,3508.5145,3508.5145,13882118.20379
2019-02-06 00:00:00+00:00,3431.81,3445.6,3328.7,3364.62,37.54762,-79.36004,3494.845,3494.845,20650040.31541
2019-02-07 00:00:00+00:00,3364.0,3383.29,3350.0,3359.33,37.25334,-80.42255,3482.351,3482.351,14423470.85298
2019-02-08 00:00:00+00:00,3358.39,3711.04,3337.91,3622.94,55.83111,-59.30978,3479.448,3479.448,52129206.72668
2019-02-09 00:00:00+00:00,3626.12,3639.74,3589.52,3622.62,55.80951,-42.11806,3483.743,3483.743,14687929.51546
2019-02-10 00:00:00+00:00,3622.74,3662.43,3576.16,3650.37,57.35057,-25.95512,3489.686,3489.686,15169133.27907
2019-02-11 00:00:00+00:00,3651.32,3652.56,3578.7,3588.7,52.93273,-17.91561,3490.2805,3490.2805,28463447.02638
2019-02-12 00:00:00+00:00,3588.99,3619.93,3548.28,3585.94,52.73693,-11.63284,3491.9615,3491.9615,36127688.21628
2019-02-13 00:00:00+00:00,3585.7,3629.81,3541.0,3574.93,51.91201,-7.45618,3492.1715,3492.1715,28573497.48852
2019-02-14 00:00:00+00:00,3575.01,3590.74,3531.01,3560.46,50.78761,-5.25319,3492.1945,3492.1945,21043184.25022
2019-02-15 00:00:00+00:00,3560.45,3620.53,3544.88,3566.29,51.2458,-3.00226,3492.731,3492.731,22234990.97493
2019-02-16 00:00:00+00:00,3566.29,3609.0,3561.96,3579.92,52.36251,-0.11721,3495.0655,3495.0655,12323789.76997
2019-02-17 00:00:00+00:00,3580.43,3663.34,3553.98,3625.6,55.99993,5.78848,3504.8705,3504.8705,18173179.60002
2019-02-18 00:00:00+00:00,3625.6,3916.47,3614.82,3869.8,69.43572,29.82982,3528.8355,3528.8355,60241504.96913
2019-02-19 00:00:00+00:00,3870.97,4000.0,3840.08,3888.46,70.18492,49.81424,3551.391,3551.391,48703492.31418
2019-02-20 00:00:00+00:00,3889.92,3967.52,3861.49,3936.53,72.08334,68.73851,3577.562,3577.562,38791963.84617
2019-02-21 00:00:00+00:00,3936.8,3989.99,3866.25,3900.4,68.55033,79.8997,3600.8405,3600.8405,31420838.13943
2019-02-22 00:00:00+00:00,3900.64,3957.0,3882.59,3939.82,70.26287,90.8783,3624.6905,3624.6905,25978621.24521
2019-02-23 00:00:00+00:00,3939.83,4157.87,3905.63,4113.53,76.3694,112.30133,3659.626,3659.626,32769684.83639
2019-02-24 00:00:00+00:00,4113.56,4190.0,3714.42,3730.68,51.3443,97.26523,3675.6165,3675.6165,51248403.34643
2019-02-25 00:00:00+00:00,3733.78,3861.81,3732.6,3820.71,55.0726,91.55825,3695.0825,3695.0825,33757356.89918
2019-02-26 00:00:00+00:00,3817.93,3830.0,3760.09,3795.06,53.80756,83.99741,3716.6045,3716.6045,24831702.00862
2019-02-27 00:00:00+00:00,3794.42,3822.85,3658.19,3798.47,53.95897,77.38847,3738.5615,3738.5615,28877107.89117
2019-02-28 00:00:00+00:00,3796.49,3897.62,3755.0,3791.36,53.56472,70.76143,3746.9825,3746.9825,25583643.34676
2019-03-01 00:00:00+00:00,3791.02,3845.3,3789.5,3807.05,54.35726,66.01452,3756.204,3756.204,18126926.5459
2019-03-02 00:00:00+00:00,3805.0,3818.75,3760.0,3810.46,54.53886,61.81516,3764.2085,3764.2085,12421120.78752
2019-03-03 00:00:00+00:00,3810.47,3822.39,3756.0,3789.52,53.1406,56.15019,3774.2495,3774.2495,9504443.91831
2019-03-04 00:00:00+00:00,3789.7,3806.9,3670.0,3698.66,47.45534,43.82384,3779.8855,3779.8855,26976989.04074
2019-03-05 00:00:00+00:00,3698.65,3877.1,3690.0,3844.07,55.63556,45.26668,3793.3425,3793.3425,27987997.01954
2019-03-06 00:00:00+00:00,3844.07,3895.12,3808.8,3851.55,56.0149,46.47795,3807.897,3807.897,24660223.18485
2019-03-07 00:00:00+00:00,3851.26,3891.04,3826.13,3856.64,56.2888,47.30333,3822.4145,3822.4145,30716241.11159
2019-03-08 00:00:00+00:00,3856.78,3924.37,3760.1,3844.64,55.41272,46.45366,3835.6505,3835.6505,29632165.53523
2019-03-09 00:00:00+00:00,3841.27,3950.25,3835.66,3916.43,59.47622,50.98541,3850.192,3850.192,20075221.89407
2019-03-10 00:00:00+00:00,3916.42,3916.43,3862.0,3897.92,58.00829,52.47832,3851.598,3851.598,11696124.94037
2019-03-11 00:00:00+00:00,3898.14,3912.89,3812.64,3849.25,54.21903,49.16743,3849.6375,3849.6375,25451684.28444
2019-03-12 00:00:00+00:00,3848.86,3877.69,3791.07,3859.74,54.9028,46.84992,3845.798,3845.798,22365706.27449
2019-03-13 00:00:00+00:00,3861.37,3874.68,3820.0,3848.48,53.97098,43.60207,3843.202,3843.202,16454330.18016
2019-03-14 00:00:00+00:00,3848.1,3903.98,3775.01,3854.77,54.43619,41.06234,3838.9495,3838.9495,19919779.06861
2019-03-15 00:00:00+00:00,3857.33,3912.06,3843.09,3901.21,57.82544,42.30919,3828.3335,3828.3335,25014493.47712
2019-03-16 00:00:00+00:00,3899.19,4040.0,3899.12,3990.0,63.4269,49.88687,3841.2995,3841.2995,27768316.75473
2019-03-17 00:00:00+00:00,3990.0,3992.42,3927.28,3965.5,61.01866,53.30088,3848.539,3848.539,10754238.39105
2019-03-18 00:00:00+00:00,3965.63,4016.63,3929.83,3969.59,61.28294,55.69452,3857.2655,3857.2655,21516092.30624
2019-03-19 00:00:00+00:00,3969.94,4012.63,3947.15,3998.13,63.15988,59.21187,3867.2485,3867.2485,21259858.58842
2019-03-20 00:00:00+00:00,3999.5,4050.0,3962.6,4031.59,65.28471,63.96203,3879.26,3879.26,25177092.89472
2019-03-21 00:00:00+00:00,4033.7,4055.35,3919.63,3974.21,59.00013,62.37744,3887.618,3887.618,30052021.80002
2019-03-22 00:00:00+00:00,3974.5,4000.81,3958.94,3982.07,59.57421,61.0521,3896.1985,3896.1985,13751556.80796
2019-03-23 00:00:00+00:00,3980.4,4001.17,3957.11,3982.52,59.60908,59.35387,3905.8485,3905.8485,8998760.91648
2019-03-24 00:00:00+00:00,3979.19,3980.97,3942.04,3969.99,58.10617,56.34741,3919.415,3919.415,8750118.4287
2019-03-25 00:00:00+00:00,3970.23,3980.22,3850.45,3910.51,51.47187,48.60494,3922.737,3922.737,27034791.16731
2019-03-26 00:00:00+00:00,3910.0,3936.36,3879.5,3922.58,52.65323,42.94785,3926.2885,3926.2885,16928305.37874
2019-03-27 00:00:00+00:00,3922.58,4037.11,3912.19,4025.5,61.30366,46.23637,3934.7315,3934.7315,32814567.90927
2019-03-28 00:00:00+00:00,4025.5,4025.56,3992.6,4012.23,59.78693,47.22736,3943.111,3943.111,15758221.18391
2019-03-29 00:00:00+00:00,4011.0,4102.57,4005.0,4090.0,65.21819,53.66944,3951.7895,3951.7895,34319331.61273
2019-03-30 00:00:00+00:00,4090.0,4130.36,4040.0,4094.92,65.53533,58.49752,3961.6395,3961.6395,16064929.97899
2019-03-31 00:00:00+00:00,4094.92,4101.7,4074.29,4096.08,65.61493,61.7061,3973.981,3973.981,9841193.49642
2019-04-01 00:00:00+00:00,4092.02,4150.0,4052.56,4136.32,68.34628,66.72677,3987.81,3987.81,29917950.07841
2019-04-02 00:00:00+00:00,4133.93,5080.0,4130.64,4899.63,87.93079,130.79075,4040.3675,4040.3675,150350896.33646
2019-04-03 00:00:00+00:00,4899.01,5345.0,4800.5,4978.23,88.70571,185.76292,4096.5405,4096.5405,145968039.31392
2019-04-04 00:00:00+00:00,4972.83,5077.35,4778.59,4907.94,83.54005,221.10815,4146.877,4146.877,78026995.25987
2019-04-05 00:00:00+00:00,4911.14,5067.62,4883.83,5039.73,85.27185,256.79369,4199.3635,4199.3635,65636166.02958
2019-04-06 00:00:00+00:00,5041.0,5240.0,4900.0,5041.39,85.29284,281.95845,4253.158,4253.158,50665187.01724
2019-04-07 00:00:00+00:00,5041.92,5253.49,5028.3,5190.85,87.0784,310.38396,4314.221,4314.221,56437617.09992
2019-04-08 00:00:00+00:00,5192.92,5347.37,5127.68,5287.88,88.08939,336.8578,4378.7085,4378.7085,70566660.85285
2019-04-09 00:00:00+00:00,5287.97,5288.95,5136.01,5192.6,81.35791,346.1599,4436.759,4436.759,48864201.58581
2019-04-10 00:00:00+00:00,5184.03,5466.06,5161.0,5323.47,83.25111,359.9428,4504.222,4504.222,57088544.9074
2019-04-11 00:00:00+00:00,5323.47,5344.31,4966.87,5040.2,67.31571,344.04241,4557.1285,4557.1285,75869909.1504
2019-04-12 00:00:00+00:00,5037.82,5122.48,4912.0,5076.35,68.15348,330.5479,4611.82,4611.82,40900347.27191
2019-04-13 00:00:00+00:00,5075.74,5122.01,5033.73,5063.63,67.49788,315.19364,4666.502,4666.502,22889820.55675
2019-04-14 00:00:00+00:00,5064.0,5185.26,5012.73,5162.72,69.92498,307.47662,4729.1125,4729.1125,17777554.15772
2019-04-15 00:00:00+00:00,5160.54,5192.01,4948.57,5027.31,63.00139,287.12458,4784.349,4784.349,37317791.29865
2019-04-16 00:00:00+00:00,5027.33,5231.96,5014.77,5202.43,67.48522,281.87686,4843.1955,4843.1955,39930752.65679
2019-04-17 00:00:00+00:00,5201.47,5275.07,5170.01,5233.72,68.22617,277.04919,4904.27,4904.27,35280910.61479
2019-04-18 00:00:00+00:00,5227.6,5325.0,5218.23,5281.58,69.37571,273.92747,4963.849,4963.849,33674803.14328
2019-04-19 00:00:00+00:00,5283.0,5357.96,5180.37,5289.91,69.58198,269.02449,5023.5985,5023.5985,27960381.99363
2019-04-20 00:00:00+00:00,5289.91,5362.97,5253.82,5318.89,70.33071,264.42912,5084.739,5084.739,19496761.60187
2019-04-21 00:00:00+00:00,5318.94,5346.91,5212.8,5295.65,68.86677,255.96141,5142.7055,5142.7055,24524362.56748
2019-04-22 00:00:00+00:00,5295.96,5439.12,5249.0,5386.8,71.38277,253.68146,5167.064,5167.064,38392326.20941
2019-04-23 00:00:00+00:00,5388.22,5627.0,5363.24,5531.32,74.8528,260.53287,5194.7185,5194.7185,56045564.3108
2019-04-24 00:00:00+00:00,5531.29,5623.3,5372.0,5440.95,69.20206,255.72275,5221.369,5221.369,57244439.69986
2019-04-25 00:00:00+00:00,5440.95,5510.0,4991.42,5132.55,54.17237,224.43821,5226.01,5226.01,50781120.74789
2019-04-26 00:00:00+00:00,5132.5,5291.48,5046.31,5155.19,54.94596,199.17587,5231.7,5231.7,77498495.96163
2019-04-27 00:00:00+00:00,5154.11,5218.31,5113.0,5168.91,55.43689,178.2081,5230.603,5230.603,20889289.41756
2019-04-28 00:00:00+00:00,5171.51,5213.23,5099.0,5160.98,55.06343,159.1169,5224.258,5224.258,20423310.58814
2019-04-29 00:00:00+00:00,5152.98,5191.96,5071.58,5149.11,54.47188,141.39922,5222.0835,5222.0835,29625997.2388
2019-04-30 00:00:00+00:00,5150.21,5287.4,5127.05,5269.0,59.23539,135.47034,5219.36,5219.36,26636232.5713
2019-05-01 00:00:00+00:00,5267.86,5357.96,5263.03,5318.42,61.04473,133.22371,5233.271,5233.271,22386742.41061
2019-05-02 00:00:00+00:00,5322.28,5422.94,5304.99,5385.0,63.40153,135.25654,5248.7035,5248.7035,31817389.4797
2019-05-03 00:00:00+00:00,5385.0,5796.56,5363.1,5658.22,71.12249,157.10316,5278.433,5278.433,71862726.64954
2019-05-04 00:00:00+00:00,5659.82,5846.13,5510.0,5764.65,73.47037,180.91925,5308.5295,5308.5295,49146268.24453
2019-05-05 00:00:00+00:00,5766.46,5782.55,5624.25,5709.32,70.27164,193.10303,5342.63,5342.63,29474717.50657
2019-05-06 00:00:00+00:00,5714.4,5755.79,5562.44,5685.46,68.87898,198.54476,5366.7815,5366.7815,38814526.68745
2019-05-07 00:00:00+00:00,5686.88,5970.0,5686.88,5751.54,70.61583,205.81694,5392.6725,5392.6725,61780522.70423
2019-05-08 00:00:00+00:00,5751.54,5986.0,5658.66,5940.89,74.93294,224.27388,5425.638,5425.638,37548881.62773
2019-05-09 00:00:00+00:00,5945.32,6172.0,5932.83,6156.7,78.76269,253.39422,5468.9775,5468.9775,55910475.09834
2019-05-10 00:00:00+00:00,6151.66,6426.8,6105.0,6342.84,81.40198,288.1704,5520.175,5520.175,87668917.93433
2019-05-11 00:00:00+00:00,6338.93,7445.0,6338.93,7217.47,88.58221,381.90375,5616.266,5616.266,161176464.42628
2019-05-12 00:00:00+00:00,7214.4,7585.0,6762.57,6974.35,79.40519,431.59519,5695.6435,5695.6435,191084736.34977
2019-05-13 00:00:00+00:00,6968.84,8167.5,6863.75,7810.05,85.11402,532.2743,5809.58,5809.58,213209247.38062
2019-05-14 00:00:00+00:00,7810.72,8335.56,7618.99,7986.0,85.99429,619.12404,5936.8325,5936.8325,150787189.10033
2019-05-15 00:00:00+00:00,7991.72,8300.0,7838.0,8208.69,87.03896,697.8776,6090.6395,6090.6395,136371551.71258
2019-05-16 00:00:00+00:00,8203.97,8390.95,7654.93,7880.0,77.81333,725.4058,6226.88,6226.88,134580185.62565
2019-05-17 00:00:00+00:00,7879.28,7942.09,6178.0,7351.71,65.75044,696.56396,6336.02,6336.02,200757406.75401
2019-05-18 00:00:00+00:00,7352.39,7493.85,7205.57,7260.12,63.9009,658.7227,6440.977,6440.977,54922079.53649
2019-05-19 00:00:00+00:00,7257.82,8299.99,7247.86,8200.0,72.46166,696.54436,6593.5215,6593.5215,127881193.10353
2019-05-20 00:00:00+00:00,8193.45,8199.97,7581.03,8005.64,68.82676,702.73438,6730.3535,6730.3535,107490027.15267
2019-05-21 00:00:00+00:00,8007.67,8117.48,7676.27,7955.16,67.87443,695.54886,6862.1905,6862.1905,59811313.37865
2019-05-22 00:00:00+00:00,7949.18,8049.22,7505.69,7624.95,61.84608,655.65115,6974.188,6974.188,64025348.19079
2019-05-23 00:00:00+00:00,7622.9,7980.0,7468.31,7880.22,64.47299,637.28387,7085.288,7085.288,65960248.75343
2019-05-24 00:00:00+00:00,7880.4,8188.87,7795.95,7999.02,65.65803,625.10798,7197.0065,7197.0065,74862602.7045
2019-05-25 00:00:00+00:00,7999.02,8158.45,7939.76,8064.64,66.32617,613.67937,7314.7725,7314.7725,27110523.27608
2019-05-26 00:00:00+00:00,8066.15,8802.29,7888.91,8733.26,72.25038,651.06905,7467.1625,7467.1625,74466863.06218
2019-05-27 00:00:00+00:00,8733.27,8939.18,8653.68,8770.73,72.54192,675.93242,7618.122,7618.122,78480708.44689
2019-05-28 00:00:00+00:00,8774.45,8817.41,8540.94,8717.96,71.40416,683.49976,7756.9755,7756.9755,53563244.27965
2019-05-29 00:00:00+00:00,8715.35,8762.39,8421.12,8663.41,70.17881,677.28786,7882.311,7882.311,65705535.37772
2019-05-30 00:00:00+00:00,8663.07,9096.79,8000.0,8277.76,62.06925,633.9385,7979.057,7979.057,126315206.5466
2019-05-31 00:00:00+00:00,8277.76,8589.99,8109.74,8547.2,65.10334,614.24474,8045.5435,8045.5435,85112248.91141
2019-06-01 00:00:00+00:00,8545.8,8624.72,8457.33,8556.27,65.20424,592.53875,8124.6395,8124.6395,44210686.08706
2019-06-02 00:00:00+00:00,8560.1,8833.97,8546.01,8734.49,67.21046,582.99704,8170.8615,8170.8615,37235446.75545
2019-06-03 00:00:00+00:00,8735.84,8745.96,8049.22,8103.64,55.10006,518.55328,8176.7435,8176.7435,80672000.53215
2019-06-04 00:00:00+00:00,8103.63,8103.63,7432.84,7665.53,48.55654,427.20477,8149.5855,8149.5855,118706114.4035
2019-06-05 00:00:00+00:00,7673.41,7924.48,7570.9,7785.94,50.30337,360.37235,8144.8825,8144.8825,71581689.13445
2019-06-06 00:00:00+00:00,7784.62,7878.62,7449.68,7806.07,50.60534,305.50977,8167.6005,8167.6005,68214641.30469
2019-06-07 00:00:00+00:00,7801.97,8134.99,7758.93,8001.25,53.55233,274.61459,8204.657,8204.657,72108034.3958
2019-06-08 00:00:00+00:00,8002.68,8061.12,7777.67,7932.27,52.36329,241.77678,8191.2705,8191.2705,38631071.6119
2019-06-09 00:00:00+00:00,7933.17,7966.58,7511.41,7632.99,47.44155,189.41967,8172.638,8172.638,29736969.62988
2019-06-10 00:00:00+00:00,7629.98,8090.0,7523.16,8021.1,53.54016,177.20085,8175.935,8175.935,57355631.92008
2019-06-11 00:00:00+00:00,8017.99,8057.32,7713.34,7919.1,51.83775,157.47157,8190.6425,8190.6425,43972291.83943
2019-06-12 00:00:00+00:00,7915.7,8266.0,7821.73,8176.27,55.6654,160.73459,8205.445,8205.445,70129196.40828
2019-06-13 00:00:00+00:00,8171.12,8335.56,8049.22,8238.0,56.55788,166.38369,8217.394,8217.394,59624999.62065
2019-06-14 00:00:00+00:00,8235.44,8737.37,8174.92,8697.54,62.59459,205.57197,8249.039,8249.039,75479429.16906
2019-06-15 00:00:00+00:00,8694.74,8911.98,8623.52,8857.19,64.44319,246.66796,8255.2355,8255.2355,46728347.3261
2019-06-16 00:00:00+00:00,8857.19,9391.85,8805.0,8974.19,65.77799,285.38797,8265.4085,8265.4085,134782043.60005
2019-06-17 00:00:00+00:00,8973.02,9477.7,8973.02,9333.48,69.55736,341.13318,8296.1845,8296.1845,119104171.45053
2019-06-18 00:00:00+00:00,9333.48,9361.87,8918.0,9078.84,64.1501,360.60749,8316.956,8316.956,102840141.95568
2019-06-19 00:00:00+00:00,9076.51,9325.85,9036.19,9278.27,66.35602,387.66459,8366.9815,8366.9815,43489662.38398
2019-06-20 00:00:00+00:00,9280.17,9600.0,9211.08,9534.99,69.00033,424.92444,8416.371,8416.371,75043382.82533
2019-06-21 00:00:00+00:00,9534.99,10229.49,9534.97,10222.12,74.72619,504.08797,8499.6635,8499.6635,128319290.83316
2019-06-22 00:00:00+00:00,10222.13,11200.0,10085.5,10661.3,77.57698,595.40039,8596.004,8596.004,146158963.52528
2019-06-23 00:00:00+00:00,10665.66,11247.62,10483.33,10831.95,78.58764,673.76938,8732.4195,8732.4195,78755271.89896
2019-06-24 00:00:00+00:00,10827.23,11099.0,10551.51,11029.63,79.72753,743.26064,8900.6245,8900.6245,90965702.1994
2019-06-25 00:00:00+00:00,11030.0,11796.37,11000.02,11751.01,83.23495,846.78114,9098.878,9098.878,142581723.07185
2019-06-26 00:00:00+00:00,11760.0,13880.0,11647.07,12920.54,87.12435,1011.53286,9354.6015,9354.6015,484362650.75452
2019-06-27 00:00:00+00:00,12927.44,13355.61,10300.0,11153.74,63.25131,988.14309,9512.226,9512.226,402727650.20098
2019-06-28 00:00:00+00:00,11153.73,12447.46,10739.1,12354.43,69.38981,1054.33842,9733.334,9733.334,231251475.79838
2019-06-29 00:00:00+00:00,12354.45,12386.76,11317.03,11858.62,64.59174,1054.63381,9944.6155,9944.6155,145457801.61941
2019-06-30 00:00:00+00:00,11867.35,12200.06,10651.3,10760.1,55.4442,955.21539,10081.5655,10081.5655,136035830.95878
2019-07-01 00:00:00+00:00,10759.24,11200.41,9950.0,10577.43,54.07284,851.86586,10214.482,10214.482,242407586.74739
2019-07-02 00:00:00+00:00,10581.78,10942.63,9614.08,10828.9,55.69737,781.24642,10347.1135,10347.1135,219666906.39724
2019-07-03 00:00:00+00:00,10830.1,12009.0,10830.1,11967.43,62.21411,807.83761,10533.585,10533.585,232046729.52258
2019-07-04 00:00:00+00:00,11970.0,12061.04,11052.74,11146.34,55.83529,753.96498,10656.025,10656.025,124675092.19514
2019-07-05 00:00:00+00:00,11144.82,11440.0,10769.15,10997.84,54.7421,691.31873,10763.0575,10763.0575,130802127.62073
2019-07-06 00:00:00+00:00,10996.82,11735.0,10982.89,11240.0,56.24649,653.67625,10876.348,10876.348,88708088.22967
2019-07-07 00:00:00+00:00,11233.21,11627.0,11083.76,11469.96,57.68493,635.07935,10983.172,10983.172,76654378.88599
2019-07-08 00:00:00+00:00,11478.43,12398.0,11332.19,12286.14,62.40868,678.38014,11143.537,11143.537,146228420.65743
2019-07-09 00:00:00+00:00,12299.94,12883.48,12030.43,12567.23,63.90321,726.99757,11307.985,11307.985,189960623.38552
2019-07-10 00:00:00+00:00,12574.88,13200.0,11550.0,12098.95,59.64858,719.4476,11436.183,11436.183,240023688.07309
2019-07-11 00:00:00+00:00,12101.44,12104.97,10966.81,11349.24,53.50647,645.52763,11492.539,11492.539,209605549.90352
2019-07-12 00:00:00+00:00,11352.74,11942.39,11083.52,11808.91,56.46639,616.92551,11549.9195,11549.9195,108366581.48689
2019-07-13 00:00:00+00:00,11811.08,11846.61,10810.0,11378.79,53.06229,553.17439,11577.2615,11577.2615,106862238.31767
2019-07-14 00:00:00+00:00,11382.03,11467.3,10090.0,10191.87,45.00028,402.23987,11535.3735,11535.3735,124039218.60485
2019-07-15 00:00:00+00:00,10191.87,11080.37,9855.0,10850.0,49.57513,331.90279,11490.323,11490.323,174121094.94705
2019-07-16 00:00:00+00:00,10848.27,11042.11,9366.0,9412.81,41.4641,158.3654,11314.9365,11314.9365,195419607.07411
2019-07-17 00:00:00+00:00,9427.45,9993.0,9049.54,9699.35,43.45064,43.45621,11242.217,11242.217,164818971.70499
2019-07-18 00:00:00+00:00,9712.15,10797.0,9280.33,10648.6,49.5579,28.65606,11156.9255,11156.9255,194758018.81376
2019-07-19 00:00:00+00:00,10638.44,10776.99,10102.58,10535.43,48.88012,7.70613,11090.766,11090.766,145256782.48802
2019-07-20 00:00:00+00:00,10533.71,11120.0,10359.17,10750.11,50.26956,8.33002,11090.2665,11090.2665,107121340.35444
2019-07-21 00:00:00+00:00,10757.15,10839.09,10325.0,10600.24,49.26291,-3.23155,11091.407,11091.407,59659865.48521
2019-07-22 00:00:00+00:00,10605.03,10686.89,10052.25,10328.83,47.4113,-33.90387,11066.4035,11066.4035,96794631.12052
2019-07-23 00:00:00+00:00,10315.87,10327.33,9801.88,9847.02,44.23288,-95.98351,10960.383,10960.383,89025419.20867
2019-07-24 00:00:00+00:00,9841.42,9911.5,9514.96,9763.67,43.68725,-150.17658,10891.2495,10891.2495,92104069.53054
2019-07-25 00:00:00+00:00,9781.52,10187.0,9734.19,9883.96,44.74655,-181.32834,10835.5555,10835.5555,63039476.98813
2019-07-26 00:00:00+00:00,9886.08,9897.46,9650.0,9846.94,44.46931,-206.62173,10765.9025,10765.9025,54848530.56849
2019-07-27 00:00:00+00:00,9846.94,10235.0,9299.0,9481.37,41.72031,-253.2461,10666.473,10666.473,91154858.99264
2019-07-28 00:00:00+00:00,9467.84,9634.5,9111.0,9533.19,42.26515,-282.75539,10528.8255,10528.8255,36806071.86812
2019-07-29 00:00:00+00:00,9538.73,9725.17,9360.0,9495.39,41.95702,-305.6683,10375.2335,10375.2335,48128849.44198
2019-07-30 00:00:00+00:00,9508.21,9775.0,9373.48,9593.62,43.11756,-312.3006,10249.967,10249.967,53090816.64262
2019-07-31 00:00:00+00:00,9592.26,10143.2,9574.09,10085.34,48.65224,-274.71233,10186.772,10186.772,79850764.94544
2019-08-01 00:00:00+00:00,10096.01,10499.0,9878.09,10407.71,51.95291,-216.41609,10116.712,10116.712,79949242.69904
2019-08-02 00:00:00+00:00,10416.79,10670.0,10318.47,10529.51,53.17756,-158.55988,10074.248,10074.248,97786103.42738
2019-08-03 00:00:00+00:00,10529.51,10919.0,10502.8,10821.52,56.06861,-88.12974,10105.7305,10105.7305,75708622.50709
2019-08-04 00:00:00+00:00,10812.58,11085.99,10564.96,10986.96,57.66355,-18.74761,10112.5785,10112.5785,83021086.99948
2019-08-05 00:00:00+00:00,10986.55,11959.36,10986.55,11800.0,64.4871,100.68315,10231.938,10231.938,203673378.12518
2019-08-06 00:00:00+00:00,11800.0,12325.0,11200.0,11470.0,60.24296,166.78208,10320.4705,10320.4705,188344043.0058
2019-08-07 00:00:00+00:00,11471.58,12145.42,11388.01,11971.57,64.10931,256.67962,10386.619,10386.619,185325353.56734
2019-08-08 00:00:00+00:00,11973.46,12061.1,11450.93,11983.43,64.19797,325.13315,10459.019,10459.019,121565451.56894
2019-08-09 00:00:00+00:00,11985.6,12040.0,11650.0,11859.32,62.45915,365.15909,10514.4795,10514.4795,87010821.00764
2019-08-10 00:00:00+00:00,11859.32,11976.68,11200.0,11273.2,54.89701,345.60108,10548.1275,10548.1275,83954320.00047
2019-08-11 00:00:00+00:00,11273.03,11589.73,11080.37,11528.73,57.32297,346.72354,10608.1225,10608.1225,50281295.71051
2019-08-12 00:00:00+00:00,11527.44,11551.57,11194.04,11385.11,55.51559,332.19482,10685.027,10685.027,38910996.97338
2019-08-13 00:00:00+00:00,11380.61,11446.94,10738.58,10862.28,49.40826,275.319,10739.9575,10739.9575,97795049.95351
2019-08-14 00:00:00+00:00,10862.25,10862.25,9888.57,10022.99,41.51314,160.66872,10746.909,10746.909,127080900.80507
2019-08-15 00:00:00+00:00,10022.5,10444.66,9467.57,10301.44,44.67196,91.22455,10769.634,10769.634,155378404.3817
2019-08-16 00:00:00+00:00,10294.9,10540.0,9736.96,10354.34,45.27665,39.99707,10813.2825,10813.2825,114730225.42909
2019-08-17 00:00:00+00:00,10351.18,10472.93,9974.51,10210.89,43.87627,-12.03752,10847.1675,10847.1675,39899342.64886
2019-08-18 00:00:00+00:00,10221.94,10515.0,10065.41,10318.99,45.2505,-44.04483,10888.3475,10888.3475,35068260.62038
2019-08-19 00:00:00+00:00,10318.99,10940.0,10267.56,10927.3,52.32491,-20.09369,10955.0315,10955.0315,87899434.47906
2019-08-20 00:00:00+00:00,10927.3,10955.48,10549.74,10772.22,50.53227,-13.47062,10989.3755,10989.3755,63379433.08301
2019-08-21 00:00:00+00:00,10778.75,10807.54,9853.45,10134.75,43.87772,-58.9804,10975.7275,10975.7275,99448467.8885
2019-08-22 00:00:00+00:00,10123.56,10238.29,9755.53,10112.01,43.65686,-95.77808,10954.8525,10954.8525,67854687.92643
2019-08-23 00:00:00+00:00,10112.45,10479.0,10051.0,10401.6,47.29519,-100.41549,10933.8565,10933.8565,57804722.67788
2019-08-24 00:00:00+00:00,10401.87,10432.0,9885.48,10149.7,44.59745,-122.99904,10891.9935,10891.9935,51830018.91221
2019-08-25 00:00:00+00:00,10149.38,10355.89,9907.86,10136.75,44.45705,-140.32406,10808.831,10808.831,40074579.6164
2019-08-26 00:00:00+00:00,10136.75,10650.0,10136.75,10360.97,47.53659,-134.41216,10753.3795,10753.3795,74253708.20629
2019-08-27 00:00:00+00:00,10355.11,10375.53,10019.1,10167.29,45.20507,-143.69882,10663.1655,10663.1655,48613219.7538
2019-08-28 00:00:00+00:00,10171.39,10280.71,9555.0,9711.78,40.20999,-185.67408,10549.583,10549.583,90350203.59161
2019-08-29 00:00:00+00:00,9720.2,9720.2,9320.0,9490.0,38.00788,-234.13659,10431.117,10431.117,73235339.5052
2019-08-30 00:00:00+00:00,9490.56,9700.0,9350.1,9579.75,39.45297,-262.27803,10346.4445,10346.4445,50938497.59953
2019-08-31 00:00:00+00:00,9569.3,9682.73,9443.19,9594.15,39.69586,-280.18852,10249.7155,10249.7155,15083494.99082
2019-09-01 00:00:00+00:00,9593.5,9832.0,9538.75,9767.53,42.67761,-277.19704,10168.8365,10168.8365,17575373.11883
2019-09-02 00:00:00+00:00,9767.56,10471.0,9753.24,10384.48,51.80878,-222.47896,10144.9465,10144.9465,63810540.60764
2019-09-03 00:00:00+00:00,10384.07,10783.0,10286.0,10617.61,54.74254,-158.47604,10174.6775,10174.6775,121503028.784
2019-09-04 00:00:00+00:00,10617.72,10834.15,10378.7,10586.26,54.26414,-109.02616,10188.9185,10188.9185,106801851.41638
2019-09-05 00:00:00+00:00,10586.26,10664.13,10461.97,10573.66,54.05965,-70.04604,10199.8845,10199.8845,48169625.97061
2019-09-06 00:00:00+00:00,10573.04,10949.0,10204.18,10311.09,49.84441,-59.65357,10204.8945,10204.8945,110344232.17075
2019-09-07 00:00:00+00:00,10309.04,10580.0,10297.58,10484.39,52.47819,-37.007,10213.1645,10213.1645,33010195.78552
2019-09-08 00:00:00+00:00,10497.57,10594.88,10229.49,10400.18,51.07468,-25.55984,10186.8085,10186.8085,32561518.32398
2019-09-09 00:00:00+00:00,10387.33,10542.93,10060.0,10307.45,49.50459,-23.69726,10163.57,10163.57,62460701.49193
2019-09-10 00:00:00+00:00,10317.62,10390.09,9910.0,10096.0,46.02979,-38.83572,10161.6325,10161.6325,47036470.56101
2019-09-11 00:00:00+00:00,10093.39,10243.01,9855.11,10154.46,47.13461,-45.59028,10163.755,10163.755,46856217.2026
2019-09-12 00:00:00+00:00,10163.81,10465.0,10027.52,10420.34,51.95213,-29.15298,10164.692,10164.692,49174070.94837
2019-09-13 00:00:00+00:00,10423.99,10458.13,10153.87,10368.65,50.97949,-20.06594,10175.6395,10175.6395,38938608.85718
2019-09-14 00:00:00+00:00,10365.81,10441.47,10217.01,10355.37,50.71678,-13.77716,10186.5705,10186.5705,27505462.9404
2019-09-15 00:00:00+00:00,10362.52,10383.2,10258.49,10305.74,49.68627,-12.65214,10183.809,10183.809,23679733.44713
2019-09-16 00:00:00+00:00,10320.36,10378.07,10060.95,10269.98,48.91505,-14.47918,10188.9435,10188.9435,56444195.1414
2019-09-17 00:00:00+00:00,10257.2,10280.53,10130.59,10195.73,47.27427,-21.6687,10213.141,10213.141,51780020.67249
2019-09-18 00:00:00+00:00,10182.96,10263.65,10080.0,10152.09,46.29144,-30.53582,10246.2455,10246.2455,40121129.07837
2019-09-19 00:00:00+00:00,10161.59,10380.07,9600.0,10271.53,49.39257,-27.60704,10280.8345,10280.8345,76583617.74221
2019-09-20 00:00:00+00:00,10284.72,10308.04,10055.0,10169.02,46.89015,-33.17523,10309.578,10309.578,45388221.03604
2019-09-21 00:00:00+00:00,10169.02,10180.43,9913.35,9985.28,42.713,-51.81703,10320.4655,10320.4655,41427926.34432
2019-09-22 00:00:00+00:00,9973.0,10093.24,9842.35,10020.58,43.74976,-63.01597,10302.2705,10302.2705,32205684.13229
2019-09-23 00:00:00+00:00,10022.38,10048.06,9606.0,9682.19,36.86265,-98.06601,10255.4995,10255.4995,52748214.16147
2019-09-24 00:00:00+00:00,9685.69,9782.0,7998.0,8536.82,23.42244,-215.77786,10153.0275,10153.0275,240349160.74389
2019-09-25 00:00:00+00:00,8536.71,8746.83,8216.0,8432.16,22.61117,-313.89217,10045.9525,10045.9525,147022027.7983
2019-09-26 00:00:00+00:00,8443.44,8467.89,7733.99,8055.03,19.93214,-417.26969,9933.1495,9933.1495,134215489.1734
2019-09-27 00:00:00+00:00,8055.25,8294.04,7866.0,8187.72,23.37226,-482.92331,9818.316,9818.316,83235157.40884
2019-09-28 00:00:00+00:00,8199.96,8356.4,8009.84,8218.07,24.17474,-526.43684,9709.2105,9709.2105,51901135.11528
2019-09-29 00:00:00+00:00,8218.07,8244.07,7902.66,8047.6,22.73458,-568.12811,9596.218,9596.218,43188014.50776
2019-09-30 00:00:00+00:00,8060.13,8368.5,7714.7,8298.45,29.39966,-574.30698,9506.3405,9506.3405,78992880.05672
2019-10-01 00:00:00+00:00,8304.47,8531.25,8195.42,8319.01,29.93315,-570.96306,9414.568,9414.568,85058482.94859
2019-10-02 00:00:00+00:00,8326.41,8393.39,8170.91,8373.42,31.41028,-557.49608,9312.222,9312.222,41469648.2109
2019-10-03 00:00:00+00:00,8377.68,8419.23,8029.14,8239.92,29.7529,-551.24137,9205.7855,9205.7855,71696535.97399
2019-10-04 00:00:00+00:00,8243.39,8244.93,7986.65,8152.07,28.68044,-547.06697,9095.6205,9095.6205,51185065.64271
2019-10-05 00:00:00+00:00,8157.89,8195.0,8016.26,8145.17,28.59326,-538.11248,8987.592,8987.592,36206128.30049
2019-10-06 00:00:00+00:00,8150.73,8176.46,7772.71,7854.12,25.12416,-548.18219,8866.799,8866.799,50694698.14367
2019-10-07 00:00:00+00:00,7863.75,8313.7,7763.54,8205.53,35.32673,-521.79176,8767.289,8767.289,76831062.11297
2019-10-08 00:00:00+00:00,8211.04,8344.12,8109.74,8178.54,34.93302,-497.3222,8668.6115,8668.6115,29260549.6273
2019-10-09 00:00:00+00:00,8185.85,8707.8,8110.0,8586.34,44.92122,-439.95235,8584.352,8584.352,99895152.57598
2019-10-10 00:00:00+00:00,8586.57,8666.84,8450.61,8582.11,44.84432,-390.32819,8505.0065,8505.0065,63811695.23853
2019-10-11 00:00:00+00:00,8589.08,8820.0,8222.88,8265.55,39.40756,-372.25334,8419.02,8419.02,64674516.62781
2019-10-12 00:00:00+00:00,8265.16,8427.76,8254.68,8303.43,40.33965,-350.82815,8333.1625,8333.1625,15185587.83072
2019-10-13 00:00:00+00:00,8303.43,8474.48,8132.91,8282.96,39.98172,-331.67693,8263.201,8263.201,36820108.01736
2019-10-14 00:00:00+00:00,8278.39,8416.67,8215.41,8362.99,42.14313,-306.50846,8254.5095,8254.5095,35915758.64981
2019-10-15 00:00:00+00:00,8353.33,8420.85,8086.0,8155.13,38.28656,-299.87803,8240.658,8240.658,41139868.53931
2019-10-16 00:00:00+00:00,8162.45,8179.1,7912.66,7995.89,35.59888,-303.96873,8237.701,8237.701,69119672.4472
2019-10-17 00:00:00+00:00,7995.73,8130.71,7936.71,8073.32,37.88231,-297.53292,8231.981,8231.981,43562714.29742
2019-10-18 00:00:00+00:00,8069.26,8120.77,7811.62,7955.08,35.79514,-298.53218,8218.8315,8218.8315,44636697.97726
2019-10-19 00:00:00+00:00,7950.48,8096.76,7875.0,7960.49,35.96897,-295.48143,8214.476,8214.476,27552253.27627
2019-10-20 00:00:00+00:00,7965.39,8314.77,7874.68,8235.74,44.24066,-267.76667,8211.3405,8211.3405,52370452.90307
2019-10-21 00:00:00+00:00,8236.49,8352.0,8156.0,8213.65,43.75217,-244.76351,8206.0725,8206.0725,40408974.55154
2019-10-22 00:00:00+00:00,8206.53,8314.77,7989.15,8025.9,39.7362,-238.92898,8188.6965,8188.6965,45578563.05683
2019-10-23 00:00:00+00:00,8021.57,8052.04,7293.55,7470.77,30.74906,-275.9188,8150.239,8150.239,99407430.23772
2019-10-24 00:00:00+00:00,7470.77,7512.0,7356.0,7435.0,30.27393,-304.60851,8114.3855,8114.3855,37155840.70017
2019-10-25 00:00:00+00:00,7427.0,8784.29,7393.14,8662.66,55.62006,-225.68188,8140.26,8140.26,165576311.69329
2019-10-26 00:00:00+00:00,8677.09,10350.0,8642.46,9252.75,62.64837,-114.2002,8210.1915,8210.1915,358560719.80723
2019-10-27 00:00:00+00:00,9262.72,9819.92,9092.66,9557.08,65.66813,-1.27854,8277.769,8277.769,169953794.05733
2019-10-28 00:00:00+00:00,9547.32,9950.0,9177.84,9216.44,59.83681,60.03385,8329.664,8329.664,135684601.08698
2019-10-29 00:00:00+00:00,9216.39,9573.35,9051.48,9426.94,62.07783,124.17851,8371.694,8371.694,85404414.7742
2019-10-30 00:00:00+00:00,9426.94,9437.06,8985.25,9159.94,57.68142,151.72,8400.5855,8400.5855,80739723.65505
2019-10-31 00:00:00+00:00,9169.55,9438.61,8961.53,9150.07,57.51925,170.78175,8444.8115,8444.8115,92536116.51616
2019-11-01 00:00:00+00:00,9158.08,9303.53,9054.6,9250.45,58.78826,191.77745,8492.1625,8492.1625,61428097.80575
2019-11-02 00:00:00+00:00,9250.7,9396.91,9201.19,9304.75,59.49318,210.3732,8543.252,8543.252,25133404.15443
2019-11-03 00:00:00+00:00,9304.75,9384.32,9067.0,9207.0,57.58368,214.74739,8585.4525,8585.4525,23378583.17453
2019-11-04 00:00:00+00:00,9207.0,9586.5,9122.33,9410.76,60.43441,231.98155,8648.234,8648.234,46700353.64483
2019-11-05 00:00:00+00:00,9410.76,9485.0,9165.2,9320.14,58.54973,235.61149,8714.4465,8714.4465,46410373.34436
2019-11-06 00:00:00+00:00,9319.1,9448.19,9254.68,9344.78,58.92482,237.73601,8778.0195,8778.0195,43642315.41552
2019-11-07 00:00:00+00:00,9346.02,9373.48,9080.0,9199.36,55.72012,225.09083,8840.2335,8840.2335,36576440.24962
2019-11-08 00:00:00+00:00,9209.3,9253.39,8661.0,8767.37,47.4622,178.15775,8880.5775,8880.5775,85041268.84266
2019-11-09 00:00:00+00:00,8760.38,8876.94,8720.0,8812.21,48.31839,142.93352,8909.401,8909.401,20017092.94452
2019-11-10 00:00:00+00:00,8806.85,9142.33,8750.85,9024.49,52.283,130.64133,8949.943,8949.943,24034727.93543
2019-11-11 00:00:00+00:00,9029.88,9075.32,8593.0,8720.36,46.74977,95.26082,8984.666,8984.666,55749043.99012
2019-11-12 00:00:00+00:00,8720.36,8872.47,8549.0,8813.91,48.55339,73.91813,9051.823,9051.823,41618455.45414
2019-11-13 00:00:00+00:00,8817.0,8839.46,8700.0,8755.24,47.46752,51.67406,9117.835,9117.835,27892627.35346
2019-11-14 00:00:00+00:00,8765.53,8791.78,8555.0,8636.9,45.26838,24.21726,9116.547,9116.547,29476062.54565
2019-11-15 00:00:00+00:00,8632.07,8799.03,8363.0,8463.49,42.18425,-11.40374,9077.084,9077.084,44126109.78325
2019-11-16 00:00:00+00:00,8459.38,8539.53,8423.0,8484.63,42.69679,-37.49559,9023.4615,9023.4615,10016728.40446
2019-11-17 00:00:00+00:00,8485.61,8631.6,8375.0,8499.31,43.07419,-56.33957,8987.605,8987.605,17627634.3954
2019-11-18 00:00:00+00:00,8499.53,8508.4,8010.7,8170.65,37.17164,-96.67921,8924.7905,8924.7905,39428743.1329
2019-11-19 00:00:00+00:00,8176.9,8197.77,7989.15,8121.63,36.37109,-131.09302,8872.875,8872.875,35835836.69419
2019-11-20 00:00:00+00:00,8124.08,8231.04,8027.28,8088.44,35.80877,-159.2091,8819.7935,8819.7935,24233016.32386
2019-11-21 00:00:00+00:00,8085.54,8116.92,7394.09,7611.51,28.89538,-217.46871,8737.8465,8737.8465,71357902.98055
2019-11-22 00:00:00+00:00,7612.23,7714.7,6785.0,7285.85,25.30311,-286.61401,8636.9015,8636.9015,146592369.12945
2019-11-23 00:00:00+00:00,7276.21,7356.49,7102.16,7320.39,26.34894,-334.7661,8542.571,8542.571,40631621.39137
2019-11-24 00:00:00+00:00,7330.98,7349.68,6861.96,6908.36,22.33213,-401.54558,8417.451,8417.451,41774975.61406
2019-11-25 00:00:00+00:00,6900.9,7380.0,6515.0,7122.14,28.42863,-432.23599,8307.551,8307.551,133302254.87615
2019-11-26 00:00:00+00:00,7127.12,7344.91,7018.78,7159.22,29.46285,-448.39748,8198.273,8198.273,54724000.70529
2019-11-27 00:00:00+00:00,7168.74,7676.27,6847.72,7527.84,38.91317,-426.54408,8114.697,8114.697,114099410.16421
2019-11-28 00:00:00+00:00,7517.82,7659.92,7372.19,7436.72,37.57311,-411.8304,8048.1645,8048.1645,51503635.71886
2019-11-29 00:00:00+00:00,7429.32,7870.35,7411.17,7753.69,44.70644,-370.32401,7995.2385,7995.2385,59384516.15218
2019-11-30 00:00:00+00:00,7753.69,7815.0,7452.08,7550.67,41.4402,-349.77987,7921.5475,7921.5475,41123014.0301
2019-12-01 00:00:00+00:00,7560.2,7560.2,7233.87,7412.66,39.33629,-340.70728,7856.1625,7856.1625,40606350.65429
2019-12-02 00:00:00+00:00,7411.75,7431.07,7140.08,7309.64,37.7938,-337.93455,7780.949,7780.949,31609077.44018
2019-12-03 00:00:00+00:00,7317.94,7415.0,7238.04,7300.43,37.65166,-332.64577,7708.2085,7708.2085,18632174.22487
2019-12-04 00:00:00+00:00,7299.2,7772.71,7087.09,7197.78,36.02533,-332.89991,7636.2525,7636.2525,55692042.04186
2019-12-05 00:00:00+00:00,7199.58,7500.0,7150.06,7390.42,41.16169,-313.938,7582.599,7582.599,34304532.20701
2019-12-06 00:00:00+00:00,7397.35,7618.99,7305.56,7541.79,44.90485,-283.42906,7535.457,7535.457,31428450.19042
2019-12-07 00:00:00+00:00,7535.46,7638.88,7486.7,7502.65,44.1232,-259.41836,7485.624,7485.624,15264694.51286
2019-12-08 00:00:00+00:00,7505.86,7580.0,7382.69,7524.26,44.6956,-235.92635,7453.3045,7453.3045,13534416.26531
2019-12-09 00:00:00+00:00,7516.8,7666.0,7268.03,7340.52,40.86271,-229.48964,7414.249,7414.249,48318754.97207
2019-12-10 00:00:00+00:00,7332.05,7400.0,7150.23,7216.07,38.45717,-231.75899,7370.6305,7370.6305,29518206.96901
2019-12-11 00:00:00+00:00,7224.5,7271.0,7122.28,7207.42,38.28845,-231.58588,7350.426,7350.426,24648936.49635
2019-12-12 00:00:00+00:00,7208.95,7296.19,7072.2,7188.42,37.89518,-230.32676,7345.5545,7345.5545,31462916.37319
2019-12-13 00:00:00+00:00,7185.15,7302.35,7179.65,7257.47,40.29526,-221.20721,7342.4085,7342.4085,23064809.342
2019-12-14 00:00:00+00:00,7255.94,7269.0,7007.48,7059.03,35.9906,-227.37135,7349.942,7349.942,14205231.30096
2019-12-15 00:00:00+00:00,7066.35,7225.23,7007.0,7115.08,38.00512,-225.13845,7349.589,7349.589,13151127.72394
2019-12-16 00:00:00+00:00,7115.08,7147.91,6820.0,6882.19,33.31364,-239.40147,7335.7375,7335.7375,40763593.18833
2019-12-17 00:00:00+00:00,6882.08,6938.77,6550.0,6612.3,28.86648,-269.37767,7289.9605,7289.9605,46995311.39685
2019-12-18 00:00:00+00:00,6619.53,7449.68,6425.0,7286.91,47.67072,-235.97841,7282.47,7282.47,93809015.18843
2019-12-19 00:00:00+00:00,7286.91,7372.12,7000.0,7149.57,45.0592,-218.07759,7252.264,7252.264,42443825.1501
2019-12-20 00:00:00+00:00,7157.53,7218.11,7072.61,7194.11,46.09064,-198.01447,7234.436,7234.436,23033122.44157
2019-12-21 00:00:00+00:00,7194.13,7194.13,7109.73,7147.4,45.13368,-183.76508,7221.173,7221.173,12072544.65199
2019-12-22 00:00:00+00:00,7147.4,7530.0,7124.52,7509.7,53.24279,-141.60541,7231.176,7231.176,28508518.99913
2019-12-23 00:00:00+00:00,7521.88,7692.98,7247.86,7316.17,49.07069,-122.39889,7231.963,7231.963,49097114.83914
2019-12-24 00:00:00+00:00,7317.47,7431.1,7156.0,7251.52,47.72531,-111.11345,7234.65,7234.65,30417151.85079
2019-12-25 00:00:00+00:00,7247.45,7266.81,7110.73,7195.79,46.54073,-105.45103,7224.9185,7224.9185,10826264.03248
2019-12-26 00:00:00+00:00,7195.8,7432.0,7150.0,7188.3,46.37413,-100.41043,7207.244,7207.244,22404113.54999
2019-12-27 00:00:00+00:00,7195.17,7255.37,7052.0,7246.0,47.92073,-90.71411,7194.4115,7194.4115,29162040.49496
2019-12-28 00:00:00+00:00,7247.7,7349.65,7231.0,7296.24,49.29205,-78.07576,7183.0105,7183.0105,11525890.22098
2019-12-29 00:00:00+00:00,7297.43,7524.46,7274.43,7385.54,51.72526,-60.16051,7185.2615,7185.2615,19083137.43988
2019-12-30 00:00:00+00:00,7372.79,7384.9,7199.0,7220.24,47.20942,-58.62509,7185.47,7185.47,26880327.88137
2019-12-31 00:00:00+00:00,7222.74,7302.35,7112.55,7168.36,45.85627,-60.8926,7183.517,7183.517,18915089.23171
2020-01-01 00:00:00+00:00,7160.69,7237.35,7150.0,7178.68,46.18669,-61.15197,7183.03,7183.03,8033730.37224
2020-01-02 00:00:00+00:00,7174.7,7184.94,6900.0,6950.56,40.32802,-78.85589,7167.6845,7167.6845,27612544.99863
2020-01-03 00:00:00+00:00,6945.7,7402.31,6853.53,7338.91,51.58679,-60.84835,7181.6785,7181.6785,59245032.22747
2020-01-04 00:00:00+00:00,7332.58,7396.1,7256.03,7344.48,51.72747,-45.60213,7193.1485,7193.1485,23919042.35796
2020-01-05 00:00:00+00:00,7356.05,7495.0,7310.0,7356.7,52.05663,-32.16258,7216.874,7216.874,19916601.57268
2020-01-06 00:00:00+00:00,7352.12,7817.0,7342.46,7762.74,61.46022,11.12416,7274.396,7274.396,52229909.8545
2020-01-07 00:00:00+00:00,7768.17,8220.0,7697.03,8159.01,68.04713,76.52278,7318.001,7318.001,99199877.40944
2020-01-08 00:00:00+00:00,8151.79,8463.57,7872.09,8044.44,64.60894,117.74948,7362.7445,7362.7445,95835283.90686
2020-01-09 00:00:00+00:00,8048.94,8048.94,7737.97,7806.78,58.05599,129.74909,7393.378,7393.378,46506895.18623
2020-01-10 00:00:00+00:00,7812.7,8200.0,7667.0,8200.0,64.47593,169.03985,7446.008,7446.008,73799903.70633
2020-01-11 00:00:00+00:00,8200.0,8286.0,8000.0,8016.22,59.86409,183.23632,7471.334,7471.334,30368065.17783
2020-01-12 00:00:00+00:00,8008.1,8190.0,7960.0,8180.76,62.45352,205.39644,7514.5635,7514.5635,16820352.27112
2020-01-13 00:00:00+00:00,8180.75,8196.81,8039.0,8105.01,60.51777,214.37492,7557.238,7557.238,32512753.99104
2020-01-14 00:00:00+00:00,8105.01,8895.0,8105.01,8813.04,69.90671,275.44735,7638.1005,7638.1005,149904804.01003
2020-01-15 00:00:00+00:00,8813.2,8903.2,8555.0,8809.17,69.80899,319.84841,7719.144,7719.144,75819499.03514
2020-01-16 00:00:00+00:00,8810.62,8852.35,8573.91,8710.15,67.21991,343.09153,7792.3515,7792.3515,58473488.31822
2020-01-17 00:00:00+00:00,8715.39,9015.22,8661.52,8892.63,69.46729,371.94888,7872.171,7872.171,83263107.96403
2020-01-18 00:00:00+00:00,8898.03,9000.1,8798.9,8908.53,69.66246,391.58757,7948.3205,7948.3205,32765655.88778
2020-01-19 00:00:00+00:00,8901.02,9188.1,8461.38,8696.6,63.80779,385.60537,8022.1385,8022.1385,76403543.83515
2020-01-20 00:00:00+00:00,8698.97,8740.54,8507.93,8625.17,61.91893,370.82597,8094.979,8094.979,38124961.35884
2020-01-21 00:00:00+00:00,8629.66,8778.66,8480.0,8717.89,63.43216,362.41721,8171.9395,8171.9395,29594526.68151
2020-01-22 00:00:00+00:00,8728.47,8792.98,8567.68,8655.93,61.66864,346.75635,8257.208,8257.208,27212617.67252
2020-01-23 00:00:00+00:00,8661.63,8665.95,8280.0,8378.44,54.37727,308.39886,8309.1845,8309.1845,72146837.22326
2020-01-24 00:00:00+00:00,8382.08,8530.7,8212.9,8422.13,55.27392,278.31742,8363.067,8363.067,54157919.38045
2020-01-25 00:00:00+00:00,8435.83,8437.47,8252.72,8329.5,52.90007,244.18834,8411.707,8411.707,23429133.90652
2020-01-26 00:00:00+00:00,8320.0,8600.0,8276.22,8590.48,58.33003,235.48518,8453.094,8453.094,54468675.29521
2020-01-27 00:00:00+00:00,8600.0,9004.35,8546.55,8894.54,63.59584,250.23837,8489.8705,8489.8705,85563471.23905
2020-01-28 00:00:00+00:00,8894.57,9413.24,8876.0,9400.0,70.31217,299.26702,8557.6485,8557.6485,89916257.93841
2020-01-29 00:00:00+00:00,9386.57,9443.96,9215.5,9289.18,67.37716,325.42898,8631.7685,8631.7685,60211683.96754
2020-01-30 00:00:00+00:00,9280.83,9570.0,9166.07,9500.0,69.94722,359.0352,8696.7685,8696.7685,75479008.39993
2020-01-31 00:00:00+00:00,9510.84,9529.35,9195.93,9327.85,65.41532,367.54053,8762.35,8762.35,46729005.43588
2020-02-01 00:00:00+00:00,9339.26,9464.16,9280.33,9377.17,66.09311,373.95011,8822.1705,8822.1705,15650519.82053
2020-02-02 00:00:00+00:00,9379.6,9474.28,9135.0,9329.39,64.76881,370.89881,8883.3895,8883.3895,28135495.88868
2020-02-03 00:00:00+00:00,9309.69,9615.0,9211.07,9288.09,63.58287,360.98684,8907.142,8907.142,44193972.22098
2020-02-04 00:00:00+00:00,9281.0,9348.6,9075.0,9159.37,59.90147,338.83898,8924.652,8924.652,44580718.85066
2020-02-05 00:00:00+00:00,9168.49,9775.0,9142.52,9618.42,67.19602,354.24463,8970.0655,8970.0655,77562630.49691
2020-02-06 00:00:00+00:00,9617.84,9859.57,9521.0,9754.63,68.99816,373.14336,9013.1655,9013.1655,73691241.86079
2020-02-07 00:00:00+00:00,9754.63,9878.0,9706.94,9803.42,69.64152,387.58979,9057.91,9057.91,39345937.61875
2020-02-08 00:00:00+00:00,9803.71,9948.97,9658.58,9902.0,70.95313,402.35517,9118.18,9118.18,32367019.3859
2020-02-09 00:00:00+00:00,9907.7,10178.54,9885.04,10173.97,74.25753,431.03386,9195.62,9195.62,49143712.65443
2020-02-10 00:00:00+00:00,10173.51,10199.85,9731.2,9850.01,64.80104,422.74789,9252.226,9252.226,74472654.33145
2020-02-11 00:00:00+00:00,9851.99,10383.9,9706.94,10268.98,70.10359,444.8605,9332.8785,9332.8785,83462124.49797
2020-02-12 00:00:00+00:00,10270.98,10495.0,10247.35,10348.78,70.9997,463.48137,9431.3955,9431.3955,67819792.41088
2020-02-13 00:00:00+00:00,10348.78,10500.5,10068.0,10228.67,67.71,463.20711,9521.7225,9521.7225,95611994.52245
2020-02-14 00:00:00+00:00,10229.19,10398.0,10093.26,10364.04,69.42923,468.51226,9623.4495,9623.4495,64157319.92519
2020-02-15 00:00:00+00:00,10364.04,10408.04,9739.0,9899.78,58.01975,430.29457,9688.9145,9688.9145,57045565.10622
2020-02-16 00:00:00+00:00,9909.71,10051.24,9598.49,9912.89,58.2285,396.4941,9739.832,9739.832,40974700.3417
2020-02-17 00:00:00+00:00,9925.96,9973.45,9467.57,9697.15,53.51271,348.28377,9754.6895,9754.6895,57341235.14341
2020-02-18 00:00:00+00:00,9725.57,10288.0,9602.6,10185.17,61.17299,345.47347,9799.489,9799.489,68794243.12956
2020-02-19 00:00:00+00:00,10190.3,10300.0,9312.0,9595.72,50.37548,292.31299,9804.275,9804.275,95350948.94892
2020-02-20 00:00:00+00:00,9589.1,9706.27,9396.91,9612.76,50.64668,248.69116,9818.5205,9818.5205,63525838.70649
2020-02-21 00:00:00+00:00,9610.4,9773.2,9562.6,9696.13,52.02803,218.33103,9834.4685,9834.4685,41416735.61465
2020-02-22 00:00:00+00:00,9696.13,9722.39,9568.51,9668.13,51.50662,189.82287,9851.4055,9851.4055,20269848.81863
2020-02-23 00:00:00+00:00,9664.08,10024.08,9664.08,9965.21,56.48908,189.02289,9885.2615,9885.2615,33176419.65013
2020-02-24 00:00:00+00:00,9969.79,10027.66,9480.0,9652.58,50.59749,161.30287,9909.922,9909.922,56728287.05929
2020-02-25 00:00:00+00:00,9664.87,9682.73,9234.21,9305.4,44.98628,110.05143,9894.271,9894.271,58437939.50146
2020-02-26 00:00:00+00:00,9305.4,9369.99,8627.78,8779.36,38.09305,26.67971,9845.5075,9845.5075,101526256.85997
2020-02-27 00:00:00+00:00,8778.37,8974.75,8520.0,8816.5,38.806,-35.98132,9796.1615,9796.1615,81763371.65013
2020-02-28 00:00:00+00:00,8816.5,8900.94,8421.49,8703.84,37.39901,-93.65179,9736.2535,9736.2535,56983877.08847
2020-02-29 00:00:00+00:00,8710.0,8805.06,8525.0,8527.74,35.24772,-151.81582,9653.942,9653.942,19938434.78199
2020-03-01 00:00:00+00:00,8525.0,8756.11,8410.0,8528.95,35.27527,-195.55931,9587.889,9587.889,35451192.53616
2020-03-02 00:00:00+00:00,8516.0,8980.34,8486.72,8917.34,43.57399,-196.62,9520.307,9520.307,55170342.0825
2020-03-03 00:00:00+00:00,8917.34,8921.8,8660.04,8755.45,41.2026,-208.12464,9440.6405,9440.6405,40537490.85242
2020-03-04 00:00:00+00:00,8755.45,8850.0,8663.76,8753.28,41.17026,-214.93957,9366.871,9366.871,29351783.1728
2020-03-05 00:00:00+00:00,8757.79,9169.0,8757.79,9066.65,47.57076,-192.83127,9302.0015,9302.0015,58467975.96037
2020-03-06 00:00:00+00:00,9059.0,9187.85,8990.01,9153.79,49.22505,-166.3611,9264.702,9264.702,37863951.10242
2020-03-07 00:00:00+00:00,9154.1,9219.13,8859.49,8893.93,44.69595,-164.45609,9213.754,9213.754,24952735.04462
2020-03-08 00:00:00+00:00,8901.12,8901.12,7995.48,8033.7,33.65635,-229.71175,9130.5815,9130.5815,72856744.82223
2020-03-09 00:00:00+00:00,8035.79,8191.13,7636.0,7936.25,32.67186,-285.99397,9018.1355,9018.1355,96642845.12394
2020-03-10 00:00:00+00:00,7937.2,8158.42,7733.99,7885.92,32.14881,-330.84546,8932.6455,8932.6455,65255623.33377
2020-03-11 00:00:00+00:00,7893.63,7988.78,7591.99,7934.57,33.26102,-358.33429,8848.736,8848.736,57839932.34512
2020-03-12 00:00:00+00:00,7956.29,7969.9,4776.59,4841.67,15.67242,-622.51461,8606.013,8606.013,283302521.03485
2020-03-13 00:00:00+00:00,4841.67,5990.35,3850.0,5622.74,26.27516,-760.09173,8403.7435,8403.7435,305987494.12294
2020-03-14 00:00:00+00:00,5623.16,5663.01,5051.0,5169.37,24.36054,-895.38432,8163.9515,8163.9515,79457704.6865
2020-03-15 00:00:00+00:00,5167.38,5965.77,5092.34,5343.64,26.57534,-977.2771,7948.5045,7948.5045,88647267.69865
2020-03-16 00:00:00+00:00,5353.04,5353.04,4435.89,5033.42,25.16287,-1055.04795,7734.9055,7734.9055,175693858.58188
2020-03-17 00:00:00+00:00,5051.41,5569.9,4936.0,5324.99,28.98335,-1080.69704,7562.187,7562.187,93282335.71069
2020-03-18 00:00:00+00:00,5340.95,5452.43,5006.87,5406.92,30.06375,-1081.94112,7391.708,7391.708,121975957.97617
2020-03-19 00:00:00+00:00,5413.0,6433.98,5266.38,6181.18,39.44023,-1008.82168,7265.575,7265.575,153192726.32631
2020-03-20 00:00:00+00:00,6192.94,7139.0,5670.0,6210.14,39.76552,-937.72763,7149.695,7149.695,186816551.9668
2020-03-21 00:00:00+00:00,6207.66,6461.91,5866.44,6187.78,39.58871,-873.12451,7032.6365,7032.6365,72995548.72832
2020-03-22 00:00:00+00:00,6199.17,6419.0,5705.0,5813.15,36.64843,-842.4444,6877.427,6877.427,62859826.50769
2020-03-23 00:00:00+00:00,5816.57,6629.79,5686.34,6493.51,44.68354,-754.53305,6764.33,6764.33,123726070.4747
2020-03-24 00:00:00+00:00,6494.7,6893.0,6400.01,6768.64,47.57904,-655.11027,6665.098,6665.098,133471448.57555
2020-03-25 00:00:00+00:00,6768.64,6989.04,6457.17,6692.22,46.84556,-575.84547,6546.3765,6546.3765,111597688.09126
2020-03-26 00:00:00+00:00,6695.47,6798.89,6528.07,6760.72,47.62497,-501.71669,6426.723,6426.723,49986784.36868
2020-03-27 00:00:00+00:00,6765.15,6872.67,6210.0,6376.03,43.74554,-468.60854,6300.828,6300.828,68964961.25126
2020-03-28 00:00:00+00:00,6376.03,6376.03,6030.51,6253.08,42.55249,-447.13681,6211.797,6211.797,72620106.94671
2020-03-29 00:00:00+00:00,6275.11,6278.24,5869.0,5870.9,38.99263,-455.70595,6108.5295,6108.5295,54593141.2751
2020-03-30 00:00:00+00:00,5878.47,6630.0,5856.0,6407.77,45.84628,-414.3992,6034.622,6034.622,95952794.07435
2020-03-31 00:00:00+00:00,6408.95,6527.24,6337.42,6421.14,46.00895,-376.24731,5958.9505,5958.9505,40724785.47629
2020-04-01 00:00:00+00:00,6428.74,6710.21,6137.71,6652.07,48.86604,-323.64674,6049.4705,6049.4705,75295764.42493
2020-04-02 00:00:00+00:00,6669.95,7236.39,6575.13,6801.99,50.69034,-266.78775,6108.433,6108.433,117081434.09165
2020-04-03 00:00:00+00:00,6789.63,7047.96,6610.0,6742.57,49.93,-223.93986,6187.093,6187.093,71269682.32529
2020-04-04 00:00:00+00:00,6737.36,7014.0,6655.54,6879.61,51.72835,-176.88558,6263.8915,6263.8915,41405040.32933
2020-04-05 00:00:00+00:00,6887.22,6914.01,6678.51,6775.2,50.24757,-146.33291,6350.9805,6350.9805,26978690.05664
2020-04-06 00:00:00+00:00,6780.57,7376.59,6773.75,7352.43,57.49228,-74.68118,6452.3525,6452.3525,100603578.30416
2020-04-07 00:00:00+00:00,7335.85,7469.0,7077.0,7202.73,55.2455,-29.6346,6542.143,6542.143,84048759.11867
2020-04-08 00:00:00+00:00,7204.78,7428.95,7152.0,7367.36,57.22525,19.1289,6601.452,6601.452,64244930.03289
2020-04-09 00:00:00+00:00,7370.85,7376.59,7107.38,7293.93,56.03461,51.25826,6655.6415,6655.6415,60721396.66555
2020-04-10 00:00:00+00:00,7299.12,7306.1,6750.15,6877.03,49.71071,42.58972,6690.104,6690.104,73775862.20582
2020-04-11 00:00:00+00:00,6866.03,6955.59,6771.24,6883.18,49.80071,35.80337,6743.6055,6743.6055,22898101.1892
2020-04-12 00:00:00+00:00,6882.75,7201.76,6790.74,6908.24,50.19188,32.07751,6764.342,6764.342,50185042.67384
2020-04-13 00:00:00+00:00,6908.21,6914.01,6542.91,6864.22,49.46276,25.28126,6769.121,6769.121,74391495.85562
2020-04-14 00:00:00+00:00,6864.66,6991.0,6766.96,6879.75,49.74015,20.90732,6778.4975,6778.4975,50054904.70624
2020-04-15 00:00:00+00:00,6868.88,6940.0,6598.55,6619.0,45.24923,-3.55839,6771.4115,6771.4115,53678318.37527
2020-04-16 00:00:00+00:00,6619.0,7224.18,6472.67,7111.67,53.74666,16.61519,6808.1935,6808.1935,111843074.80045
2020-04-17 00:00:00+00:00,7121.35,7158.22,6995.39,7024.19,52.19754,25.25288,6846.749,6846.749,59983901.82393
2020-04-18 00:00:00+00:00,7020.13,7306.15,7020.13,7262.26,55.92099,50.72387,6916.317,6916.317,37055700.67364
2020-04-19 00:00:00+00:00,7265.94,7276.21,7057.46,7126.4,53.36633,59.26388,6952.2485,6952.2485,33224645.72756
2020-04-20 00:00:00+00:00,7124.27,7220.0,6757.75,6841.0,48.36758,42.51245,6973.2415,6973.2415,77748028.74211
2020-04-21 00:00:00+00:00,6833.0,6950.98,6774.48,6854.98,48.62145,30.01886,6983.387,6983.387,38188793.26627
2020-04-22 00:00:00+00:00,6850.6,7171.26,6819.59,7137.79,53.59254,42.44867,7000.177,7000.177,44778256.86079
2020-04-23 00:00:00+00:00,7138.29,7756.69,7031.07,7484.58,58.8502,79.36754,7037.2775,7037.2775,110618710.44418
2020-04-24 00:00:00+00:00,7494.2,7612.91,7391.57,7505.53,59.15129,109.05934,7068.5735,7068.5735,55218985.10116
2020-04-25 00:00:00+00:00,7518.81,7723.77,7432.8,7547.56,59.78698,134.43212,7107.1915,7107.1915,28686975.34456
2020-04-26 00:00:00+00:00,7565.0,7718.0,7485.0,7701.73,62.11587,165.07755,7124.6565,7124.6565,40415142.54475
2020-04-27 00:00:00+00:00,7708.87,7813.68,7637.03,7786.41,63.37067,193.96138,7153.8405,7153.8405,53555103.46917
2020-04-28 00:00:00+00:00,7794.22,7798.42,7650.0,7767.79,62.8775,212.89542,7173.862,7173.862,56308367.69032
2020-04-29 00:00:00+00:00,7762.07,8970.0,7717.14,8790.32,74.57794,306.87296,7248.6815,7248.6815,232030140.75927
2020-04-30 00:00:00+00:00,8789.79,9485.26,8407.0,8627.32,70.74981,364.00212,7336.196,7336.196,207553815.72179
2020-05-01 00:00:00+00:00,8629.72,9075.0,8616.17,8832.44,72.65221,420.9761,7433.659,7433.659,100510391.53516
2020-05-02 00:00:00+00:00,8836.0,9022.0,8760.0,8983.79,73.99613,472.8899,7537.4365,7537.4365,49628855.22234
2020-05-03 00:00:00+00:00,8982.56,9207.82,8723.78,8915.98,72.28226,502.76469,7640.0245,7640.0245,82189954.72315
2020-05-04 00:00:00+00:00,8924.14,8974.34,8528.42,8882.87,71.41252,517.80011,7740.1805,7740.1805,88997252.44821
2020-05-05 00:00:00+00:00,8889.24,9120.0,8760.1,9034.85,73.01744,535.8029,7860.973,7860.973,86663496.04635
2020-05-06 00:00:00+00:00,9040.0,9417.95,8921.03,9154.32,74.24165,553.332,7963.1055,7963.1055,138330396.86024
2020-05-07 00:00:00+00:00,9163.63,10074.0,9030.03,10000.0,80.86109,628.2215,8111.896,8111.896,250129003.1203
2020-05-08 00:00:00+00:00,10008.19,10048.38,9725.0,9801.35,75.9253,663.88967,8238.8505,8238.8505,188220065.8903
2020-05-09 00:00:00+00:00,9809.04,9914.0,9515.4,9546.56,70.02156,663.94399,8359.8585,8359.8585,107672153.47951
2020-05-10 00:00:00+00:00,9527.31,9565.2,8109.0,8731.17,55.22275,591.37488,8454.367,8454.367,276249231.0616
2020-05-11 00:00:00+00:00,8740.88,9182.97,8181.0,8571.98,52.8733,515.08051,8540.217,8540.217,295434889.99368
2020-05-12 00:00:00+00:00,8574.19,8984.87,8534.97,8825.46,56.0777,469.65648,8624.6005,8624.6005,123646999.85869
2020-05-13 00:00:00+00:00,8816.99,9418.46,8804.47,9315.5,61.52443,467.80716,8716.1465,8716.1465,118892344.23649
2020-05-14 00:00:00+00:00,9323.73,9945.34,9254.85,9793.5,65.95885,499.15817,8830.545,8830.545,195245032.25952
2020-05-15 00:00:00+00:00,9809.91,9844.66,9112.0,9306.21,58.55043,479.16038,8918.4775,8918.4775,161222127.73137
2020-05-16 00:00:00+00:00,9307.43,9590.0,9216.08,9389.07,59.38578,464.642,9002.8445,9002.8445,57931464.16324
2020-05-17 00:00:00+00:00,9377.79,9894.88,9326.53,9665.7,62.12982,470.03948,9096.809,9096.809,91976806.00824
2020-05-18 00:00:00+00:00,9672.95,9966.12,9451.2,9721.91,62.68156,473.39569,9194.515,9194.515,120185436.68938
2020-05-19 00:00:00+00:00,9730.0,9903.89,9455.05,9787.65,63.35401,475.87459,9244.3815,9244.3815,118916867.8078
2020-05-20 00:00:00+00:00,9776.3,9843.87,9100.0,9516.51,58.65913,450.76428,9288.841,9288.841,117542489.7608
2020-05-21 00:00:00+00:00,9505.61,9573.29,8800.0,9062.47,51.74407,389.73433,9300.3425,9300.3425,152972943.0828
2020-05-22 00:00:00+00:00,9062.25,9272.97,8924.91,9171.96,53.17751,346.21167,9309.751,9309.751,66600208.20297
2020-05-23 00:00:00+00:00,9171.96,9316.12,9084.83,9183.46,53.33431,309.08466,9323.125,9323.125,31933448.0924
2020-05-24 00:00:00+00:00,9183.93,9310.91,8669.0,8718.77,46.55075,239.40493,9314.92,9314.92,77208872.72088
2020-05-25 00:00:00+00:00,8710.12,8984.16,8630.0,8903.56,49.3117,196.82537,9308.3555,9308.3555,79419076.65569
2020-05-26 00:00:00+00:00,8903.22,9012.0,8690.0,8840.91,48.39889,156.22457,9292.685,9292.685,52364756.22949
2020-05-27 00:00:00+00:00,8835.79,9230.21,8810.99,9210.0,53.82214,152.07757,9253.185,9253.185,63251250.08821
2020-05-28 00:00:00+00:00,9209.99,9625.01,9105.79,9577.38,58.49776,176.40208,9241.9865,9241.9865,110364065.88117
2020-05-29 00:00:00+00:00,9581.49,9610.0,9330.0,9421.04,55.90367,180.9779,9235.7105,9235.7105,68083725.98238
2020-05-30 00:00:00+00:00,9428.52,9758.27,9326.28,9705.1,59.42442,205.16058,9284.407,9284.407,65818454.42783
2020-05-31 00:00:00+00:00,9705.1,9711.7,9373.96,9446.19,55.10572,201.11532,9328.1175,9328.1175,53824375.35241
2020-06-01 00:00:00+00:00,9444.61,10429.26,9416.5,10203.64,63.46999,256.0774,9397.0265,9397.0265,123557320.54078
2020-06-02 00:00:00+00:00,10203.64,10241.26,9135.68,9525.73,53.80762,242.14231,9407.538,9407.538,216473351.82211
2020-06-03 00:00:00+00:00,9522.52,9699.95,9380.99,9668.99,55.35441,239.8932,9401.3125,9401.3125,66994142.37144
2020-06-04 00:00:00+00:00,9668.0,9888.0,9430.0,9791.92,56.69446,245.20363,9425.598,9425.598,87527709.85664
2020-06-05 00:00:00+00:00,9791.0,9856.48,9592.74,9619.99,54.24224,232.85467,9437.144,9437.144,68853837.03023
2020-06-06 00:00:00+00:00,9616.17,9744.39,9525.76,9669.85,54.85212,224.50337,9437.3515,9437.3515,39136486.53216
2020-06-07 00:00:00+00:00,9673.08,9829.31,9356.0,9750.04,55.87084,221.79882,9438.758,9438.758,65936123.49121
2020-06-08 00:00:00+00:00,9759.04,9813.67,9645.0,9783.0,56.30724,219.78153,9438.5255,9438.5255,52623520.23522
2020-06-09 00:00:00+00:00,9786.64,9897.46,9566.81,9776.84,56.19539,215.20501,9451.542,9451.542,67683087.27115
2020-06-10 00:00:00+00:00,9782.3,10011.4,9578.0,9894.32,57.91246,218.53856,9493.1345,9493.1345,70320924.98919
2020-06-11 00:00:00+00:00,9894.32,9981.24,9078.91,9264.26,47.2216,168.39865,9497.7495,9497.7495,151836075.59986
2020-06-12 00:00:00+00:00,9265.95,9555.0,9230.0,9463.07,50.337,143.05566,9511.73,9511.73,65618208.06789
2020-06-13 00:00:00+00:00,9465.92,9500.0,9345.71,9473.46,50.50145,122.3986,9549.4645,9549.4645,27839488.47023
2020-06-14 00:00:00+00:00,9478.93,9479.59,9235.01,9329.99,48.13149,93.37455,9570.786,9570.786,32442729.73349
2020-06-15 00:00:00+00:00,9329.99,9505.4,8900.0,9435.15,49.98424,77.95964,9600.498,9600.498,111005610.95938
2020-06-16 00:00:00+00:00,9435.41,9596.31,9374.9,9530.3,51.66655,72.58431,9616.513,9616.513,65418058.9439
2020-06-17 00:00:00+00:00,9530.62,9566.53,9230.32,9461.29,50.34393,62.04063,9610.7085,9610.7085,55843999.82237
2020-06-18 00:00:00+00:00,9459.82,9478.69,9250.0,9374.78,48.66222,46.17182,9608.3955,9608.3955,37471116.09349
2020-06-19 00:00:00+00:00,9374.83,9429.99,9225.15,9304.32,47.277,27.59207,9588.3565,9588.3565,49367863.30898
2020-06-20 00:00:00+00:00,9287.6,9400.0,9138.0,9355.46,48.42455,16.80039,9583.82,9583.82,28738044.47592
2020-06-21 00:00:00+00:00,9355.93,9421.26,9271.52,9283.03,46.8686,2.37602,9537.7895,9537.7895,13323115.09073
2020-06-22 00:00:00+00:00,9287.89,9798.76,9267.2,9683.12,55.39453,22.96381,9545.659,9545.659,64060088.37105
2020-06-23 00:00:00+00:00,9688.26,9725.3,9571.0,9622.81,53.98814,34.0211,9543.35,9543.35,46825697.24875
2020-06-24 00:00:00+00:00,9617.88,9666.35,9193.99,9286.06,46.83764,15.43326,9518.057,9518.057,93534539.68626
2020-06-25 00:00:00+00:00,9286.3,9343.49,8989.0,9239.48,45.93144,-3.02152,9499.0315,9499.0315,80394990.00529
2020-06-26 00:00:00+00:00,9237.98,9289.71,9024.61,9158.26,44.32121,-23.92505,9473.452,9473.452,72463667.64688
2020-06-27 00:00:00+00:00,9158.13,9189.0,8830.63,9009.3,41.45105,-51.91265,9436.415,9436.415,39638001.20473
2020-06-28 00:00:00+00:00,9008.33,9191.72,8933.06,9118.01,44.28661,-64.57665,9403.1655,9403.1655,29468107.00545
2020-06-29 00:00:00+00:00,9118.8,9240.36,9014.92,9188.88,46.11865,-68.10922,9373.7675,9373.7675,45418109.93061
2020-06-30 00:00:00+00:00,9187.85,9201.95,9060.0,9132.96,44.86501,-74.56158,9335.6995,9335.6995,25404526.95306
2020-07-01 00:00:00+00:00,9136.89,9300.0,9089.8,9233.38,47.61867,-70.75643,9334.1555,9334.1555,39902657.30909
2020-07-02 00:00:00+00:00,9230.97,9268.54,8939.0,9092.92,44.28689,-78.17364,9315.648,9315.648,62432434.0323
2020-07-03 00:00:00+00:00,9091.68,9127.11,9027.17,9063.08,43.58913,-85.47437,9295.129,9295.129,31811442.86599
2020-07-04 00:00:00+00:00,9053.87,9196.0,9045.94,9138.52,45.90942,-84.20224,9285.5555,9285.5555,19925376.52696
2020-07-05 00:00:00+00:00,9142.16,9147.37,8905.0,9076.82,44.30435,-87.16793,9267.639,9267.639,27846574.64993
2020-07-06 00:00:00+00:00,9077.18,9376.34,9060.5,9348.22,52.21782,-66.84797,9258.535,9258.535,50119105.93466
2020-07-07 00:00:00+00:00,9346.9,9385.81,9201.78,9257.16,49.66791,-57.43001,9248.3285,9248.3285,43534809.52813
2020-07-08 00:00:00+00:00,9257.21,9479.57,9228.91,9437.16,54.40738,-35.03782,9251.4475,9251.4475,59223337.95167
2020-07-09 00:00:00+00:00,9441.76,9448.5,9157.11,9234.9,48.84194,-33.2295,9247.9765,9247.9765,42253809.71752
2020-07-10 00:00:00+00:00,9234.91,9318.92,9053.14,9283.53,50.16196,-27.55472,9244.38,9244.38,36301636.0644
2020-07-11 00:00:00+00:00,9291.0,9304.95,9180.0,9238.3,48.8982,-26.40274,9242.1435,9242.1435,13424777.53928
2020-07-12 00:00:00+00:00,9234.07,9347.76,9153.48,9306.17,50.89729,-19.78518,9223.296,9223.296,18958098.00108
2020-07-13 00:00:00+00:00,9304.94,9351.17,9190.49,9233.1,48.68891,-20.20395,9203.8105,9203.8105,35779861.58539
2020-07-14 00:00:00+00:00,9234.19,9282.08,9095.0,9251.59,49.28852,-18.82682,9202.087,9202.087,41446296.1605
2020-07-15 00:00:00+00:00,9256.33,9276.98,9153.38,9190.07,47.30767,-22.4409,9199.6165,9199.6165,35014611.60075
2020-07-16 00:00:00+00:00,9191.0,9217.5,9026.51,9132.87,45.47759,-29.57967,9198.347,9198.347,50613031.17134
2020-07-17 00:00:00+00:00,9134.44,9184.28,9073.53,9156.5,46.40007,-32.95062,9205.707,9205.707,32903856.46654
2020-07-18 00:00:00+00:00,9150.51,9214.63,9122.72,9177.43,47.25136,-33.54654,9208.678,9208.678,12465568.44231
2020-07-19 00:00:00+00:00,9175.7,9243.36,9106.3,9211.99,48.7002,-30.87421,9209.8335,9209.8335,14604681.28706
2020-07-20 00:00:00+00:00,9213.15,9224.73,9128.21,9162.43,46.71849,-32.38217,9211.307,9211.307,28081083.2111
2020-07-21 00:00:00+00:00,9161.77,9442.89,9152.23,9391.25,55.68473,-14.94114,9219.2005,9219.2005,52210413.11144
2020-07-22 00:00:00+00:00,9395.98,9573.0,9280.8,9539.51,60.3415,10.72076,9241.53,9241.53,52665370.25508
2020-07-23 00:00:00+00:00,9537.23,9690.0,9453.38,9617.2,62.56161,36.90156,9269.236,9269.236,100152980.7695
2020-07-24 00:00:00+00:00,9614.85,9650.55,9474.35,9547.91,59.36941,51.46564,9289.7055,9289.7055,76506496.65257
2020-07-25 00:00:00+00:00,9549.34,9751.82,9532.79,9710.98,64.02213,75.29818,9321.4135,9321.4135,49190482.62776
2020-07-26 00:00:00+00:00,9712.45,10200.0,9657.0,9944.65,69.42509,111.75264,9351.235,9351.235,90398999.70632
2020-07-27 00:00:00+00:00,9941.25,11417.11,9933.77,11046.19,82.65148,226.91242,9440.6865,9440.6865,306386318.62933
2020-07-28 00:00:00+00:00,11049.4,11263.85,10583.48,10939.27,79.07577,306.0222,9515.792,9515.792,186649913.85313
2020-07-29 00:00:00+00:00,10931.91,11358.47,10855.81,11111.17,80.53389,378.22818,9609.6055,9609.6055,138365878.17582
2020-07-30 00:00:00+00:00,11105.01,11189.0,10832.0,11112.12,80.54196,430.56531,9701.035,9701.035,116197750.33025
2020-07-31 00:00:00+00:00,11110.84,11457.95,10973.8,11356.74,82.54822,486.17731,9806.957,9806.957,118308923.68911
2020-08-01 00:00:00+00:00,11357.98,11883.36,11228.0,11817.49,85.56684,560.96246,9932.523,9932.523,132306343.44876
2020-08-02 00:00:00+00:00,11808.21,12100.0,10559.59,11071.66,65.74335,553.66567,10024.451,10024.451,140127479.73821
2020-08-03 00:00:00+00:00,11074.92,11480.0,10933.26,11236.39,67.53248,554.78009,10123.691,10123.691,78482484.90928
2020-08-04 00:00:00+00:00,11236.39,11420.0,11000.79,11192.42,66.53362,545.82335,10223.8085,10223.8085,61805780.19906
2020-08-05 00:00:00+00:00,11193.48,11795.86,11094.35,11755.24,72.20141,577.48307,10354.927,10354.927,88338176.75446
2020-08-06 00:00:00+00:00,11759.9,11913.5,11575.57,11770.08,72.33445,596.89051,10485.606,10485.606,116005842.13265
2020-08-07 00:00:00+00:00,11770.26,11920.0,11219.0,11600.85,68.31895,591.79377,10606.777,10606.777,121847924.12013
2020-08-08 00:00:00+00:00,11601.75,11817.95,11527.0,11776.9,70.17391,595.10039,10735.0225,10735.0225,46916212.26319
2020-08-09 00:00:00+00:00,11767.93,11808.28,11527.92,11683.03,67.89134,583.42106,10861.0525,10861.0525,30954061.53361
2020-08-10 00:00:00+00:00,11684.6,12080.0,11510.0,11895.12,70.24622,584.54078,10986.246,10986.246,91612979.58979
2020-08-11 00:00:00+00:00,11896.37,11945.05,11130.0,11392.64,59.17343,538.67275,11078.9025,11078.9025,119288779.7493
2020-08-12 00:00:00+00:00,11386.5,11625.0,11150.0,11565.35,61.42421,510.37497,11176.31,11176.31,65559363.88129
2020-08-13 00:00:00+00:00,11567.74,11806.61,11270.91,11793.26,64.22691,500.56896,11288.5775,11288.5775,80660605.7578
2020-08-14 00:00:00+00:00,11797.55,11862.0,11652.01,11779.77,63.93083,486.10557,11392.017,11392.017,65104391.58419
2020-08-15 00:00:00+00:00,11771.97,11986.93,11667.7,11852.2,64.86729,475.01209,11487.3945,11487.3945,47209397.75541
2020-08-16 00:00:00+00:00,11858.6,11938.55,11685.97,11914.02,65.68617,465.83888,11530.786,11530.786,29715591.29783
2020-08-17 00:00:00+00:00,11916.83,12473.0,11771.44,12298.38,70.31839,484.00438,11598.7415,11598.7415,120257600.49818
2020-08-18 00:00:00+00:00,12301.27,12408.53,11823.0,11958.1,62.29994,465.57605,11641.088,11641.088,105448772.02349
2020-08-19 00:00:00+00:00,11950.0,12022.18,11574.4,11757.55,58.09526,429.8339,11673.3595,11673.3595,110538620.25123
2020-08-20 00:00:00+00:00,11762.18,11894.12,11675.29,11859.37,59.58656,405.05479,11698.491,11698.491,49711608.13462
2020-08-21 00:00:00+00:00,11857.18,11887.67,11485.49,11531.74,53.04498,354.88922,11684.2035,11684.2035,73701422.90746
2020-08-22 00:00:00+00:00,11527.81,11694.02,11367.0,11667.7,55.24096,322.38721,11714.0055,11714.0055,39686770.5655
2020-08-23 00:00:00+00:00,11678.17,11715.09,11524.7,11644.65,54.77327,291.40999,11734.4185,11734.4185,19014210.3375
2020-08-24 00:00:00+00:00,11653.7,11832.55,11588.61,11761.8,56.77624,273.16448,11762.8875,11762.8875,33956999.7564
2020-08-25 00:00:00+00:00,11750.4,11772.22,11112.75,11328.88,48.26883,221.22164,11741.5695,11741.5695,80137027.60779
2020-08-26 00:00:00+00:00,11328.5,11549.8,11250.14,11469.3,50.84179,189.20625,11726.5305,11726.5305,49009238.38266
2020-08-27 00:00:00+00:00,11462.91,11602.92,11122.72,11330.0,48.27657,150.85451,11712.988,11712.988,88330444.04282
2020-08-28 00:00:00+00:00,11332.26,11555.61,11277.95,11536.58,52.13363,135.56703,11700.972,11700.972,69755901.71185
2020-08-29 00:00:00+00:00,11538.74,11592.0,11423.64,11471.71,50.85127,116.86992,11690.406,11690.406,24043970.00211
2020-08-30 00:00:00+00:00,11471.71,11715.69,11458.62,11708.97,55.19245,119.81606,11681.0985,11681.0985,27266175.17412
2020-08-31 00:00:00+00:00,11713.11,11780.0,11573.39,11655.0,54.02352,116.45356,11694.2165,11694.2165,52846311.97893
2020-09-01 00:00:00+00:00,11658.48,12065.82,11515.0,11923.96,58.71611,133.94752,11712.147,11712.147,94924527.63135
2020-09-02 00:00:00+00:00,11919.53,11956.45,11155.32,11398.44,48.33537,104.20533,11692.406,11692.406,148818863.32993
2020-09-03 00:00:00+00:00,11395.1,11477.35,9987.86,10160.0,33.365,-19.07743,11611.4175,11611.4175,188516069.11422
2020-09-04 00:00:00+00:00,10160.0,10646.75,9902.43,10456.32,38.28987,-91.81101,11541.6235,11541.6235,182100577.67466
2020-09-05 00:00:00+00:00,10460.2,10567.9,9850.0,10167.19,35.5305,-170.81423,11454.282,11454.282,123688676.29549
2020-09-06 00:00:00+00:00,10165.47,10353.39,10000.0,10260.17,37.10034,-223.34753,11352.3715,11352.3715,52544914.12503
2020-09-07 00:00:00+00:00,10258.43,10415.66,9880.0,10377.14,39.10908,-252.62989,11273.3235,11273.3235,90541501.60802
2020-09-08 00:00:00+00:00,10377.5,10446.18,9825.07,10123.96,36.39945,-292.88963,11191.644,11191.644,106917873.08521
2020-09-09 00:00:00+00:00,10126.01,10353.39,9981.38,10232.8,38.37608,-312.41199,11110.3155,11110.3155,60089247.82649
2020-09-10 00:00:00+00:00,10221.76,10495.75,10220.0,10342.59,40.38866,-315.38887,11050.858,11050.858,105734274.84309
2020-09-11 00:00:00+00:00,10341.38,10409.44,10200.5,10393.04,41.33675,-310.1025,10987.125,10987.125,54519211.05913
2020-09-12 00:00:00+00:00,10400.46,10482.42,10275.0,10443.33,42.32154,-298.41509,10927.059,10927.059,26204819.63749
2020-09-13 00:00:00+00:00,10446.4,10576.78,10214.9,10334.78,40.73209,-294.5168,10855.708,10855.708,44699014.49291
2020-09-14 00:00:00+00:00,10338.82,10765.03,10250.13,10675.15,47.40254,-260.95425,10823.0215,10823.0215,78197955.25619
2020-09-15 00:00:00+00:00,10671.4,10940.01,10611.17,10783.83,49.36226,-223.01534,10788.748,10788.748,69627555.64889
2020-09-16 00:00:00+00:00,10785.0,11100.0,10662.81,10951.54,52.31486,-177.37105,10769.825,10769.825,90900408.52996
2020-09-17 00:00:00+00:00,10950.15,11054.0,10739.23,10940.47,52.09892,-140.47162,10740.0195,10740.0195,60453945.55171
2020-09-18 00:00:00+00:00,10947.35,11040.18,10816.54,10931.2,51.9057,-110.70048,10712.994,10712.994,48085522.32334
2020-09-19 00:00:00+00:00,10935.49,11183.01,10890.53,11077.22,54.75229,-74.46564,10681.4065,10681.4065,24960870.72255
2020-09-20 00:00:00+00:00,11070.84,11079.25,10755.9,10923.5,51.30935,-57.49048,10644.8315,10644.8315,35501566.11504
2020-09-21 00:00:00+00:00,10921.53,10996.98,10286.56,10411.29,41.86305,-84.39575,10569.198,10569.198,103571734.16543
2020-09-22 00:00:00+00:00,10418.83,10573.05,10353.39,10534.31,44.50562,-94.70004,10525.9915,10525.9915,50570993.3319
2020-09-23 00:00:00+00:00,10525.72,10541.39,10138.3,10233.42,39.74686,-125.69662,10529.6625,10529.6625,58446752.42644
2020-09-24 00:00:00+00:00,10236.86,10795.53,10193.2,10744.02,49.59606,-107.81762,10544.0475,10544.0475,72027037.84242
2020-09-25 00:00:00+00:00,10738.46,10762.65,10553.14,10689.81,48.68613,-96.90562,10570.1785,10570.1785,67845271.47553
2020-09-26 00:00:00+00:00,10694.23,10830.0,10655.29,10729.09,49.4104,-84.11854,10593.6245,10593.6245,27362573.1484
2020-09-27 00:00:00+00:00,10731.09,10807.14,10593.58,10780.66,50.40022,-69.02771,10613.8005,10613.8005,24653877.64326
2020-09-28 00:00:00+00:00,10779.99,10950.0,10628.52,10689.48,48.59001,-63.69139,10642.0765,10642.0765,53357294.38858
2020-09-29 00:00:00+00:00,10681.41,10865.0,10636.66,10836.42,51.60654,-47.06298,10672.2575,10672.2575,43664181.13547
2020-09-30 00:00:00+00:00,10840.0,10847.5,10658.56,10778.22,50.34647,-38.14142,10694.039,10694.039,46396170.42263
2020-10-01 00:00:00+00:00,10780.83,10940.22,10437.08,10622.71,47.04131,-43.1223,10705.5225,10705.5225,92187566.46575
2020-10-02 00:00:00+00:00,10611.17,10667.53,10380.0,10578.54,46.11529,-50.0568,10712.283,10712.283,88155824.33839
2020-10-03 00:00:00+00:00,10571.6,10605.79,10500.0,10553.66,45.57111,-56.9041,10723.227,10723.227,11976269.70817
2020-10-04 00:00:00+00:00,10543.17,10699.88,10524.81,10669.63,48.61488,-52.36914,10722.951,10722.951,11286071.11202
2020-10-05 00:00:00+00:00,10666.16,10805.82,10620.71,10795.0,51.75582,-38.21829,10723.5095,10723.5095,39056475.07757
2020-10-06 00:00:00+00:00,10797.36,10801.86,10525.0,10606.33,47.09081,-41.7465,10706.249,10706.249,50917756.84531
2020-10-07 00:00:00+00:00,10602.31,10682.56,10547.71,10669.14,48.74705,-39.02454,10692.6825,10692.6825,59323076.46281
2020-10-08 00:00:00+00:00,10669.1,10957.0,10535.06,10925.2,54.93979,-16.02079,10692.3825,10692.3825,76138165.10764
2020-10-09 00:00:00+00:00,10927.02,11118.49,10826.4,11052.0,57.66751,12.29977,10691.1215,10691.1215,59187213.18902
2020-10-10 00:00:00+00:00,11060.46,11496.06,11059.62,11301.2,62.47522,54.22727,10710.0065,10710.0065,36959108.49883
2020-10-11 00:00:00+00:00,11300.97,11447.44,11272.11,11372.93,63.75135,92.18053,10758.0885,10758.0885,24766270.77452
2020-10-12 00:00:00+00:00,11372.48,11731.7,11175.99,11535.98,66.53711,133.87234,10808.172,10808.172,81769653.96643
2020-10-13 00:00:00+00:00,11539.42,11567.4,11314.53,11427.98,63.07911,156.39586,10867.9,10867.9,58259394.34123
2020-10-14 00:00:00+00:00,11440.28,11555.1,11287.42,11428.84,63.09555,172.32882,10902.141,10902.141,43295311.80712
2020-10-15 00:00:00+00:00,11430.49,11623.6,11250.01,11511.11,64.71492,189.41089,10943.206,10943.206,55994983.70821
2020-10-16 00:00:00+00:00,11506.53,11548.65,11200.0,11321.86,58.36987,185.53888,10972.8445,10972.8445,48788436.33521
2020-10-17 00:00:00+00:00,11331.88,11415.48,11264.01,11365.8,59.36603,183.89604,11002.1015,11002.1015,12779935.09507
2020-10-18 00:00:00+00:00,11363.4,11526.34,11352.79,11519.97,62.73535,192.81169,11043.626,11043.626,12063351.90895
2020-10-19 00:00:00+00:00,11518.58,11840.0,11409.94,11764.14,67.35256,217.07756,11090.012,11090.012,64231427.831
2020-10-20 00:00:00+00:00,11759.2,12059.94,11680.0,11921.11,69.93184,246.13728,11147.1565,11147.1565,69855765.32592
2020-10-21 00:00:00+00:00,11921.33,13235.0,11899.1,12802.67,79.65378,336.42376,11256.1545,11256.1545,257251920.19719
2020-10-22 00:00:00+00:00,12802.63,13208.25,12686.73,12983.26,81.00845,417.73318,11376.3905,11376.3905,120453002.02324
2020-10-23 00:00:00+00:00,12983.26,13037.26,12729.82,12941.59,79.68999,473.35255,11495.787,11495.787,64661333.35439
2020-10-24 00:00:00+00:00,12940.03,13182.83,12887.38,13122.73,81.1279,525.98456,11618.442,11618.442,37016902.97981
2020-10-25 00:00:00+00:00,13115.18,13363.53,12903.74,13039.09,78.3689,554.5542,11730.6465,11730.6465,47704851.29754
2020-10-26 00:00:00+00:00,13041.12,13250.0,12773.5,13066.73,78.62757,572.82302,11853.6665,11853.6665,74809586.66465
2020-10-27 00:00:00+00:00,13065.1,13788.0,13057.09,13647.9,83.18163,626.96944,12002.6045,12002.6045,153439989.24618
2020-10-28 00:00:00+00:00,13642.31,13864.89,12892.0,13274.73,72.49929,632.47835,12120.081,12120.081,141652846.67303
2020-10-29 00:00:00+00:00,13275.82,13650.0,12993.0,13468.44,74.34134,645.03936,12240.903,12240.903,119801193.91645
2020-10-30 00:00:00+00:00,13456.14,13675.56,13129.26,13562.13,75.20636,655.00359,12353.9495,12353.9495,121803115.0926
2020-10-31 00:00:00+00:00,13569.42,14100.0,13420.97,13816.08,77.42766,675.604,12476.107,12476.107,87557927.68026
2020-11-01 00:00:00+00:00,13799.44,13907.47,13629.31,13762.0,75.86882,679.73067,12587.408,12587.408,34874088.98562
2020-11-02 00:00:00+00:00,13762.0,13842.5,13220.0,13563.72,70.28183,659.40038,12694.195,12694.195,95833257.97184
2020-11-03 00:00:00+00:00,13578.82,14083.76,13287.7,14041.58,75.05036,674.07745,12824.832,12824.832,101462580.50905
2020-11-04 00:00:00+00:00,14041.58,14277.5,13520.87,14160.59,76.07979,687.38846,12957.306,12957.306,154723234.09785
2020-11-05 00:00:00+00:00,14168.49,15770.58,14100.0,15605.04,84.46039,805.2106,13171.465,13171.465,287485907.0876
2020-11-06 00:00:00+00:00,15608.32,15968.98,15196.01,15598.09,84.30733,887.79079,13383.0795,13383.0795,210253940.47418
2020-11-07 00:00:00+00:00,15603.28,15778.6,14351.0,14838.97,69.49417,881.81652,13549.0295,13549.0295,162248173.06528
2020-11-08 00:00:00+00:00,14829.32,15664.9,14727.19,15489.15,73.74861,918.95284,13735.28,13735.28,78165982.5253
2020-11-09 00:00:00+00:00,15484.68,15854.48,14824.66,15332.04,71.16584,925.04286,13905.8265,13905.8265,221794510.10324
2020-11-10 00:00:00+00:00,15349.32,15482.76,15092.47,15313.65,70.85305,917.80543,14031.3755,14031.3755,137309562.69852
2020-11-11 00:00:00+00:00,15314.94,15991.01,15290.85,15707.89,73.53818,933.12511,14167.607,14167.607,157287253.72346
2020-11-12 00:00:00+00:00,15702.0,16369.99,15481.0,16300.0,76.96978,981.72765,14335.5275,14335.5275,265061980.37483
2020-11-13 00:00:00+00:00,16300.0,16494.52,15970.33,16335.58,77.16144,1011.45707,14496.17,14496.17,128123616.63563
2020-11-14 00:00:00+00:00,16339.06,16341.89,15715.1,16086.34,72.60329,1003.34038,14648.5325,14648.5325,81176927.12739
2020-11-15 00:00:00+00:00,16092.8,16170.0,15786.46,15975.49,70.60559,976.70434,14793.9705,14793.9705,51532223.24492
2020-11-16 00:00:00+00:00,15975.49,16894.93,15875.5,16724.62,75.50983,1004.46477,14947.8065,14947.8065,125630576.25221
2020-11-17 00:00:00+00:00,16727.85,17868.0,16570.0,17680.63,80.07789,1091.03041,15168.1015,15168.1015,173707566.78807
2020-11-18 00:00:00+00:00,17681.77,18483.0,17041.47,17785.95,80.50922,1154.82069,15383.977,15383.977,279558152.04216
2020-11-19 00:00:00+00:00,17792.96,18189.97,17346.62,17825.47,80.67826,1194.79108,15597.144,15597.144,187286802.58516
2020-11-20 00:00:00+00:00,17822.37,18824.88,17755.81,18687.65,83.94898,1281.26895,15840.7225,15840.7225,187250505.53107
2020-11-21 00:00:00+00:00,18685.08,18977.0,18333.45,18725.0,84.07475,1337.40039,16088.8725,16088.8725,111179787.92311
2020-11-22 00:00:00+00:00,18726.43,18770.55,17600.0,18435.2,78.90851,1343.01904,16332.4465,16332.4465,118302692.06271
2020-11-23 00:00:00+00:00,18432.6,18786.31,18001.95,18383.35,77.98518,1327.97988,16549.535,16549.535,173025693.62943
2020-11-24 00:00:00+00:00,18386.92,19442.13,18068.56,19160.85,81.48396,1363.08617,16799.548,16799.548,254127118.56008
2020-11-25 00:00:00+00:00,19175.13,19490.0,18470.91,18732.43,74.46153,1340.8814,16955.9175,16955.9175,167891694.00842
2020-11-26 00:00:00+00:00,18727.24,18911.04,16218.0,17160.09,55.54239,1182.77497,17034.0175,17034.0175,367654697.56279
2020-11-27 00:00:00+00:00,17168.31,17471.89,16435.47,17154.39,55.48735,1044.9688,17149.7885,17149.7885,153786231.77875
2020-11-28 00:00:00+00:00,17160.38,17896.03,16875.01,17741.79,59.89762,971.95064,17262.4205,17262.4205,79332804.73994
2020-11-29 00:00:00+00:00,17724.41,18352.47,17534.87,18192.03,62.92946,939.5829,17405.42,17405.42,67968319.87642
2020-11-30 00:00:00+00:00,18196.75,19864.15,18196.75,19700.19,70.87308,1023.82512,17624.747,17624.747,209071633.62978
2020-12-01 00:00:00+00:00,19703.53,19918.01,18100.0,18771.43,62.05441,1004.07023,17777.924,17777.924,221495167.07987
2020-12-02 00:00:00+00:00,18773.21,19346.9,18334.0,19226.55,64.39255,1013.45622,17924.2515,17924.2515,129766984.78873
2020-12-03 00:00:00+00:00,19220.09,19621.0,18881.62,19448.4,65.50824,1026.95799,18079.8925,18079.8925,120512498.21379
2020-12-04 00:00:00+00:00,19439.94,19552.5,18573.89,18673.76,58.60346,964.03843,18209.2635,18209.2635,116929422.18221
2020-12-05 00:00:00+00:00,18650.08,19185.17,18500.0,19162.16,61.36823,942.71697,18368.597,18368.597,45543150.68615
2020-12-06 00:00:00+00:00,19162.17,19418.39,18870.62,19380.58,62.57213,932.69273,18501.395,18501.395,48518395.61847
2020-12-07 00:00:00+00:00,19385.13,19431.0,18905.0,19173.5,60.64259,897.6908,18576.0385,18576.0385,82892225.80665
2020-12-08 00:00:00+00:00,19183.13,19300.55,18163.52,18316.43,53.31463,791.66728,18602.5625,18602.5625,109531632.90526
2020-12-09 00:00:00+00:00,18311.31,18654.92,17640.33,18556.64,54.95744,718.74063,18639.121,18639.121,165282976.45441
2020-12-10 00:00:00+00:00,18546.38,18562.13,17908.0,18250.3,52.42387,628.97621,18617.2535,18617.2535,123818348.05543
2020-12-11 00:00:00+00:00,18250.3,18290.43,17569.58,18040.02,50.6962,534.70566,18583.0045,18583.0045,120650258.79543
2020-12-12 00:00:00+00:00,18031.23,18956.46,18022.55,18815.63,56.4033,516.62548,18602.026,18602.026,66143093.02785
2020-12-13 00:00:00+00:00,18806.83,19416.64,18628.1,19162.36,58.70458,524.232,18640.9765,18640.9765,81477611.41819
2020-12-14 00:00:00+00:00,19151.82,19346.9,18979.21,19274.33,59.44899,533.14946,18646.6505,18646.6505,69741790.52306
2020-12-15 00:00:00+00:00,19274.33,19567.84,19050.0,19434.87,60.54713,546.8669,18681.7725,18681.7725,131200379.99486
2020-12-16 00:00:00+00:00,19434.55,21576.76,19277.66,21365.7,70.79192,705.4084,18892.053,18892.053,319943277.92615
2020-12-17 00:00:00+00:00,21358.96,23777.0,21244.04,22814.24,75.857,937.13604,19175.0455,19175.0455,516210793.79658
2020-12-18 00:00:00+00:00,22829.89,23284.68,22360.93,23136.14,76.81903,1133.68805,19444.763,19444.763,262834391.34011
2020-12-19 00:00:00+00:00,23142.05,24217.38,22719.78,23842.99,78.81527,1331.14916,19727.311,19727.311,206767308.06774
2020-12-20 00:00:00+00:00,23842.38,24298.04,23092.77,23470.85,75.14623,1440.99899,19915.844,19915.844,119606574.73116
2020-12-21 00:00:00+00:00,23470.85,24123.83,21864.86,22732.01,68.34372,1451.70322,20113.873,20113.873,288131136.87305
2020-12-22 00:00:00+00:00,22750.07,23843.21,22383.59,23835.1,72.36583,1531.54189,20344.3005,20344.3005,223277908.79755
2020-12-23 00:00:00+00:00,23819.08,24096.9,22624.92,23247.71,67.45127,1529.78276,20534.266,20534.266,268324356.77356
2020-12-24 00:00:00+00:00,23215.0,23779.14,22700.1,23726.28,69.2817,1549.14763,20786.892,20786.892,170484759.17024
2020-12-25 00:00:00+00:00,23747.22,24777.0,23403.82,24705.15,72.6675,1624.75193,21064.0415,21064.0415,159823272.15169
2020-12-26 00:00:00+00:00,24714.01,26809.5,24485.32,26466.28,77.47738,1805.95937,21418.3265,21418.3265,198271126.83243
2020-12-27 00:00:00+00:00,26472.89,28377.94,25770.0,26259.6,75.79172,1910.86299,21772.6315,21772.6315,347528320.49231
2020-12-28 00:00:00+00:00,26242.82,27473.49,26079.6,27037.91,77.75451,2033.36363,22208.7055,22208.7055,215972812.13515
2020-12-29 00:00:00+00:00,27037.9,27395.0,25831.85,27370.0,78.55353,2132.65918,22649.3735,22649.3735,262130106.84492
2020-12-30 00:00:00+00:00,27370.0,29010.32,27328.37,28881.3,81.7637,2306.71058,23180.9235,23180.9235,339116524.30245
2020-12-31 00:00:00+00:00,28893.21,29300.0,27930.75,28992.79,81.97801,2425.68213,23728.562,23728.562,274784287.87735
2021-01-01 00:00:00+00:00,28999.63,29700.0,28720.0,29402.64,82.7792,2523.94494,24257.9125,24257.9125,258198270.37313
2021-01-02 00:00:00+00:00,29410.77,33333.0,29050.0,32216.53,87.03936,2796.63843,24910.621,24910.621,575641056.56989
2021-01-03 00:00:00+00:00,32216.51,34800.0,31977.45,33097.83,88.03751,3048.71978,25601.796,25601.796,468684511.90993
2021-01-04 00:00:00+00:00,33068.83,33669.76,27734.0,32005.88,79.83364,3124.36905,26230.3465,26230.3465,718434068.18259
2021-01-05 00:00:00+00:00,32054.23,34500.0,29936.26,34039.05,83.00859,3310.22327,26864.014,26864.014,503999074.93307
2021-01-06 00:00:00+00:00,34081.24,37050.83,33348.27,36849.94,86.23512,3642.34275,27565.799,27565.799,708229605.57891
2021-01-07 00:00:00+00:00,36875.96,40402.46,36327.5,39510.49,88.46739,4073.27975,28384.5165,28384.5165,912781660.46096
2021-01-08 00:00:00+00:00,39510.59,42000.0,36618.36,40667.07,89.28117,4456.7521,29225.7205,29225.7205,902156318.38196
2021-01-09 00:00:00+00:00,40682.76,41422.77,38788.16,40239.06,86.83909,4672.26096,30064.131,30064.131,343474472.16738
2021-01-10 00:00:00+00:00,40239.06,41450.0,34322.07,38173.73,76.03181,4623.10612,30836.217,30836.217,619139627.81681
2021-01-11 00:00:00+00:00,38164.88,38261.39,30261.13,35455.58,64.63156,4315.07705,31417.241,31417.241,1446125474.07654
2021-01-12 00:00:00+00:00,35449.71,36639.23,32479.91,34035.02,59.60178,3911.24803,31956.6065,31956.6065,621747472.26562
2021-01-13 00:00:00+00:00,34035.02,37800.0,32327.76,37393.49,66.28254,3818.19729,32639.967,32639.967,510884350.82891
2021-01-14 00:00:00+00:00,37393.49,40112.78,36717.23,39134.35,69.1321,3840.65409,33361.427,33361.427,427484257.46353
2021-01-15 00:00:00+00:00,39147.98,39694.0,34380.0,36756.57,61.48832,3624.79985,33875.9415,33875.9415,496181248.87517
2021-01-16 00:00:00+00:00,36778.66,37944.12,35350.0,36000.0,59.24375,3354.02186,34362.9615,34362.9615,276788977.13304
2021-01-17 00:00:00+00:00,36013.51,36839.0,33833.55,35819.25,58.69252,3089.23259,34802.0285,34802.0285,244348627.59651
2021-01-18 00:00:00+00:00,35826.36,37449.86,34777.85,36616.95,60.44187,2910.20587,35264.376,35264.376,228900410.30172
2021-01-19 00:00:00+00:00,36665.82,37874.71,35888.0,35917.62,58.11813,2680.99102,35616.192,35616.192,236296930.67604
2021-01-20 00:00:00+00:00,35888.13,36440.1,33400.0,35496.91,56.70572,2437.29322,35941.398,35941.398,431659021.58854
2021-01-21 00:00:00+00:00,35516.17,35620.96,30044.16,30818.18,43.92192,1845.35445,36012.175,36012.175,653796632.92755
2021-01-22 00:00:00+00:00,30817.86,33864.85,28800.0,32992.06,49.60652,1533.97001,36050.9515,36050.9515,561511118.3838
2021-01-23 00:00:00+00:00,32989.1,33468.46,31426.11,32117.49,47.51952,1202.76043,36001.9345,36001.9345,168801365.35353
2021-01-24 00:00:00+00:00,32098.38,33075.75,30960.77,32288.83,47.98125,943.22722,36016.082,36016.082,150424283.12133
2021-01-25 00:00:00+00:00,32289.06,34888.0,31939.12,32261.22,47.9081,726.9377,35927.1905,35927.1905,323862498.77194
2021-01-26 00:00:00+00:00,32264.15,32953.28,30847.4,32504.53,48.65101,568.60526,35709.92,35709.92,375586951.60991
2021-01-27 00:00:00+00:00,32521.65,32580.12,29150.49,30424.62,43.00487,272.15704,35255.6265,35255.6265,681624261.78464
2021-01-28 00:00:00+00:00,30427.34,33870.58,29899.99,33484.87,51.85773,280.91805,34896.5165,34896.5165,598687944.01256
2021-01-29 00:00:00+00:00,33488.66,38620.0,31990.0,34249.64,53.78945,345.58803,34597.0455,34597.0455,1076795633.65781
2021-01-30 00:00:00+00:00,34265.71,34931.39,32860.0,34323.0,53.98021,398.16915,34404.509,34404.509,249915567.9251
2021-01-31 00:00:00+00:00,34300.19,34380.21,32193.7,33141.38,50.37327,340.56736,34288.799,34288.799,157425636.56245
2021-02-01 00:00:00+00:00,33110.32,34736.1,32333.01,33532.74,51.52851,322.77625,34263.685,34263.685,280805063.39447
2021-02-02 00:00:00+00:00,33497.16,36008.67,33431.67,35522.16,57.00733,463.85915,34170.1185,34170.1185,256678333.36783
2021-02-03 00:00:00+00:00,35496.91,37732.87,35382.45,37691.63,62.04553,742.17117,34097.9825,34097.9825,330831983.17051
2021-02-04 00:00:00+00:00,37693.0,38748.52,36197.65,36996.32,59.63351,896.29779,34109.97,34109.97,435180399.76743
2021-02-05 00:00:00+00:00,36984.28,38359.69,36618.36,38320.0,62.61325,1112.43075,34225.97,34225.97,199722877.4541
2021-02-06 00:00:00+00:00,38320.0,41025.48,38230.81,39282.1,64.65546,1345.83713,34399.1125,34399.1125,339226867.82172
2021-02-07 00:00:00+00:00,39274.8,39727.44,37412.93,38858.39,63.02273,1479.56798,34511.1845,34511.1845,232110495.73397
2021-02-08 00:00:00+00:00,38870.36,46712.12,38050.97,46416.45,75.10122,2170.40385,35036.126,35036.126,884405737.00203
2021-02-09 00:00:00+00:00,46445.51,48216.09,45000.0,46505.2,75.20365,2694.00285,35586.5405,35586.5405,581551361.90562
2021-02-10 00:00:00+00:00,46493.9,47364.09,43746.06,44854.63,69.47918,2941.8597,36288.363,36288.363,425371211.50761
2021-02-11 00:00:00+00:00,44854.63,48696.84,44040.96,47981.48,73.58177,3351.95939,37037.834,37037.834,450585267.11343
2021-02-12 00:00:00+00:00,48044.88,49000.0,46231.16,47395.84,71.63944,3588.34589,37801.7515,37801.7515,282959606.02594
2021-02-13 00:00:00+00:00,47424.25,48220.0,46133.0,47228.48,71.06215,3719.3055,38548.734,38548.734,201744582.77273
2021-02-14 00:00:00+00:00,47258.66,49714.66,47081.02,48662.5,73.065,3893.91869,39368.798,39368.798,253127430.65451
2021-02-15 00:00:00+00:00,48620.48,49048.82,45914.75,47942.57,70.42953,3928.91844,40140.7,40140.7,331970371.74897
2021-02-16 00:00:00+00:00,47954.05,50602.53,47036.02,49166.53,72.2614,4009.20374,41077.7955,41077.7955,411822596.26982
2021-02-17 00:00:00+00:00,49136.7,52640.0,48896.19,52174.28,76.16844,4266.35086,42012.266,42012.266,499393841.18247
2021-02-18 00:00:00+00:00,52141.23,52566.98,50869.61,51579.54,73.95038,4371.75638,42878.761,42878.761,326505859.88493
2021-02-19 00:00:00+00:00,51560.46,56399.99,50627.32,55988.58,78.86419,4756.23675,43962.04,43962.04,516762416.1162
2021-02-20 00:00:00+00:00,56000.59,57553.81,54000.0,55936.04,78.67374,4999.07446,45101.773,45101.773,290154249.36154
2021-02-21 00:00:00+00:00,55919.75,58354.14,55537.99,57492.91,80.19962,5256.55717,46299.7815,46299.7815,204845485.3499
2021-02-22 00:00:00+00:00,57485.74,57564.19,47400.0,54173.65,68.8836,5133.60058,47232.356,47232.356,921105509.36745
2021-02-23 00:00:00+00:00,54173.64,54196.58,44845.72,48887.93,55.463,4557.11162,47792.171,47792.171,868562429.058
2021-02-24 00:00:00+00:00,48927.33,51459.51,47000.0,49754.0,56.94324,4122.60179,48430.055,48430.055,436559842.95063
2021-02-25 00:00:00+00:00,49715.13,52079.16,46723.0,47088.58,51.29301,3522.56655,48868.484,48868.484,372974183.49401
2021-02-26 00:00:00+00:00,47070.18,48476.62,44151.97,46314.83,49.74977,2950.58662,49220.1205,49220.1205,376364840.96787
2021-02-27 00:00:00+00:00,46324.15,48365.31,45050.0,46109.98,49.32663,2452.48796,49582.7,49582.7,141629955.94564
2021-02-28 00:00:00+00:00,46142.1,46659.88,43021.0,45240.96,47.48166,1964.96761,49523.9255,49523.9255,301708257.64011
2021-03-01 00:00:00+00:00,45261.56,49831.52,45020.25,49629.33,56.35865,1910.68383,49680.132,49680.132,422482547.34919
2021-03-02 00:00:00+00:00,49641.89,50250.0,47069.52,48516.35,53.8716,1757.5949,49863.218,49863.218,239951620.78261
2021-03-03 00:00:00+00:00,48438.0,52652.82,48168.45,50379.68,57.27123,1766.26556,49983.128,49983.128,309909954.26706
2021-03-04 00:00:00+00:00,50376.05,51817.54,47500.0,48360.5,52.73561,1591.85625,50031.361,50031.361,272831183.68997
2021-03-05 00:00:00+00:00,48353.09,49471.24,46294.0,48739.21,53.47976,1467.28045,50106.8975,50106.8975,254381971.12742
2021-03-06 00:00:00+00:00,48774.67,49200.0,47082.29,48904.63,53.82176,1366.15308,50119.004,50119.004,104707761.54836
2021-03-07 00:00:00+00:00,48933.12,51477.53,48933.12,50967.3,57.97093,1435.89701,50270.2405,50270.2405,143648782.12699
2021-03-08 00:00:00+00:00,50952.55,52427.8,49316.98,52427.8,60.66588,1590.68332,50433.304,50433.304,231707867.2379
2021-03-09 00:00:00+00:00,52427.8,54939.26,51857.0,54929.02,64.82558,1893.35472,50571.041,50571.041,298203730.64797
2021-03-10 00:00:00+00:00,54927.29,57402.89,53010.0,55852.29,66.24463,2182.56491,50784.6785,50784.6785,386289974.69929
2021-03-11 00:00:00+00:00,55918.09,58155.99,54269.0,57772.09,69.04144,2537.42799,50873.854,50873.854,383634856.82023
2021-03-12 00:00:00+00:00,57847.92,58098.5,55011.0,57271.04,67.4702,2746.56827,50940.604,50940.604,299659867.99042
2021-03-13 00:00:00+00:00,57297.67,61781.83,56080.96,61165.19,72.67504,3189.76913,51124.218,51124.218,378480042.40183
2021-03-14 00:00:00+00:00,61177.03,61700.0,58959.57,59016.39,66.36499,3329.24138,51366.355,51366.355,193226870.00299
2021-03-15 00:00:00+00:00,58956.9,60595.13,54555.0,55644.37,57.87311,3131.58139,51704.177,51704.177,429864668.91738
2021-03-16 00:00:00+00:00,55616.42,56950.0,53221.0,56908.34,59.94222,3041.86155,52061.894,52061.894,440085094.04134
2021-03-17 00:00:00+00:00,56928.38,58968.8,54124.0,58901.8,63.0266,3095.92559,52652.555,52652.555,343991048.96946
2021-03-18 00:00:00+00:00,58939.73,60083.25,57000.0,57648.05,59.90257,3002.98801,53219.216,53219.216,318013386.39777
2021-03-19 00:00:00+00:00,57648.01,59450.95,56279.34,58072.0,60.6135,2929.77095,53817.317,53817.317,204615665.95545
2021-03-20 00:00:00+00:00,58029.94,59957.0,57815.61,58138.39,60.73092,2844.31553,54462.1885,54462.1885,138540623.43339
2021-03-21 00:00:00+00:00,58072.87,58632.52,55500.0,57381.79,58.58734,2684.59386,54849.8115,54849.8115,208226913.83079
2021-03-22 00:00:00+00:00,57410.54,58461.78,53715.0,54070.92,50.23191,2264.74716,55127.54,55127.54,355081945.30388
2021-03-23 00:00:00+00:00,54117.71,55866.44,52933.03,54361.57,50.89399,1933.18411,55326.6345,55326.6345,271615608.56957
2021-03-24 00:00:00+00:00,54360.07,57207.33,51638.76,52287.52,46.1735,1485.93061,55522.9855,55522.9855,359087907.61172
2021-03-25 00:00:00+00:00,52281.77,53271.59,50360.0,51326.11,44.1302,1041.89097,55652.3305,55652.3305,342992755.96613
2021-03-26 00:00:00+00:00,51292.65,55114.86,51263.38,55081.37,52.89806,981.68817,55961.1675,55961.1675,268480429.13602
2021-03-27 00:00:00+00:00,55081.26,56686.15,53948.35,55839.42,54.45198,983.80462,56204.7735,56204.7735,145739075.86423
2021-03-28 00:00:00+00:00,55817.85,56573.04,54677.51,55790.92,54.32848,970.38242,56372.9295,56372.9295,115679637.96146
2021-03-29 00:00:00+00:00,55790.28,58402.68,54892.42,57600.1,58.14208,1093.13001,56506.4835,56506.4835,308761054.24231
2021-03-30 00:00:00+00:00,57623.66,59388.66,57011.0,58760.59,60.42482,1269.41715,56651.8985,56651.8985,199335818.74163
2021-03-31 00:00:00+00:00,58767.75,59816.17,56713.45,58782.58,60.46881,1394.82176,56702.423,56702.423,270120798.91943
2021-04-01 00:00:00+00:00,58789.96,59490.0,57935.42,58728.53,60.2914,1472.86614,56775.2975,56775.2975,163651800.58739
2021-04-02 00:00:00+00:00,58744.0,60103.04,58450.0,59003.6,60.9198,1539.17014,56667.218,56667.218,151320633.78137
2021-04-03 00:00:00+00:00,58967.61,59801.39,56922.0,57064.42,54.38561,1418.88489,56569.6195,56569.6195,94913443.86602
2021-04-04 00:00:00+00:00,57064.13,58501.0,56466.25,58212.18,57.3046,1400.03388,56698.01,56698.01,83862318.81142
2021-04-05 00:00:00+00:00,58213.69,59280.0,56800.0,59125.0,59.52308,1442.12732,56808.843,56808.843,142044095.61456
2021-04-06 00:00:00+00:00,59135.36,59473.9,57216.0,58018.3,55.74142,1370.38825,56764.668,56764.668,157310693.72575
2021-04-07 00:00:00+00:00,58024.9,58668.0,55441.93,55932.83,49.37542,1132.20319,56678.907,56678.907,305089906.58806
2021-04-08 00:00:00+00:00,55912.38,58145.49,55680.4,58096.6,55.10448,1105.29679,56680.137,56680.137,266477883.33785
2021-04-09 00:00:00+00:00,58066.18,58890.25,57657.43,58109.56,55.13723,1072.65416,56678.6955,56678.6955,154609090.20303
2021-04-10 00:00:00+00:00,58129.02,61222.22,57870.0,59766.93,59.23262,1167.06731,56797.9525,56797.9525,234163892.22547
2021-04-11 00:00:00+00:00,59773.19,60679.0,59165.15,59979.26,59.73969,1244.67583,57093.3695,57093.3695,109325423.75807
2021-04-12 00:00:00+00:00,59972.26,61234.56,59361.11,59831.66,59.18856,1279.52152,57366.874,57366.874,221822077.43161
2021-04-13 00:00:00+00:00,59814.87,63769.0,59780.0,63564.48,67.38368,1590.01565,57930.722,57930.722,363050229.10363
2021-04-14 00:00:00+00:00,63605.69,64895.22,61327.0,62986.09,65.19903,1769.02107,58513.721,58513.721,378098792.96234
2021-04-15 00:00:00+00:00,62954.2,63855.37,61998.9,63239.19,65.72274,1909.29801,58921.612,58921.612,217128555.48257
2021-04-16 00:00:00+00:00,63247.24,63580.4,60042.04,61436.24,58.92064,1853.61815,59201.453,59201.453,355028768.87335
2021-04-17 00:00:00+00:00,61436.23,62596.48,59676.67,60032.29,54.2152,1676.87446,59413.5215,59413.5215,185588843.4609
2021-04-18 00:00:00+00:00,60048.82,60433.81,51541.16,56280.6,44.08375,1220.01026,59347.5465,59347.5465,724323407.48378
2021-04-19 00:00:00+00:00,56260.83,57633.0,54252.88,55694.55,42.74012,801.41455,59194.2445,59194.2445,322540453.51499
2021-04-20 00:00:00+00:00,55694.55,57119.0,53400.0,56503.19,45.22107,528.82891,59080.275,59080.275,331328086.18072
2021-04-21 00:00:00+00:00,56493.02,56850.0,53628.79,53806.24,39.13137,94.09681,58834.1605,58834.1605,246338799.6172
2021-04-22 00:00:00+00:00,53823.48,55491.8,50450.01,51683.95,35.12304,-416.87708,58468.178,58468.178,405148227.88588
2021-04-23 00:00:00+00:00,51693.98,52131.34,47555.0,51176.65,34.2207,-852.93038,58173.7895,58173.7895,596173130.65112
2021-04-24 00:00:00+00:00,51177.77,51227.38,48713.34,50118.94,32.35432,-1269.22331,57769.1275,57769.1275,172666593.7027
2021-04-25 00:00:00+00:00,50126.34,50608.94,47004.2,49128.43,30.66751,-1659.9297,57269.299,57269.299,204739573.459
2021-04-26 00:00:00+00:00,49122.75,54404.78,48823.01,54073.41,45.8467,-1552.65077,57072.0545,57072.0545,326970924.06822
2021-04-27 00:00:00+00:00,54015.32,55519.37,53325.75,55091.39,48.35346,-1369.69993,57029.9825,57029.9825,226487602.61129
2021-04-28 00:00:00+00:00,55094.73,56500.0,53811.49,54901.97,47.90906,-1225.86368,56870.251,56870.251,249392743.35968
2021-04-29 00:00:00+00:00,54898.45,55239.33,52379.9,53593.97,44.84412,-1203.54339,56644.4715,56644.4715,223630310.25358
2021-04-30 00:00:00+00:00,53585.93,58008.0,53087.15,57775.27,54.79907,-838.78939,56544.8885,56544.8885,277851791.25151
2021-05-01 00:00:00+00:00,57790.66,58549.0,57049.63,57851.91,54.95954,-537.34088,56438.521,56438.521,130083227.60556
2021-05-02 00:00:00+00:00,57893.01,57967.01,56064.51,56622.66,51.78414,-393.09955,56278.071,56278.071,106851731.11801
2021-05-03 00:00:00+00:00,56599.91,59000.0,56500.0,57222.37,53.20465,-227.77009,55960.9655,55960.9655,208090141.69994
2021-05-04 00:00:00+00:00,57227.64,57250.85,53080.69,53236.84,43.93976,-413.57681,55473.503,55473.503,305962448.44591
2021-05-05 00:00:00+00:00,53221.75,57976.62,52924.5,57509.93,53.32446,-213.56546,55187.04,55187.04,316566738.42186
2021-05-06 00:00:00+00:00,57517.08,58420.83,55283.0,56447.39,51.03657,-139.18865,54937.5975,54937.5975,290378536.07187
2021-05-07 00:00:00+00:00,56425.82,58743.85,55288.11,57381.73,52.94831,-4.79578,54805.0695,54805.0695,242994959.696
2021-05-08 00:00:00+00:00,57371.02,59564.24,56977.5,58984.75,56.11422,228.42867,54940.277,54940.277,172765946.60987
2021-05-09 00:00:00+00:00,58964.89,59300.62,56256.0,58305.24,54.44198,354.34528,55070.8115,55070.8115,150988743.24752
2021-05-10 00:00:00+00:00,58336.16,59603.0,53500.0,55880.72,48.84839,255.55076,55039.688,55039.688,368221932.9875
2021-05-11 00:00:00+00:00,55854.43,56972.33,54500.0,56763.7,50.82977,245.67255,55187.561,55187.561,238587428.09846
2021-05-12 00:00:00+00:00,56763.7,58021.26,48530.0,49386.56,37.69292,-353.35628,55072.6915,55072.6915,314461715.40806
2021-05-13 00:00:00+00:00,49419.44,51420.72,45700.0,49694.96,38.40955,-794.0523,54998.607,54998.607,452044420.79504
2021-05-14 00:00:00+00:00,49711.64,51572.0,48875.69,49880.43,38.86495,-1115.48261,54986.6815,54986.6815,200074490.12676
2021-05-15 00:00:00+00:00,49883.89,50710.93,46448.53,46708.89,34.20717,-1607.60376,54865.7045,54865.7045,168802583.09597
2021-05-16 00:00:00+00:00,46753.4,49800.0,43769.4,46444.75,33.84338,-1995.91949,54484.2715,54484.2715,267061179.65523
2021-05-17 00:00:00+00:00,46446.42,46648.5,42100.0,43593.39,30.11965,-2504.86885,53909.3715,53909.3715,534573652.29555
2021-05-18 00:00:00+00:00,43581.27,45872.05,42023.69,42877.75,29.24978,-2932.16093,53308.1605,53308.1605,269097066.03458
2021-05-19 00:00:00+00:00,42900.85,43601.63,30066.0,36780.43,23.12248,-3719.91489,52467.4835,52467.4835,1194218778.4351
2021-05-20 00:00:00+00:00,36793.39,43000.0,35000.0,40640.9,32.73082,-3986.75112,51610.765,51610.765,597544388.97464
2021-05-21 00:00:00+00:00,40566.13,42297.89,33520.0,37335.16,29.34827,-4414.08354,50584.9275,50584.9275,489345990.95673
2021-05-22 00:00:00+00:00,37318.43,38887.99,35260.0,37500.54,29.73946,-4685.39249,49628.8215,49628.8215,214503299.61529
2021-05-23 00:00:00+00:00,37474.34,38311.74,31107.46,34706.79,27.01792,-5067.42495,48503.0425,48503.0425,325421000.39809
2021-05-24 00:00:00+00:00,34735.35,39960.0,34426.21,38839.86,36.30461,-4979.2861,47783.1935,47783.1935,396678607.44491
2021-05-25 00:00:00+00:00,38848.36,40000.0,36486.85,38397.72,35.78009,-4888.75788,46827.583,46827.583,221376189.80377
2021-05-26 00:00:00+00:00,38385.87,40904.0,37859.74,39309.56,37.7767,-4689.37949,45970.6915,45970.6915,165320790.0801
2021-05-27 00:00:00+00:00,39299.46,40429.47,37212.9,38503.47,36.6907,-4544.03461,45026.7785,45026.7785,158381644.69942
2021-05-28 00:00:00+00:00,38578.5,38905.12,34710.23,35692.46,33.11551,-4602.61666,43862.164,43862.164,220116135.78272
2021-05-29 00:00:00+00:00,35691.36,37348.01,33650.0,34632.08,31.85456,-4680.65152,42678.506,42678.506,154360985.59133
2021-05-30 00:00:00+00:00,34644.09,36516.99,33425.0,35677.72,34.50302,-4605.03631,41668.356,41668.356,106309607.88191
2021-05-31 00:00:00+00:00,35675.3,37540.96,34195.2,37341.41,38.59237,-4360.59856,40697.2415,40697.2415,163696986.89203
2021-06-01 00:00:00+00:00,37279.89,37927.44,35699.98,36693.3,37.6073,-4171.09516,40062.5785,40062.5785,159570152.89308
2021-06-02 00:00:00+00:00,36693.3,38256.3,35933.19,37589.36,39.89171,-3903.60942,39457.2985,39457.2985,160510454.3612
2021-06-03 00:00:00+00:00,37585.12,39490.0,37176.06,39219.88,43.91567,-3519.48526,38924.271,38924.271,159191254.70577
2021-06-04 00:00:00+00:00,39242.94,39277.36,35576.67,36887.32,39.80984,-3364.49836,38433.1925,38433.1925,213436897.7733
2021-06-05 00:00:00+00:00,36851.58,37927.93,34849.65,35532.14,37.60979,-3312.83354,37887.562,37887.562,145907360.6821
2021-06-06 00:00:00+00:00,35532.59,36510.58,35250.0,35808.85,38.35886,-3212.52859,37498.335,37498.335,90479425.18746
2021-06-07 00:00:00+00:00,35810.69,36808.3,33321.09,33582.62,34.74456,-3274.92307,37033.5785,37033.5785,164992762.92156
2021-06-08 00:00:00+00:00,33567.51,34085.61,31025.0,33411.69,34.47596,-3300.12201,36865.1415,36865.1415,302196990.83795
2021-06-09 00:00:00+00:00,33413.19,37556.25,32423.72,37400.0,45.13405,-2964.10077,36703.0965,36703.0965,319380566.59828
2021-06-10 00:00:00+00:00,37414.64,38446.24,35824.69,36707.54,43.80188,-2722.2963,36671.7155,36671.7155,211498746.77323
2021-06-11 00:00:00+00:00,36724.97,37680.65,35958.49,37341.11,45.39011,-2451.28385,36663.744,36663.744,139701700.218
2021-06-12 00:00:00+00:00,37338.91,37445.55,34630.0,35542.76,41.78073,-2354.47541,36705.5425,36705.5425,132501715.79189
2021-06-13 00:00:00+00:00,35563.66,39386.43,34783.9,39013.76,50.03864,-1974.90783,36714.2375,36714.2375,140524351.37747
2021-06-14 00:00:00+00:00,39035.52,41050.0,38758.4,40532.79,53.16927,-1533.84357,36820.991,36820.991,254597827.36887
2021-06-15 00:00:00+00:00,40544.19,41341.57,39526.47,40171.47,52.32932,-1199.62394,36864.0865,36864.0865,163851471.15055
2021-06-16 00:00:00+00:00,40166.93,40506.59,38095.41,38353.99,48.20418,-1069.0842,36856.6125,36856.6125,153742466.12884
2021-06-17 00:00:00+00:00,38361.38,39553.05,37350.0,38097.68,47.6339,-975.07255,36976.8735,36976.8735,135980244.01877
2021-06-18 00:00:00+00:00,38110.25,38208.68,35143.68,35840.0,42.8276,-1070.4046,37037.2695,37037.2695,151976110.44081
2021-06-19 00:00:00+00:00,35849.18,36440.0,34718.21,35507.06,42.15214,-1159.45592,37028.7365,37028.7365,111113475.75083
2021-06-20 00:00:00+00:00,35494.7,36125.0,33337.0,35589.77,42.3952,-1209.41435,36941.1545,36941.1545,140868513.52079
2021-06-21 00:00:00+00:00,35598.66,35763.8,31238.69,31634.16,34.85287,-1550.32031,36688.1975,36688.1975,271423061.09104
2021-06-22 00:00:00+00:00,31628.83,33315.85,28600.0,32545.26,37.60626,-1727.06406,36435.9925,36435.9925,318244376.40505
2021-06-23 00:00:00+00:00,32547.57,35000.0,31670.89,33652.28,40.87597,-1757.54758,36157.6125,36157.6125,197053661.26811
2021-06-24 00:00:00+00:00,33693.99,35289.0,32314.37,34649.32,43.73582,-1681.8657,36045.7125,36045.7125,163746698.38113
2021-06-25 00:00:00+00:00,34652.68,35517.22,31271.02,31597.75,37.72178,-1846.8343,35848.993,35848.993,161125254.31597
2021-06-26 00:00:00+00:00,31595.95,32714.46,30082.79,32269.38,39.68752,-1901.45933,35672.0195,35672.0195,106494118.96468
2021-06-27 00:00:00+00:00,32293.98,34772.94,32015.82,34699.5,46.29301,-1728.73195,35727.8635,35727.8635,113139987.17217
2021-06-28 00:00:00+00:00,34716.02,35357.13,33878.23,34487.11,45.82067,-1590.64637,35781.6345,35781.6345,116221344.01266
2021-06-29 00:00:00+00:00,34494.42,36623.79,34240.0,35907.93,49.53049,-1350.99087,35707.031,35707.031,114169544.94886
2021-06-30 00:00:00+00:00,35900.05,36099.82,34049.36,35037.23,47.38903,-1217.28823,35623.5155,35623.5155,118462465.15557
2021-07-01 00:00:00+00:00,35059.71,35071.34,32700.88,33564.21,43.92874,-1216.16909,35434.6705,35434.6705,104678824.96603
2021-07-02 00:00:00+00:00,33537.11,33981.51,32700.05,33811.56,44.65948,-1181.70117,35348.1105,35348.1105,70559275.84597
2021-07-03 00:00:00+00:00,33810.46,34959.72,33333.1,34688.3,47.28206,-1071.29034,35131.8375,35131.8375,43169482.64567
2021-07-04 00:00:00+00:00,34672.08,35960.0,34404.29,35289.21,49.06375,-924.64184,34869.6585,34869.6585,42488339.9493
2021-07-05 00:00:00+00:00,35255.0,35258.7,33143.0,33704.21,44.76612,-925.64782,34546.2955,34546.2955,75981200.71722
2021-07-06 00:00:00+00:00,33730.76,35100.49,33510.58,34244.09,46.48558,-872.81993,34340.8005,34340.8005,81723696.01578
2021-07-07 00:00:00+00:00,34231.95,35059.02,33800.0,33882.47,45.46464,-850.33108,34130.04,34130.04,52180442.05122
2021-07-08 00:00:00+00:00,33858.33,33943.02,32101.0,32898.79,42.71635,-901.49142,33982.9795,33982.9795,96915062.5464
2021-07-09 00:00:00+00:00,32892.94,34115.44,32285.73,33826.43,46.0296,-857.30113,33898.948,33898.948,55359492.05897
2021-07-10 00:00:00+00:00,33830.73,34261.04,33014.21,33517.6,45.09447,-837.54531,33795.3395,33795.3395,48346618.54469
2021-07-11 00:00:00+00:00,33521.48,34635.82,33335.49,34258.53,47.83274,-753.4169,33926.558,33926.558,56013301.51247
2021-07-12 00:00:00+00:00,34266.84,34677.0,32660.0,33105.0,44.14173,-770.93786,33954.545,33954.545,62222083.46557
2021-07-13 00:00:00+00:00,33091.53,33340.0,32190.0,32728.0,42.97457,-805.95357,33908.331,33908.331,61220146.95301
2021-07-14 00:00:00+00:00,32737.56,33111.72,31589.35,32823.55,43.38317,-816.58065,33817.0425,33817.0425,90366451.85718
2021-07-15 00:00:00+00:00,32818.68,33179.0,31121.57,31848.65,40.21687,-893.37075,33829.5875,33829.5875,78672950.41696
2021-07-16 00:00:00+00:00,31885.7,32264.53,31012.93,31388.17,38.77726,-980.08652,33785.527,33785.527,60028891.64732
2021-07-17 00:00:00+00:00,31376.3,31950.0,31176.66,31529.68,39.49406,-1025.5686,33627.036,33627.036,48873274.47086
2021-07-18 00:00:00+00:00,31509.33,32440.98,31100.0,31776.65,40.79683,-1029.81401,33491.513,33491.513,39928824.38133
2021-07-19 00:00:00+00:00,31794.49,31881.71,30400.0,30829.29,37.46451,-1096.97729,33237.581,33237.581,77266754.04411
2021-07-20 00:00:00+00:00,30822.08,31068.62,29296.39,29786.58,34.15748,-1220.27607,32975.0485,32975.0485,101668807.81479
2021-07-21 00:00:00+00:00,29792.99,32875.42,29500.0,32138.45,45.78247,-1115.35784,32903.7605,32903.7605,155619645.51678
2021-07-22 00:00:00+00:00,32115.82,32609.83,31703.15,32300.88,46.48522,-1007.48893,32828.2265,32828.2265,77278869.62043
2021-07-23 00:00:00+00:00,32306.98,33684.17,32000.0,33684.17,52.17089,-801.14698,32778.02,32778.02,66572861.97601
2021-07-24 00:00:00+00:00,33685.0,34534.32,33419.31,34301.78,54.49549,-581.08515,32728.6485,32728.6485,49410557.38733
2021-07-25 00:00:00+00:00,34301.86,35448.97,33874.03,35428.28,58.46112,-312.18673,32814.852,32814.852,73106052.07696
2021-07-26 00:00:00+00:00,35438.93,40581.3,35282.7,37291.24,64.04209,50.65855,32967.2095,32967.2095,329669431.49985
2021-07-27 00:00:00+00:00,37271.44,39539.5,36386.19,39475.41,69.25722,508.59751,33246.8565,33246.8565,232773353.6119
2021-07-28 00:00:00+00:00,39446.94,40927.53,38786.8,40036.32,70.44279,906.33058,33603.733,33603.733,157882347.2723
2021-07-29 00:00:00+00:00,40024.8,40662.8,39239.95,40037.51,70.44539,1207.71118,33914.287,33914.287,92328034.92825
2021-07-30 00:00:00+00:00,40045.21,42335.5,38331.37,42234.89,74.85135,1605.36206,34350.1515,34350.1515,154229814.71163
2021-07-31 00:00:00+00:00,42236.72,42411.32,41007.51,41490.13,70.98858,1839.20612,34711.7315,34711.7315,62561648.5022
2021-08-01 00:00:00+00:00,41489.16,42614.85,39424.27,39839.0,63.20146,1869.74359,35048.4315,35048.4315,81351917.97046
2021-08-02 00:00:00+00:00,39875.2,40459.31,38687.62,39165.55,60.29619,1818.63883,35370.309,35370.309,94309284.18006
2021-08-03 00:00:00+00:00,39157.52,39792.83,37639.0,38177.07,56.21174,1679.02115,35637.985,35637.985,125207234.3495
2021-08-04 00:00:00+00:00,38173.75,39973.94,37481.0,39741.12,60.74309,1675.26746,36032.6085,36032.6085,162176967.69153
2021-08-05 00:00:00+00:00,39742.77,41401.96,37300.0,40894.67,63.7247,1745.25625,36507.9335,36507.9335,237369311.61606
2021-08-06 00:00:00+00:00,40893.77,43381.0,39879.47,42856.59,68.15476,1936.70825,37074.279,37074.279,125886297.7361
2021-08-07 00:00:00+00:00,42857.09,44763.14,42251.0,44612.94,71.50918,2204.7432,37716.0935,37716.0935,218020688.77436
2021-08-08 00:00:00+00:00,44624.4,45355.0,43298.84,43858.42,68.1863,2329.42719,38367.55,38367.55,159957386.95663
2021-08-09 00:00:00+00:00,43836.05,46529.02,42811.26,46292.89,72.60893,2594.77063,39192.8655,39192.8655,229686260.5204
2021-08-10 00:00:00+00:00,46282.3,46759.0,44643.0,45609.7,69.68137,2718.59126,39866.428,39866.428,109011219.83792
2021-08-11 00:00:00+00:00,45596.21,46787.6,45353.02,45539.85,69.3734,2779.04855,40528.3765,40528.3765,118682603.82284
2021-08-12 00:00:00+00:00,45536.8,46236.7,43800.02,44444.45,64.55481,2707.36297,41066.3905,41066.3905,109489181.86037
2021-08-13 00:00:00+00:00,44413.35,47929.18,44253.97,47860.58,71.25936,2892.85771,41744.3305,41744.3305,140458455.74064
2021-08-14 00:00:00+00:00,47855.0,48190.0,46000.0,47119.73,68.24454,2946.12216,42328.903,42328.903,89949275.09441
2021-08-15 00:00:00+00:00,47130.97,47424.0,45500.27,47028.3,67.86295,2946.98597,42815.756,42815.756,81208262.83086
2021-08-16 00:00:00+00:00,47024.96,48075.22,45654.14,45930.51,63.28725,2826.50586,43138.511,43138.511,110699464.39022
2021-08-17 00:00:00+00:00,45930.48,47183.37,44417.51,44694.35,58.50371,2601.29067,43371.4125,43371.4125,146877847.47921
2021-08-18 00:00:00+00:00,44631.47,46041.62,44218.73,44721.13,58.57675,2397.33198,43605.5935,43605.5935,100530155.70376
2021-08-19 00:00:00+00:00,44734.16,47114.99,43935.54,46764.3,63.81089,2373.20318,43832.064,43832.064,129828811.96797
2021-08-20 00:00:00+00:00,46759.29,49436.1,46645.77,49356.0,69.13798,2533.9991,44225.3575,44225.3575,138964364.53417
2021-08-21 00:00:00+00:00,49332.31,49833.02,48300.0,48884.34,67.1993,2593.47602,44677.6245,44677.6245,86439321.91888
2021-08-22 00:00:00+00:00,48883.84,49540.01,48080.17,49301.86,68.05328,2643.82591,45184.44,45184.44,48600064.44239
2021-08-23 00:00:00+00:00,49296.71,50562.11,49010.0,49561.37,68.60049,2673.84641,45753.655,45753.655,119931980.58766
2021-08-24 00:00:00+00:00,49516.08,49893.5,47593.66,47731.33,60.70403,2520.90947,46153.1655,46153.1655,105858689.60013
2021-08-25 00:00:00+00:00,47670.8,49273.93,47100.0,49011.75,63.84025,2474.50053,46559.0195,46559.0195,93255663.13031
2021-08-26 00:00:00+00:00,49022.39,49387.6,46309.33,46856.29,55.7709,2237.99528,46759.0045,46759.0045,97981648.43359
2021-08-27 00:00:00+00:00,46857.86,49187.0,46363.0,49100.49,61.26121,2206.21943,46983.382,46983.382,95429613.61167
2021-08-28 00:00:00+00:00,49100.49,49325.0,48244.88,48935.36,60.66448,2143.00896,47237.229,47237.229,33897811.88155
2021-08-29 00:00:00+00:00,48947.1,49666.0,47798.29,48808.72,60.18034,2058.96099,47363.0205,47363.0205,50979824.13068
2021-08-30 00:00:00+00:00,48782.56,48915.29,46855.41,47003.44,53.61199,1825.63656,47432.7075,47432.7075,78800447.00074
2021-08-31 00:00:00+00:00,46969.05,48270.33,46699.0,47156.09,54.0685,1634.20476,47513.5195,47513.5195,105590393.73719
2021-09-01 00:00:00+00:00,47118.02,49134.0,46532.42,48853.49,58.91072,1601.00428,47733.9715,47733.9715,107215338.60836
2021-09-02 00:00:00+00:00,48830.93,50390.0,48625.0,49274.79,60.03684,1590.35543,47804.682,47804.682,111751871.81424
2021-09-03 00:00:00+00:00,49284.93,51050.0,48351.6,50025.04,62.03242,1623.73761,47949.9475,47949.9475,111394906.07203
2021-09-04 00:00:00+00:00,50033.5,50570.94,49388.26,49943.16,61.67047,1624.85586,48095.6905,48095.6905,43415009.29025
2021-09-05 00:00:00+00:00,49965.32,51900.0,49500.0,51809.28,66.47199,1756.07939,48389.629,48389.629,51109185.49953
2021-09-06 00:00:00+00:00,51809.28,52810.0,51024.32,52708.2,68.51785,1910.58626,48790.3215,48790.3215,108438088.49571
2021-09-07 00:00:00+00:00,52719.43,52956.47,42900.01,46866.82,48.01468,1543.88656,48897.606,48897.606,319253131.04603
2021-09-08 00:00:00+00:00,46894.3,47386.72,44436.93,46091.94,46.04627,1177.17828,48863.988,48863.988,152522762.32759
2021-09-09 00:00:00+00:00,46070.43,47419.95,45550.0,46392.81,46.95558,900.45712,48715.8285,48715.8285,120435130.23942
2021-09-10 00:00:00+00:00,46368.11,47029.08,44125.0,44857.38,42.97505,550.90672,48514.4805,48514.4805,107324471.28649
2021-09-11 00:00:00+00:00,44858.2,45993.32,44767.75,45176.66,44.03742,296.23394,48308.2205,48308.2205,40966475.55316
2021-09-12 00:00:00+00:00,45162.96,46491.63,44752.96,46035.0,46.90139,161.79967,48131.902,48131.902,46760610.95826
2021-09-13 00:00:00+00:00,46039.42,46895.82,43400.0,44974.34,43.91089,-29.98125,47994.0525,47994.0525,103819759.21014
2021-09-14 00:00:00+00:00,44983.77,47273.38,44704.18,47103.18,50.70473,-10.0733,47898.624,47898.624,77435584.77482
2021-09-15 00:00:00+00:00,47123.81,48465.77,46702.26,48150.94,53.6786,89.22089,47963.3565,47963.3565,62945254.24218
2021-09-16 00:00:00+00:00,48188.12,48505.0,47035.0,47760.64,52.41021,134.86367,47896.364,47896.364,90078560.27539
2021-09-17 00:00:00+00:00,47773.44,48179.0,46712.14,47305.18,50.89875,132.75379,47814.855,47814.855,73726219.36208
2021-09-18 00:00:00+00:00,47316.21,48834.0,47052.9,48326.74,54.09636,211.07985,47790.756,47790.756,70194890.96087
2021-09-19 00:00:00+00:00,48307.05,48389.52,46860.0,47245.25,50.35749,183.76825,47802.8465,47802.8465,47226162.48671
2021-09-20 00:00:00+00:00,47257.86,47334.54,42453.97,43035.99,39.04605,-175.50538,47596.8415,47596.8415,182493488.11649
2021-09-21 00:00:00+00:00,43003.07,43643.34,39573.21,40596.54,34.24514,-649.5875,47183.994,47183.994,242019841.75507
2021-09-22 00:00:00+00:00,40702.07,44031.85,40580.18,43589.53,43.4347,-774.85963,46899.731,46899.731,132553369.43715
2021-09-23 00:00:00+00:00,43586.0,45013.17,43105.0,44903.5,46.94056,-759.35887,46643.654,46643.654,104075346.83966
2021-09-24 00:00:00+00:00,44893.7,45159.9,40693.27,42848.5,42.50364,-902.49237,46288.921,46288.921,186345053.5744
2021-09-25 00:00:00+00:00,42835.88,43010.69,41689.6,42722.19,42.23936,-1014.42519,45834.5665,45834.5665,37561211.61853
2021-09-26 00:00:00+00:00,42699.1,43956.38,40808.0,43204.73,43.68007,-1052.06823,45359.393,45359.393,71710548.198
2021-09-27 00:00:00+00:00,43162.82,44377.7,42130.0,42189.81,41.34423,-1150.53354,45125.5425,45125.5425,81706877.48643
2021-09-28 00:00:00+00:00,42154.87,42778.93,40888.0,41049.0,38.83061,-1305.57201,44873.3955,44873.3955,92231092.59598
2021-09-29 00:00:00+00:00,41024.21,42595.93,40750.0,41542.9,40.51674,-1372.76316,44630.9,44630.9,74975715.49655
2021-09-30 00:00:00+00:00,41537.56,44117.74,41427.87,43834.43,47.71758,-1226.96166,44579.7525,44579.7525,114605301.74595
2021-10-01 00:00:00+00:00,43835.47,48500.0,43291.07,48171.86,58.06547,-752.74143,44729.5125,44729.5125,166042248.19035
2021-10-02 00:00:00+00:00,48185.61,48361.83,47468.15,47685.8,56.71089,-411.39714,44812.0525,44812.0525,64940621.88698
2021-10-03 00:00:00+00:00,47644.63,49225.55,47119.87,48235.93,57.90777,-95.38884,44975.132,44975.132,56175707.27601
2021-10-04 00:00:00+00:00,48231.04,49530.53,46900.0,49242.14,60.08172,233.55052,45082.08,45082.08,134814172.30265
2021-10-05 00:00:00+00:00,49283.89,51914.68,49075.0,51501.19,64.51309,668.81411,45249.5925,45249.5925,113642342.66581
2021-10-06 00:00:00+00:00,51521.89,55800.0,50428.64,55345.79,70.51257,1308.90252,45628.85,45628.85,245840615.00374
2021-10-07 00:00:00+00:00,55360.1,55360.32,53289.57,53787.6,65.66698,1671.17997,45952.971,45952.971,126384789.04665
2021-10-08 00:00:00+00:00,53816.16,56168.0,53623.02,53957.21,65.94134,1949.50093,46234.4945,46234.4945,119663879.64759
2021-10-09 00:00:00+00:00,53952.82,55512.05,53674.69,54976.92,67.61683,2226.68651,46621.078,46621.078,58331789.96724
2021-10-10 00:00:00+00:00,54984.49,56561.0,51000.0,54714.95,66.70889,2397.58147,47205.026,47205.026,94953524.40681
2021-10-11 00:00:00+00:00,54657.0,57855.79,54462.45,57485.2,71.12443,2725.13927,48049.459,48049.459,112428726.56512
2021-10-12 00:00:00+00:00,57490.0,57701.0,53909.0,55995.49,66.05099,2831.87989,48669.757,48669.757,180576479.3443
2021-10-13 00:00:00+00:00,56004.61,57773.89,54231.0,57374.55,68.30493,2993.24693,49293.3095,49293.3095,192761093.78407
2021-10-14 00:00:00+00:00,57395.84,58550.0,56830.56,57371.58,68.29441,3085.3261,50019.4635,50019.4635,107827246.22356
2021-10-15 00:00:00+00:00,57370.48,62944.94,56877.0,61657.35,74.41562,3464.19227,50966.2215,50966.2215,259295242.14356
2021-10-16 00:00:00+00:00,61703.45,62352.0,60100.27,60870.26,71.67864,3658.75896,51849.498,51849.498,76906408.36361
2021-10-17 00:00:00+00:00,60885.27,61712.0,58933.0,61538.97,72.60067,3822.84638,52816.956,52816.956,77608638.82623
2021-10-18 00:00:00+00:00,61519.52,62679.0,59013.0,62034.65,73.2947,3947.38112,53866.2385,53866.2385,356981609.40051
2021-10-19 00:00:00+00:00,62014.99,64499.0,61350.0,64241.61,76.18692,4176.02047,55001.174,55001.174,209025482.77521
2021-10-20 00:00:00+00:00,64282.2,67016.5,63529.0,65990.31,78.20142,4447.06132,56108.968,56108.968,202635408.87243
2021-10-21 00:00:00+00:00,66027.81,66664.1,61850.0,62219.44,65.36095,4307.92636,56811.347,56811.347,242128726.05546
2021-10-22 00:00:00+00:00,62207.51,63757.28,59953.74,60702.68,61.02081,4028.8292,57462.191,57462.191,191785582.0884
2021-10-23 00:00:00+00:00,60698.54,61737.38,59633.61,61338.76,62.15573,3814.99219,58117.3325,58117.3325,64778616.69951
2021-10-24 00:00:00+00:00,61306.64,61497.33,59510.0,60910.16,60.86968,3569.79005,58700.7335,58700.7335,73387468.34312
2021-10-25 00:00:00+00:00,60883.96,63733.93,60670.0,63101.43,64.87156,3511.80092,59280.7455,59280.7455,109174700.34815
2021-10-26 00:00:00+00:00,63101.43,63299.3,59830.0,60328.22,56.93549,3205.12258,59529.867,59529.867,118577844.7628
2021-10-27 00:00:00+00:00,60331.4,61489.0,58100.01,58465.9,52.3077,2779.76078,59763.782,59763.782,203446019.55336
2021-10-28 00:00:00+00:00,58471.06,62524.0,56425.0,60592.76,56.64209,2584.48596,60095.5595,60095.5595,228419863.87537
2021-10-29 00:00:00+00:00,60608.95,62971.54,60154.53,62301.59,59.80304,2538.35697,60461.793,60461.793,242019395.71651
2021-10-30 00:00:00+00:00,62278.92,62376.32,60660.02,61932.3,58.8053,2443.82984,60822.6605,60822.6605,95519373.82761
2021-10-31 00:00:00+00:00,61904.96,62438.85,60000.0,61359.44,57.21074,2296.22198,61016.3725,61016.3725,94992329.46399
2021-11-01 00:00:00+00:00,61356.57,62500.0,59500.0,60922.85,55.96522,2119.57933,61262.7405,61262.7405,152757830.4818
2021-11-02 00:00:00+00:00,60949.78,64300.0,60669.91,63260.0,60.87563,2143.46866,61557.013,61557.013,211068686.47632
2021-11-03 00:00:00+00:00,63260.0,63567.21,60018.46,62930.72,59.86279,2111.49103,61834.97,61834.97,135204818.33215
2021-11-04 00:00:00+00:00,62945.38,63136.82,60725.0,61457.25,55.41933,1944.83298,61824.965,61824.965,92649429.96946
2021-11-05 00:00:00+00:00,61430.02,62666.52,60769.17,61031.91,54.16937,1758.16685,61833.0475,61833.0475,95783963.05978
2021-11-06 00:00:00+00:00,61008.19,61609.5,60109.91,61542.44,55.46769,1632.6084,61833.221,61833.221,78067312.55318
2021-11-07 00:00:00+00:00,61542.43,63300.0,61396.57,63300.0,59.70023,1655.83539,61896.4885,61896.4885,70621838.24361
2021-11-08 00:00:00+00:00,63300.0,67803.55,63300.0,67559.0,67.70935,1994.91254,62062.358,62062.358,183451320.80568
2021-11-09 00:00:00+00:00,67547.49,68564.4,66250.0,66945.72,65.68501,2188.91461,62110.1285,62110.1285,143053521.50579
2021-11-10 00:00:00+00:00,66928.42,69000.0,62856.71,64921.43,59.37489,2154.48382,62245.228,62245.228,221974074.90033
2021-11-11 00:00:00+00:00,64919.18,65625.44,64140.0,64821.33,59.07269,2094.97042,62451.1605,62451.1605,102630561.66855
2021-11-12 00:00:00+00:00,64783.13,65497.53,62294.84,64158.41,57.00343,1971.5863,62592.143,62592.143,161634751.0306
2021-11-13 00:00:00+00:00,64140.23,64980.0,63400.0,64417.52,57.62819,1873.11935,62767.511,62767.511,53474981.45914
2021-11-14 00:00:00+00:00,64403.43,65509.87,63595.76,65509.87,60.25043,1861.76582,62887.933,62887.933,81748752.49941
2021-11-15 00:00:00+00:00,65509.87,66387.4,63348.91,63606.09,53.98038,1679.78541,63051.8265,63051.8265,127264567.4005
2021-11-16 00:00:00+00:00,63621.61,63628.0,58563.0,60142.31,44.83772,1241.75238,63135.647,63135.647,278625688.99555
2021-11-17 00:00:00+00:00,60115.12,60888.5,58400.0,60373.65,45.50162,902.86756,63124.6915,63124.6915,224397419.81201
2021-11-18 00:00:00+00:00,60376.94,60978.39,56516.44,56917.66,38.12041,351.3789,62855.495,62855.495,350653183.33721
2021-11-19 00:00:00+00:00,56924.94,58402.05,55640.0,58128.55,41.68955,11.8918,62665.3075,62665.3075,190488761.51187
2021-11-20 00:00:00+00:00,58126.46,59896.54,57424.27,59768.54,46.2144,-123.39824,62585.7625,62585.7625,70058250.60372
2021-11-21 00:00:00+00:00,59785.85,60090.55,58525.84,58678.47,43.78245,-314.94561,62473.5435,62473.5435,52556844.17997
2021-11-22 00:00:00+00:00,58679.27,59516.78,55628.57,56294.11,38.95376,-651.63456,62125.249,62125.249,165682762.65131
2021-11-23 00:00:00+00:00,56283.8,57897.54,55128.6,57579.99,42.62859,-805.41885,61857.7125,61857.7125,157313415.49828
2021-11-24 00:00:00+00:00,57583.91,57750.2,55894.62,57185.06,41.7964,-948.23094,61644.103,61644.103,103473754.37799
2021-11-25 00:00:00+00:00,57169.19,59445.45,57044.42,58990.14,46.89893,-905.31972,61542.0145,61542.0145,80354882.45083
2021-11-26 00:00:00+00:00,59004.88,59207.36,53524.03,53789.35,36.86979,-1276.26062,61154.36,61154.36,280879409.923
2021-11-27 00:00:00+00:00,53794.32,55382.0,53653.45,54774.66,39.50903,-1473.73932,60728.093,60728.093,74524532.81525
2021-11-28 00:00:00+00:00,54764.24,57482.42,53308.93,57338.55,45.85257,-1407.13751,60217.0705,60217.0705,78986980.36378
2021-11-29 00:00:00+00:00,57327.32,58931.07,56750.0,57845.12,47.03441,-1298.51071,59762.0405,59762.0405,119724067.65
2021-11-30 00:00:00+00:00,57843.33,59250.0,55918.8,56974.12,45.20735,-1268.08788,59364.675,59364.675,202982701.62675
2021-12-01 00:00:00+00:00,57027.28,59099.64,56469.22,57251.59,45.92795,-1207.66683,58986.188,58986.188,144018705.90455
2021-12-02 00:00:00+00:00,57232.71,57413.52,55839.85,56547.96,44.3356,-1202.69584,58605.6655,58605.6655,155967456.05163
2021-12-03 00:00:00+00:00,56534.26,57652.0,51556.01,53743.69,38.59277,-1408.79771,58071.974,58071.974,159337582.27316
2021-12-04 00:00:00+00:00,53685.47,53877.77,41967.5,49234.97,31.52281,-1913.88882,57258.229,57258.229,493614530.05988
2021-12-05 00:00:00+00:00,49240.81,49777.62,47836.34,49463.22,32.19996,-2269.59681,56551.0855,56551.0855,255065311.5995
2021-12-06 00:00:00+00:00,49484.0,50986.0,47111.0,50555.0,35.4862,-2435.32749,56071.72,56071.72,235187809.14001
2021-12-07 00:00:00+00:00,50550.09,51991.0,50062.13,50627.32,35.70849,-2531.65132,55584.4035,55584.4035,87044443.25951
2021-12-08 00:00:00+00:00,50635.87,51249.41,48656.2,50543.3,35.55521,-2584.97044,55265.6855,55265.6855,80790215.78248
2021-12-09 00:00:00+00:00,50535.15,50839.01,47332.43,47593.12,30.58989,-2832.62832,54738.914,54738.914,123048809.11235
2021-12-10 00:00:00+00:00,47573.43,50132.88,46886.0,47142.42,29.90286,-3030.33488,54107.608,54107.608,127528293.50108
2021-12-11 00:00:00+00:00,47179.53,49539.4,46789.0,49400.54,37.47937,-2970.56452,53643.7115,53643.7115,65358868.69647
2021-12-12 00:00:00+00:00,49420.51,50800.0,48675.0,50124.38,39.72824,-2832.14109,53335.225,53335.225,61842877.90747
2021-12-13 00:00:00+00:00,50102.31,50226.2,45750.0,46725.02,33.61332,-2962.58858,52792.4765,52792.4765,155942321.22961
2021-12-14 00:00:00+00:00,46736.7,48689.3,46310.4,48389.96,38.59824,-2898.21361,52352.7215,52352.7215,97582700.46393
2021-12-15 00:00:00+00:00,48386.95,49514.85,46560.0,48876.84,40.0167,-2775.90988,51847.0565,51847.0565,126754841.46104
2021-12-16 00:00:00+00:00,48876.84,49449.0,47506.21,47663.42,37.68042,-2745.25061,51540.76,51540.76,69410201.31658
2021-12-17 00:00:00+00:00,47654.99,48018.52,45478.74,46210.92,35.04303,-2805.81384,51112.573,51112.573,95993031.30199
2021-12-18 00:00:00+00:00,46141.63,47370.14,45501.0,46881.87,37.22867,-2767.76551,50589.739,50589.739,38789765.87845
2021-12-19 00:00:00+00:00,46854.18,48307.34,46450.0,46704.67,36.87577,-2720.54969,50032.7165,50032.7165,59571777.20263
2021-12-20 00:00:00+00:00,46671.66,47547.5,45572.94,46915.0,37.63149,-2635.77536,49529.7605,49529.7605,80976042.17037
2021-12-21 00:00:00+00:00,46926.72,49353.49,46667.08,48929.86,44.4877,-2378.58982,49113.674,49113.674,81916633.09395
2021-12-22 00:00:00+00:00,48907.75,49600.0,48449.87,48618.99,43.68967,-2174.7835,48717.2255,48717.2255,63504459.14475
2021-12-23 00:00:00+00:00,48618.99,51386.66,48051.1,50850.0,50.54591,-1812.35001,48572.541,48572.541,87225955.65464
2021-12-24 00:00:00+00:00,50850.0,51864.56,50442.34,50841.48,50.52061,-1508.41825,48652.8665,48652.8665,73521296.37493
2021-12-25 00:00:00+00:00,50857.42,51179.36,50190.9,50442.22,49.27598,-1284.95492,48701.8165,48701.8165,41516405.06701
2021-12-26 00:00:00+00:00,50421.51,51292.65,49458.85,50791.21,50.42564,-1067.39379,48713.627,48713.627,51564352.51157
2021-12-27 00:00:00+00:00,50885.32,52098.6,50479.44,50718.11,50.16915,-890.60723,48718.1665,48718.1665,55941235.30877
2021-12-28 00:00:00+00:00,50708.05,50719.59,47300.0,47543.3,40.52725,-995.21106,48568.1665,48568.1665,105321181.22403
2021-12-29 00:00:00+00:00,47597.7,48157.41,46099.94,46483.36,37.90784,-1150.37781,48512.6785,48512.6785,97118063.27273
2021-12-30 00:00:00+00:00,46474.59,47916.32,45934.37,47150.71,40.51473,-1205.60159,48513.093,48513.093,101952586.60088
2021-12-31 00:00:00+00:00,47110.3,48589.47,45655.31,46214.37,38.09787,-1309.82282,48353.7845,48353.7845,83118975.50849
2022-01-01 00:00:00+00:00,46230.0,47960.98,46199.9,47777.42,44.09337,-1251.86313,48236.4365,48236.4365,35427941.2944
2022-01-02 00:00:00+00:00,47745.25,47989.0,46660.0,47350.22,42.87121,-1226.2655,48267.6965,48267.6965,33244341.12904
2022-01-03 00:00:00+00:00,47290.55,47586.58,45692.13,46439.89,40.30737,-1264.85475,48170.193,48170.193,52949791.44188
2022-01-04 00:00:00+00:00,46464.01,47526.0,45539.05,45820.0,38.61392,-1330.12412,48017.351,48017.351,83970320.18859
2022-01-05 00:00:00+00:00,45828.77,46855.06,42413.59,43435.8,32.89035,-1556.29557,47805.97,47805.97,147575118.88624
2022-01-06 00:00:00+00:00,43417.31,43782.86,42414.0,43097.6,32.16209,-1742.73878,47650.304,47650.304,105593994.05843
2022-01-07 00:00:00+00:00,43093.4,43135.35,40600.0,41535.66,28.97157,-1993.55145,47382.9935,47382.9935,123950960.0071
2022-01-08 00:00:00+00:00,41576.73,42315.31,40517.05,41690.77,29.7172,-2154.96512,47132.2985,47132.2985,65932852.93539
2022-01-09 00:00:00+00:00,41697.32,42796.49,41200.0,41875.81,30.65247,-2242.10979,46880.339,46880.339,64178373.69648
2022-01-10 00:00:00+00:00,41853.98,42256.55,39558.7,41845.42,30.5805,-2287.25869,46526.117,46526.117,146208474.38146
2022-01-11 00:00:00+00:00,41842.22,43144.74,41284.11,42736.0,35.36986,-2225.52272,46231.9675,46231.9675,104389267.78902
2022-01-12 00:00:00+00:00,42754.44,44337.26,42471.17,43933.5,41.24022,-2056.26493,45886.1425,45886.1425,109955098.76736
2022-01-13 00:00:00+00:00,43935.01,44456.34,42321.0,42571.94,37.11263,-2008.83681,45472.6655,45472.6655,84883477.77651
2022-01-14 00:00:00+00:00,42579.44,43468.95,41782.21,43102.35,39.64679,-1906.47339,45105.672,45105.672,59775750.94144
2022-01-15 00:00:00+00:00,43085.76,43826.8,42387.86,43102.01,39.64569,-1804.57505,44721.212,44721.212,30501504.73364
2022-01-16 00:00:00+00:00,43084.77,43495.59,42615.0,43107.7,39.67593,-1703.72132,44340.6915,44340.6915,26810964.51666
2022-01-17 00:00:00+00:00,43099.08,43209.47,41581.0,42255.07,36.70767,-1673.3053,44076.28,44076.28,44790770.88933
2022-01-18 00:00:00+00:00,42230.09,42685.25,41290.06,42377.4,37.43093,-1620.64756,43870.982,43870.982,69451085.96688
2022-01-19 00:00:00+00:00,42378.23,42589.9,41145.23,41683.21,34.98758,-1616.29956,43597.607,43597.607,69390208.61613
2022-01-20 00:00:00+00:00,41733.21,43518.69,40554.14,40736.05,31.92547,-1670.03056,43323.691,43323.691,98791137.85435
2022-01-21 00:00:00+00:00,40654.72,41115.58,35423.0,36495.46,22.45137,-2031.37649,42759.593,42759.593,226310029.93428
2022-01-22 00:00:00+00:00,36447.37,36825.98,34000.0,35091.11,20.30262,-2403.36061,42146.6375,42146.6375,158273966.5325
2022-01-23 00:00:00+00:00,35084.79,36574.47,34624.59,36293.62,26.76593,-2571.48571,41639.324,41639.324,91957289.29707
2022-01-24 00:00:00+00:00,36262.21,38050.0,32950.72,36724.99,28.99063,-2639.4917,41184.5735,41184.5735,232658477.59137
2022-01-25 00:00:00+00:00,36721.59,37552.3,35722.43,36975.91,30.31667,-2642.67665,40861.579,40861.579,103299269.90897
2022-01-26 00:00:00+00:00,37006.76,38946.0,36279.21,36829.32,29.96462,-2626.7498,40548.165,40548.165,134911528.72272
2022-01-27 00:00:00+00:00,36824.02,37251.0,35511.32,37208.36,32.15836,-2554.10022,40331.8,40331.8,115488163.9692
2022-01-28 00:00:00+00:00,37179.62,38022.11,36173.98,37748.36,35.26916,-2424.99755,40134.6795,40134.6795,91375722.66878
2022-01-29 00:00:00+00:00,37713.14,38741.67,37327.79,38192.65,37.79642,-2260.7715,39950.5215,39950.5215,49532388.56579
2022-01-30 00:00:00+00:00,38176.45,38378.88,37372.59,37941.82,36.92003,-2126.34982,39755.3415,39755.3415,26892965.20116
2022-01-31 00:00:00+00:00,37914.1,38776.33,36631.66,38491.92,40.19516,-1952.91916,39543.1375,39543.1375,77335271.35932
2022-02-01 00:00:00+00:00,38483.56,39285.0,38033.78,38733.04,41.62582,-1775.55031,39283.1145,39283.1145,80329951.28698
2022-02-02 00:00:00+00:00,38768.08,38883.96,36618.36,36923.5,34.88182,-1760.70268,39000.6925,39000.6925,61762204.11791
2022-02-03 00:00:00+00:00,36924.5,37391.74,36264.55,37320.11,37.28031,-1697.36654,38711.5805,38711.5805,60622418.95813
2022-02-04 00:00:00+00:00,37330.75,41760.39,37064.28,41579.57,56.01713,-1288.61501,38635.4585,38635.4585,162226804.74287
2022-02-05 00:00:00+00:00,41608.82,41983.12,40975.0,41427.72,55.38194,-965.7964,38551.4595,38551.4595,78391104.96148
2022-02-06 00:00:00+00:00,41422.7,42701.86,41141.81,42420.24,58.67996,-622.69423,38559.718,38559.718,36255548.92872
2022-02-07 00:00:00+00:00,42420.24,44524.18,41682.11,43869.04,62.98143,-231.21197,38634.3,38634.3,114123966.93925
2022-02-08 00:00:00+00:00,43895.6,45501.0,42701.19,44091.56,63.60805,95.89068,38754.7175,38754.7175,114276569.73644
2022-02-09 00:00:00+00:00,44106.95,44865.72,43164.0,44426.84,64.58091,377.82089,38939.257,38939.257,72232867.22692
2022-02-10 00:00:00+00:00,44426.24,45850.0,43209.07,43524.6,59.93747,522.42718,39290.714,39290.714,117195356.35207
2022-02-11 00:00:00+00:00,43540.15,43969.72,41983.12,42406.19,54.68826,540.55122,39656.468,39656.468,92037224.25532
2022-02-12 00:00:00+00:00,42392.22,43034.0,41740.06,42241.11,53.93739,535.42207,39953.8425,39953.8425,37693657.26068
2022-02-13 00:00:00+00:00,42232.68,42779.6,41882.54,42077.74,53.15951,512.26946,40221.48,40221.48,21689212.70516
2022-02-14 00:00:00+00:00,42078.53,42871.68,41575.0,42540.3,55.13255,525.1915,40499.6995,40499.6995,54063893.69786
2022-02-15 00:00:00+00:00,42567.27,44785.66,42469.96,44582.48,62.61898,692.23946,40887.3575,40887.3575,79041315.7038
2022-02-16 00:00:00+00:00,44590.75,44590.75,43312.83,43901.48,59.0789,760.90394,41222.0135,41222.0135,54957347.4991
2022-02-17 00:00:00+00:00,43901.49,44204.78,40088.88,40556.11,45.47744,539.1625,41362.401,41362.401,98855127.19979
2022-02-18 00:00:00+00:00,40532.66,40996.31,39450.0,39996.99,43.66793,314.68698,41452.618,41452.618,88501936.53209
2022-02-19 00:00:00+00:00,40008.75,40471.27,39587.08,40109.02,44.14747,144.16654,41560.978,41560.978,27902012.07135
2022-02-20 00:00:00+00:00,40108.62,40151.62,37974.18,38373.9,38.65849,-129.48915,41555.077,41555.077,49253343.76877
2022-02-21 00:00:00+00:00,38384.09,39494.11,36810.72,37076.6,35.14055,-445.90441,41472.255,41472.255,129820762.27456
2022-02-22 00:00:00+00:00,37036.98,38463.88,36368.99,38269.94,40.50396,-593.53136,41539.577,41539.577,91417664.94965
2022-02-23 00:00:00+00:00,38269.94,39303.24,37060.16,37274.18,37.70232,-781.86346,41537.2805,41537.2805,66283752.06854
2022-02-24 00:00:00+00:00,37253.26,39720.0,34324.05,38376.88,42.44965,-832.5423,41377.146,41377.146,241883754.81894
2022-02-25 00:00:00+00:00,38360.93,39727.97,38027.61,39231.64,45.89166,-794.5743,41267.342,41267.342,86421489.86237
2022-02-26 00:00:00+00:00,39242.64,40330.99,38600.0,39146.66,45.59966,-762.55135,41103.663,41103.663,35730099.50368
2022-02-27 00:00:00+00:00,39146.66,39886.92,37015.74,37712.68,40.87356,-843.16366,40795.845,40795.845,64180081.56385
2022-02-28 00:00:00+00:00,37717.1,44256.08,37468.99,43178.98,58.52166,-460.65463,40750.216,40750.216,136472264.45117
2022-03-01 00:00:00+00:00,43221.71,44981.22,42847.85,44443.96,61.39345,-54.80836,40751.072,40751.072,125834060.49512
2022-03-02 00:00:00+00:00,44443.98,45332.38,43350.0,43936.72,59.61118,223.32337,40771.678,40771.678,89787184.66076
2022-03-03 00:00:00+00:00,43936.73,44118.53,41832.34,42476.26,54.68844,322.18392,40775.1815,40775.1815,95717311.26068
2022-03-04 00:00:00+00:00,42476.25,42540.57,38590.95,39175.56,45.53602,132.66345,40621.904,40621.904,97690426.28291
2022-03-05 00:00:00+00:00,39170.19,39620.3,38600.3,39416.79,46.24409,1.91034,40488.8565,40488.8565,31805858.33406
2022-03-06 00:00:00+00:00,39390.31,39701.0,38100.0,38438.89,43.76041,-178.56245,40283.786,40283.786,45910400.57281
2022-03-07 00:00:00+00:00,38404.97,39557.26,37169.52,38016.47,42.69371,-351.62093,39955.4855,39955.4855,74120594.46105
2022-03-08 00:00:00+00:00,38002.23,39377.0,37885.05,38753.65,45.20398,-424.3946,39698.094,39698.094,72271860.68737
2022-03-09 00:00:00+00:00,38761.13,42591.68,38667.65,41960.02,54.53305,-220.7958,39768.2895,39768.2895,83093160.09451
2022-03-10 00:00:00+00:00,41952.13,42053.95,38545.19,39444.45,47.67518,-259.43712,39740.6625,39740.6625,98857054.31239
2022-03-11 00:00:00+00:00,39433.48,40237.22,38244.76,38729.79,45.90885,-343.76504,39671.701,39671.701,79908207.12979
2022-03-12 00:00:00+00:00,38729.79,39458.58,38653.89,38822.02,46.18595,-398.55898,39694.107,39694.107,37380001.91713
2022-03-13 00:00:00+00:00,38798.68,39312.5,37595.62,37790.54,43.5019,-519.23004,39729.804,39729.804,27884888.653
2022-03-14 00:00:00+00:00,37763.37,39913.42,37567.19,39665.71,49.2733,-458.26952,39799.5925,39799.5925,57109407.34991
2022-03-15 00:00:00+00:00,39688.55,39896.13,38142.35,39302.7,48.24583,-434.24405,39901.0185,39901.0185,64404706.80662
2022-03-16 00:00:00+00:00,39302.8,41693.97,38865.67,41142.76,53.53494,-263.68662,40039.3125,40039.3125,246325978.40102
2022-03-17 00:00:00+00:00,41142.76,41497.24,40449.06,40963.22,52.96615,-141.3763,40125.8915,40125.8915,67907255.31251
2022-03-18 00:00:00+00:00,40963.22,42362.0,40068.88,41794.37,55.33212,22.36456,40258.277,40258.277,88818184.55196
2022-03-19 00:00:00+00:00,41781.96,42405.01,41553.88,42235.31,56.58001,185.5714,40484.4085,40484.4085,41259203.45964
2022-03-20 00:00:00+00:00,42240.43,42324.06,40930.2,41242.14,52.98918,232.09799,40387.5665,40387.5665,43772472.05249
2022-03-21 00:00:00+00:00,41293.19,41588.7,40516.86,41043.14,52.27332,250.03081,40217.5255,40217.5255,73036188.24559
2022-03-22 00:00:00+00:00,41018.36,43337.41,40901.13,42393.41,56.56144,368.94524,40140.36,40140.36,100702351.25993
2022-03-23 00:00:00+00:00,42393.62,43021.73,41779.11,42925.41,58.15661,500.34605,40162.8175,40162.8175,81846889.98802
2022-03-24 00:00:00+00:00,42912.21,44240.0,42636.54,44025.99,61.32109,685.38901,40405.339,40405.339,95681903.07473
2022-03-25 00:00:00+00:00,44025.99,45137.12,43616.88,44320.6,62.14635,846.05664,40650.5295,40650.5295,76456207.02091
2022-03-26 00:00:00+00:00,44340.49,44815.31,44101.0,44535.65,62.77077,979.44916,40955.3675,40955.3675,22032863.91125
2022-03-27 00:00:00+00:00,44553.24,46950.0,44456.9,46864.39,68.77712,1258.56558,41397.7635,41397.7635,72587733.72325
2022-03-28 00:00:00+00:00,46854.96,48234.0,46672.25,47152.38,69.43389,1485.87747,41817.7,41817.7,126931276.32689
2022-03-29 00:00:00+00:00,47152.38,48128.87,46941.84,47459.03,70.15379,1671.49987,42092.6505,42092.6505,81455068.55517
2022-03-30 00:00:00+00:00,47459.03,47721.41,46572.15,47068.08,67.9563,1766.69519,42473.832,42473.832,76605334.36757
2022-03-31 00:00:00+00:00,47086.07,47624.18,45234.0,45517.27,59.93608,1697.4338,42813.206,42813.206,62493623.49228
2022-04-01 00:00:00+00:00,45522.53,46739.81,44244.0,46307.81,62.37387,1686.88823,43187.4955,43187.4955,90449318.81731
2022-04-02 00:00:00+00:00,46306.38,47218.17,45650.0,45820.28,59.95115,1620.51095,43588.9825,43588.9825,33188029.73466
2022-04-03 00:00:00+00:00,45820.28,47458.48,45565.64,46401.57,61.85367,1596.40931,43925.7755,43925.7755,49354043.08047
2022-04-04 00:00:00+00:00,46414.88,46891.17,45124.79,46598.2,62.50258,1575.01914,44290.5505,44290.5505,69740801.86748
2022-04-05 00:00:00+00:00,46514.43,47201.0,45342.33,45502.73,56.71421,1452.92361,44508.549,44508.549,51312993.48203
2022-04-06 00:00:00+00:00,45512.95,45548.77,43086.8,43191.59,46.85533,1156.34273,44619.9675,44619.9675,132751809.34381
2022-04-07 00:00:00+00:00,43172.83,43896.45,42741.52,43454.53,47.96363,931.77638,44702.9755,44702.9755,60040141.07088
2022-04-08 00:00:00+00:00,43467.82,43986.09,42120.0,42290.11,43.62483,652.32734,44705.7155,44705.7155,61479021.6256
2022-04-09 00:00:00+00:00,42258.22,42807.63,42131.51,42767.89,45.79167,464.06535,44782.003,44782.003,22460564.36027
2022-04-10 00:00:00+00:00,42774.85,43450.72,41888.88,42133.85,43.40729,260.69947,44836.5385,44836.5385,36345211.1602
2022-04-11 00:00:00+00:00,42159.45,42415.57,39218.15,39524.86,35.26917,-109.72827,44693.111,44693.111,90451820.46049
2022-04-12 00:00:00+00:00,39545.37,40691.01,39273.65,40097.46,38.01584,-353.02148,44551.7135,44551.7135,84682650.7227
2022-04-13 00:00:00+00:00,40099.51,41557.61,39584.86,41147.74,42.80939,-455.82976,44407.801,44407.801,64333853.18404
2022-04-14 00:00:00+00:00,41159.29,41504.29,39582.53,39961.53,39.12883,-625.80935,44189.8475,44189.8475,46734762.29482
2022-04-15 00:00:00+00:00,39962.6,40869.99,39788.97,40563.18,41.85921,-703.85765,43991.224,43991.224,30519713.83671
2022-04-16 00:00:00+00:00,40576.41,40701.0,40014.79,40395.67,41.30371,-770.34805,43667.788,43667.788,14773756.81768
2022-04-17 00:00:00+00:00,40379.81,40602.69,39565.68,39691.27,38.96219,-869.85422,43294.7325,43294.7325,19250413.54596
2022-04-18 00:00:00+00:00,39660.62,41101.0,38547.12,40814.6,44.3776,-848.29166,42962.511,42962.511,98815487.51337
2022-04-19 00:00:00+00:00,40814.6,41754.05,40578.58,41505.77,47.46601,-766.59471,42684.3955,42684.3955,60478506.24357
2022-04-20 00:00:00+00:00,41476.89,42220.04,40893.21,41375.85,46.93843,-704.21499,42477.3245,42477.3245,56252177.43673
2022-04-21 00:00:00+00:00,41378.77,42978.95,39770.0,40470.76,43.32557,-719.51766,42185.472,42185.472,87550963.8699
2022-04-22 00:00:00+00:00,40497.0,40808.66,39197.64,39726.03,40.55923,-782.71596,41880.7595,41880.7595,84894517.02068
2022-04-23 00:00:00+00:00,39700.55,39983.98,39301.0,39421.59,39.45032,-847.59627,41531.7605,41531.7605,15699430.91899
2022-04-24 00:00:00+00:00,39438.51,39944.65,38987.0,39467.4,39.7174,-885.11485,41175.2205,41175.2205,26194678.05496
2022-04-25 00:00:00+00:00,39464.67,40602.85,38202.91,40441.11,45.24585,-826.7481,40922.1395,40922.1395,89781044.72946
2022-04-26 00:00:00+00:00,40452.52,40800.0,37701.0,38137.67,36.67677,-955.34773,40669.4435,40669.4435,110970037.25513
2022-04-27 00:00:00+00:00,38105.68,39494.73,37885.75,39256.05,42.38245,-955.99977,40459.5195,40459.5195,69444317.7931
2022-04-28 00:00:00+00:00,39254.4,40387.0,38880.44,39754.2,44.76959,-905.87758,40332.724,40332.724,73227438.52745
2022-04-29 00:00:00+00:00,39753.28,39923.61,38174.27,38593.42,40.55336,-948.88251,40124.0005,40124.0005,61784173.92235
2022-04-30 00:00:00+00:00,38599.3,38786.95,37597.36,37639.8,37.43431,-1047.8346,39899.298,39899.298,27412299.23786
2022-05-01 00:00:00+00:00,37638.78,38672.2,37400.0,38488.34,41.72897,-1045.73023,39847.472,39847.472,48035091.39955
2022-05-02 00:00:00+00:00,38484.46,39153.13,38045.79,38521.01,41.89435,-1029.55821,39768.6495,39768.6495,55243011.21659
2022-05-03 00:00:00+00:00,38506.38,38641.57,37515.83,37729.95,39.00757,-1068.25946,39597.76,39597.76,43688342.051
2022-05-04 00:00:00+00:00,37735.35,40050.19,37665.46,39685.23,48.4608,-930.4303,39583.945,39583.945,91167773.02546
2022-05-05 00:00:00+00:00,39685.23,39840.37,35579.4,36533.93,38.18785,-1063.22706,39382.4825,39382.4825,136517436.96616
2022-05-06 00:00:00+00:00,36542.41,36648.2,35268.69,36019.22,36.81511,-1196.21304,39163.66,39163.66,93453066.83546
2022-05-07 00:00:00+00:00,36019.15,36123.99,34777.85,35463.46,35.338,-1331.10641,38952.2695,38952.2695,43421353.76871
2022-05-08 00:00:00+00:00,35465.46,35496.55,33710.16,34025.5,31.78456,-1536.33185,38612.8145,38612.8145,90861688.94475
2022-05-09 00:00:00+00:00,34051.2,34224.35,30015.0,30082.0,24.50661,-1994.19416,38041.626,38041.626,229559401.82636
2022-05-10 00:00:00+00:00,30066.48,32650.0,29731.03,30999.97,28.60481,-2256.96395,37522.832,37522.832,229471149.63269
2022-05-11 00:00:00+00:00,31002.27,32148.15,27757.77,29000.0,25.37306,-2596.6591,36949.294,36949.294,324244616.24081
2022-05-12 00:00:00+00:00,28999.99,30090.7,25401.05,28896.19,25.21383,-2841.49161,36407.802,36407.802,479064461.04272
2022-05-13 00:00:00+00:00,28932.69,30974.6,28686.37,29238.81,26.84561,-2973.59877,35898.663,35898.663,175733248.98516
2022-05-14 00:00:00+00:00,29239.41,30281.49,28561.23,30033.96,30.62867,-2979.78359,35426.991,35426.991,87428622.18476
2022-05-15 00:00:00+00:00,30041.16,31411.48,29440.71,31295.03,36.25855,-2850.07343,34969.687,34969.687,65252212.43678
2022-05-16 00:00:00+00:00,31275.27,31275.27,29060.0,29832.45,32.92149,-2832.64224,34554.426,34554.426,92862280.0194
2022-05-17 00:00:00+00:00,29847.53,30753.96,29400.0,30425.36,35.51258,-2739.40683,34112.8915,34112.8915,65229710.11823
2022-05-18 00:00:00+00:00,30423.9,30670.0,28615.23,28681.26,31.64078,-2774.27132,33559.2445,33559.2445,66487619.18015
2022-05-19 00:00:00+00:00,28681.15,30505.14,28656.46,30290.33,38.32191,-2641.61232,33144.09,33144.09,76233940.59862
2022-05-20 00:00:00+00:00,30271.22,30725.56,28690.13,29176.7,35.71987,-2596.40994,32720.935,32720.935,68191001.02551
2022-05-21 00:00:00+00:00,29176.7,29621.01,28914.7,29421.05,36.73492,-2511.91395,32267.5705,32267.5705,14428888.60104
2022-05-22 00:00:00+00:00,29400.34,30457.58,29209.03,30264.66,40.24333,-2349.79106,31854.753,31854.753,39915883.92581
2022-05-23 00:00:00+00:00,30264.66,30628.0,28839.29,29081.76,37.13372,-2290.35585,31422.3435,31422.3435,62777354.95001
2022-05-24 00:00:00+00:00,29081.76,29810.38,28632.4,29632.15,39.47708,-2173.78312,30919.6895,30919.6895,44158900.60803
2022-05-25 00:00:00+00:00,29626.53,30189.7,29313.78,29510.15,39.12891,-2067.41095,30568.5005,30568.5005,46133476.2999
2022-05-26 00:00:00+00:00,29511.95,29853.34,28003.0,29183.06,38.15724,-1986.60334,30226.6925,30226.6925,82734127.54122
2022-05-27 00:00:00+00:00,29183.39,29360.34,28253.57,28589.48,36.39116,-1948.0043,29882.9935,29882.9935,60322144.09784
2022-05-28 00:00:00+00:00,28606.08,29231.9,28498.73,29010.82,38.56481,-1861.95223,29632.2595,29632.2595,20932668.59226
2022-05-29 00:00:00+00:00,29010.82,29561.04,28814.46,29448.94,40.82907,-1738.36395,29600.6065,29600.6065,26774734.7714
2022-05-30 00:00:00+00:00,29454.69,32195.68,29276.15,31731.22,50.96716,-1439.66288,29637.169,29637.169,103365995.6186
2022-05-31 00:00:00+00:00,31677.13,32375.81,31181.26,31762.76,51.09188,-1186.71541,29775.307,29775.307,51507206.23617
2022-06-01 00:00:00+00:00,31777.06,31962.79,29309.84,29787.4,43.61053,-1132.59194,29819.8675,29819.8675,78334959.54269
2022-06-02 00:00:00+00:00,29791.96,30688.82,29568.13,30437.18,46.39131,-1025.44618,29879.786,29879.786,37324832.07581
2022-06-03 00:00:00+00:00,30437.77,30670.07,29232.99,29669.39,43.65204,-991.06228,29861.5575,29861.5575,34153774.32393
2022-06-04 00:00:00+00:00,29688.17,29948.84,29444.21,29853.51,44.49839,-938.14153,29789.4815,29789.4815,14102913.37497
2022-06-05 00:00:00+00:00,29834.06,30153.18,29514.96,29888.98,44.6708,-883.15882,29792.308,29792.308,16829376.96824
2022-06-06 00:00:00+00:00,29905.46,31737.31,29868.16,31351.21,51.37656,-713.37159,29838.6005,29838.6005,78193186.00677
2022-06-07 00:00:00+00:00,31351.1,31536.11,29184.25,31115.82,50.31929,-590.99536,29960.3285,29960.3285,114266779.31519
2022-06-08 00:00:00+00:00,31108.3,31310.53,29831.85,30185.58,46.26715,-562.58873,29955.091,29955.091,57644569.09666
2022-06-09 00:00:00+00:00,30190.31,30672.56,29920.56,30089.03,45.85441,-541.62356,30000.7075,30000.7075,28702806.25772
2022-06-10 00:00:00+00:00,30068.53,30333.81,28832.83,29065.66,41.61669,-600.66186,29982.938,29982.938,73982023.91076
2022-06-11 00:00:00+00:00,29065.66,29403.62,28085.75,28390.94,39.05402,-693.8956,29889.252,29889.252,45061965.01734
2022-06-12 00:00:00+00:00,28397.38,28523.06,26500.0,26585.1,33.16727,-903.08996,29764.419,29764.419,68824396.80054
2022-06-13 00:00:00+00:00,26538.63,26845.63,21910.26,22450.43,24.18023,-1386.52827,29405.333,29405.333,283366704.92963
2022-06-14 00:00:00+00:00,22407.53,23288.88,20816.35,22097.3,23.59226,-1777.6595,29034.6905,29034.6905,189524133.90918
2022-06-15 00:00:00+00:00,22077.83,22756.0,20079.72,22555.27,26.10192,-2027.3099,28703.301,28703.301,304079765.53738
2022-06-16 00:00:00+00:00,22563.82,22957.01,20200.0,20382.88,22.35158,-2373.09776,28292.971,28292.971,99654433.98944
2022-06-17 00:00:00+00:00,20387.66,21325.06,20220.16,20440.7,22.67005,-2612.35791,27864.465,27864.465,73895119.73925
2022-06-18 00:00:00+00:00,20428.19,20758.0,17592.78,18956.8,20.36188,-2888.41577,27339.858,27339.858,150865518.87323
2022-06-19 00:00:00+00:00,18952.14,20783.48,17930.7,20552.82,28.76303,-2944.46617,26780.938,26780.938,104837532.57105
2022-06-20 00:00:00+00:00,20557.2,21036.89,19616.1,20555.44,28.77632,-2954.61612,26220.572,26220.572,105096892.19992
2022-06-21 00:00:00+00:00,20555.44,21708.76,20332.07,20712.29,29.62235,-2916.38527,25766.8165,25766.8165,73387125.62289
2022-06-22 00:00:00+00:00,20710.01,20863.44,19743.99,19963.68,27.91784,-2912.91535,25243.1415,25243.1415,84056982.47208
2022-06-23 00:00:00+00:00,19977.24,21204.14,19869.63,21093.42,34.08224,-2786.87942,24814.343,24814.343,56486048.92005
2022-06-24 00:00:00+00:00,21102.75,21538.4,20713.77,21215.42,34.73137,-2646.64182,24382.4385,24382.4385,51866868.41017
2022-06-25 00:00:00+00:00,21229.66,21586.67,20890.0,21486.8,36.23559,-2484.95935,23962.3295,23962.3295,25706477.96126
2022-06-26 00:00:00+00:00,21486.67,21868.0,20968.85,21028.69,34.77848,-2366.51081,23446.2035,23446.2035,30230993.93477
2022-06-27 00:00:00+00:00,21029.19,21516.85,20491.28,20699.72,33.72956,-2272.98308,22925.3985,22925.3985,34125310.66541
2022-06-28 00:00:00+00:00,20722.27,21178.73,20176.0,20261.34,32.33023,-2208.77392,22429.1865,22429.1865,41509093.6003
2022-06-29 00:00:00+00:00,20253.88,20398.99,19827.0,20093.18,31.78549,-2146.71085,21929.394,21929.394,32256055.29031
2022-06-30 00:00:00+00:00,20098.0,20131.06,18595.6,19924.89,31.21857,-2087.04685,21472.3555,21472.3555,97788342.30114
2022-07-01 00:00:00+00:00,19960.61,20895.08,18944.69,19239.47,28.95354,-2071.19491,21014.782,21014.782,85117119.1013
2022-07-02 00:00:00+00:00,19263.41,19425.08,18960.0,19228.25,28.91656,-2036.06699,20646.9395,20646.9395,28438084.09136
2022-07-03 00:00:00+00:00,19232.76,19616.43,18763.96,19294.46,29.48896,-1980.06036,20489.141,20489.141,27763502.63239
2022-07-04 00:00:00+00:00,19296.88,20319.88,19032.44,20209.53,37.0354,-1840.61869,20394.7525,20394.7525,40744069.80091
2022-07-05 00:00:00+00:00,20209.02,20720.0,19281.82,20168.63,36.84559,-1713.65649,20275.4205,20275.4205,58130559.29562
2022-07-06 00:00:00+00:00,20164.65,20648.76,19750.16,20547.45,39.91711,-1564.43657,20283.649,20283.649,43013660.57765
2022-07-07 00:00:00+00:00,20546.29,21847.25,20237.58,21643.56,47.82431,-1342.25906,20343.792,20343.792,74076633.67241
2022-07-08 00:00:00+00:00,21620.85,22401.0,21164.07,21584.14,47.45968,-1157.63203,20475.159,20475.159,72370489.07198
2022-07-09 00:00:00+00:00,21592.69,21955.18,21311.36,21588.35,47.49023,-999.45299,20526.9355,20526.9355,18682277.78147
2022-07-10 00:00:00+00:00,21581.98,21593.73,20629.99,20856.08,42.82605,-922.54846,20541.9675,20541.9675,29175947.03058
2022-07-11 00:00:00+00:00,20851.14,20858.75,19869.0,19949.71,37.86849,-924.08528,20503.8385,20503.8385,27551317.04158
2022-07-12 00:00:00+00:00,19948.55,20036.24,19237.42,19321.14,34.85508,-964.90078,20471.7115,20471.7115,33580736.88332
2022-07-13 00:00:00+00:00,19337.91,20367.88,18905.55,20232.35,42.0538,-913.19361,20428.658,20428.658,64680074.14489
2022-07-14 00:00:00+00:00,20225.24,20880.0,19608.47,20577.23,44.55127,-834.76373,20396.7485,20396.7485,52981405.11622
2022-07-15 00:00:00+00:00,20569.17,21186.35,20368.7,20835.39,46.4131,-743.20888,20364.178,20364.178,32958047.65772
2022-07-16 00:00:00+00:00,20823.7,21577.0,20472.68,21195.49,48.98618,-634.28233,20372.518,20372.518,36893702.19193
2022-07-17 00:00:00+00:00,21198.34,21664.52,20751.08,20801.85,46.36529,-573.11421,20377.6245,20377.6245,31144603.48455
2022-07-18 00:00:00+00:00,20786.76,22760.04,20757.29,22435.04,56.71322,-388.37629,20486.3095,20486.3095,96209458.01009
2022-07-19 00:00:00+00:00,22439.63,23800.0,21578.45,23405.02,61.46809,-161.83534,20651.9015,20651.9015,109590564.92489
2022-07-20 00:00:00+00:00,23392.04,24280.3,22893.95,23208.53,60.02959,1.82387,20816.0835,20816.0835,94056851.94256
2022-07-21 00:00:00+00:00,23217.0,23430.33,22340.34,23163.34,59.68365,126.42121,21012.277,21012.277,52522273.23134
2022-07-22 00:00:00+00:00,23166.09,23760.87,22512.42,22682.26,55.98479,184.22276,21184.9775,21184.9775,45944819.72871
2022-07-23 00:00:00+00:00,22696.19,23005.68,21944.47,22468.69,54.37374,210.37255,21343.689,21343.689,22712651.3543
2022-07-24 00:00:00+00:00,22468.7,23006.77,22272.23,22595.81,55.20011,238.60349,21463.003,21463.003,15392192.03645
2022-07-25 00:00:00+00:00,22589.47,22673.68,21250.0,21306.56,46.08385,155.15647,21519.8995,21519.8995,45356982.38291
2022-07-26 00:00:00+00:00,21314.26,21344.09,20700.13,21259.78,45.78837,84.27785,21555.516,21555.516,41787755.51353
2022-07-27 00:00:00+00:00,21266.14,23112.9,21047.7,22969.04,56.71046,164.13696,21621.79,21621.79,68360200.26223
2022-07-28 00:00:00+00:00,22972.22,24198.95,22600.0,23853.11,61.07832,295.35823,21735.2385,21735.2385,82622168.25154
2022-07-29 00:00:00+00:00,23856.91,24445.0,23438.5,23785.31,60.57355,389.39247,21845.0865,21845.0865,60331240.6327
2022-07-30 00:00:00+00:00,23777.85,24676.0,23523.29,23644.58,59.47484,447.40217,21984.5115,21984.5115,41131518.96794
2022-07-31 00:00:00+00:00,23652.53,24190.09,23241.0,23322.53,56.92998,462.06217,22153.1525,22153.1525,37879327.34159
2022-08-01 00:00:00+00:00,23287.38,23511.5,22861.0,23282.92,56.60914,465.12249,22351.2415,22351.2415,30504625.32254
2022-08-02 00:00:00+00:00,23291.67,23468.33,22665.98,23001.52,54.26923,439.77177,22489.7,22489.7,33156838.7194
2022-08-03 00:00:00+00:00,22997.07,23642.14,22686.12,22835.88,52.88356,401.685,22602.6325,22602.6325,29830396.39097
2022-08-04 00:00:00+00:00,22830.37,23228.77,22400.0,22615.24,51.015,349.66642,22691.625,22691.625,34781476.88351
2022-08-05 00:00:00+00:00,22630.14,23478.0,22587.94,23326.4,56.36649,361.65703,22798.1705,22798.1705,48294043.12494
2022-08-06 00:00:00+00:00,23326.5,23354.54,22919.76,22956.61,53.11698,337.43102,22905.9085,22905.9085,15430177.44404
2022-08-07 00:00:00+00:00,22946.0,23411.55,22855.14,23187.62,54.86742,333.03331,22943.5375,22943.5375,16031534.94599
2022-08-08 00:00:00+00:00,23177.72,24246.06,23169.64,23821.68,59.35324,376.37284,22964.3705,22964.3705,43951974.32859
2022-08-09 00:00:00+00:00,23811.29,23927.44,22880.22,23164.78,53.42839,353.63689,22962.183,22962.183,27939311.97536
2022-08-10 00:00:00+00:00,23151.68,24228.0,22668.57,23964.0,58.81509,395.54921,23002.216,23002.216,53952272.60012
2022-08-11 00:00:00+00:00,23961.0,24921.0,23867.0,23959.0,58.76929,423.47996,23066.053,23066.053,47060371.31486
2022-08-12 00:00:00+00:00,23957.0,24459.0,23615.0,24407.0,61.65068,476.27493,23162.9685,23162.9685,30723353.82698
2022-08-13 00:00:00+00:00,24421.0,24900.0,24301.0,24456.0,61.96378,516.11971,23255.978,23255.978,21800609.02746
2022-08-14 00:00:00+00:00,24459.0,25053.0,24161.0,24320.0,60.48767,530.60642,23406.65,23406.65,33096352.40901
2022-08-15 00:00:00+00:00,24324.0,25212.0,23782.0,24110.0,58.18284,519.15747,23549.161,23549.161,42553198.8294
2022-08-16 00:00:00+00:00,24103.0,24250.0,23673.0,23867.0,55.54534,484.88656,23594.059,23594.059,18181556.06942
2022-08-17 00:00:00+00:00,23866.0,24448.0,23176.0,23340.0,50.22758,410.47047,23568.4035,23568.4035,42350810.49428
2022-08-18 00:00:00+00:00,23348.0,23593.0,23103.0,23201.0,48.89786,336.40123,23539.188,23539.188,20624199.53431
2022-08-19 00:00:00+00:00,23192.0,23202.0,20785.0,20841.0,32.94871,86.27402,23399.009,23399.009,74161051.53581
2022-08-20 00:00:00+00:00,20840.0,21368.0,20769.0,21146.0,35.8604,-86.34728,23290.1825,23290.1825,31196221.45778
2022-08-21 00:00:00+00:00,21150.0,21778.0,21070.0,21514.0,39.28619,-191.25175,23201.7365,23201.7365,23036385.70508
2022-08-22 00:00:00+00:00,21517.0,21530.0,20901.0,21411.0,38.66373,-279.47888,23122.2105,23122.2105,30596098.05903
2022-08-23 00:00:00+00:00,21404.0,21672.0,20899.0,21520.0,39.75163,-336.7226,23056.4165,23056.4165,26623585.81361
2022-08-24 00:00:00+00:00,21523.0,21892.0,21142.0,21372.0,38.74672,-389.54064,22994.2545,22994.2545,39017917.00594
2022-08-25 00:00:00+00:00,21364.0,21813.0,21319.0,21571.0,40.90976,-410.60844,22906.4845,22906.4845,24482301.16185
2022-08-26 00:00:00+00:00,21550.0,21870.0,20119.0,20250.0,32.66387,-527.81417,22771.154,22771.154,70512350.40045
2022-08-27 00:00:00+00:00,20242.0,20376.0,19766.0,20045.0,31.59942,-629.98032,22614.023,22614.023,26516280.87285
2022-08-28 00:00:00+00:00,20044.0,20159.0,19526.0,19557.0,29.16306,-741.77454,22400.789,22400.789,17275826.75716
2022-08-29 00:00:00+00:00,19571.0,20415.0,19557.0,20302.0,37.1322,-761.47913,22257.65,22257.65,24901091.32916
2022-08-30 00:00:00+00:00,20300.0,20575.0,19552.0,19819.0,34.428,-806.76929,22050.4,22050.4,40859408.64831
2022-08-31 00:00:00+00:00,19836.0,20490.0,19822.0,20059.0,36.88753,-813.91378,21855.4,21855.4,45557309.92251
2022-09-01 00:00:00+00:00,20049.0,20202.0,19573.0,20128.0,37.61207,-804.73168,21641.45,21641.45,37068105.26449
2022-09-02 00:00:00+00:00,20133.0,20440.0,19762.0,19959.0,36.50662,-801.84847,21416.6,21416.6,34021107.65011
2022-09-03 00:00:00+00:00,19950.0,20053.0,19667.0,19840.0,35.71073,-799.94455,21192.6,21192.6,9016331.97159
2022-09-04 00:00:00+00:00,19840.0,20025.0,19586.0,20007.0,37.7614,-776.01476,20987.45,20987.45,9372571.41526
2022-09-05 00:00:00+00:00,20014.0,20051.0,19634.0,19794.0,36.1764,-765.41433,20783.8,20783.8,19318222.08352
2022-09-06 00:00:00+00:00,19799.0,20181.0,18669.0,18789.0,29.81699,-828.55741,20556.25,20556.25,60443715.95504
2022-09-07 00:00:00+00:00,18808.0,19456.0,18540.0,19276.0,35.71429,-829.73724,20360.0,20360.0,37516378.0739
2022-09-08 00:00:00+00:00,19301.0,19454.0,19023.0,19322.0,36.25911,-817.5364,20284.05,20284.05,33991126.19652
2022-09-09 00:00:00+00:00,19327.0,21610.0,19303.0,21371.0,54.68261,-635.20769,20295.3,20295.3,85683257.48427
2022-09-10 00:00:00+00:00,21371.0,21814.0,21125.0,21672.0,56.66419,-461.10733,20303.2,20303.2,29374076.38126
2022-09-11 00:00:00+00:00,21663.0,21871.0,21360.0,21835.0,57.7418,-306.44628,20324.4,20324.4,18437355.89405
2022-09-12 00:00:00+00:00,21836.0,22485.0,21565.0,22401.0,61.33701,-136.62983,20368.45,20368.45,55935005.7133
2022-09-13 00:00:00+00:00,22396.0,22781.0,19862.0,20177.0,45.10036,-179.43882,20308.7,20308.7,79236693.79497
2022-09-14 00:00:00+00:00,20175.0,20526.0,19623.0,20233.0,45.49163,-206.46651,20241.8,20241.8,56529106.27615
2022-09-15 00:00:00+00:00,20226.0,20432.0,19500.0,19691.0,42.34596,-268.52562,20213.85,20213.85,49849167.76669
2022-09-16 00:00:00+00:00,19704.0,19887.0,19330.0,19802.0,43.21202,-305.23261,20201.7,20201.7,49790680.40726
2022-09-17 00:00:00+00:00,19802.0,20187.0,19757.0,20114.0,45.68191,-305.62432,20229.55,20229.55,19053546.21389
2022-09-18 00:00:00+00:00,20116.0,20116.0,19343.0,19419.0,41.36593,-357.88992,20185.4,20185.4,31257592.43598
2022-09-19 00:00:00+00:00,19418.0,19679.0,18271.0,19538.0,42.36993,-385.26735,20171.35,20171.35,66785122.57763
2022-09-20 00:00:00+00:00,19535.0,19634.0,18717.0,18878.0,38.43868,-454.97597,20112.3,20112.3,48030406.03193
2022-09-21 00:00:00+00:00,18877.0,19902.0,18157.0,18466.0,36.18183,-537.27217,20029.2,20029.2,98478028.81724
2022-09-22 00:00:00+00:00,18458.0,19541.0,18368.0,19403.0,44.20515,-520.88005,20001.4,20001.4,50584431.26346
2022-09-23 00:00:00+00:00,19411.0,19491.0,18533.0,19294.0,43.51972,-510.79642,19974.1,19974.1,50032880.13816
2022-09-24 00:00:00+00:00,19291.0,19309.0,18817.0,18921.0,41.1673,-526.83009,19919.8,19919.8,17445614.9958
2022-09-25 00:00:00+00:00,18919.0,19182.0,18636.0,18810.0,40.4663,-542.24302,19870.6,19870.6,18423324.02951
2022-09-26 00:00:00+00:00,18809.0,19313.0,18690.0,19226.0,44.29472,-514.95408,19892.45,19892.45,60896201.64032
2022-09-27 00:00:00+00:00,19233.0,20381.0,18822.0,19075.0,43.20855,-499.75102,19882.4,19882.4,84382400.61181
2022-09-28 00:00:00+00:00,19085.0,19770.0,18461.0,19413.0,46.37818,-455.18166,19886.95,19886.95,74111849.59028
2022-09-29 00:00:00+00:00,19413.0,19630.0,18852.0,19592.0,48.03235,-400.79619,19798.0,19798.0,35512874.34997
2022-09-30 00:00:00+00:00,19593.0,20171.0,19152.0,19425.0,46.58836,-366.94095,19685.65,19685.65,46887760.47447
2022-10-01 00:00:00+00:00,19419.0,19484.0,19174.0,19312.0,45.58965,-345.24877,19559.5,19559.5,7311658.13912
2022-10-02 00:00:00+00:00,19306.0,19395.0,18931.0,19051.0,43.28175,-345.13953,19392.0,19392.0,9869062.02306
2022-10-03 00:00:00+00:00,19060.0,19715.0,18975.0,19636.0,49.45772,-294.45405,19364.95,19364.95,21778911.38133
2022-10-04 00:00:00+00:00,19633.0,20469.0,19497.0,20343.0,55.73146,-194.98875,19370.45,19370.45,49953109.05602
2022-10-05 00:00:00+00:00,20343.0,20366.0,19735.0,20162.0,53.88728,-129.27675,19394.0,19394.0,36086933.96456
2022-10-06 00:00:00+00:00,20161.0,20447.0,19864.0,19951.0,51.73797,-93.15166,19401.45,19401.45,28707284.91228
2022-10-07 00:00:00+00:00,19960.0,20056.0,19335.0,19532.0,47.67176,-97.21147,19372.35,19372.35,25207611.76462
2022-10-08 00:00:00+00:00,19533.0,19624.0,19259.0,19420.0,46.61709,-108.21888,19372.4,19372.4,10046330.38212
2022-10-09 00:00:00+00:00,19421.0,19604.0,19324.0,19445.0,46.89949,-113.61535,19367.75,19367.75,13752952.96576
2022-10-10 00:00:00+00:00,19436.0,19525.0,19029.0,19131.0,43.76775,-141.59703,19380.4,19380.4,20144618.12291
2022-10-11 00:00:00+00:00,19131.0,19265.0,18853.0,19059.0,43.05776,-167.64995,19410.05,19410.05,25404359.62516
2022-10-12 00:00:00+00:00,19061.0,19229.0,18967.0,19157.0,44.3803,-178.33357,19397.75,19397.75,16671775.96829
2022-10-13 00:00:00+00:00,19156.0,19504.0,18183.0,19377.0,47.33734,-167.12179,19401.9,19401.9,56595994.43857
2022-10-14 00:00:00+00:00,19374.0,19947.0,19083.0,19181.0,45.0399,-172.06843,19414.9,19414.9,25200019.16226
2022-10-15 00:00:00+00:00,19184.0,19229.0,18990.0,19066.0,43.69977,-183.1569,19427.7,19427.7,6319063.11768
2022-10-16 00:00:00+00:00,19072.0,19425.0,19067.0,19264.0,46.64344,-173.96231,19429.6,19429.6,8033311.6481
2022-10-17 00:00:00+00:00,19262.0,19672.0,19160.0,19547.0,50.6177,-142.2006,19453.2,19453.2,22315314.60493
2022-10-18 00:00:00+00:00,19547.0,19700.0,19099.0,19334.0,47.73573,-132.68701,19449.25,19449.25,29475192.52611
2022-10-19 00:00:00+00:00,19329.0,19356.0,19078.0,19126.0,45.03896,-140.31383,19425.95,19425.95,24913438.7408
2022-10-20 00:00:00+00:00,19128.0,19340.0,18913.0,19043.0,43.97145,-151.31132,19406.85,19406.85,28405766.94572
2022-10-21 00:00:00+00:00,19043.0,19245.0,18660.0,19165.0,45.99756,-148.47105,19399.5,19399.5,36862725.89144
2022-10-22 00:00:00+00:00,19166.0,19250.0,19118.0,19206.0,46.69519,-141.28313,19407.25,19407.25,8746813.59644
2022-10-23 00:00:00+00:00,19208.0,19689.0,19079.0,19574.0,52.61253,-104.68538,19404.15,19404.15,23403068.53952
2022-10-24 00:00:00+00:00,19576.0,19588.0,19169.0,19332.0,48.7778,-94.12378,19353.6,19353.6,22345152.88042
2022-10-25 00:00:00+00:00,19332.0,20418.0,19222.0,20087.0,58.85387,-24.54847,19349.85,19349.85,56334255.56551
2022-10-26 00:00:00+00:00,20096.0,21012.0,20062.0,20775.0,65.51167,85.12505,19391.05,19391.05,56322459.44353
2022-10-27 00:00:00+00:00,20771.0,20872.0,20210.0,20296.0,58.42369,131.87069,19429.25,19429.25,33891965.57794
2022-10-28 00:00:00+00:00,20295.0,20750.0,20008.0,20599.0,61.27771,191.1629,19488.2,19488.2,37647016.80504
2022-10-29 00:00:00+00:00,20596.0,21078.0,20566.0,20821.0,63.26728,253.14782,19557.0,19557.0,25259817.87617
2022-10-30 00:00:00+00:00,20820.0,20931.0,20525.0,20628.0,60.36351,283.43062,19631.85,19631.85,14023714.00378
2022-10-31 00:00:00+00:00,20631.0,20833.0,20243.0,20498.0,58.41858,293.55611,19703.8,19703.8,38536743.58093
2022-11-01 00:00:00+00:00,20493.0,20681.0,20334.0,20480.0,58.13925,296.70792,19769.95,19769.95,26146648.26327
2022-11-02 00:00:00+00:00,20480.0,20802.0,20055.0,20154.0,53.17975,269.7903,19808.8,19808.8,46194627.92214
2022-11-03 00:00:00+00:00,20152.0,20387.0,20039.0,20209.0,53.89433,250.01393,19860.2,19860.2,20292239.51235
2022-11-04 00:00:00+00:00,20209.0,21290.0,20184.0,21153.0,64.03913,306.9753,19964.55,19964.55,74066708.23804
2022-11-05 00:00:00+00:00,21152.0,21473.0,21089.0,21301.0,65.32723,359.91113,20066.4,20066.4,16489641.31271
2022-11-06 00:00:00+00:00,21299.0,21364.0,20899.0,20907.0,59.24336,365.85332,20134.4,20134.4,11539796.15064
2022-11-07 00:00:00+00:00,20899.0,21070.0,20400.0,20590.0,54.8198,341.05187,20197.2,20197.2,29196530.11909
2022-11-08 00:00:00+00:00,20591.0,20669.0,17114.0,18550.0,36.12573,154.99885,20168.4,20168.4,223265978.17575
2022-11-09 00:00:00+00:00,18546.0,18588.0,15632.0,15877.0,24.38961,-205.76631,20010.1,20010.1,132581927.57979
2022-11-10 00:00:00+00:00,15900.0,18150.0,15748.0,17551.0,37.97869,-352.53371,19929.4,19929.4,146994134.28418
2022-11-11 00:00:00+00:00,17548.0,17645.0,16394.0,17007.0,35.73127,-506.90094,19819.45,19819.45,95864302.68631
2022-11-12 00:00:00+00:00,17020.0,17054.0,16610.0,16788.0,34.8375,-639.53737,19680.15,19680.15,31599450.66016
2022-11-13 00:00:00+00:00,16788.0,17240.0,16263.0,16310.0,32.90297,-774.29768,19529.05,19529.05,44100803.84937
2022-11-14 00:00:00+00:00,16300.0,17130.0,15784.0,16589.0,35.16601,-848.7988,19354.15,19354.15,132120437.40248
2022-11-15 00:00:00+00:00,16586.0,17095.0,16511.0,16874.0,37.48553,-874.76066,19159.1,19159.1,95057980.59478
2022-11-16 00:00:00+00:00,16875.0,16980.0,16371.0,16654.0,36.40287,-902.68222,18977.0,18977.0,67212220.25547
2022-11-17 00:00:00+00:00,16655.0,16724.0,16412.0,16686.0,36.6893,-911.71841,18781.35,18781.35,41025315.7489
2022-11-18 00:00:00+00:00,16687.0,16971.0,16540.0,16683.0,36.67262,-908.64741,18574.45,18574.45,44598337.24085
2022-11-19 00:00:00+00:00,16683.0,16799.0,16548.0,16690.0,36.74486,-895.32799,18377.55,18377.55,22988745.8676
2022-11-20 00:00:00+00:00,16687.0,16730.0,16169.0,16256.0,34.14413,-909.31046,18165.45,18165.45,29700634.78176
2022-11-21 00:00:00+00:00,16250.0,16269.0,15479.0,15766.0,31.43859,-948.9912,17929.75,17929.75,88817568.68838
2022-11-22 00:00:00+00:00,15757.0,16281.0,15613.0,16197.0,36.22545,-934.88361,17731.9,17731.9,60229428.19115
2022-11-23 00:00:00+00:00,16199.0,16647.0,16150.0,16603.0,40.4437,-880.78925,17551.6,17551.6,58198381.85864
2022-11-24 00:00:00+00:00,16594.0,16783.0,16456.0,16591.0,40.35873,-829.32741,17323.5,17323.5,35529368.70406
2022-11-25 00:00:00+00:00,16589.0,16604.0,16339.0,16508.0,39.73688,-786.17836,17083.85,17083.85,33733026.29915
2022-11-26 00:00:00+00:00,16511.0,16685.0,16387.0,16454.0,39.31248,-747.72052,16861.2,16861.2,24740914.11655
2022-11-27 00:00:00+00:00,16451.0,16587.0,16402.0,16424.0,39.06287,-711.46187,16652.9,16652.9,19541188.26054
2022-11-28 00:00:00+00:00,16420.0,16477.0,16004.0,16210.0,37.24614,-692.01749,16535.9,16535.9,52758715.82414
2022-11-29 00:00:00+00:00,16205.0,16529.0,16102.0,16434.0,40.37218,-651.0281,16563.75,16563.75,37976850.65867
2022-11-30 00:00:00+00:00,16437.0,17223.0,16430.0,17170.0,49.30753,-552.78254,16544.7,16544.7,76276476.07858
2022-12-01 00:00:00+00:00,17166.0,17250.0,16864.0,16977.0,47.30564,-484.90601,16543.2,16543.2,54450178.30943
2022-12-02 00:00:00+00:00,16976.0,17102.0,16800.0,17095.0,48.67761,-416.78729,16558.55,16558.55,39814816.57058
2022-12-03 00:00:00+00:00,17095.0,17150.0,16868.0,16886.0,46.37454,-375.34058,16587.35,16587.35,19875035.52583
2022-12-04 00:00:00+00:00,16893.0,17195.0,16890.0,17114.0,49.19831,-320.40267,16613.6,16613.6,27443182.10465
2022-12-05 00:00:00+00:00,17113.0,17418.0,16879.0,16968.0,47.47438,-285.35555,16618.3,16618.3,38203784.16591
2022-12-06 00:00:00+00:00,16968.0,17101.0,16914.0,17087.0,49.04172,-245.1522,16639.95,16639.95,22270704.11713
2022-12-07 00:00:00+00:00,17091.0,17131.0,16736.0,16836.0,45.92865,-230.88287,16647.45,16647.45,19957281.3104
2022-12-08 00:00:00+00:00,16838.0,17296.0,16734.0,17229.0,51.15661,-185.72163,16674.75,16674.75,29714744.26739
2022-12-09 00:00:00+00:00,17229.0,17353.0,17073.0,17128.0,49.82336,-156.27939,16696.65,16696.65,21011014.34597
2022-12-10 00:00:00+00:00,17129.0,17223.0,17100.0,17128.0,49.82336,-131.43114,16740.25,16740.25,11608361.67047
2022-12-11 00:00:00+00:00,17128.0,17264.0,17080.0,17091.0,49.27771,-113.41692,16806.5,16806.5,21181863.91369
2022-12-12 00:00:00+00:00,17089.0,17240.0,16881.0,17209.0,51.11639,-88.59761,16857.1,16857.1,29170227.74389
2022-12-13 00:00:00+00:00,17214.0,18106.0,17093.0,17772.0,58.79178,-23.23094,16915.55,16915.55,68224308.97816
2022-12-14 00:00:00+00:00,17771.0,18373.0,17667.0,17803.0,59.17192,30.71994,16976.15,16976.15,68307717.32327
2022-12-15 00:00:00+00:00,17806.0,17853.0,17288.0,17362.0,51.84503,37.45958,17018.85,17018.85,32768547.82972
2022-12-16 00:00:00+00:00,17361.0,17525.0,16572.0,16633.0,42.48084,-15.84082,17027.8,17027.8,47470055.72622
2022-12-17 00:00:00+00:00,16635.0,16794.0,16596.0,16781.0,44.66595,-45.6136,17045.65,17045.65,18700247.07094
2022-12-18 00:00:00+00:00,16780.0,16850.0,16676.0,16749.0,44.27431,-70.97274,17072.6,17072.6,11657151.87989
2022-12-19 00:00:00+00:00,16744.0,16815.0,16293.0,16446.0,40.64062,-114.20315,17073.2,17073.2,35481283.6614
2022-12-20 00:00:00+00:00,16441.0,17046.0,16402.0,16898.0,47.55539,-110.71469,17059.6,17059.6,35755811.32124
2022-12-21 00:00:00+00:00,16899.0,16919.0,16719.0,16824.0,46.59833,-112.62299,17051.95,17051.95,27234141.03181
2022-12-22 00:00:00+00:00,16823.0,16863.0,16570.0,16821.0,46.55743,-113.07397,17038.25,17038.25,32738800.94146
2022-12-23 00:00:00+00:00,16821.0,16916.0,16750.0,16779.0,45.94926,-115.48913,17032.9,17032.9,35880996.97124
2022-12-24 00:00:00+00:00,16779.0,16848.0,16779.0,16839.0,47.01409,-111.27891,17019.15,17019.15,16170939.78074
2022-12-25 00:00:00+00:00,16839.0,16850.0,16731.0,16828.0,46.83193,-107.58966,17012.15,17012.15,12081924.65655
2022-12-26 00:00:00+00:00,16828.0,16933.0,16801.0,16917.0,48.56826,-96.37341,17003.65,17003.65,12380824.36267
2022-12-27 00:00:00+00:00,16920.0,16961.0,16588.0,16700.0,44.73245,-103.79803,16996.85,16996.85,36818557.88968
2022-12-28 00:00:00+00:00,16699.0,16772.0,16465.0,16540.0,42.09274,-121.19568,16962.4,16962.4,36731836.27821
2022-12-29 00:00:00+00:00,16540.0,16650.0,16486.0,16628.0,44.0484,-126.42523,16937.4,16937.4,25946992.49307
2022-12-30 00:00:00+00:00,16628.0,16650.0,16337.0,16603.0,43.59793,-131.07601,16911.15,16911.15,36919160.36587
2022-12-31 00:00:00+00:00,16602.0,16627.0,16471.0,16528.0,42.20351,-139.20895,16883.0,16883.0,9957035.29447
2023-01-01 00:00:00+00:00,16530.0,16622.0,16496.0,16615.0,44.42404,-137.05432,16853.3,16853.3,7872730.94204
2023-01-02 00:00:00+00:00,16615.0,16782.0,16552.0,16673.0,45.91587,-129.17756,16798.35,16798.35,17452086.55377
2023-01-03 00:00:00+00:00,16668.0,16766.0,16605.0,16670.0,45.84731,-121.77352,16741.7,16741.7,23139159.67539
2023-01-04 00:00:00+00:00,16673.0,16984.0,16652.0,16849.0,50.58768,-100.30569,16716.05,16716.05,34338769.53434
2023-01-05 00:00:00+00:00,16847.0,16871.0,16755.0,16826.0,49.98225,-84.17785,16725.7,16725.7,19040628.30725
2023-01-06 00:00:00+00:00,16826.0,17024.0,16669.0,16950.0,53.232,-60.69104,16734.15,16734.15,29468926.80776
2023-01-07 00:00:00+00:00,16951.0,16975.0,16907.0,16945.0,53.08223,-41.99692,16743.95,16743.95,8875018.72163
2023-01-08 00:00:00+00:00,16946.0,17163.0,16915.0,17119.0,57.55733,-12.99159,16777.6,16777.6,13978897.66127
2023-01-09 00:00:00+00:00,17124.0,17393.0,17108.0,17179.0,59.00923,14.66776,16791.65,16791.65,38023109.52216
2023-01-10 00:00:00+00:00,17177.0,17490.0,17147.0,17446.0,64.78268,57.47018,16822.75,16822.75,23629475.57753
2023-01-11 00:00:00+00:00,17448.0,17992.0,17318.0,17930.0,72.37769,128.9596,16878.2,16878.2,34146830.02606
2023-01-12 00:00:00+00:00,17948.0,19114.0,17911.0,18853.0,80.8565,257.12983,16981.9,16981.9,96613300.52157
2023-01-13 00:00:00+00:00,18852.0,19991.0,18720.0,19931.0,86.18874,440.61215,17136.5,17136.5,75045681.26012
2023-01-14 00:00:00+00:00,19936.0,21247.0,19895.0,20960.0,89.26306,661.43035,17343.1,17343.1,143439459.0056
2023-01-15 00:00:00+00:00,20961.0,21052.0,20549.0,20885.0,87.73022,820.9155,17541.5,17541.5,28251562.58749
2023-01-16 00:00:00+00:00,20879.0,21456.0,20634.0,21189.0,88.58582,960.76379,17765.95,17765.95,68587885.56073
2023-01-17 00:00:00+00:00,21186.0,21594.0,20863.0,21134.0,87.39839,1054.99521,17995.65,17995.65,48658865.83519
2023-01-18 00:00:00+00:00,21136.0,21646.0,20358.0,20670.0,77.91032,1079.78625,18197.75,18197.75,78437621.34948
2023-01-19 00:00:00+00:00,20678.0,21185.0,20654.0,21086.0,80.00604,1120.08937,18421.9,18421.9,50430768.18705
2023-01-20 00:00:00+00:00,21085.0,22750.0,20869.0,22678.0,85.62621,1265.89848,18729.4,18729.4,66608627.4534
2023-01-21 00:00:00+00:00,22670.0,23362.0,22442.0,22783.0,85.90757,1374.08627,19037.8,19037.8,68650420.74108
2023-01-22 00:00:00+00:00,22791.0,23076.0,22314.0,22717.0,84.78413,1437.92472,19340.0,19340.0,35187968.274
2023-01-23 00:00:00+00:00,22708.0,23167.0,22525.0,22922.0,85.42183,1487.90727,19652.6,19652.6,38945314.12579
2023-01-24 00:00:00+00:00,22922.0,23162.0,22473.0,22637.0,80.37831,1487.37613,19942.0,19942.0,44226634.11544
2023-01-25 00:00:00+00:00,22636.0,23815.0,22334.0,23054.0,82.04842,1503.2748,20253.4,20253.4,59528204.47322
2023-01-26 00:00:00+00:00,23063.0,23282.0,22866.0,23010.0,81.26246,1495.08972,20556.4,20556.4,33887856.54701
2023-01-27 00:00:00+00:00,23011.0,23500.0,22541.0,23083.0,81.57776,1477.46221,20863.3,20863.3,48167445.56358
2023-01-28 00:00:00+00:00,23082.0,23187.0,22894.0,23033.0,80.57762,1442.8257,21159.0,21159.0,19217634.80994
2023-01-29 00:00:00+00:00,23031.0,23954.0,22981.0,23746.0,83.65498,1456.12386,21487.35,21487.35,38491857.45696
2023-01-30 00:00:00+00:00,23748.0,23799.0,22504.0,22831.0,68.6274,1376.9572,21756.6,21756.6,47530094.67055
2023-01-31 00:00:00+00:00,22831.0,23318.0,22724.0,23127.0,70.47514,1322.85275,22016.45,22016.45,36031509.64577
2023-02-01 00:00:00+00:00,23134.0,23810.0,22768.0,23735.0,73.87834,1313.8894,22260.55,22260.55,58590379.30095
2023-02-02 00:00:00+00:00,23736.0,24258.0,23377.0,23498.0,70.46858,1272.98776,22438.9,22438.9,61319970.22438
2023-02-03 00:00:00+00:00,23503.0,23719.0,23212.0,23434.0,69.53526,1221.32991,22562.6,22562.6,40823694.82503
2023-02-04 00:00:00+00:00,23421.0,23582.0,23266.0,23330.0,67.9601,1158.64266,22684.85,22684.85,18167792.19282
2023-02-05 00:00:00+00:00,23328.0,23428.0,22766.0,22937.0,62.22394,1064.97438,22772.25,22772.25,34990429.0457
2023-02-06 00:00:00+00:00,22942.0,23148.0,22643.0,22763.0,59.81664,965.57075,22853.7,22853.7,39416475.55004
2023-02-07 00:00:00+00:00,22761.0,23338.0,22751.0,23252.0,64.02851,915.6953,22982.8,22982.8,64140075.67545
2023-02-08 00:00:00+00:00,23246.0,23439.0,22686.0,22961.0,59.99822,842.97015,23076.55,23076.55,28388323.7301
2023-02-09 00:00:00+00:00,22965.0,23003.0,21700.0,21802.0,47.24328,683.92941,23032.75,23032.75,49289636.42971
2023-02-10 00:00:00+00:00,21803.0,21939.0,21454.0,21639.0,45.76959,538.52793,22975.55,22975.55,32544909.68098
2023-02-11 00:00:00+00:00,21631.0,21904.0,21610.0,21868.0,48.21366,436.74013,22933.1,22933.1,15293878.98791
2023-02-12 00:00:00+00:00,21868.0,22086.0,21649.0,21789.0,47.41969,345.71276,22876.45,22876.45,32286630.14209
2023-02-13 00:00:00+00:00,21790.0,21897.0,21376.0,21790.0,47.43149,270.53505,22834.1,22834.1,41902985.12925
2023-02-14 00:00:00+00:00,21790.0,22316.0,21569.0,22211.0,52.28664,242.13616,22791.95,22791.95,45142587.1905
2023-02-15 00:00:00+00:00,22208.0,24374.0,22064.0,24332.0,68.2143,386.32351,22858.05,22858.05,56358710.3903
2023-02-16 00:00:00+00:00,24332.0,25270.0,23520.0,23521.0,59.97071,430.1931,22879.95,22879.95,85494136.66379
2023-02-17 00:00:00+00:00,23518.0,25014.0,23369.0,24580.0,65.78524,544.14001,22957.3,22957.3,81817754.99604
2023-02-18 00:00:00+00:00,24577.0,24869.0,24450.0,24640.0,66.08581,631.99995,23002.0,23002.0,17770089.99304
2023-02-19 00:00:00+00:00,24638.0,25183.0,24211.0,24296.0,62.68562,666.19222,23075.25,23075.25,41720074.69156
2023-02-20 00:00:00+00:00,24271.0,25118.0,23862.0,24843.0,65.70706,729.02442,23161.05,23161.05,45426363.34139
2023-02-21 00:00:00+00:00,24843.0,25250.0,24165.0,24450.0,61.83315,738.59354,23196.8,23196.8,61273102.98525
2023-02-22 00:00:00+00:00,24450.0,24474.0,23594.0,24188.0,59.32215,716.7734,23231.3,23231.3,47214001.4604
2023-02-23 00:00:00+00:00,24188.0,24590.0,23636.0,23939.0,56.95492,671.64624,23256.55,23256.55,47884755.89892
2023-02-24 00:00:00+00:00,23939.0,24124.0,22865.0,23189.0,50.42757,568.80706,23249.5,23249.5,64530087.87667
2023-02-25 00:00:00+00:00,23186.0,23215.0,22770.0,23161.0,50.19627,479.51931,23260.7,23260.7,19996563.92697
2023-02-26 00:00:00+00:00,23166.0,23678.0,23068.0,23562.0,53.48661,436.08851,23300.65,23300.65,24014411.31599
2023-02-27 00:00:00+00:00,23560.0,23890.0,23126.0,23493.0,52.83972,391.58758,23312.7,23312.7,41538577.91044
2023-02-28 00:00:00+00:00,23497.0,23594.0,23048.0,23136.0,49.50373,323.78102,23321.45,23321.45,27432462.48973
2023-03-01 00:00:00+00:00,23146.0,23990.0,23040.0,23634.0,53.87812,306.6929,23413.05,23413.05,41313339.71825
2023-03-02 00:00:00+00:00,23632.0,23791.0,23206.0,23466.0,52.23421,276.40799,23504.4,23504.4,25599134.00616
2023-03-03 00:00:00+00:00,23469.0,23477.0,22000.0,22359.0,42.93758,161.22285,23528.95,23528.95,64349698.27164
2023-03-04 00:00:00+00:00,22359.0,22401.0,22170.0,22347.0,42.84855,68.18353,23556.85,23556.85,13594745.533
2023-03-05 00:00:00+00:00,22347.0,22652.0,22212.0,22428.0,43.69715,0.97399,23588.75,23588.75,21186931.58696
2023-03-06 00:00:00+00:00,22427.0,22590.0,22263.0,22407.0,43.51675,-53.36937,23598.55,23598.55,25907751.58547
2023-03-07 00:00:00+00:00,22414.0,22547.0,21931.0,22200.0,41.68964,-111.85071,23491.95,23491.95,40797435.97841
2023-03-08 00:00:00+00:00,22197.0,22275.0,21590.0,21704.0,37.61435,-195.96171,23401.1,23401.1,32060802.17583
2023-03-09 00:00:00+00:00,21697.0,21824.0,20043.0,20367.0,29.29994,-366.28274,23190.45,23190.45,68700927.85636
2023-03-10 00:00:00+00:00,20368.0,20368.0,19569.0,20220.0,28.55264,-507.27747,22969.45,22969.45,94937689.18101
2023-03-11 00:00:00+00:00,20226.0,20874.0,19893.0,20618.0,33.49816,-580.2132,22785.55,22785.55,74038291.1233
2023-03-12 00:00:00+00:00,20615.0,22269.0,20456.0,22183.0,48.57247,-505.90116,22652.55,22652.55,79847590.40946
2023-03-13 00:00:00+00:00,22190.0,24618.0,21900.0,24209.0,60.9219,-280.29598,22640.5,22640.5,163126675.37277
2023-03-14 00:00:00+00:00,24210.0,26533.0,24070.0,24750.0,63.44612,-57.18884,22668.6,22668.6,197159074.98284
2023-03-15 00:00:00+00:00,24745.0,25273.0,23940.0,24368.0,60.47565,87.789,22690.05,22690.05,106450285.15437
2023-03-16 00:00:00+00:00,24361.0,25217.0,24229.0,25050.0,63.73971,254.77973,22783.1,22783.1,60892797.3349
2023-03-17 00:00:00+00:00,25051.0,27818.0,24954.0,27466.0,72.42684,575.4388,22998.35,22998.35,141897122.57098
2023-03-18 00:00:00+00:00,27466.0,27776.0,26707.0,26980.0,68.85333,781.34048,23169.25,23169.25,79153839.35484
2023-03-19 00:00:00+00:00,26992.0,28474.0,26900.0,28054.0,72.1263,1019.4305,23397.3,23397.3,73381198.98727
2023-03-20 00:00:00+00:00,28081.0,28567.0,27231.0,27815.0,70.35456,1175.28531,23631.25,23631.25,111206972.9875
2023-03-21 00:00:00+00:00,27808.0,28497.0,27436.0,28192.0,71.54207,1314.07428,23859.15,23859.15,83310638.33407
2023-03-22 00:00:00+00:00,28184.0,28936.0,26688.0,27320.0,65.0513,1338.27562,24051.85,24051.85,137261428.284
2023-03-23 00:00:00+00:00,27320.0,28818.0,27187.0,28343.0,68.64532,1423.59262,24351.05,24351.05,90687807.83928
2023-03-24 00:00:00+00:00,28352.0,29380.0,27043.0,27493.0,62.86092,1406.40687,24608.35,24608.35,76690335.50517
2023-03-25 00:00:00+00:00,27497.0,27810.0,27210.0,27499.0,62.88469,1377.39346,24861.9,24861.9,26504592.36537
2023-03-26 00:00:00+00:00,27493.0,28217.0,27453.0,28004.0,64.92018,1379.25026,25141.75,25141.75,30810093.512
2023-03-27 00:00:00+00:00,27992.0,28051.0,26541.0,27142.0,58.97476,1296.22354,25388.85,25388.85,61312799.16068
2023-03-28 00:00:00+00:00,27142.0,27514.0,26647.0,27272.0,59.57602,1226.77271,25667.25,25667.25,58281408.58484
2023-03-29 00:00:00+00:00,27272.0,28650.0,27258.0,28353.0,64.2659,1244.61296,26066.55,26066.55,61293881.88918
2023-03-30 00:00:00+00:00,28353.0,29170.0,27706.0,28039.0,62.01524,1219.35831,26457.5,26457.5,81669921.14279
2023-03-31 00:00:00+00:00,28036.0,28653.0,27533.0,28476.0,63.90958,1220.53648,26850.4,26850.4,65528468.95398
2023-04-01 00:00:00+00:00,28476.0,28816.0,28237.0,28469.0,63.85465,1206.9919,27164.7,27164.7,18685252.11607
2023-04-02 00:00:00+00:00,28469.0,28544.0,27891.0,28186.0,61.55116,1160.04966,27363.55,27363.55,19447839.41523
2023-04-03 00:00:00+00:00,28179.0,28506.0,27236.0,27816.0,58.57599,1080.53594,27516.85,27516.85,66569980.78586
2023-04-04 00:00:00+00:00,27820.0,28447.0,27686.0,28178.0,60.58345,1034.80255,27707.35,27707.35,36479164.43967
2023-04-05 00:00:00+00:00,28179.0,28782.0,27823.0,28183.0,60.61184,987.5778,27864.0,27864.0,44425069.76068
2023-04-06 00:00:00+00:00,28181.0,28199.0,27723.0,28051.0,59.39546,928.79398,27893.25,27893.25,29870951.52689
2023-04-07 00:00:00+00:00,28054.0,28118.0,27797.0,27931.0,58.25098,862.58109,27940.8,27940.8,12191312.82763
2023-04-08 00:00:00+00:00,27931.0,28174.0,27891.0,27969.0,58.52353,803.90624,27936.55,27936.55,11684417.23749
2023-04-09 00:00:00+00:00,27968.0,28544.0,27833.0,28340.0,61.18758,778.37004,27962.8,27962.8,20363640.62177
2023-04-10 00:00:00+00:00,28353.0,29789.0,28184.0,29652.0,68.81574,854.1537,28035.8,28035.8,80406533.92062
2023-04-11 00:00:00+00:00,29657.0,30575.0,29617.0,30246.0,71.54271,951.17903,28182.1,28182.1,81343740.45719
2023-04-12 00:00:00+00:00,30255.0,30503.0,29689.0,29903.0,67.85289,988.99456,28260.1,28260.1,57621345.1464
2023-04-13 00:00:00+00:00,29914.0,30614.0,29889.0,30410.0,70.2919,1047.79596,28405.95,28405.95,45734641.20453
2023-04-14 00:00:00+00:00,30411.0,31035.0,30001.0,30498.0,70.70732,1088.94468,28555.9,28555.9,77469207.84405
2023-04-15 00:00:00+00:00,30498.0,30620.0,30249.0,30332.0,68.75422,1095.53192,28672.3,28672.3,17005335.71278
2023-04-16 00:00:00+00:00,30327.0,30567.0,30157.0,30330.0,68.72959,1088.04862,28831.7,28831.7,19921096.97205
2023-04-17 00:00:00+00:00,30328.0,30337.0,29247.0,29448.0,58.73566,999.42725,28940.5,28940.5,61163582.2423
2023-04-18 00:00:00+00:00,29452.0,30483.0,29122.0,30395.0,64.67503,994.14922,29042.6,29042.6,55545878.13847
2023-04-19 00:00:00+00:00,30388.0,30423.0,28603.0,28827.0,51.4661,853.60206,29082.0,29082.0,111534446.22927
2023-04-20 00:00:00+00:00,28814.0,29098.0,28005.0,28238.0,47.53848,686.77335,29070.1,29070.1,69184887.44535
2023-04-21 00:00:00+00:00,28240.0,28362.0,27140.0,27254.0,41.79938,469.74489,29009.35,29009.35,66933090.3017
2023-04-22 00:00:00+00:00,27253.0,27883.0,27137.0,27817.0,45.82899,339.26682,28990.9,28990.9,28107614.53524
2023-04-23 00:00:00+00:00,27820.0,27820.0,27347.0,27596.0,44.52578,215.54448,28979.9,28979.9,22022864.38324
2023-04-24 00:00:00+00:00,27594.0,27998.0,26981.0,27512.0,44.01347,109.45383,28946.6,28946.6,61534852.5988
2023-04-25 00:00:00+00:00,27515.0,28392.0,27197.0,28300.0,49.84361,87.94743,28952.45,28952.45,53038904.91236
2023-04-26 00:00:00+00:00,28306.0,30022.0,27242.0,28428.0,50.74093,80.30627,28971.3,28971.3,150019873.28683
2023-04-27 00:00:00+00:00,28427.0,29887.0,28389.0,29485.0,57.50235,157.72352,29049.0,29049.0,110527640.98456
2023-04-28 00:00:00+00:00,29486.0,29600.0,28922.0,29333.0,56.30546,204.45528,29117.2,29117.2,71838716.31207
2023-04-29 00:00:00+00:00,29339.0,29460.0,29061.0,29247.0,55.6003,231.87812,29162.55,29162.55,27272231.20778
2023-04-30 00:00:00+00:00,29252.0,29961.0,29115.0,29235.0,55.49586,249.76349,29141.7,29141.7,41374981.7057
2023-05-01 00:00:00+00:00,29254.0,29344.0,27666.0,28079.0,46.44504,168.71342,29033.35,29033.35,81818354.50213
2023-05-02 00:00:00+00:00,28079.0,28894.0,27876.0,28680.0,50.92609,151.23301,28972.2,28972.2,55511760.17278
2023-05-03 00:00:00+00:00,28682.0,29276.0,28138.0,29033.0,53.3928,163.97362,28903.35,28903.35,82408786.10378
2023-05-04 00:00:00+00:00,29043.0,29378.0,28691.0,28851.0,51.9431,157.56842,28821.0,28821.0,47785312.03646
2023-05-05 00:00:00+00:00,28860.0,29701.0,28832.0,29547.0,56.77633,206.27581,28781.75,28781.75,56823896.43217
2023-05-06 00:00:00+00:00,29537.0,29851.0,28422.0,28911.0,51.66311,191.35111,28710.8,28710.8,41723538.37058
2023-05-07 00:00:00+00:00,28909.0,29194.0,28444.0,28472.0,48.42152,142.45739,28662.0,28662.0,29082928.14051
2023-05-08 00:00:00+00:00,28485.0,28667.0,27290.0,27690.0,43.21937,40.14513,28526.75,28526.75,81319968.01548
2023-05-09 00:00:00+00:00,27688.0,27841.0,27372.0,27650.0,42.9651,-43.66243,28467.9,28467.9,43508125.64506
2023-05-10 00:00:00+00:00,27648.0,28328.0,26842.0,27618.0,42.74842,-111.37874,28436.9,28436.9,78682094.60021
2023-05-11 00:00:00+00:00,27624.0,27640.0,26720.0,26991.0,38.63689,-213.18066,28423.75,28423.75,57406377.68412
2023-05-12 00:00:00+00:00,26987.0,27093.0,25800.0,26811.0,37.52119,-304.86956,28373.45,28373.45,129845202.76482
2023-05-13 00:00:00+00:00,26816.0,27052.0,26710.0,26789.0,37.37911,-374.98629,28333.1,28333.1,34003402.17321
2023-05-14 00:00:00+00:00,26805.0,27202.0,26598.0,26933.0,39.00705,-414.16051,28304.15,28304.15,35703306.43056
2023-05-15 00:00:00+00:00,26933.0,27666.0,26736.0,27166.0,41.65029,-421.5459,28247.45,28247.45,49038149.74459
2023-05-16 00:00:00+00:00,27166.0,27300.0,26868.0,27037.0,40.6012,-432.81883,28177.9,28177.9,46783138.60451
2023-05-17 00:00:00+00:00,27037.0,27488.0,26550.0,27404.0,44.85669,-407.44213,28073.85,28073.85,72712886.25684
2023-05-18 00:00:00+00:00,27413.0,27481.0,26374.0,26818.0,39.93674,-429.66333,27948.1,27948.1,53302834.24319
2023-05-19 00:00:00+00:00,26824.0,27176.0,26651.0,26893.0,40.83123,-436.19374,27830.4,27830.4,34348620.29761
2023-05-20 00:00:00+00:00,26889.0,27153.0,26840.0,27115.0,43.51281,-418.62989,27724.4,27724.4,16350870.94749
2023-05-21 00:00:00+00:00,27123.0,27277.0,26688.0,26750.0,40.28046,-429.21514,27657.95,27657.95,17498443.98228
2023-05-22 00:00:00+00:00,26753.0,27078.0,26547.0,26856.0,41.6364,-424.16125,27566.75,27566.75,29860485.13371
2023-05-23 00:00:00+00:00,26854.0,27478.0,26810.0,27226.0,46.22603,-385.85223,27476.4,27476.4,31974748.95828
2023-05-24 00:00:00+00:00,27225.0,27225.0,26076.0,26325.0,38.32287,-423.3155,27350.1,27350.1,58297867.13582
2023-05-25 00:00:00+00:00,26325.0,26611.0,25878.0,26478.0,40.19277,-435.63784,27196.65,27196.65,43604654.53592
2023-05-26 00:00:00+00:00,26486.0,26937.0,26338.0,26718.0,43.10658,-421.18226,27087.0,27087.0,44514923.18445
2023-05-27 00:00:00+00:00,26716.0,26893.0,26566.0,26872.0,44.95962,-392.77196,27007.0,27007.0,17103057.54835
2023-05-28 00:00:00+00:00,26875.0,28248.0,26785.0,28072.0,56.77402,-270.31065,27026.1,27026.1,46758105.08182
2023-05-29 00:00:00+00:00,28071.0,28452.0,27542.0,27749.0,53.44841,-197.0511,27031.05,27031.05,46748139.0824
2023-05-30 00:00:00+00:00,27748.0,28054.0,27570.0,27706.0,53.00329,-140.83862,27035.45,27035.45,43430572.85649
2023-05-31 00:00:00+00:00,27701.0,27840.0,26857.0,27219.0,48.11594,-134.0415,27046.85,27046.85,50721960.12142
2023-06-01 00:00:00+00:00,27220.0,27356.0,26625.0,26826.0,44.54624,-158.53902,27047.6,27047.6,53768886.31829
2023-06-02 00:00:00+00:00,26821.0,27300.0,26519.0,27251.0,48.95649,-142.02238,27070.7,27070.7,45548260.36046
2023-06-03 00:00:00+00:00,27250.0,27332.0,26937.0,27076.0,47.28877,-141.42362,27077.85,27077.85,20914096.22623
2023-06-04 00:00:00+00:00,27072.0,27451.0,26963.0,27125.0,47.82472,-135.43401,27075.8,27075.8,21426025.67621
2023-06-05 00:00:00+00:00,27114.0,27138.0,25389.0,25739.0,36.51521,-239.76199,27010.9,27010.9,98775737.31443
2023-06-06 00:00:00+00:00,25730.0,27357.0,25350.0,27236.0,50.21053,-199.3493,27002.5,27002.5,107996503.25798
2023-06-07 00:00:00+00:00,27252.0,27388.0,26140.0,26348.0,44.12913,-236.25276,26979.0,26979.0,78959816.99729
2023-06-08 00:00:00+00:00,26347.0,26809.0,26225.0,26510.0,45.4277,-249.55031,26959.85,26959.85,40571581.1216
2023-06-09 00:00:00+00:00,26507.0,26778.0,26289.0,26484.0,45.24594,-259.19881,26928.3,26928.3,28067702.6816
2023-06-10 00:00:00+00:00,26486.0,26528.0,25420.0,25857.0,40.98693,-313.82144,26883.65,26883.65,79498439.84359
2023-06-11 00:00:00+00:00,25857.0,26209.0,25657.0,25941.0,41.77764,-346.33978,26837.9,26837.9,26485563.34022
2023-06-12 00:00:00+00:00,25940.0,26103.0,25634.0,25906.0,41.52796,-370.66225,26771.9,26771.9,45621125.27998
2023-06-13 00:00:00+00:00,25906.0,26422.0,25718.0,25934.0,41.82748,-383.26062,26752.35,26752.35,49170033.2541
2023-06-14 00:00:00+00:00,25935.0,26078.0,24819.0,25127.0,36.08946,-453.13956,26684.8,26684.8,69027102.67253
2023-06-15 00:00:00+00:00,25125.0,25729.0,24756.0,25573.0,40.91375,-467.14569,26627.55,26627.55,73661553.70541
2023-06-16 00:00:00+00:00,25567.0,26485.0,25188.0,26333.0,48.10274,-412.16878,26600.6,26600.6,67329278.07519
2023-06-17 00:00:00+00:00,26333.0,26785.0,26173.0,26507.0,49.61424,-350.51828,26522.35,26522.35,30628446.90043
2023-06-18 00:00:00+00:00,26513.0,26685.0,26267.0,26340.0,48.16433,-311.54403,26451.9,26451.9,26490517.24911
2023-06-19 00:00:00+00:00,26336.0,27050.0,26260.0,26842.0,52.64435,-237.4127,26408.7,26408.7,49093084.9949
2023-06-20 00:00:00+00:00,26840.0,28441.0,26651.0,28315.0,62.80313,-59.12277,26463.5,26463.5,88442295.03424
2023-06-21 00:00:00+00:00,28316.0,30755.0,28280.0,30009.0,70.61124,216.37073,26622.65,26622.65,181363687.8027
2023-06-22 00:00:00+00:00,30010.0,30505.0,29600.0,29889.0,69.49832,420.17481,26754.55,26754.55,112903650.05777
2023-06-23 00:00:00+00:00,29891.0,31458.0,29820.0,30716.0,72.69266,641.03357,26936.55,26936.55,134793652.8188
2023-06-24 00:00:00+00:00,30703.0,30821.0,30287.0,30548.0,71.06449,793.36412,27107.7,27107.7,37016079.39343
2023-06-25 00:00:00+00:00,30550.0,31047.0,30295.0,30477.0,70.34738,898.00641,27344.6,27344.6,45114223.77363
2023-06-26 00:00:00+00:00,30480.0,30657.0,29941.0,30274.0,68.22746,953.56369,27496.5,27496.5,62427387.02014
2023-06-27 00:00:00+00:00,30278.0,31025.0,30235.0,30696.0,70.23549,1019.88847,27713.9,27713.9,64079682.35956
2023-06-28 00:00:00+00:00,30697.0,30712.0,29868.0,30079.0,63.87878,1011.01029,27892.35,27892.35,56173906.05693
2023-06-29 00:00:00+00:00,30078.0,30825.0,30041.0,30444.0,65.84796,1021.64978,28090.35,28090.35,58593080.87996
2023-06-30 00:00:00+00:00,30445.0,31268.0,29508.0,30469.0,65.98474,1020.33713,28320.95,28320.95,150650623.11929
2023-07-01 00:00:00+00:00,30469.0,30647.0,30321.0,30592.0,66.69157,1017.49289,28553.5,28553.5,18475574.60998
2023-07-02 00:00:00+00:00,30590.0,30785.0,30175.0,30616.0,66.83638,1005.58367,28789.0,28789.0,33414363.03376
2023-07-03 00:00:00+00:00,30616.0,31378.0,30587.0,31158.0,70.00758,1028.02991,29050.2,29050.2,48279116.6836
2023-07-04 00:00:00+00:00,31165.0,31327.0,30637.0,30771.0,65.21257,1003.02876,29332.4,29332.4,26109947.68706
2023-07-05 00:00:00+00:00,30767.0,30866.0,30206.0,30501.0,62.02088,950.47197,29578.8,29578.8,35975604.68509
2023-07-06 00:00:00+00:00,30498.0,31500.0,29868.0,29912.0,55.62507,851.47766,29757.75,29757.75,92357302.11732
2023-07-07 00:00:00+00:00,29901.0,30445.0,29722.0,30348.0,58.99593,798.99519,29949.8,29949.8,57250622.46094
2023-07-08 00:00:00+00:00,30348.0,30383.0,30056.0,30293.0,58.39333,744.38362,30147.45,30147.45,18266496.71218
2023-07-09 00:00:00+00:00,30293.0,30439.0,30073.0,30167.0,56.958,683.0625,30313.7,30313.7,19321504.33563
2023-07-10 00:00:00+00:00,30170.0,31037.0,29964.0,30421.0,59.13847,647.4968,30419.0,30419.0,57784248.61271
2023-07-11 00:00:00+00:00,30417.0,30804.0,30310.0,30621.0,60.82149,628.20747,30449.6,30449.6,39042351.43818
2023-07-12 00:00:00+00:00,30631.0,30960.0,30219.0,30382.0,57.75986,586.87016,30474.25,30474.25,52701217.8169
2023-07-13 00:00:00+00:00,30383.0,31818.0,30259.0,31471.0,66.12679,634.6672,30512.0,30512.0,95621827.89591
2023-07-14 00:00:00+00:00,31474.0,31635.0,29961.0,30331.0,54.05576,573.94218,30501.15,30501.15,81526239.36053
2023-07-15 00:00:00+00:00,30328.0,30403.0,30260.0,30301.0,53.77755,517.43177,30492.35,30492.35,14642378.6449
2023-07-16 00:00:00+00:00,30300.0,30442.0,30067.0,30253.0,53.30484,463.43153,30491.3,30491.3,30243191.42861
2023-07-17 00:00:00+00:00,30247.0,30341.0,29675.0,30154.0,52.28403,407.94493,30464.2,30464.2,54597203.89426
2023-07-18 00:00:00+00:00,30144.0,30244.0,29521.0,29868.0,49.34415,337.00877,30453.65,30453.65,48901892.05466
2023-07-19 00:00:00+00:00,29862.0,30188.0,29757.0,29919.0,49.88529,281.65982,30427.4,30427.4,43289329.17804
2023-07-20 00:00:00+00:00,29917.0,30414.0,29567.0,29806.0,48.6453,226.07122,30394.25,30394.25,42663174.45934
2023-07-21 00:00:00+00:00,29806.0,30051.0,29735.0,29908.0,49.85691,188.07934,30360.05,30360.05,35821824.11082
2023-07-22 00:00:00+00:00,29908.0,29995.0,29640.0,29789.0,48.42158,146.67739,30318.7,30318.7,18778741.30428
2023-07-23 00:00:00+00:00,29790.0,30342.0,29742.0,30085.0,52.11444,136.18096,30265.05,30265.05,23059167.74153
2023-07-24 00:00:00+00:00,30085.0,30099.0,28842.0,29177.0,42.14595,53.9723,30185.35,30185.35,82216063.19166
2023-07-25 00:00:00+00:00,29176.0,29362.0,29054.0,29224.0,42.75632,-7.30198,30121.5,30121.5,35463069.58755
2023-07-26 00:00:00+00:00,29224.0,29678.0,29100.0,29354.0,44.50046,-44.85531,30093.6,30093.6,44537106.50138
2023-07-27 00:00:00+00:00,29353.0,29563.0,29081.0,29219.0,43.0341,-84.5355,30037.15,30037.15,38383355.51106
2023-07-28 00:00:00+00:00,29214.0,29525.0,29121.0,29317.0,44.46471,-106.84293,29988.35,29988.35,36396592.03136
2023-07-29 00:00:00+00:00,29316.0,29404.0,29251.0,29360.0,45.11601,-119.67248,29948.0,29948.0,11816975.5645
2023-07-30 00:00:00+00:00,29360.0,29446.0,29034.0,29279.0,44.0676,-134.82187,29890.9,29890.9,23194205.60173
2023-07-31 00:00:00+00:00,29279.0,29511.0,29115.0,29231.0,43.42363,-148.98368,29821.4,29821.4,26304125.8064
2023-08-01 00:00:00+00:00,29221.0,29715.0,28574.0,29696.0,50.90801,-121.28728,29787.1,29787.1,68383063.5177
2023-08-02 00:00:00+00:00,29697.0,30025.0,28929.0,29164.0,43.77334,-140.64437,29671.75,29671.75,58038438.40425
2023-08-03 00:00:00+00:00,29157.0,29395.0,28925.0,29176.0,43.96411,-153.25014,29614.0,29614.0,39669218.52218
2023-08-04 00:00:00+00:00,29175.0,29306.0,28784.0,29077.0,42.67762,-169.27744,29552.8,29552.8,41598570.24177
2023-08-05 00:00:00+00:00,29075.0,29107.0,28950.0,29049.0,42.3006,-182.13898,29492.6,29492.6,9856684.56757
2023-08-06 00:00:00+00:00,29049.0,29159.0,28962.0,29042.0,42.20024,-190.69843,29437.0,29437.0,14353637.53956
2023-08-07 00:00:00+00:00,29041.0,29244.0,28671.0,29181.0,44.9914,-184.14303,29402.65,29402.65,42035097.57354
2023-08-08 00:00:00+00:00,29186.0,30210.0,29107.0,29764.0,54.84145,-130.40142,29394.9,29394.9,75844885.7392
2023-08-09 00:00:00+00:00,29776.0,30119.0,29352.0,29565.0,51.45456,-102.68475,29382.85,29382.85,39678647.38075
2023-08-10 00:00:00+00:00,29565.0,29703.0,29294.0,29423.0,49.12326,-91.12685,29358.6,29358.6,32108089.75114
2023-08-11 00:00:00+00:00,29424.0,29525.0,29222.0,29398.0,48.70486,-83.02734,29339.05,29339.05,24682073.86476
2023-08-12 00:00:00+00:00,29398.0,29465.0,29350.0,29415.0,49.02282,-74.37926,29305.55,29305.55,10284565.97047
2023-08-13 00:00:00+00:00,29415.0,29443.0,29254.0,29284.0,46.62448,-77.20622,29310.9,29310.9,10458920.00736
2023-08-14 00:00:00+00:00,29280.0,29659.0,29086.0,29408.0,49.15992,-68.64949,29320.1,29320.1,37674818.68528
2023-08-15 00:00:00+00:00,29408.0,29455.0,29060.0,29172.0,44.7983,-79.98938,29311.0,29311.0,31535236.61607
2023-08-16 00:00:00+00:00,29171.0,29224.0,28693.0,28701.0,37.62378,-125.535,29285.1,29285.1,51606584.19506
2023-08-17 00:00:00+00:00,28692.0,28757.0,26266.0,26642.0,21.45069,-324.039,29151.35,29151.35,131866147.53097
2023-08-18 00:00:00+00:00,26632.0,26813.0,25601.0,26051.0,18.93472,-523.01463,28985.9,28985.9,68766518.26052
2023-08-19 00:00:00+00:00,26051.0,26264.0,25798.0,26097.0,19.72395,-669.27742,28826.8,28826.8,26654152.57536
2023-08-20 00:00:00+00:00,26097.0,26297.0,25979.0,26192.0,21.42534,-768.66533,28674.85,28674.85,18646949.93355
2023-08-21 00:00:00+00:00,26193.0,26240.0,25828.0,26125.0,21.08592,-843.11836,28496.3,28496.3,42044390.06536
2023-08-22 00:00:00+00:00,26125.0,26137.0,25350.0,26042.0,20.64949,-898.4634,28340.2,28340.2,46495023.32816
2023-08-23 00:00:00+00:00,26048.0,26800.0,25805.0,26431.0,28.15492,-900.55467,28202.95,28202.95,65351366.17766
2023-08-24 00:00:00+00:00,26429.0,26562.0,25852.0,26168.0,26.34088,-912.91045,28057.5,28057.5,43926341.63593
2023-08-25 00:00:00+00:00,26169.0,26281.0,25748.0,26048.0,25.53253,-921.76002,27907.45,27907.45,50134792.14501
2023-08-26 00:00:00+00:00,26050.0,26102.0,25976.0,26008.0,25.25433,-921.37993,27755.75,27755.75,6477110.82515
2023-08-27 00:00:00+00:00,26007.0,26168.0,25962.0,26090.0,27.01012,-904.04078,27601.2,27601.2,10424764.7699
2023-08-28 00:00:00+00:00,26087.0,26223.0,25856.0,26103.0,27.30168,-879.11648,27418.15,27418.15,31645830.60359
2023-08-29 00:00:00+00:00,26103.0,28142.0,25913.0,27726.0,52.703,-720.10038,27326.2,27326.2,127030054.27861
2023-08-30 00:00:00+00:00,27722.0,27757.0,27006.0,27300.0,47.96562,-621.29176,27220.05,27220.05,56910799.86583
2023-08-31 00:00:00+00:00,27302.0,27537.0,25683.0,25932.0,36.59098,-645.92555,27046.75,27046.75,72861964.11572
2023-09-01 00:00:00+00:00,25927.0,26134.0,25333.0,25798.0,35.69798,-668.55401,26865.9,26865.9,50839835.30184
2023-09-02 00:00:00+00:00,25801.0,25980.0,25753.0,25870.0,36.5934,-672.92043,26695.2,26695.2,14433562.26372
2023-09-03 00:00:00+00:00,25870.0,26112.0,25807.0,25970.0,37.88711,-660.69559,26523.3,26523.3,18686404.88343
2023-09-04 00:00:00+00:00,25972.0,26081.0,25646.0,25819.0,36.67042,-655.63402,26355.65,26355.65,27980160.01216
2023-09-05 00:00:00+00:00,25827.0,25862.0,25547.0,25783.0,36.37054,-647.06858,26209.75,26209.75,25955227.44969
2023-09-06 00:00:00+00:00,25779.0,26000.0,25386.0,25748.0,36.06177,-635.77578,26165.05,26165.05,32911311.73319
2023-09-07 00:00:00+00:00,25750.0,26417.0,25600.0,26245.0,43.40865,-580.03612,26174.75,26174.75,43234752.71116
2023-09-08 00:00:00+00:00,26256.0,26429.0,25652.0,25908.0,40.0483,-556.63854,26165.3,26165.3,42734669.54545
2023-09-09 00:00:00+00:00,25908.0,25927.0,25801.0,25899.0,39.95933,-532.68159,26150.65,26150.65,11294319.75776
2023-09-10 00:00:00+00:00,25899.0,26018.0,25588.0,25836.0,39.30118,-512.8671,26136.2,26136.2,22655887.91597
2023-09-11 00:00:00+00:00,25839.0,25881.0,24920.0,25155.0,32.97812,-545.82307,26091.85,26091.85,50714558.47187
2023-09-12 00:00:00+00:00,25157.0,26529.0,25129.0,25844.0,42.97459,-510.46011,26062.5,26062.5,83151583.65134
2023-09-13 00:00:00+00:00,25842.0,26395.0,25762.0,26226.0,47.63772,-446.46394,26065.4,26065.4,41077192.55738
2023-09-14 00:00:00+00:00,26229.0,26849.0,26143.0,26529.0,51.05648,-367.06564,26089.45,26089.45,55366713.44216
2023-09-15 00:00:00+00:00,26529.0,26878.0,26228.0,26607.0,51.92662,-294.45369,26119.4,26119.4,36952041.17874
2023-09-16 00:00:00+00:00,26609.0,26767.0,26459.0,26571.0,51.47178,-237.08018,26143.45,26143.45,16200705.47014
2023-09-17 00:00:00+00:00,26571.0,26618.0,26414.0,26535.0,50.99079,-192.29946,26165.05,26165.05,13877245.5289
2023-09-18 00:00:00+00:00,26533.0,27422.0,26382.0,26770.0,54.01192,-136.27696,26117.25,26117.25,53963760.17756
2023-09-19 00:00:00+00:00,26766.0,27486.0,26682.0,27214.0,59.13723,-55.41287,26112.95,26112.95,51345486.44199
2023-09-20 00:00:00+00:00,27220.0,27389.0,26852.0,27128.0,57.79367,1.71328,26172.75,26172.75,61440538.59768
2023-09-21 00:00:00+00:00,27124.0,27177.0,26376.0,26563.0,49.79029,1.37948,26211.0,26211.0,41360067.74448
2023-09-22 00:00:00+00:00,26568.0,26733.0,26479.0,26581.0,50.02772,2.53813,26246.55,26246.55,18168087.80787
2023-09-23 00:00:00+00:00,26577.0,26634.0,26519.0,26583.0,50.05598,3.57653,26277.2,26277.2,6999905.13728
2023-09-24 00:00:00+00:00,26582.0,26730.0,26148.0,26248.0,45.42247,-22.37432,26298.65,26298.65,20441425.27109
2023-09-25 00:00:00+00:00,26215.0,26436.0,25977.0,26297.0,46.20683,-38.54237,26324.35,26324.35,34380332.521
2023-09-26 00:00:00+00:00,26298.0,26386.0,26085.0,26208.0,44.94341,-57.87013,26347.35,26347.35,23183122.3343
2023-09-27 00:00:00+00:00,26203.0,26823.0,26095.0,26361.0,47.59613,-60.14835,26353.15,26353.15,48654373.92245
2023-09-28 00:00:00+00:00,26361.0,27297.0,26325.0,27026.0,57.2397,-8.19939,26409.05,26409.05,74689273.36895
2023-09-29 00:00:00+00:00,27029.0,27235.0,26682.0,26911.0,55.343,23.42101,26459.65,26459.65,41351848.95583
2023-09-30 00:00:00+00:00,26910.0,27093.0,26884.0,26966.0,56.09236,52.31539,26516.15,26516.15,14362276.47081
2023-10-01 00:00:00+00:00,26965.0,28053.0,26959.0,27995.0,67.18644,156.44271,26658.15,26658.15,35403748.10262
2023-10-02 00:00:00+00:00,27995.0,28592.0,27333.0,27507.0,59.50733,197.31236,26741.3,26741.3,70912307.44035
2023-10-03 00:00:00+00:00,27509.0,27670.0,27170.0,27435.0,58.44593,221.34057,26801.75,26801.75,35780256.81101
2023-10-04 00:00:00+00:00,27431.0,27831.0,27221.0,27790.0,62.04098,265.96278,26864.8,26864.8,35432557.3121
2023-10-05 00:00:00+00:00,27787.0,28125.0,27369.0,27417.0,56.50907,268.1373,26905.3,26905.3,42100952.08612
2023-10-06 00:00:00+00:00,27420.0,28301.0,27185.0,27948.0,61.73929,309.14426,26974.15,26974.15,48035724.14441
2023-10-07 00:00:00+00:00,27945.0,28034.0,27864.0,27971.0,61.95273,339.58397,27045.95,27045.95,9929765.53456
2023-10-08 00:00:00+00:00,27976.0,28104.0,27715.0,27933.0,61.34386,356.5315,27104.1,27104.1,15633759.69198
2023-10-09 00:00:00+00:00,27930.0,27996.0,27280.0,27594.0,56.0515,338.70371,27123.1,27123.1,32746476.25725
2023-10-10 00:00:00+00:00,27598.0,27733.0,27294.0,27395.0,53.15255,305.00155,27136.45,27136.45,32424275.69518
2023-10-11 00:00:00+00:00,27394.0,27474.0,26533.0,26874.0,46.38815,233.55967,27152.0,27152.0,54897599.48614
2023-10-12 00:00:00+00:00,26870.0,26933.0,26545.0,26756.0,44.99157,165.51194,27160.75,27160.75,29430796.40361
2023-10-13 00:00:00+00:00,26744.0,27108.0,26675.0,26867.0,46.61962,119.16671,27174.95,27174.95,34715599.40538
2023-10-14 00:00:00+00:00,26867.0,26981.0,26800.0,26855.0,46.45953,80.54106,27205.3,27205.3,11325285.22954
2023-10-15 00:00:00+00:00,26858.0,27299.0,26814.0,27174.0,51.25177,74.80824,27249.15,27249.15,20604808.34496
2023-10-16 00:00:00+00:00,27161.0,29900.0,27123.0,28518.0,65.33128,176.67787,27364.65,27364.65,136470591.61188
2023-10-17 00:00:00+00:00,28520.0,28627.0,28081.0,28408.0,63.70943,245.70191,27467.0,27467.0,52977543.44245
2023-10-18 00:00:00+00:00,28408.0,28984.0,28156.0,28328.0,62.49433,290.59879,27532.1,27532.1,40029627.72805
2023-10-19 00:00:00+00:00,28327.0,28916.0,28138.0,28733.0,66.02692,354.77043,27623.2,27623.2,44442473.20945
2023-10-20 00:00:00+00:00,28734.0,30233.0,28595.0,29688.0,72.58427,477.18672,27759.3,27759.3,82277110.87083
2023-10-21 00:00:00+00:00,29682.0,30364.0,29483.0,29927.0,73.93993,586.72443,27855.9,27855.9,27480823.97018
2023-10-22 00:00:00+00:00,29921.0,30247.0,29678.0,30002.0,74.36825,671.84115,27980.65,27980.65,27659116.8608
2023-10-23 00:00:00+00:00,30007.0,34283.0,29898.0,33074.0,85.1411,975.93157,28262.6,28262.6,169562663.74862
2023-10-24 00:00:00+00:00,33090.0,35198.0,32852.0,33917.0,86.78277,1270.30518,28568.95,28568.95,186647799.98499
2023-10-25 00:00:00+00:00,33928.0,35138.0,33686.0,34498.0,87.78448,1532.81094,28923.0,28923.0,86756880.54676
2023-10-26 00:00:00+00:00,34494.0,34834.0,33738.0,34165.0,83.86149,1694.44581,29233.85,29233.85,70986879.52636
2023-10-27 00:00:00+00:00,34148.0,34245.0,33407.0,33906.0,80.83567,1781.11193,29530.6,29530.6,71000443.71178
2023-10-28 00:00:00+00:00,33902.0,34506.0,33878.0,34091.0,81.3532,1843.473,29838.5,29838.5,26347421.54176
2023-10-29 00:00:00+00:00,34090.0,34755.0,33945.0,34538.0,82.57748,1906.98126,30185.7,30185.7,32788075.69751
2023-10-30 00:00:00+00:00,34549.0,34860.0,34095.0,34495.0,82.0196,1931.57627,30540.7,30540.7,63579692.62213
2023-10-31 00:00:00+00:00,34489.0,34730.0,34061.0,34661.0,82.51082,1942.07577,30930.05,30930.05,54254434.35349
2023-11-01 00:00:00+00:00,34667.0,35612.0,34102.0,35440.0,84.63253,1990.3124,31364.25,31364.25,74359009.57762
2023-11-02 00:00:00+00:00,35440.0,35968.0,34320.0,34937.0,78.04842,1965.29765,31767.75,31767.75,57183398.88874
2023-11-03 00:00:00+00:00,34947.0,34947.0,34132.0,34727.0,75.4107,1906.55051,32161.35,32161.35,46757363.34226
2023-11-04 00:00:00+00:00,34734.0,35276.0,34609.0,35086.0,76.85101,1867.43466,32556.95,32556.95,27687518.40582
2023-11-05 00:00:00+00:00,35086.0,35396.0,34495.0,35045.0,76.30132,1812.23637,32883.3,32883.3,28600379.56361
2023-11-06 00:00:00+00:00,35043.0,35290.0,34766.0,35042.0,76.25834,1748.09827,33215.0,33215.0,37460589.42527
2023-11-07 00:00:00+00:00,35061.0,35891.0,34530.0,35414.0,77.91932,1707.60148,33569.3,33569.3,63248136.48796
2023-11-08 00:00:00+00:00,35417.0,36150.0,35111.0,35640.0,78.88576,1674.44187,33914.65,33914.65,48625635.47149
2023-11-09 00:00:00+00:00,35633.0,37978.0,35578.0,36693.0,82.68784,1713.38017,34264.9,34264.9,110676451.05392
2023-11-10 00:00:00+00:00,36700.0,37558.0,36343.0,37319.0,84.47738,1774.299,34634.5,34634.5,60555243.97296
2023-11-11 00:00:00+00:00,37350.0,37422.0,36673.0,37152.0,82.04099,1788.48556,34992.0,34992.0,30030211.76634
2023-11-12 00:00:00+00:00,37136.0,37237.0,36758.0,37086.0,81.04615,1773.95383,35192.6,35192.6,20381071.70489
2023-11-13 00:00:00+00:00,37085.0,37421.0,36355.0,36485.0,72.43281,1694.40955,35321.0,35321.0,55111292.35053
2023-11-14 00:00:00+00:00,36474.0,36749.0,35002.0,35564.0,61.6244,1539.30893,35374.3,35374.3,61064995.85129
2023-11-15 00:00:00+00:00,35558.0,37975.0,35378.0,37877.0,72.65873,1584.7622,35559.9,35559.9,94459966.44315
2023-11-16 00:00:00+00:00,37886.0,37960.0,35539.0,36165.0,59.11086,1465.74396,35672.85,35672.85,75041583.79226
2023-11-17 00:00:00+00:00,36167.0,36800.0,35891.0,36625.0,61.20405,1392.48758,35799.55,35799.55,69480570.7949
2023-11-18 00:00:00+00:00,36626.0,36851.0,36211.0,36590.0,60.9484,1316.43215,35902.15,35902.15,21977299.24855
2023-11-19 00:00:00+00:00,36591.0,37520.0,36420.0,37426.0,64.73732,1308.53194,36048.7,36048.7,46739958.15697
2023-11-20 00:00:00+00:00,37426.0,37769.0,36716.0,37480.0,64.97371,1291.73797,36189.65,36189.65,92460275.46012
2023-11-21 00:00:00+00:00,37473.0,37664.0,35758.0,35758.0,52.81452,1126.49212,36205.55,36205.55,94234608.91423
2023-11-22 00:00:00+00:00,35762.0,37865.0,35651.0,37424.0,60.51363,1117.08876,36329.9,36329.9,77474128.87374
2023-11-23 00:00:00+00:00,37432.0,37649.0,36886.0,37301.0,59.73863,1087.17914,36458.6,36458.6,38136788.07334
2023-11-24 00:00:00+00:00,37312.0,38437.0,37266.0,37746.0,61.65214,1086.85474,36591.6,36591.6,68019490.39134
2023-11-25 00:00:00+00:00,37750.0,37908.0,37619.0,37809.0,61.92801,1079.24042,36729.8,36729.8,15881178.95909
2023-11-26 00:00:00+00:00,37811.0,37837.0,37173.0,37460.0,59.37956,1033.13529,36850.7,36850.7,35837370.02385
2023-11-27 00:00:00+00:00,37467.0,37574.0,36727.0,37240.0,57.76578,967.68956,36942.0,36942.0,54419115.53616
2023-11-28 00:00:00+00:00,37256.0,38420.0,36883.0,37839.0,60.88295,953.17008,37051.95,37051.95,110837220.10214
2023-11-29 00:00:00+00:00,37842.0,38457.0,37597.0,37863.0,61.00713,932.84662,37110.45,37110.45,60466296.33632
2023-11-30 00:00:00+00:00,37864.0,38173.0,37510.0,37719.0,59.78087,894.80577,37130.45,37130.45,46714820.91249
2023-12-01 00:00:00+00:00,37731.0,39000.0,37628.0,38707.0,64.98174,933.61929,37208.2,37208.2,61340698.36018
2023-12-02 00:00:00+00:00,38707.0,39725.0,38663.0,39474.0,68.39822,1014.57438,37327.6,37327.6,39844232.4771
2023-12-03 00:00:00+00:00,39474.0,40210.0,39304.0,39989.0,70.48072,1107.52126,37502.8,37502.8,41205910.78388
2023-12-04 00:00:00+00:00,39988.0,42404.0,39988.0,41985.0,76.84854,1326.94663,37823.85,37823.85,103163134.61117
2023-12-05 00:00:00+00:00,41979.0,44490.0,41415.0,44075.0,81.37829,1650.46285,38133.75,38133.75,104974257.05717
2023-12-06 00:00:00+00:00,44087.0,44282.0,43419.0,43764.0,78.90431,1860.31216,38513.7,38513.7,69623939.39933
2023-12-07 00:00:00+00:00,43764.0,44044.0,42849.0,43291.0,75.16175,1965.79168,38847.0,38847.0,66563236.42497
2023-12-08 00:00:00+00:00,43296.0,44729.0,43078.0,44193.0,77.36646,2097.98456,39227.15,39227.15,75581529.54052
2023-12-09 00:00:00+00:00,44210.0,44362.0,43605.0,43712.0,73.61401,2139.27545,39541.45,39541.45,45432485.79966
2023-12-10 00:00:00+00:00,43710.0,44038.0,43582.0,43786.0,73.82436,2153.1498,39856.75,39856.75,38217545.04364
2023-12-11 00:00:00+00:00,43786.0,43801.0,40181.0,41242.0,57.0011,1936.54252,40130.95,40130.95,175752178.20917
2023-12-12 00:00:00+00:00,41232.0,42071.0,40649.0,41458.0,57.87877,1761.99787,40332.65,40332.65,66770630.2293
2023-12-13 00:00:00+00:00,41483.0,43440.0,40589.0,42888.0,63.22981,1719.24069,40612.0,40612.0,113431745.26703
2023-12-14 00:00:00+00:00,42899.0,43409.0,41509.0,43031.0,63.72608,1677.55639,40876.25,40876.25,86151410.80366
2023-12-15 00:00:00+00:00,43047.0,43082.0,41664.0,41925.0,57.28625,1537.55239,41082.05,41082.05,73533038.49525
2023-12-16 00:00:00+00:00,41926.0,42676.0,41639.0,42246.0,58.59409,1435.94751,41321.35,41321.35,29676854.97951
2023-12-17 00:00:00+00:00,42228.0,42364.0,41266.0,41345.0,53.63042,1268.10383,41526.6,41526.6,51438999.92479
2023-12-18 00:00:00+00:00,41337.0,42732.0,40513.0,42650.0,59.04237,1226.25362,41767.15,41767.15,99385837.40469
2023-12-19 00:00:00+00:00,42664.0,43456.0,41794.0,42258.0,56.8943,1148.21993,41986.9,41986.9,96178064.58811
2023-12-20 00:00:00+00:00,42257.0,44291.0,42207.0,43665.0,62.20887,1186.23661,42284.2,42284.2,111529260.0794
2023-12-21 00:00:00+00:00,43667.0,44240.0,43305.0,43873.0,62.93637,1219.09599,42542.5,42542.5,80858037.63703
2023-12-22 00:00:00+00:00,43871.0,44409.0,43430.0,44002.0,63.40687,1241.23828,42768.9,42768.9,55560915.04615
2023-12-23 00:00:00+00:00,44011.0,44027.0,43347.0,43733.0,61.64941,1222.98238,42956.1,42956.1,33359889.50006
2023-12-24 00:00:00+00:00,43730.0,43954.0,42700.0,43033.0,57.20597,1138.90174,43008.5,43008.5,40213324.24748
2023-12-25 00:00:00+00:00,43015.0,43807.0,42771.0,43591.0,59.69954,1104.56048,42984.3,42984.3,35259115.50886
2023-12-26 00:00:00+00:00,43587.0,43605.0,41639.0,42510.0,53.2287,978.83374,42921.6,42921.6,105293508.17447
2023-12-27 00:00:00+00:00,42511.0,43698.0,42121.0,43473.0,57.63415,945.99559,42930.7,42930.7,88222963.73565
2023-12-28 00:00:00+00:00,43468.0,43812.0,42288.0,42583.0,52.6942,838.48997,42850.2,42850.2,60067657.10305
2023-12-29 00:00:00+00:00,42587.0,43128.0,41306.0,42072.0,50.04208,703.94294,42768.2,42768.2,115277718.99061
2023-12-30 00:00:00+00:00,42069.0,42599.0,41529.0,42148.0,50.44159,596.56914,42686.3,42686.3,39249150.05243
2023-12-31 00:00:00+00:00,42148.0,42867.0,41976.0,42258.0,51.05172,514.42079,42737.1,42737.1,50402221.98772
2024-01-01 00:00:00+00:00,42258.0,44192.0,42188.0,44187.0,60.28548,598.07754,42873.55,42873.55,72179403.42429
2024-01-02 00:00:00+00:00,44187.0,45922.0,44167.0,44970.0,63.31094,719.26642,42977.65,42977.65,177571198.64457
2024-01-03 00:00:00+00:00,44972.0,45510.0,41454.0,42865.0,51.8706,638.09798,42969.35,42969.35,170638194.62473
2024-01-04 00:00:00+00:00,42863.0,44795.0,42656.0,44186.0,57.10861,672.61161,43082.4,43082.4,128940021.56331
2024-01-05 00:00:00+00:00,44195.0,44366.0,42500.0,44184.0,57.09847,691.82758,43179.3,43179.3,139421126.67796
2024-01-06 00:00:00+00:00,44189.0,44253.0,43440.0,43999.0,56.10688,684.24091,43312.0,43312.0,43142735.32372
2024-01-07 00:00:00+00:00,43988.0,44500.0,43636.0,43944.0,55.79665,666.11186,43376.7,43376.7,76789585.54978
2024-01-08 00:00:00+00:00,43936.0,47281.0,43213.0,46995.0,66.77249,887.70178,43613.55,43613.55,170914282.7044
2024-01-09 00:00:00+00:00,47012.0,47897.0,44903.0,46124.0,62.0367,981.71438,43736.5,43736.5,186021543.20293
2024-01-10 00:00:00+00:00,46103.0,47751.0,44304.0,46681.0,63.80465,1088.61639,43876.9,43876.9,188663711.83471
2024-01-11 00:00:00+00:00,46678.0,49048.0,45600.0,46360.0,62.01232,1134.35881,43994.8,43994.8,207369365.31078
2024-01-12 00:00:00+00:00,46343.0,46516.0,41509.0,42778.0,46.36175,871.52613,43947.05,43947.05,222740373.27436
2024-01-13 00:00:00+00:00,42772.0,43246.0,42440.0,42843.0,46.625,660.85635,43937.55,43937.55,44777559.16316
2024-01-14 00:00:00+00:00,42834.0,43060.0,41704.0,41715.0,42.7078,398.28765,43843.75,43843.75,52404758.31509
2024-01-15 00:00:00+00:00,41701.0,43324.0,41680.0,42493.0,46.07305,250.09522,43842.9,43842.9,61869181.44539
2024-01-16 00:00:00+00:00,42483.0,43566.0,42056.0,43131.0,48.73249,182.03454,43825.8,43825.8,102168295.48644
2024-01-17 00:00:00+00:00,43128.0,43187.0,42172.0,42738.0,47.18873,95.28575,43833.55,43833.55,71360410.32263
2024-01-18 00:00:00+00:00,42738.0,42871.0,40600.0,41283.0,41.89699,-89.83408,43794.1,43794.1,92210750.72306
2024-01-19 00:00:00+00:00,41250.0,42152.0,40258.0,41628.0,43.51447,-206.32587,43768.1,43768.1,109809602.29454
2024-01-20 00:00:00+00:00,41622.0,41854.0,41428.0,41673.0,43.73449,-291.65333,43738.85,43738.85,31314503.64992
2024-01-21 00:00:00+00:00,41658.0,41849.0,41485.0,41560.0,43.27861,-364.19588,43607.5,43607.5,19406303.56073
2024-01-22 00:00:00+00:00,41555.0,41649.0,39437.0,39528.0,36.00966,-578.97771,43335.4,43335.4,119879814.22963
2024-01-23 00:00:00+00:00,39515.0,40133.0,38505.0,39868.0,37.88943,-713.53352,43185.55,43185.55,109295863.84698
2024-01-24 00:00:00+00:00,39849.0,40515.0,39461.0,40074.0,39.05753,-794.39026,42979.95,42979.95,106134443.18873
2024-01-25 00:00:00+00:00,40074.0,40278.0,39531.0,39916.0,38.46008,-861.29066,42766.55,42766.55,91640429.41826
2024-01-26 00:00:00+00:00,39929.0,42233.0,39808.0,41818.0,48.64422,-752.16373,42657.5,42657.5,147436980.90424
2024-01-27 00:00:00+00:00,41817.0,42187.0,41396.0,42124.0,50.07567,-633.6835,42566.5,42566.5,33202096.0286
2024-01-28 00:00:00+00:00,42126.0,42824.0,41629.0,42026.0,49.59886,-541.45331,42318.05,42318.05,56916423.3716
2024-01-29 00:00:00+00:00,42027.0,43305.0,41804.0,43305.0,55.54783,-360.99429,42177.1,42177.1,99823854.47269
2024-01-30 00:00:00+00:00,43302.0,43853.0,42692.0,42946.0,53.63423,-244.1333,41990.35,41990.35,98413645.47539
2024-01-31 00:00:00+00:00,42945.0,43738.0,42264.0,42558.0,51.56658,-180.74497,41800.25,41800.25,139866006.32105
2024-02-01 00:00:00+00:00,42548.0,43263.0,41859.0,43071.0,54.08682,-88.0989,41814.9,41814.9,80565208.80396
2024-02-02 00:00:00+00:00,43075.0,43451.0,42538.0,43183.0,54.64175,-5.57449,41831.9,41831.9,81904123.66056
2024-02-03 00:00:00+00:00,43183.0,43352.0,42876.0,42994.0,53.46735,44.06798,41895.85,41895.85,32652321.30286
2024-02-04 00:00:00+00:00,42991.0,43097.0,42243.0,42570.0,50.82807,48.6361,41899.7,41899.7,32988452.47076
2024-02-05 00:00:00+00:00,42568.0,43515.0,42244.0,42659.0,51.3707,58.76057,41876.1,41876.1,86559032.47934
2024-02-06 00:00:00+00:00,42657.0,43366.0,42521.0,43092.0,54.0287,100.56451,41893.8,41893.8,66441499.1095
2024-02-07 00:00:00+00:00,43093.0,44389.0,42764.0,44346.0,60.72412,232.20505,42046.95,42046.95,73915301.61101
2024-02-08 00:00:00+00:00,44342.0,45587.0,44325.0,45300.0,64.91106,408.79857,42230.55,42230.55,140509985.86753
2024-02-09 00:00:00+00:00,45299.0,48201.0,45252.0,47161.0,71.33143,690.95249,42504.95,42504.95,154112381.17761
2024-02-10 00:00:00+00:00,47156.0,48186.0,46894.0,47770.0,73.06808,952.72035,42815.45,42815.45,50624887.07134
2024-02-11 00:00:00+00:00,47770.0,48601.0,47593.0,48313.0,74.5485,1190.26815,43254.7,43254.7,45933176.76797
2024-02-12 00:00:00+00:00,48313.0,50333.0,47720.0,49937.0,78.37684,1492.36665,43758.15,43758.15,129590357.64166
2024-02-13 00:00:00+00:00,49937.0,50385.0,48325.0,49720.0,76.71632,1694.73594,44240.45,44240.45,105774226.74522
2024-02-14 00:00:00+00:00,49728.0,52093.0,49267.0,51844.0,80.96687,2003.41004,44836.85,44836.85,128057911.59775
2024-02-15 00:00:00+00:00,51841.0,52884.0,51364.0,51942.0,81.13796,2230.23551,45343.05,45343.05,134038755.7767
2024-02-16 00:00:00+00:00,51935.0,52600.0,51615.0,52161.0,81.53738,2400.00207,45844.9,45844.9,92135592.06386
2024-02-17 00:00:00+00:00,52163.0,52210.0,50647.0,51664.0,77.52524,2466.01288,46326.8,46326.8,51662299.11469
2024-02-18 00:00:00+00:00,51661.0,52393.0,51196.0,52130.0,78.58906,2526.80183,46768.05,46768.05,48231271.8068
2024-02-19 00:00:00+00:00,52155.0,52496.0,51694.0,51789.0,75.76299,2518.43076,47210.2,47210.2,58180302.69557
2024-02-20 00:00:00+00:00,51776.0,53015.0,50770.0,52275.0,77.03074,2521.94139,47696.05,47696.05,128808168.65968
2024-02-21 00:00:00+00:00,52272.0,52397.0,50611.0,51843.0,73.35764,2461.49027,48134.65,48134.65,116797503.12434
2024-02-22 00:00:00+00:00,51857.0,52049.0,50921.0,51253.0,68.55002,2339.01159,48538.15,48538.15,103799920.61541
2024-02-23 00:00:00+00:00,51252.0,51507.0,50519.0,50743.0,64.60839,2175.71335,48925.6,48925.6,97613534.24729
2024-02-24 00:00:00+00:00,50738.0,51683.0,50581.0,51562.0,67.80946,2088.312,49375.2,49375.2,26214985.48133
2024-02-25 00:00:00+00:00,51564.0,51958.0,51282.0,51722.0,68.41057,2008.80028,49828.35,49828.35,30365209.42556
2024-02-26 00:00:00+00:00,51738.0,54969.0,50909.0,54524.0,76.63811,2147.13382,50399.95,50399.95,139936285.67009
2024-02-27 00:00:00+00:00,54534.0,57615.0,54500.0,57068.0,81.37992,2433.98621,51036.05,51036.05,239524121.58335
2024-02-28 00:00:00+00:00,57065.0,64000.0,56724.0,62512.0,87.31393,3065.26958,51896.65,51896.65,374509999.29595
2024-02-29 00:00:00+00:00,62512.0,63684.0,60365.0,61161.0,80.46103,3417.16088,52596.65,52596.65,269001995.14903
2024-03-01 00:00:00+00:00,61161.0,63265.0,60801.0,62444.0,81.91286,3756.26477,53330.35,53330.35,132138174.81447
2024-03-02 00:00:00+00:00,62433.0,62488.0,61645.0,62042.0,79.90933,3947.06965,54016.8,54016.8,53124158.96178
2024-03-03 00:00:00+00:00,62034.0,63249.0,61402.0,63142.0,81.26005,4139.32908,54677.05,54677.05,78478732.72609
2024-03-04 00:00:00+00:00,63140.0,68577.0,62376.0,68359.0,86.05021,4658.95879,55609.0,55609.0,302367996.66312
2024-03-05 00:00:00+00:00,68359.0,69210.0,59313.0,63796.0,69.35246,4648.98254,56206.6,56206.6,471545211.65197
2024-03-06 00:00:00+00:00,63815.0,67645.0,62843.0,66120.0,72.30059,4773.57684,56915.5,56915.5,280039895.00678
2024-03-07 00:00:00+00:00,66124.0,68061.0,65623.0,66941.0,73.27851,4882.2866,57654.5,57654.5,224581710.92191
2024-03-08 00:00:00+00:00,66928.0,70184.0,66264.0,68285.0,74.84422,5019.03315,58485.55,58485.55,302028471.12904
2024-03-09 00:00:00+00:00,68285.0,68685.0,68050.0,68463.0,75.05271,5083.17323,59302.2,59302.2,58611675.57171
2024-03-10 00:00:00+00:00,68464.0,69999.0,68196.0,69026.0,75.73764,5120.4092,60164.05,60164.05,137162216.07981
2024-03-11 00:00:00+00:00,69013.0,72910.0,67120.0,72118.0,79.12705,5337.88572,61156.2,61156.2,362634568.22415
2024-03-12 00:00:00+00:00,72105.0,73054.0,68636.0,71473.0,76.71936,5395.98971,62137.7,62137.7,289591338.92849
2024-03-13 00:00:00+00:00,71473.0,73679.0,71340.0,73121.0,78.51796,5511.4844,63231.1,63231.1,266715579.90329
2024-03-14 00:00:00+00:00,73130.0,73794.0,68555.0,71371.0,72.14406,5399.56162,64262.5,64262.5,295788191.37381
2024-03-15 00:00:00+00:00,71387.0,72415.0,65569.0,69516.0,66.02564,5102.36215,65160.2,65160.2,344271740.34129
2024-03-16 00:00:00+00:00,69505.0,70069.0,64780.0,65248.0,54.56044,4470.89976,65836.5,65836.5,144535083.59456
2024-03-17 00:00:00+00:00,65245.0,68867.0,64522.0,68352.0,60.00052,4172.82637,66527.9,66527.9,139466123.50572
2024-03-18 00:00:00+00:00,68344.0,68902.0,66585.0,67613.0,58.21361,3832.78795,67055.15,67055.15,195514359.86056
2024-03-19 00:00:00+00:00,67603.0,68123.0,61447.0,61897.0,46.64277,3066.72038,67024.4,67024.4,329176030.07326
2024-03-20 00:00:00+00:00,61919.0,68168.0,60760.0,67872.0,56.39873,2908.21478,67359.95,67359.95,338674804.47026
2024-03-21 00:00:00+00:00,67842.0,68249.0,64537.0,65485.0,52.28572,2560.47148,67512.0,67512.0,192251157.21232
2024-03-22 00:00:00+00:00,65477.0,66631.0,62332.0,63807.0,49.55009,2124.98632,67600.25,67600.25,154448567.41817
2024-03-23 00:00:00+00:00,63812.0,66027.0,63016.0,64001.0,49.87661,1775.05365,67643.2,67643.2,80162121.42942
2024-03-24 00:00:00+00:00,64007.0,67613.0,63807.0,67188.0,55.02621,1734.89497,67584.65,67584.65,93521332.61778
2024-03-25 00:00:00+00:00,67208.0,71213.0,66407.0,69898.0,58.89358,1899.84307,67889.75,67889.75,213132400.47152
2024-03-26 00:00:00+00:00,69889.0,71572.0,69257.0,69997.0,59.03218,2015.32271,68083.6,68083.6,173588919.69612
2024-03-27 00:00:00+00:00,69999.0,71754.0,68362.0,69421.0,57.81088,2036.88285,68207.6,68207.6,160110527.74308
2024-03-28 00:00:00+00:00,69406.0,71587.0,68863.0,70803.0,59.95173,2140.80738,68333.5,68333.5,151953808.58132
2024-03-29 00:00:00+00:00,70769.0,70929.0,69073.0,69903.0,57.89148,2126.03819,68405.5,68405.5,79069569.66006
2024-03-30 00:00:00+00:00,69934.0,70344.0,69586.0,69613.0,57.20926,2067.10463,68434.85,68434.85,41060596.77426
2024-03-31 00:00:00+00:00,69616.0,71391.0,69594.0,71285.0,60.12678,2130.75378,68393.2,68393.2,61161080.79306
2024-04-01 00:00:00+00:00,71296.0,71296.0,68073.0,69699.0,56.21169,2029.82074,68304.5,68304.5,141681724.49146
2024-04-02 00:00:00+00:00,69694.0,69706.0,64545.0,65469.0,47.35515,1590.17439,67921.9,67921.9,231211665.69629
2024-04-03 00:00:00+00:00,65471.0,66942.0,64511.0,65988.0,48.42879,1269.00218,67652.75,67652.75,123801584.96912
2024-04-04 00:00:00+00:00,65984.0,69328.0,65100.0,68538.0,53.45176,1206.32878,67603.85,67603.85,159855793.04569
2024-04-05 00:00:00+00:00,68522.0,68767.0,65999.0,67857.0,51.99527,1089.15356,67734.3,67734.3,149352870.89638
2024-04-06 00:00:00+00:00,67851.0,69680.0,67476.0,68917.0,54.09216,1069.49601,67762.55,67762.55,50279290.57428
2024-04-07 00:00:00+00:00,68907.0,70310.0,68858.0,69358.0,54.97338,1077.08629,67849.8,67849.8,77953441.18157
2024-04-08 00:00:00+00:00,69336.0,72756.0,69073.0,71613.0,59.27782,1250.64465,68335.6,68335.6,160984287.37616
2024-04-09 00:00:00+00:00,71623.0,71748.0,68217.0,69135.0,53.25316,1174.69585,68398.75,68398.75,160398178.7992
2024-04-10 00:00:00+00:00,69100.0,71150.0,67482.0,70630.0,56.14881,1221.06421,68656.0,68656.0,176173585.46343
2024-04-11 00:00:00+00:00,70638.0,71287.0,69555.0,70015.0,54.64914,1194.41761,68966.4,68966.4,138359028.994
2024-04-12 00:00:00+00:00,70019.0,71236.0,65230.0,67150.0,48.19168,931.38204,69123.85,69123.85,191735414.30794
2024-04-13 00:00:00+00:00,67146.0,67930.0,61308.0,64054.0,42.36589,467.71164,68967.15,68967.15,233065102.50611
2024-04-14 00:00:00+00:00,64039.0,65859.0,62162.0,65749.0,46.20045,234.32073,68759.7,68759.7,175941109.24407
2024-04-15 00:00:00+00:00,65748.0,66900.0,62340.0,63438.0,42.08879,-135.55898,68431.75,68431.75,166176441.71916
2024-04-16 00:00:00+00:00,63467.0,64376.0,61654.0,63830.0,43.01519,-392.5353,68152.2,68152.2,171400981.17832
2024-04-17 00:00:00+00:00,63821.0,64636.0,59672.0,61278.0,38.67734,-792.97503,67675.95,67675.95,197755883.35033
2024-04-18 00:00:00+00:00,61256.0,64182.0,60830.0,63515.0,44.00764,-919.22297,67356.55,67356.55,149460469.78518
2024-04-19 00:00:00+00:00,63512.0,65506.0,59629.0,63821.0,44.71554,-983.24944,67066.95,67066.95,239732366.68204
2024-04-20 00:00:00+00:00,63847.0,65450.0,63136.0,64990.0,47.44894,-928.95394,66752.2,66752.2,76614236.35952
2024-04-21 00:00:00+00:00,64978.0,65710.0,64294.0,64950.0,47.36265,-879.01925,66514.75,66514.75,56613736.64772
2024-04-22 00:00:00+00:00,64951.0,67241.0,64545.0,66855.0,51.85347,-677.9135,66584.05,66584.05,135019527.74179
2024-04-23 00:00:00+00:00,66845.0,67201.0,65837.0,66421.0,50.79032,-547.24759,66605.7,66605.7,79728196.55294
2024-04-24 00:00:00+00:00,66413.0,67057.0,63554.0,64259.0,45.75734,-611.10481,66391.75,66391.75,133160631.95523
2024-04-25 00:00:00+00:00,64254.0,65286.0,62785.0,64493.0,46.3767,-635.50457,66223.55,66223.55,119421305.39596
2024-04-26 00:00:00+00:00,64488.0,64793.0,63306.0,63745.0,44.62271,-707.04849,65964.95,65964.95,77377475.70607
2024-04-27 00:00:00+00:00,63746.0,63903.0,62405.0,63429.0,43.86789,-780.25187,65668.5,65668.5,52847147.79393
2024-04-28 00:00:00+00:00,63417.0,64310.0,62811.0,63098.0,43.04649,-855.11774,65242.75,65242.75,50935041.40467
2024-04-29 00:00:00+00:00,63106.0,64181.0,61764.0,63832.0,45.4842,-845.4757,64977.6,64977.6,95524685.44338
2024-04-30 00:00:00+00:00,63849.0,64714.0,59068.0,60632.0,37.87335,-1083.55699,64477.7,64477.7,166152755.83114
2024-05-01 00:00:00+00:00,60611.0,60786.0,56500.0,58256.0,33.40394,-1447.27816,63889.75,63889.75,205253420.84577
2024-05-02 00:00:00+00:00,58272.0,59623.0,56932.0,59099.0,36.27721,-1648.50382,63487.2,63487.2,100473944.89417
2024-05-03 00:00:00+00:00,59076.0,63340.0,58829.0,62915.0,47.35076,-1482.96263,63430.25,63430.25,161064980.83433
2024-05-04 00:00:00+00:00,62907.0,64522.0,62585.0,63899.0,49.77451,-1257.86953,63337.75,63337.75,89489232.39975
2024-05-05 00:00:00+00:00,63901.0,64625.0,62947.0,64021.0,50.08135,-1057.44765,63366.9,63366.9,58821424.0635
2024-05-06 00:00:00+00:00,64024.0,65513.0,62720.0,63164.0,47.86905,-956.73595,63333.6,63333.6,103787115.08661
2024-05-07 00:00:00+00:00,63159.0,64389.0,62278.0,62320.0,45.72673,-934.25543,63385.7,63385.7,84575842.50716
2024-05-08 00:00:00+00:00,62310.0,62996.0,60873.0,61181.0,42.93419,-996.8561,63269.0,63269.0,89887254.00008
2024-05-09 00:00:00+00:00,61143.0,63409.0,60634.0,63075.0,48.55983,-883.4537,63231.7,63231.7,87431706.10859
2024-05-10 00:00:00+00:00,63072.0,63876.0,60176.0,60793.0,43.0528,-966.57771,63021.85,63021.85,135541692.85314
2024-05-11 00:00:00+00:00,60799.0,61454.0,60474.0,60816.0,43.12281,-1018.85347,62815.15,62815.15,31406534.0957
2024-05-12 00:00:00+00:00,60813.0,61848.0,60600.0,61462.0,45.16207,-996.66664,62545.5,62545.5,39240249.43629
2024-05-13 00:00:00+00:00,61446.0,63444.0,60758.0,62934.0,49.59668,-850.50126,62371.15,62371.15,115288103.1668
2024-05-14 00:00:00+00:00,62917.0,63075.0,61108.0,61543.0,45.82544,-837.25487,62235.35,62235.35,96054216.55299
2024-05-15 00:00:00+00:00,61552.0,66471.0,61322.0,66242.0,57.5643,-442.48627,62322.8,62322.8,251362732.3106
2024-05-16 00:00:00+00:00,66234.0,66766.0,64598.0,65252.0,54.86684,-207.12642,62398.15,62398.15,114848362.40508
2024-05-17 00:00:00+00:00,65252.0,67482.0,65129.0,67053.0,58.66187,123.30226,62579.35,62579.35,114257304.22492
2024-05-18 00:00:00+00:00,67059.0,67391.0,66663.0,66930.0,58.30132,370.96801,62770.95,62770.95,35225965.9006
2024-05-19 00:00:00+00:00,66923.0,67654.0,65901.0,66275.0,56.31626,508.52985,62893.1,62893.1,35509685.51675
2024-05-20 00:00:00+00:00,66255.0,71500.0,66074.0,71401.0,66.05657,1019.4227,63431.55,63431.55,191448747.46808
2024-05-21 00:00:00+00:00,71435.0,71958.0,69156.0,70136.0,62.36115,1307.16584,64025.55,64025.55,138087006.6252
2024-05-22 00:00:00+00:00,70155.0,70649.0,68879.0,69118.0,59.4775,1436.50116,64526.5,64526.5,106251699.4155
2024-05-23 00:00:00+00:00,69151.0,70024.0,66343.0,67945.0,56.24987,1427.88923,64778.0,64778.0,146814404.0727
2024-05-24 00:00:00+00:00,67915.0,69254.0,66623.0,68548.0,57.52589,1452.9723,65010.45,65010.45,77658796.53797
2024-05-25 00:00:00+00:00,68549.0,69580.0,68503.0,69275.0,59.07565,1514.0605,65273.15,65273.15,34602859.56413
2024-05-26 00:00:00+00:00,69288.0,69500.0,68136.0,68489.0,56.66823,1481.96652,65539.4,65539.4,41812613.6048
2024-05-27 00:00:00+00:00,68471.0,70601.0,68225.0,69392.0,58.74811,1511.96734,65893.0,65893.0,97600588.59653
2024-05-28 00:00:00+00:00,69363.0,69513.0,67193.0,68327.0,55.37235,1433.2846,66250.3,66250.3,156135240.58351
2024-05-29 00:00:00+00:00,68347.0,68852.0,67096.0,67564.0,53.02169,1294.43875,66474.75,66474.75,86014773.3484
2024-05-30 00:00:00+00:00,67566.0,69524.0,67105.0,68338.0,55.10382,1232.64854,66852.0,66852.0,120104411.76243
2024-05-31 00:00:00+00:00,68330.0,69010.0,66624.0,67477.0,52.32557,1101.50637,67185.05,67185.05,126860745.06881
2024-06-01 00:00:00+00:00,67513.0,67810.0,67387.0,67723.0,53.05386,1005.83081,67498.1,67498.1,24964325.67062
2024-06-02 00:00:00+00:00,67722.0,68405.0,67281.0,67752.0,53.14474,921.72225,67739.0,67739.0,36881521.01757
2024-06-03 00:00:00+00:00,67744.0,70268.0,67590.0,68801.0,56.43004,929.00219,68101.9,68101.9,164529054.9657
2024-06-04 00:00:00+00:00,68798.0,71074.0,68553.0,70564.0,61.33662,1064.75711,68318.0,68318.0,144771467.02363
2024-06-05 00:00:00+00:00,70546.0,71759.0,69600.0,71119.0,62.75844,1203.25731,68611.35,68611.35,145919824.25774
2024-06-06 00:00:00+00:00,71109.0,71629.0,70116.0,70775.0,61.25483,1270.61494,68797.45,68797.45,118460425.41571
2024-06-07 00:00:00+00:00,70771.0,71949.0,68450.0,69326.0,55.25013,1193.31833,68917.25,68917.25,217750974.37494
2024-06-08 00:00:00+00:00,69321.0,69538.0,69150.0,69306.0,55.16974,1117.56379,69068.8,69068.8,29664521.43716
2024-06-09 00:00:00+00:00,69306.0,69840.0,69131.0,69640.0,56.31293,1072.12005,68980.75,68980.75,32337491.76803
2024-06-10 00:00:00+00:00,69649.0,70167.0,69173.0,69501.0,55.67662,1013.20977,68949.0,68949.0,57696577.92446
2024-06-11 00:00:00+00:00,69506.0,69548.0,66011.0,67306.0,46.70218,780.40872,68858.4,68858.4,164003335.2062
2024-06-12 00:00:00+00:00,67306.0,70007.0,66911.0,68243.0,50.37914,663.86763,68873.3,68873.3,167061261.24829
2024-06-13 00:00:00+00:00,68240.0,68433.0,66242.0,66733.0,44.99224,444.53923,68782.55,68782.55,133242543.79542
2024-06-14 00:00:00+00:00,66765.0,67314.0,64936.0,65996.0,42.59808,208.84274,68618.6,68618.6,157827514.769
2024-06-15 00:00:00+00:00,65995.0,66415.0,65828.0,66182.0,43.41643,36.63788,68503.25,68503.25,43640721.99306
2024-06-16 00:00:00+00:00,66181.0,66914.0,66010.0,66622.0,45.39947,-63.59827,68364.75,68364.75,49169347.09719
2024-06-17 00:00:00+00:00,66622.0,67260.0,65066.0,66475.0,44.83414,-153.13259,68272.15,68272.15,163739269.32436
2024-06-18 00:00:00+00:00,66475.0,66559.0,64032.0,65145.0,39.98302,-327.63233,68151.2,68151.2,144016508.20293
2024-06-19 00:00:00+00:00,65141.0,65702.0,64664.0,64946.0,39.29786,-476.48959,67981.6,67981.6,60242580.04043
2024-06-20 00:00:00+00:00,64947.0,66455.0,64516.0,64845.0,38.9332,-595.74255,67850.0,67850.0,141707310.24784
2024-06-21 00:00:00+00:00,64841.0,65004.0,63356.0,64102.0,36.26707,-741.65593,67668.95,67668.95,106178566.81783
2024-06-22 00:00:00+00:00,64116.0,64491.0,63917.0,64233.0,37.08512,-837.07346,67493.0,67493.0,17846551.02386
2024-06-23 00:00:00+00:00,64245.0,64490.0,63136.0,63154.0,33.29438,-988.36556,67210.65,67210.65,39985953.27232
2024-06-24 00:00:00+00:00,63152.0,63302.0,58456.0,60252.0,25.68885,-1327.13441,66695.05,66695.05,238920100.89345
2024-06-25 00:00:00+00:00,60250.0,62395.0,60223.0,61789.0,34.25495,-1454.81787,66228.55,66228.55,164514960.55962
2024-06-26 00:00:00+00:00,61798.0,62458.0,60675.0,60807.0,31.73769,-1616.61183,65730.15,65730.15,84685584.07995
2024-06-27 00:00:00+00:00,60820.0,62323.0,60561.0,61622.0,35.94485,-1659.93631,65344.95,65344.95,98665836.174
2024-06-28 00:00:00+00:00,61609.0,62151.0,59923.0,60315.0,32.4869,-1779.22545,64895.4,64895.4,105099176.18207
2024-06-29 00:00:00+00:00,60312.0,61114.0,60296.0,60879.0,35.37601,-1807.41807,64457.35,64457.35,35358129.3013
2024-06-30 00:00:00+00:00,60882.0,62931.0,60620.0,62676.0,43.65013,-1665.55852,64116.1,64116.1,60738619.01077
2024-07-01 00:00:00+00:00,62676.0,63794.0,62465.0,62829.0,44.30399,-1523.22915,63892.25,63892.25,121679573.65996
2024-07-02 00:00:00+00:00,62822.0,63211.0,61731.0,62033.0,41.59952,-1457.85737,63581.75,63581.75,70081122.11837
2024-07-03 00:00:00+00:00,62046.0,62196.0,59334.0,60142.0,35.98039,-1540.87541,63252.2,63252.2,122272508.31278
2024-07-04 00:00:00+00:00,60165.0,60430.0,56748.0,57045.0,29.05769,-1835.41233,62804.65,62804.65,138234464.49624
2024-07-05 00:00:00+00:00,57030.0,57500.0,53550.0,56632.0,28.27638,-2078.20437,62327.15,62327.15,183160831.98548
2024-07-06 00:00:00+00:00,56632.0,58488.0,56044.0,58251.0,35.588,-2115.59181,61908.6,61908.6,70097251.8403
2024-07-07 00:00:00+00:00,58253.0,58441.0,55729.0,55829.0,30.56773,-2313.98263,61376.3,61376.3,60344934.44958
2024-07-08 00:00:00+00:00,55852.0,58200.0,54296.0,56710.0,34.20363,-2372.76766,60954.55,60954.55,181408399.49455
2024-07-09 00:00:00+00:00,56697.0,58278.0,56300.0,58033.0,39.34071,-2286.24576,60608.9,60608.9,139563300.0234
2024-07-10 00:00:00+00:00,58028.0,59459.0,57152.0,57733.0,38.60468,-2216.33549,60253.3,60253.3,107477501.11285
2024-07-11 00:00:00+00:00,57700.0,59516.0,57072.0,57348.0,37.63163,-2167.01735,59915.6,59915.6,119595768.86684
2024-07-12 00:00:00+00:00,57345.0,58539.0,56551.0,57889.0,39.92315,-2060.52573,59598.4,59598.4,123830348.23016
2024-07-13 00:00:00+00:00,57907.0,59853.0,57783.0,59226.0,45.27455,-1846.95508,59402.0,59402.0,83080464.75643
2024-07-14 00:00:00+00:00,59257.0,61424.0,59257.0,60823.0,50.9005,-1531.18372,59430.55,59430.55,89546148.53039
2024-07-15 00:00:00+00:00,60827.0,64926.0,60685.0,64769.0,61.44686,-951.55449,59579.55,59579.55,242185514.06125
2024-07-16 00:00:00+00:00,64759.0,65403.0,62446.0,65081.0,62.13933,-461.69621,59793.25,59793.25,208200564.35085
2024-07-17 00:00:00+00:00,65081.0,66129.0,63890.0,64091.0,58.54598,-151.61697,59916.7,59916.7,120522542.90384
2024-07-18 00:00:00+00:00,64104.0,65108.0,63227.0,63964.0,58.08197,82.91938,60099.15,60099.15,97635131.00458
2024-07-19 00:00:00+00:00,63977.0,67466.0,63303.0,66705.0,64.60262,484.38324,60390.45,60390.45,207604998.97445
2024-07-20 00:00:00+00:00,66705.0,67617.0,66284.0,67155.0,65.5501,829.29786,60614.4,60614.4,79681026.00333
2024-07-21 00:00:00+00:00,67164.0,68364.0,65833.0,68158.0,67.62985,1170.09082,60880.85,60880.85,128236708.54279
2024-07-22 00:00:00+00:00,68170.0,68486.0,66583.0,67562.0,65.11431,1376.21532,61157.3,61157.3,160473648.86545
2024-07-23 00:00:00+00:00,67561.0,67776.0,65452.0,65944.0,58.72793,1392.95429,61447.4,61447.4,159398442.36796
2024-07-24 00:00:00+00:00,65943.0,67112.0,65117.0,65376.0,56.62819,1344.8842,61863.95,61863.95,117468598.34398
2024-07-25 00:00:00+00:00,65363.0,66135.0,63424.0,65796.0,57.82886,1325.40041,62322.15,62322.15,133083919.72652
2024-07-26 00:00:00+00:00,65794.0,68214.0,65712.0,67921.0,63.35612,1464.54672,62805.65,62805.65,121309211.22312
2024-07-27 00:00:00+00:00,67952.0,69404.0,66637.0,67892.0,63.23431,1554.5611,63408.8,63408.8,127309680.23147
2024-07-28 00:00:00+00:00,67837.0,68298.0,67064.0,68264.0,64.18551,1637.04461,63986.5,63986.5,58840703.16266
2024-07-29 00:00:00+00:00,68240.0,70016.0,66445.0,66780.0,57.76501,1564.63089,64423.85,64423.85,157847566.26604
2024-07-30 00:00:00+00:00,66765.0,66983.0,65302.0,66171.0,55.31946,1441.48475,64845.75,64845.75,103298619.62161
2024-07-31 00:00:00+00:00,66170.0,66814.0,64507.0,64612.0,49.53767,1204.21088,65208.95,65208.95,105269601.26229
2024-08-01 00:00:00+00:00,64612.0,65568.0,62233.0,65293.0,51.90246,1058.91414,65579.15,65579.15,188736405.90541
2024-08-02 00:00:00+00:00,65293.0,65548.0,61169.0,61421.0,40.32998,624.13277,65688.9,65688.9,213686536.8613
2024-08-03 00:00:00+00:00,61419.0,62151.0,59839.0,60672.0,38.53987,216.63018,65681.35,65681.35,110513984.97332
2024-08-04 00:00:00+00:00,60669.0,61073.0,57155.0,58142.0,33.18216,-306.93031,65350.0,65350.0,139228757.76648
2024-08-05 00:00:00+00:00,58137.0,58280.0,49577.0,54014.0,26.66793,-1042.92864,64796.65,64796.65,445014438.76584
2024-08-06 00:00:00+00:00,54040.0,57058.0,53977.0,56053.0,33.60182,-1445.02501,64394.75,64394.75,211304394.49284
2024-08-07 00:00:00+00:00,56048.0,57737.0,54568.0,55136.0,32.1304,-1816.74125,63953.35,63953.35,220200317.06882
2024-08-08 00:00:00+00:00,55132.0,62729.0,54748.0,61699.0,49.25687,-1563.72416,63703.05,63703.05,239186787.12425
2024-08-09 00:00:00+00:00,61733.0,61740.0,59571.0,60860.0,47.60311,-1414.59996,63388.3,63388.3,136406171.2475
2024-08-10 00:00:00+00:00,60842.0,61476.0,60270.0,60952.0,47.81003,-1274.30493,63028.0,63028.0,62080679.43714
2024-08-11 00:00:00+00:00,60940.0,61868.0,58315.0,58725.0,43.34752,-1327.5176,62586.15,62586.15,87908615.7879
2024-08-12 00:00:00+00:00,58718.0,60700.0,57681.0,59362.0,44.93085,-1303.26521,62257.05,62257.05,202576427.22447
2024-08-13 00:00:00+00:00,59361.0,61600.0,58455.0,60620.0,48.02052,-1169.05876,62019.25,62019.25,174278326.53184
2024-08-14 00:00:00+00:00,60607.0,61809.0,58456.0,58697.0,43.96032,-1203.99035,61664.3,61664.3,177733909.20391
2024-08-15 00:00:00+00:00,58694.0,59851.0,56138.0,57557.0,41.70889,-1308.57789,61146.1,61146.1,186504446.07817
2024-08-16 00:00:00+00:00,57556.0,59841.0,57104.0,58883.0,45.22303,-1269.82935,60695.65,60695.65,173420640.55563
2024-08-17 00:00:00+00:00,58883.0,59704.0,58828.0,59487.0,46.79642,-1176.81748,60256.8,60256.8,54336592.24132
2024-08-18 00:00:00+00:00,59487.0,60271.0,58414.0,58430.0,44.39329,-1174.853,59839.3,59839.3,80343869.21649
2024-08-19 00:00:00+00:00,58440.0,59631.0,57844.0,59497.0,47.33347,-1074.80842,59505.6,59505.6,121677188.12846
2024-08-20 00:00:00+00:00,59462.0,61424.0,58553.0,59012.0,46.13926,-1022.86685,59225.6,59225.6,151624179.20218
2024-08-21 00:00:00+00:00,59012.0,61838.0,58816.0,61159.0,51.92199,-799.24463,59018.9,59018.9,153387666.31644
2024-08-22 00:00:00+00:00,61169.0,61416.0,59774.0,60383.0,49.8392,-676.83697,58967.0,58967.0,116497300.69403
2024-08-23 00:00:00+00:00,60383.0,64988.0,60348.0,64085.0,58.41035,-277.90405,59137.65,59137.65,222379515.24109
2024-08-24 00:00:00+00:00,64095.0,64506.0,63594.0,64174.0,58.59353,44.91694,59439.25,59439.25,74691996.55196
2024-08-25 00:00:00+00:00,64176.0,65103.0,63814.0,64262.0,58.78682,304.34744,59951.65,59951.65,59035325.08945
2024-08-26 00:00:00+00:00,64248.0,64502.0,62826.0,62852.0,54.40457,391.65798,60291.6,60291.6,91810111.80905
2024-08-27 00:00:00+00:00,62822.0,63236.0,58090.0,59427.0,45.52668,182.38096,60506.15,60506.15,150980279.38085
2024-08-28 00:00:00+00:00,59433.0,60212.0,57866.0,59033.0,44.62455,-15.09114,60372.85,60372.85,164257959.64409
2024-08-29 00:00:00+00:00,59033.0,61182.0,58701.0,59365.0,45.6027,-143.14943,60298.1,60298.1,149078805.80717
2024-08-30 00:00:00+00:00,59363.0,59905.0,57721.0,59113.0,44.95362,-261.95124,60206.15,60206.15,120575636.70975
2024-08-31 00:00:00+00:00,59113.0,59431.0,58750.0,58967.0,44.55791,-363.6911,60218.25,60218.25,43562117.47614
2024-09-01 00:00:00+00:00,58967.0,59060.0,57205.0,57310.0,40.2297,-571.43952,60115.65,60115.65,94586255.63161
2024-09-02 00:00:00+00:00,57278.0,59411.0,57131.0,59133.0,46.39861,-582.26875,60041.3,60041.3,97150353.96603
2024-09-03 00:00:00+00:00,59123.0,59803.0,57402.0,57493.0,42.18086,-714.94386,59981.1,59981.1,84913386.86627
2024-09-04 00:00:00+00:00,57506.0,58518.0,55602.0,57956.0,43.73586,-773.80961,60001.05,60001.05,120420200.08876
2024-09-05 00:00:00+00:00,57974.0,58315.0,55649.0,56158.0,39.31406,-954.54136,59864.8,59864.8,83433516.10786
2024-09-06 00:00:00+00:00,56179.0,56984.0,52546.0,53955.0,34.6867,-1261.00023,59588.2,59588.2,158541273.59148
2024-09-07 00:00:00+00:00,53947.0,54839.0,53731.0,54147.0,35.40035,-1471.41673,59374.05,59374.05,56684541.326
2024-09-08 00:00:00+00:00,54150.0,55306.0,53636.0,54866.0,38.12682,-1562.14855,59142.5,59142.5,67912007.38655
2024-09-09 00:00:00+00:00,54876.0,58070.0,54587.0,57059.0,45.66009,-1440.4923,59044.85,59044.85,150870844.41062
2024-09-10 00:00:00+00:00,57056.0,58042.0,56406.0,57659.0,47.54196,-1280.89846,58869.85,58869.85,108315977.24136
2024-09-11 00:00:00+00:00,57646.0,58000.0,55554.0,57342.0,46.62328,-1166.55117,58717.8,58717.8,173422762.42511
2024-09-12 00:00:00+00:00,57342.0,58560.0,57335.0,58139.0,49.27714,-1000.09045,58420.5,58420.5,139069584.00096
2024-09-13 00:00:00+00:00,58139.0,60670.0,57640.0,60545.0,56.33511,-666.34385,58239.05,58239.05,158766034.37835
2024-09-14 00:00:00+00:00,60551.0,60655.0,59438.0,60012.0,54.52507,-439.78633,58026.55,58026.55,44697870.12467
2024-09-15 00:00:00+00:00,60012.0,60388.0,58708.0,59130.0,51.57215,-327.63116,57840.45,57840.45,81465890.75616
2024-09-16 00:00:00+00:00,59121.0,59209.0,57488.0,58212.0,48.62071,-309.25738,57779.7,57779.7,98501734.58981
2024-09-17 00:00:00+00:00,58208.0,61331.0,57627.0,60316.0,54.98005,-123.49721,57843.85,57843.85,161477920.38886
2024-09-18 00:00:00+00:00,60318.0,61787.0,59189.0,61757.0,58.74615,138.40033,57963.45,57963.45,199958719.51937
2024-09-19 00:00:00+00:00,61765.0,63882.0,61584.0,62940.0,61.58713,436.38386,58154.8,58154.8,192018360.85078
2024-09-20 00:00:00+00:00,62950.0,64121.0,62353.0,63211.0,62.22883,686.49194,58367.0,58367.0,104091138.63302
2024-09-21 00:00:00+00:00,63189.0,63574.0,62760.0,63364.0,62.60862,886.82743,58669.7,58669.7,36676398.00363
2024-09-22 00:00:00+00:00,63364.0,63990.0,62390.0,63563.0,63.12792,1049.55378,58891.2,58891.2,59277015.76843
2024-09-23 00:00:00+00:00,63577.0,64730.0,62585.0,63325.0,62.01854,1146.09945,59182.8,59182.8,70485697.15932
2024-09-24 00:00:00+00:00,63360.0,64677.0,62720.0,64260.0,64.647,1283.26657,59498.0,59498.0,104197739.35052
2024-09-25 00:00:00+00:00,64291.0,64795.0,62941.0,63147.0,59.37917,1287.32325,59847.45,59847.45,74056544.89482
2024-09-26 00:00:00+00:00,63121.0,65851.0,62675.0,65175.0,64.97894,1437.60899,60408.45,60408.45,114628108.86171
2024-09-27 00:00:00+00:00,65171.0,66508.0,64840.0,65781.0,66.46655,1587.3131,60990.15,60990.15,83003481.03172
2024-09-28 00:00:00+00:00,65809.0,66255.0,65442.0,65876.0,66.70532,1694.09195,61540.65,61540.65,36726116.86636
2024-09-29 00:00:00+00:00,65875.0,66071.0,65450.0,65601.0,65.25684,1736.50738,61967.75,61967.75,31960273.85993
2024-09-30 00:00:00+00:00,65605.0,65634.0,62859.0,63302.0,54.58548,1566.55357,62249.9,62249.9,111392991.21658
2024-10-01 00:00:00+00:00,63331.0,64122.0,60164.0,60807.0,45.82695,1216.51508,62423.15,62423.15,170136593.45707
2024-10-02 00:00:00+00:00,60760.0,62350.0,59972.0,60634.0,45.28437,914.60441,62547.9,62547.9,147809025.50513
2024-10-03 00:00:00+00:00,60627.0,61461.0,59860.0,60745.0,45.72836,676.49657,62557.9,62557.9,85808610.9571
2024-10-04 00:00:00+00:00,60747.0,62473.0,60474.0,62081.0,50.89339,588.81097,62661.35,62661.35,86570590.52269
2024-10-05 00:00:00+00:00,62080.0,62368.0,61699.0,62063.0,50.82321,511.96544,62808.0,62808.0,27906891.2107
2024-10-06 00:00:00+00:00,62057.0,62962.0,61816.0,62814.0,53.69238,505.8333,63038.1,63038.1,53186629.24435
2024-10-07 00:00:00+00:00,62831.0,64444.0,62130.0,62212.0,51.11778,447.24164,63132.9,63132.9,112931475.96011
2024-10-08 00:00:00+00:00,62211.0,63172.0,61839.0,62133.0,50.77371,389.93772,63151.7,63151.7,69359240.84658
2024-10-09 00:00:00+00:00,62114.0,62503.0,60268.0,60582.0,44.44812,216.87127,63033.8,63033.8,82083123.27788
2024-10-10 00:00:00+00:00,60589.0,61246.0,58867.0,60278.0,43.30921,54.55571,62887.15,62887.15,108469494.8401
2024-10-11 00:00:00+00:00,60278.0,63409.0,60041.0,62452.0,52.65256,100.18818,62841.55,62841.55,98843097.85726
2024-10-12 00:00:00+00:00,62511.0,63455.0,62474.0,63194.0,55.35698,193.98926,62823.1,62823.1,43331674.96263
2024-10-13 00:00:00+00:00,63193.0,63271.0,62039.0,62849.0,53.81775,237.74806,62799.3,62799.3,41050836.77071
2024-10-14 00:00:00+00:00,62850.0,66479.0,62450.0,66070.0,63.90791,526.26851,62889.8,62889.8,157933026.72311
2024-10-15 00:00:00+00:00,66070.0,67922.0,64802.0,67061.0,66.34431,825.37406,63085.5,63085.5,166914278.40572
2024-10-16 00:00:00+00:00,67061.0,68388.0,66744.0,67622.0,67.67463,1095.06218,63207.85,63207.85,116104248.70289
2024-10-17 00:00:00+00:00,67608.0,67914.0,66631.0,67392.0,66.51383,1275.52938,63288.4,63288.4,87489740.83045
2024-10-18 00:00:00+00:00,67392.0,68998.0,67176.0,68420.0,69.06767,1484.39081,63415.6,63415.6,98136945.47151
2024-10-19 00:00:00+00:00,68420.0,68668.0,68020.0,68359.0,68.73269,1626.24644,63553.5,63553.5,28362939.73814
2024-10-20 00:00:00+00:00,68367.0,69363.0,68102.0,69011.0,70.38594,1770.86558,63838.95,63838.95,41827780.6014
2024-10-21 00:00:00+00:00,69011.0,69487.0,66815.0,67340.0,61.42224,1730.69121,64165.6,64165.6,118028201.3838
2024-10-22 00:00:00+00:00,67345.0,67784.0,66559.0,67382.0,61.55476,1682.84302,64503.0,64503.0,109621056.63982
2024-10-23 00:00:00+00:00,67382.0,67409.0,65000.0,66601.0,57.59272,1563.87543,64795.8,64795.8,128396185.69641
2024-10-24 00:00:00+00:00,66602.0,68800.0,66455.0,68155.0,62.73279,1576.81108,65099.5,65099.5,145857710.22618
2024-10-25 00:00:00+00:00,68155.0,68726.0,65521.0,66578.0,55.39502,1443.17591,65325.25,65325.25,181812109.85415
2024-10-26 00:00:00+00:00,66576.0,67352.0,66344.0,67003.0,56.85954,1355.93268,65534.7,65534.7,32786295.40686
2024-10-27 00:00:00+00:00,67009.0,68232.0,66850.0,67938.0,59.9732,1346.7144,65821.0,65821.0,50272690.41599
2024-10-28 00:00:00+00:00,67937.0,70218.0,67541.0,69918.0,65.63037,1482.09364,66210.25,66210.25,144301195.92729
2024-10-29 00:00:00+00:00,69918.0,73600.0,69716.0,72729.0,71.73753,1795.50935,66817.6,66817.6,289147972.78126
2024-10-30 00:00:00+00:00,72727.0,72928.0,71313.0,72331.0,69.84516,1988.85204,67420.25,67420.25,163734494.55922
2024-10-31 00:00:00+00:00,72330.0,72660.0,69591.0,70231.0,60.74056,1950.14501,67809.2,67809.2,124758991.35989
2024-11-01 00:00:00+00:00,70202.0,71596.0,68768.0,69490.0,57.87381,1838.484,68124.0,68124.0,188837114.8921
2024-11-02 00:00:00+00:00,69468.0,69887.0,69015.0,69330.0,57.24555,1717.28539,68448.05,68448.05,72597154.53862
2024-11-03 00:00:00+00:00,69339.0,69354.0,67459.0,68738.0,54.87202,1555.53394,68581.45,68581.45,131665685.00824
2024-11-04 00:00:00+00:00,68738.0,69444.0,66798.0,67818.0,51.31146,1337.6884,68619.3,68619.3,172145196.52428
2024-11-05 00:00:00+00:00,67817.0,70538.0,67443.0,69386.0,56.49311,1276.85,68707.5,68707.5,164493749.82278
2024-11-06 00:00:00+00:00,69396.0,76481.0,69284.0,75637.0,70.13753,1713.28886,69119.75,69119.75,584825381.86974
2024-11-07 00:00:00+00:00,75638.0,76990.0,74479.0,75921.0,70.58883,2058.35875,69494.8,69494.8,247914982.28738
2024-11-08 00:00:00+00:00,75918.0,77270.0,75665.0,76561.0,71.62936,2356.3097,69904.9,69904.9,188839676.50411
2024-11-09 00:00:00+00:00,76560.0,76941.0,75648.0,76722.0,71.8987,2575.73783,70290.45,70290.45,64279797.94037
2024-11-10 00:00:00+00:00,76707.0,81482.0,76554.0,80425.0,77.24863,3013.69733,70944.7,70944.7,220345648.80223
2024-11-11 00:00:00+00:00,80426.0,89643.0,80280.0,88770.0,84.43861,3988.18187,72014.1,72014.1,594329061.62872
2024-11-12 00:00:00+00:00,88771.0,90243.0,85121.0,88031.0,81.96821,4647.26598,73085.6,73085.6,707550441.97072
2024-11-13 00:00:00+00:00,88038.0,93483.0,86263.0,90521.0,83.69877,5309.31459,74203.9,74203.9,664245788.98113
2024-11-14 00:00:00+00:00,90498.0,91804.0,86685.0,87333.0,73.91742,5513.19525,75241.65,75241.65,332368581.38472
2024-11-15 00:00:00+00:00,87298.0,91909.0,87119.0,91070.0,77.2706,5908.21064,76445.0,76445.0,409009127.86567
2024-11-16 00:00:00+00:00,91069.0,91778.0,90100.0,90608.0,75.97027,6113.51089,77578.5,77578.5,139434583.30254
2024-11-17 00:00:00+00:00,90643.0,91429.0,88709.0,89861.0,73.80753,6145.09928,78575.65,78575.65,181168553.29449
2024-11-18 00:00:00+00:00,89865.0,92624.0,89392.0,90512.0,74.48913,6151.75003,79464.8,79464.8,387046347.83918
2024-11-19 00:00:00+00:00,90514.0,94057.0,90407.0,92424.0,76.42921,6239.37953,80469.45,80469.45,359056391.67477
2024-11-20 00:00:00+00:00,92434.0,94942.0,91407.0,94373.0,78.24537,6392.40686,81676.55,81676.55,877099858.36503
2024-11-21 00:00:00+00:00,94374.0,99121.0,94106.0,98451.0,81.46366,6764.76267,83124.6,83124.6,716799046.15489
2024-11-22 00:00:00+00:00,98451.0,99800.0,97236.0,99013.0,81.86189,7024.23503,84608.75,84608.75,460023759.17022
2024-11-23 00:00:00+00:00,99010.0,99015.0,97226.0,97775.0,77.89202,7048.71924,86060.6,86060.6,168087421.90522
2024-11-24 00:00:00+00:00,97765.0,98660.0,95796.0,98007.0,78.10629,7006.08186,87570.05,87570.05,177785440.1188
2024-11-25 00:00:00+00:00,98021.0,98966.0,92584.0,93035.0,63.82854,6496.20834,88752.5,88752.5,276271936.82023
2024-11-26 00:00:00+00:00,93006.0,94999.0,90742.0,91928.0,61.14839,5934.39623,89567.05,89567.05,328651556.61582
2024-11-27 00:00:00+00:00,91929.0,97353.0,91760.0,95978.0,66.66353,5749.67852,90569.9,90569.9,287850898.2146
2024-11-28 00:00:00+00:00,95945.0,96658.0,94670.0,95661.0,65.87529,5514.14551,91524.9,91524.9,198044171.96635
2024-11-29 00:00:00+00:00,95670.0,98745.0,95410.0,97512.0,68.23699,5414.42996,92564.4,92564.4,235086022.95386
2024-11-30 00:00:00+00:00,97510.0,97510.0,96112.0,96441.0,65.41596,5189.16644,93365.2,93365.2,62322178.31824
2024-12-01 00:00:00+00:00,96471.0,97880.0,95758.0,97291.0,66.59627,5021.3484,93791.25,93791.25,86069033.86571
2024-12-02 00:00:00+00:00,97260.0,98200.0,94403.0,95859.0,62.71309,4718.41006,94182.65,94182.65,309147289.6015
2024-12-03 00:00:00+00:00,95858.0,96301.0,93590.0,95926.0,62.82232,4432.63888,94452.9,94452.9,334293392.71324
2024-12-04 00:00:00+00:00,95926.0,99250.0,94661.0,98773.0,67.21699,4385.3408,95024.9,95024.9,425706171.39609
2024-12-05 00:00:00+00:00,98751.0,103647.0,92092.0,97057.0,62.42704,4161.41961,95324.25,95324.25,723118343.84625
2024-12-06 00:00:00+00:00,96968.0,102098.0,96463.0,99898.0,66.6627,4165.19167,95788.75,95788.75,261054557.69967
2024-12-07 00:00:00+00:00,99898.0,100575.0,99121.0,99929.0,66.7068,4123.15335,96292.15,96292.15,58745935.2601
2024-12-08 00:00:00+00:00,99969.0,101407.0,98752.0,101204.0,68.54971,4144.93925,96826.75,96826.75,108625049.86223
2024-12-09 00:00:00+00:00,101188.0,101271.0,94249.0,97468.0,58.35635,3816.74371,97078.95,97078.95,240628300.38682
2024-12-10 00:00:00+00:00,97318.0,98300.0,94306.0,96648.0,56.37487,3450.70169,97192.7,97192.7,202235673.36943
2024-12-11 00:00:00+00:00,96658.0,101961.0,95725.0,101201.0,63.73742,3487.79467,97330.2,97330.2,222255751.3415
2024-12-12 00:00:00+00:00,101238.0,102582.0,99309.0,100068.0,60.97943,3386.72741,97382.95,97382.95,139414079.34369
2024-12-13 00:00:00+00:00,99998.0,101918.0,99250.0,101435.0,63.05654,3377.99691,97565.95,97565.95,104528180.65085
2024-12-14 00:00:00+00:00,101433.0,102643.0,100643.0,101382.0,62.9167,3328.43316,97734.7,97734.7,57436614.4835
2024-12-15 00:00:00+00:00,101408.0,105149.0,101243.0,104427.0,67.39101,3494.57629,98304.3,98304.3,143063735.36599
2024-12-16 00:00:00+00:00,104476.0,107821.0,103322.0,106073.0,69.5311,3716.22602,99011.55,99011.55,230366438.9298
2024-12-17 00:00:00+00:00,106109.0,108364.0,105363.0,106187.0,69.67952,3856.62707,99522.0,99522.0,149292445.19402
2024-12-18 00:00:00+00:00,106214.0,106523.0,99997.0,100153.0,54.53668,3441.333,99746.6,99746.6,256120079.94073
2024-12-19 00:00:00+00:00,100133.0,102747.0,95537.0,97375.0,49.23198,2855.13585,99739.75,99739.75,333558212.93464
2024-12-20 00:00:00+00:00,97416.0,98123.0,92118.0,97760.0,49.95845,2394.03967,99805.7,99805.7,264562162.90458
2024-12-21 00:00:00+00:00,97745.0,99514.0,96399.0,97211.0,48.88423,1961.7046,99801.7,99801.7,169151343.33462
2024-12-22 00:00:00+00:00,97245.0,97376.0,94200.0,95098.0,44.884,1432.06653,99763.65,99763.65,197376730.47225
2024-12-23 00:00:00+00:00,95100.0,96420.0,92389.0,94750.0,44.24188,973.0274,99704.85,99704.85,230110254.08222
2024-12-24 00:00:00+00:00,94750.0,99419.0,93461.0,98596.0,52.35448,909.09614,99696.0,99696.0,142425440.88237
2024-12-25 00:00:00+00:00,98637.0,99478.0,97576.0,99374.0,53.81826,910.71016,99811.85,99811.85,84419430.16058
2024-12-26 00:00:00+00:00,99357.0,99881.0,95111.0,95687.0,46.52358,607.47658,99601.3,99601.3,143661377.44247
2024-12-27 00:00:00+00:00,95666.0,97337.0,93282.0,94168.0,43.88447,241.80382,99313.25,99313.25,227532707.02047
2024-12-28 00:00:00+00:00,94159.0,95529.0,94026.0,95139.0,45.99347,30.01115,99010.0,99010.0,79869683.41801
2024-12-29 00:00:00+00:00,95119.0,95124.0,92868.0,93557.0,43.14818,-262.46471,98814.45,98814.45,79692371.76744
2024-12-30 00:00:00+00:00,93564.0,94891.0,91315.0,92628.0,41.52367,-562.72968,98613.45,98613.45,170532138.77734
2024-12-31 00:00:00+00:00,92637.0,96117.0,91900.0,93381.0,43.3843,-731.49876,98222.45,98222.45,105411081.56352
2025-01-01 00:00:00+00:00,93347.0,94951.0,92768.0,94388.0,45.86501,-775.05859,97938.45,97938.45,73352636.09126
2025-01-02 00:00:00+00:00,94380.0,97745.0,94205.0,96907.0,51.58038,-599.40822,97712.05,97712.05,118148404.60689
2025-01-03 00:00:00+00:00,96895.0,98951.0,96042.0,98133.0,54.11927,-357.15898,97549.6,97549.6,113777274.33913
2025-01-04 00:00:00+00:00,98133.0,98753.0,97540.0,98209.0,54.27932,-157.22969,97238.7,97238.7,43751255.41168
2025-01-05 00:00:00+00:00,98218.0,98799.0,97277.0,98327.0,54.54444,10.61495,96851.4,96851.4,44711272.2765
2025-01-06 00:00:00+00:00,98389.0,102514.0,97919.0,102280.0,62.40868,457.33523,96656.05,96656.05,178234446.5866
2025-01-07 00:00:00+00:00,102278.0,102760.0,96130.0,96946.0,49.87073,376.61368,96495.7,96495.7,144507704.42211
2025-01-08 00:00:00+00:00,96922.0,97248.0,92502.0,95065.0,46.33552,159.02713,96380.2,96380.2,197834507.51329
2025-01-09 00:00:00+00:00,95034.0,95333.0,91215.0,92542.0,42.03164,-214.5239,96119.3,96119.3,173775422.07855
2025-01-10 00:00:00+00:00,92545.0,95797.0,92227.0,94702.0,46.60434,-332.43968,95993.85,95993.85,170366056.19659
2025-01-11 00:00:00+00:00,94702.0,94975.0,93843.0,94568.0,46.36002,-431.7248,95967.35,95967.35,60511926.05588
2025-01-12 00:00:00+00:00,94573.0,95363.0,93685.0,94497.0,46.22175,-510.25617,95954.7,95954.7,53955780.50929
2025-01-13 00:00:00+00:00,94498.0,95846.0,89164.0,94505.0,46.24121,-565.33054,95750.15,95750.15,200904619.24527
2025-01-14 00:00:00+00:00,94537.0,97339.0,94345.0,96523.0,51.05169,-441.0574,95607.6,95607.6,142642600.89178
2025-01-15 00:00:00+00:00,96560.0,100715.0,96474.0,100512.0,58.88381,-20.45528,95848.85,95848.85,182109356.93277
2025-01-16 00:00:00+00:00,100512.0,100860.0,97319.0,99975.0,57.54884,266.47179,96139.2,96139.2,181732016.20886
2025-01-17 00:00:00+00:00,99975.0,105932.0,99944.0,104119.0,64.27907,818.81099,96588.2,96588.2,321456696.64228
2025-01-18 00:00:00+00:00,104119.0,104909.0,102238.0,104436.0,64.7396,1267.51194,97132.15,97132.15,136438117.54161
2025-01-19 00:00:00+00:00,104432.0,106294.0,99528.0,101237.0,56.78364,1349.42281,97562.6,97562.6,263463454.63499
2025-01-20 00:00:00+00:00,101191.0,109356.0,99462.0,102141.0,58.34163,1470.33392,98000.6,98000.6,400583628.55834
2025-01-21 00:00:00+00:00,102155.0,107265.0,100087.0,106149.0,64.45929,1868.03539,98588.65,98588.65,324647198.57136
2025-01-22 00:00:00+00:00,106149.0,106370.0,103322.0,103632.0,58.63576,1957.55039,98924.9,98924.9,177578995.8228
2025-01-23 00:00:00+00:00,103659.0,106848.0,101233.0,103933.0,59.1115,2029.38635,99214.9,99214.9,393924054.75548
2025-01-24 00:00:00+00:00,103922.0,107149.0,102754.0,104855.0,60.6061,2136.09104,99547.2,99547.2,180899379.56632
2025-01-25 00:00:00+00:00,104855.0,105237.0,104126.0,104738.0,60.30486,2186.01532,99867.75,99867.75,77075708.09487
2025-01-26 00:00:00+00:00,104741.0,105424.0,102450.0,102573.0,54.86999,2027.51138,99882.4,99882.4,81888264.11071
2025-01-27 00:00:00+00:00,102573.0,103186.0,97750.0,102090.0,53.70709,1841.69193,100139.6,100139.6,327721789.2923
2025-01-28 00:00:00+00:00,102065.0,103745.0,100225.0,101292.0,51.75544,1611.46082,100450.95,100450.95,174391723.01725
2025-01-29 00:00:00+00:00,101291.0,104769.0,101288.0,103747.0,56.93965,1608.55656,101011.2,101011.2,159348301.86051
2025-01-30 00:00:00+00:00,103768.0,106447.0,103313.0,104738.0,58.86137,1667.00414,101513.0,101513.0,161625324.20764
2025-01-31 00:00:00+00:00,104737.0,106046.0,101303.0,102412.0,52.89453,1508.24935,101905.2,101905.2,206515063.72629
2025-02-01 00:00:00+00:00,102408.0,102754.0,100270.0,100638.0,48.82896,1225.16511,102212.25,102212.25,79050053.73954
2025-02-02 00:00:00+00:00,100638.0,101430.0,96168.0,97675.0,42.89819,753.04881,102370.75,102370.75,170733771.36677
2025-02-03 00:00:00+00:00,97670.0,102569.0,91530.0,101457.0,51.06783,676.27337,102617.45,102617.45,414135707.09526
2025-02-04 00:00:00+00:00,101456.0,101785.0,96147.0,97786.0,44.424,315.57154,102481.15,102481.15,202237816.49926
2025-02-05 00:00:00+00:00,97809.0,99168.0,96181.0,96614.0,42.52199,-64.11874,102313.1,102313.1,152352764.07899
2025-02-06 00:00:00+00:00,96614.0,99174.0,95678.0,96573.0,42.45352,-364.13683,101935.8,101935.8,166484629.3739
2025-02-07 00:00:00+00:00,96566.0,100185.0,95662.0,96535.0,42.38539,-598.07537,101540.75,101540.75,186981699.51063
2025-02-08 00:00:00+00:00,96534.0,96896.0,95700.0,96472.0,42.26429,-779.57053,101302.5,101302.5,59399009.77753
2025-02-09 00:00:00+00:00,96472.0,97337.0,94726.0,96477.0,42.27838,-912.48473,101019.3,101019.3,97313330.86068
2025-02-10 00:00:00+00:00,96533.0,98349.0,95307.0,97469.0,45.14,-927.08719,100585.3,100585.3,96894798.30386
2025-02-11 00:00:00+00:00,97465.0,98490.0,94853.0,95754.0,41.32557,-1064.77189,100191.4,100191.4,122993275.47453
2025-02-12 00:00:00+00:00,95756.0,98144.0,94091.0,97882.0,47.27871,-990.75538,99888.85,99888.85,144519884.71263
2025-02-13 00:00:00+00:00,97882.0,98091.0,95249.0,96627.0,44.41652,-1021.58854,99477.45,99477.45,82882672.64027
2025-02-14 00:00:00+00:00,96631.0,98871.0,96300.0,97520.0,46.88073,-962.86707,99116.55,99116.55,122024112.49475
2025-02-15 00:00:00+00:00,97515.0,97974.0,97237.0,97591.0,47.08161,-900.22356,98867.45,98867.45,32765671.17497
2025-02-16 00:00:00+00:00,97591.0,97727.0,96066.0,96132.0,43.44575,-957.27239,98569.55,98569.55,42833901.64327
2025-02-17 00:00:00+00:00,96066.0,97014.0,95227.0,95772.0,42.57215,-1019.77763,98293.55,98293.55,76678709.36837
2025-02-18 00:00:00+00:00,95779.0,96714.0,93340.0,95612.0,42.16633,-1069.89111,97886.8,97886.8,135341561.03982
2025-02-19 00:00:00+00:00,95612.0,96866.0,95011.0,96642.0,45.75141,-1014.79607,97482.0,97482.0,137241761.08569
2025-02-20 00:00:00+00:00,96639.0,98758.0,96439.0,98337.0,51.12118,-824.85214,97278.25,97278.25,165361188.41325
2025-02-21 00:00:00+00:00,98335.0,99508.0,94805.0,96131.0,44.89293,-842.61286,97052.9,97052.9,272894339.02817
2025-02-22 00:00:00+00:00,96137.0,96967.0,95750.0,96572.0,46.3014,-811.74603,96997.75,96997.75,76844525.46125
2025-02-23 00:00:00+00:00,96571.0,96666.0,95260.0,96262.0,45.42254,-803.0413,96738.0,96738.0,51973247.22133
2025-02-24 00:00:00+00:00,96264.0,96492.0,91330.0,91554.0,34.66196,-1162.63684,96426.4,96426.4,154922864.32762
2025-02-25 00:00:00+00:00,91516.0,92512.0,85953.0,88576.0,29.84561,-1668.68307,96024.5,96024.5,379514984.99209
2025-02-26 00:00:00+00:00,88573.0,89279.0,82133.0,84071.0,24.33654,-2405.51492,95399.4,95399.4,262196833.34646
2025-02-27 00:00:00+00:00,84150.0,86988.0,82615.0,84639.0,26.18654,-2910.08101,94804.6,94804.6,216671530.54861
2025-02-28 00:00:00+00:00,84621.0,85082.0,78197.0,84321.0,25.80611,-3297.60054,94197.05,94197.05,300804034.8859
2025-03-01 00:00:00+00:00,84316.0,86517.0,83803.0,86033.0,31.56982,-3427.0634,93674.85,93674.85,125777322.34658
2025-03-02 00:00:00+00:00,86031.0,95152.0,85029.0,94273.0,51.21412,-2832.11763,93515.05,93515.05,297245564.19634
2025-03-03 00:00:00+00:00,94272.0,94422.0,85069.0,86160.0,39.26295,-2980.90807,93035.35,93035.35,246133637.69664
2025-03-04 00:00:00+00:00,86161.0,88922.0,81463.0,87240.0,41.22907,-2977.35746,92503.25,92503.25,279709386.17093
2025-03-05 00:00:00+00:00,87262.0,90993.0,86397.0,90611.0,46.99648,-2671.73397,92202.45,92202.45,166059645.07951
2025-03-06 00:00:00+00:00,90590.0,92790.0,87835.0,89918.0,45.99715,-2457.1203,91822.35,91822.35,195094160.66737
2025-03-07 00:00:00+00:00,89922.0,91277.0,84713.0,86759.0,41.64951,-2512.97432,91280.75,91280.75,285157759.43815
2025-03-08 00:00:00+00:00,86754.0,86861.0,85190.0,86192.0,40.90222,-2573.32748,90783.75,90783.75,49969735.37876
2025-03-09 00:00:00+00:00,86204.0,86469.0,80000.0,80708.0,34.46178,-3028.75713,90030.55,90030.55,138025158.03621
2025-03-10 00:00:00+00:00,80728.0,84007.0,77393.0,78561.0,32.31637,-3522.33014,89178.0,89178.0,233938371.3274
2025-03-11 00:00:00+00:00,78599.0,83568.0,76600.0,82869.0,40.34185,-3525.23401,88489.35,88489.35,220146778.2315
2025-03-12 00:00:00+00:00,82941.0,84437.0,80607.0,83620.0,41.64095,-3427.42668,87753.5,87753.5,206476048.4221
2025-03-13 00:00:00+00:00,83677.0,84287.0,79910.0,81079.0,38.57981,-3514.43886,87000.9,87000.9,148374642.29652
2025-03-14 00:00:00+00:00,81084.0,85294.0,80801.0,83975.0,43.66299,-3311.54027,86371.05,86371.05,166857914.67884
2025-03-15 00:00:00+00:00,83984.0,84672.0,83633.0,84347.0,44.30067,-3085.16058,85775.3,85775.3,41008676.54352
2025-03-16 00:00:00+00:00,84362.0,85059.0,81983.0,82555.0,41.84359,-3015.59061,85325.35,85325.35,97266494.47012
2025-03-17 00:00:00+00:00,82569.0,84741.0,82466.0,84058.0,44.61807,-2806.82109,85099.45,85099.45,100776833.25917
2025-03-18 00:00:00+00:00,83930.0,83989.0,81138.0,82715.0,42.65967,-2718.40256,85031.65,85031.65,106720138.13619
2025-03-19 00:00:00+00:00,82694.0,87010.0,82567.0,86868.0,49.9723,-2286.85639,85143.1,85143.1,167360717.07856
2025-03-20 00:00:00+00:00,86870.0,87470.0,83631.0,84158.0,45.86213,-2138.87171,85134.95,85134.95,157975704.76996
2025-03-21 00:00:00+00:00,84179.0,84801.0,83142.0,84061.0,45.71719,-2006.29258,85036.35,85036.35,96376594.69175
2025-03-22 00:00:00+00:00,84050.0,84490.0,83682.0,83823.0,45.33857,-1898.54207,84513.85,84513.85,26560562.31401
2025-03-23 00:00:00+00:00,83806.0,86116.0,83806.0,86084.0,49.60819,-1612.12167,84510.05,84510.05,55947194.96049
2025-03-24 00:00:00+00:00,86084.0,88772.0,85541.0,87512.0,52.15033,-1255.43194,84523.65,84523.65,165251896.50795
2025-03-25 00:00:00+00:00,87488.0,88539.0,86321.0,87436.0,51.99998,-967.72993,84364.9,84364.9,186655937.99157
2025-03-26 00:00:00+00:00,87448.0,88296.0,85869.0,86913.0,50.91217,-773.01492,84214.65,84214.65,134972392.72989
2025-03-27 00:00:00+00:00,86966.0,87755.0,85828.0,87219.0,51.55079,-587.24087,84237.65,84237.65,112457814.71216
2025-03-28 00:00:00+00:00,87224.0,87481.0,83544.0,84379.0,45.61892,-661.55191,84147.0,84147.0,117483940.40162
2025-03-29 00:00:00+00:00,84384.0,84561.0,81629.0,82608.0,42.34658,-853.51011,84242.0,84242.0,61575462.41499
2025-03-30 00:00:00+00:00,82608.0,83500.0,81551.0,82359.0,41.89159,-1014.04134,84431.9,84431.9,69213073.41043
2025-03-31 00:00:00+00:00,82367.0,83914.0,81287.0,82538.0,42.37095,-1113.97845,84415.35,84415.35,159903944.39188
2025-04-01 00:00:00+00:00,82537.0,85530.0,82417.0,85170.0,49.0293,-969.62173,84492.85,84492.85,128095884.53831
2025-04-02 00:00:00+00:00,85171.0,88563.0,81188.0,82502.0,43.53797,-1058.30382,84564.0,84564.0,236091573.0296
2025-04-03 00:00:00+00:00,82477.0,83896.0,81200.0,83132.0,45.10155,-1065.46724,84521.85,84521.85,147763173.59765
2025-04-04 00:00:00+00:00,83182.0,84708.0,81659.0,83851.0,46.90857,-1001.58141,84497.05,84497.05,168195280.92594
2025-04-05 00:00:00+00:00,83852.0,84226.0,82358.0,83507.0,46.12629,-967.55596,84544.65,84544.65,43271812.10703
2025-04-06 00:00:00+00:00,83514.0,83741.0,77098.0,78342.0,36.32976,-1341.89437,84258.85,84258.85,169648136.17852
2025-04-07 00:00:00+00:00,78381.0,81180.0,74434.0,79127.0,38.46872,-1557.26611,84079.45,84079.45,323154439.28815
2025-04-08 00:00:00+00:00,79134.0,80836.0,76159.0,76244.0,33.95687,-1938.24095,83548.25,83548.25,171206588.98894
2025-04-09 00:00:00+00:00,76252.0,83565.0,74588.0,82595.0,48.33301,-1708.00481,83470.1,83470.1,333541423.60707
2025-04-10 00:00:00+00:00,82594.0,82722.0,78424.0,79543.0,43.43944,-1751.62031,83244.2,83244.2,124411406.84166
2025-04-11 00:00:00+00:00,79558.0,84257.0,78942.0,83384.0,50.26431,-1459.42596,83222.25,83222.25,144157677.0076
2025-04-12 00:00:00+00:00,83384.0,85892.0,82784.0,85274.0,53.25336,-1063.0979,83181.75,83181.75,72281446.63365
2025-04-13 00:00:00+00:00,85277.0,86084.0,83031.0,83712.0,50.54949,-865.07337,82991.75,82991.75,101368721.76045
2025-04-14 00:00:00+00:00,83774.0,85787.0,83680.0,84583.0,52.01264,-630.58608,82849.1,82849.1,120605356.66586
2025-04-15 00:00:00+00:00,84583.0,86450.0,83612.0,83686.0,50.36006,-511.24036,82687.75,82687.75,97319436.74835
2025-04-16 00:00:00+00:00,83632.0,85528.0,83102.0,84046.0,51.0325,-383.19182,82529.1,82529.1,133922964.17345
2025-04-17 00:00:00+00:00,84045.0,85478.0,83751.0,84954.0,52.77033,-206.06899,82557.85,82557.85,95113464.00434
2025-04-18 00:00:00+00:00,84954.0,85121.0,84310.0,84468.0,51.71247,-103.71841,82650.85,82650.85,27303517.61369
2025-04-19 00:00:00+00:00,84466.0,85611.0,84367.0,85069.0,52.96808,25.59579,82786.35,82786.35,53720294.10888
2025-04-20 00:00:00+00:00,85074.0,85305.0,83974.0,85198.0,53.24908,136.90925,82919.35,82919.35,39430464.75504
2025-04-21 00:00:00+00:00,85197.0,88527.0,85134.0,87505.0,58.07355,406.59461,83036.1,83036.1,190744787.35696
2025-04-22 00:00:00+00:00,87505.0,93928.0,87094.0,93481.0,67.44529,1089.97095,83585.05,83585.05,267306040.84609
2025-04-23 00:00:00+00:00,93482.0,94700.0,91970.0,93730.0,67.76857,1632.82169,84114.95,84114.95,227147804.81793
2025-04-24 00:00:00+00:00,93730.0,94035.0,91700.0,94010.0,68.15157,2061.86063,84622.9,84622.9,112126495.54115
2025-04-25 00:00:00+00:00,94010.0,95857.0,92891.0,94726.0,69.16075,2431.62207,85183.85,85183.85,216703486.22257
2025-04-26 00:00:00+00:00,94720.0,95249.0,93934.0,94662.0,68.95043,2688.505,85999.85,85999.85,49099355.33804
2025-04-27 00:00:00+00:00,94662.0,95353.0,93685.0,93769.0,65.93746,2787.89185,86731.95,86731.95,54592805.77322
2025-04-28 00:00:00+00:00,93780.0,93827.0,93709.0,93733.0,65.8126,2831.1164,87606.4,87606.4,260966.62322
