timestamp,open_btc,high_btc,low_btc,close_btc,RSI_btc,MACD_btc,MA_20_btc,Trendline_btc,volume_btc,open_xau,high_xau,low_xau,close_xau,RSI_xau,MACD_xau,MA_20_xau,Trendline_xau,volume_xau
2014-12-23 00:00:00+00:00,330.52,338.99,327.49,335.49,41.81444,-11.99423,345.5505,345.5505,7804.03,1176.58,1184.77,1172.47,1175.75,42.24633,-2.83938,1200.1135,1200.1135,76122
2014-12-24 00:00:00+00:00,337.0,337.0,320.92,322.14,35.35906,-12.11728,343.3975,343.3975,5544.8,1176.54,1180.95,1172.71,1174.38,41.83214,-4.21235,1198.9545,1198.9545,32671
2014-12-26 00:00:00+00:00,319.0,332.0,316.64,330.88,42.72241,-11.37751,338.41,338.41,6347.26,1186.39,1198.92,1185.31,1195.13,49.85167,-3.58477,1199.18,1199.18,19974
2014-12-29 00:00:00+00:00,316.63,320.14,311.61,314.78,35.87246,-11.87958,331.1765,331.1765,5901.06,1196.12,1197.37,1178.82,1182.94,45.85225,-4.02465,1200.033,1200.033,79319
2014-12-30 00:00:00+00:00,314.78,316.77,310.0,311.94,34.64609,-12.02976,329.367,329.367,9894.24,1182.69,1210.69,1180.63,1200.19,51.75119,-2.94734,1199.5025,1199.5025,113495
2014-12-31 00:00:00+00:00,311.94,320.0,310.69,319.25,40.30319,-11.4272,327.8805,327.8805,6097.71,1199.84,1203.71,1182.63,1186.83,47.44052,-3.13547,1198.919,1198.919,52363
2015-01-02 00:00:00+00:00,316.31,317.01,311.96,316.51,39.00822,-10.62926,324.225,324.225,3472.05,1186.94,1195.03,1167.33,1188.82,48.13353,-3.08839,1197.8865,1197.8865,97717
2015-01-05 00:00:00+00:00,264.62,280.0,262.94,276.8,30.11848,-17.00005,314.0785,314.0785,9752.08,1187.73,1207.28,1178.0,1204.32,53.29869,-1.77983,1197.83,1197.83,122116
2015-01-06 00:00:00+00:00,276.8,276.8,276.8,276.8,30.11848,-17.81379,311.8635,311.8635,0.0,1202.87,1222.92,1201.52,1218.35,57.43107,0.38487,1199.154,1199.154,82009
2015-01-07 00:00:00+00:00,276.8,276.8,276.8,276.8,30.11848,-18.24832,310.095,310.095,0.0,1217.66,1218.48,1208.85,1210.52,54.53103,1.45186,1199.519,1199.519,68381
2015-01-08 00:00:00+00:00,276.8,276.8,276.8,276.8,30.11848,-18.38081,308.035,308.035,0.0,1210.97,1216.54,1204.42,1208.69,53.84667,2.1253,1198.4225,1198.4225,57027
2015-01-09 00:00:00+00:00,276.8,276.8,276.8,276.8,30.11848,-18.27514,305.3755,305.3755,0.0,1207.5,1223.91,1206.16,1222.36,58.079,3.71918,1198.2045,1198.2045,65756
2015-01-12 00:00:00+00:00,270.4,272.43,263.54,268.16,26.84392,-17.70111,297.0055,297.0055,7909.25,1223.9,1235.74,1217.4,1233.25,61.13647,5.79429,1198.4885,1198.4885,73324
2015-01-13 00:00:00+00:00,268.16,268.72,216.0,221.0,16.37729,-21.37895,291.9485,291.9485,57653.9,1231.85,1244.02,1227.14,1230.77,60.06214,7.15621,1198.909,1198.909,95422
2015-01-14 00:00:00+00:00,221.0,230.89,152.4,162.0,10.73695,-28.72337,284.079,284.079,123599.76,1231.54,1244.24,1224.89,1228.89,59.21267,7.99173,1200.7465,1200.7465,121171
2015-01-15 00:00:00+00:00,162.0,233.9,161.1,208.81,31.0317,-30.41608,277.9755,277.9755,86158.17,1229.28,1266.64,1225.87,1262.31,67.9031,11.22124,1204.047,1204.047,120643
2015-01-16 00:00:00+00:00,214.77,223.15,198.04,206.6,30.67708,-31.57195,272.511,272.511,34657.09,1262.97,1282.01,1254.87,1280.04,71.38629,15.03797,1208.6075,1208.6075,80925
2015-01-19 00:00:00+00:00,210.05,220.94,207.7,216.88,35.97853,-31.04718,256.7635,256.7635,12796.47,1278.61,1279.03,1271.89,1276.66,69.8305,17.58728,1212.5445,1212.5445,42896
2015-01-21 00:00:00+00:00,211.08,228.9,205.0,228.59,41.27682,-27.89558,246.969,246.969,22796.06,1294.74,1305.07,1284.48,1293.47,72.984,20.72514,1217.4585,1217.4585,109866
2015-01-22 00:00:00+00:00,228.59,239.0,226.01,233.0,42.8283,-25.37609,242.7935,242.7935,25809.37,1291.97,1307.53,1279.29,1301.38,74.34302,23.5784,1223.7525,1223.7525,106626
2015-01-23 00:00:00+00:00,233.0,240.0,225.55,233.03,42.83937,-23.11055,240.1445,240.1445,15246.43,1300.63,1302.07,1284.29,1293.76,70.65568,24.93729,1229.653,1229.653,82609
2015-01-26 00:00:00+00:00,253.09,309.9,253.09,269.5,55.10537,-12.6406,237.8625,237.8625,55355.5,1294.62,1299.0,1275.71,1281.22,64.9467,24.71743,1234.995,1234.995,89390
2015-01-27 00:00:00+00:00,269.5,278.51,243.1,262.99,52.7646,-9.92143,237.172,237.172,21293.57,1280.55,1297.42,1272.07,1292.25,67.43885,25.14337,1239.851,1239.851,95334
2015-01-28 00:00:00+00:00,262.99,266.45,225.91,236.2,44.40522,-9.81505,235.142,235.142,27595.15,1292.29,1293.8,1279.57,1284.72,64.08895,24.58987,1244.94,1244.94,80657
2015-01-29 00:00:00+00:00,236.2,242.18,220.0,234.75,43.99891,-9.73552,233.0395,233.0395,26178.79,1284.66,1285.75,1251.88,1257.3,53.6401,21.68864,1247.7955,1247.7955,95034
2015-01-30 00:00:00+00:00,234.75,244.98,227.26,232.6,43.36531,-9.73378,230.8295,230.8295,19832.17,1258.23,1284.63,1256.95,1283.56,60.31341,21.26325,1252.632,1252.632,74027
2015-02-02 00:00:00+00:00,214.8,241.98,214.8,237.97,47.39336,-10.51149,226.069,226.069,6423.56,1280.42,1283.27,1266.3,1274.98,57.40583,20.0032,1256.94,1256.94,77929
2015-02-03 00:00:00+00:00,237.97,244.39,223.79,227.35,44.19937,-10.27305,229.3365,229.3365,17756.67,1274.76,1285.55,1255.38,1259.87,52.59698,17.58267,1259.7175,1259.7175,105581
2015-02-04 00:00:00+00:00,227.35,231.0,220.02,227.0,44.0939,-9.99708,230.246,230.246,14313.23,1261.74,1272.33,1256.54,1269.31,55.12611,16.23892,1262.2655,1262.2655,87264
2015-02-05 00:00:00+00:00,227.0,228.94,213.64,217.0,41.07791,-10.46465,230.766,230.766,4314.11,1270.01,1273.82,1256.18,1264.52,53.56444,14.61896,1264.9655,1264.9655,90532
2015-02-06 00:00:00+00:00,216.81,225.86,214.95,222.88,43.52403,-10.24268,231.905,231.905,4730.33,1266.87,1268.62,1228.21,1233.12,44.63736,10.67832,1266.187,1266.187,95619
2015-02-09 00:00:00+00:00,224.19,225.99,215.0,220.72,43.1219,-9.05848,233.612,233.612,19478.94,1237.11,1243.65,1235.04,1239.27,46.51744,7.95983,1267.0325,1267.0325,55476
2015-02-10 00:00:00+00:00,220.72,222.0,215.0,220.95,43.23357,-8.86246,233.23,233.23,6332.22,1238.6,1245.82,1230.84,1233.22,44.902,5.25663,1267.031,1267.031,65148
2015-02-11 00:00:00+00:00,220.95,223.43,217.99,219.12,42.51832,-8.75387,232.536,232.536,9298.5,1234.04,1238.59,1216.41,1217.18,40.85145,1.79929,1266.3515,1266.3515,63611
2015-02-12 00:00:00+00:00,219.55,223.07,218.17,222.46,44.32861,-8.30259,232.0075,232.0075,4010.23,1218.3,1232.82,1218.02,1222.17,42.58662,-0.5319,1266.0155,1266.0155,73890
2015-02-13 00:00:00+00:00,223.0,242.35,221.37,236.86,51.43062,-6.70569,231.351,231.351,8077.55,1223.45,1234.82,1222.71,1228.99,44.96303,-1.80822,1264.3495,1264.3495,68298
2015-02-16 00:00:00+00:00,234.01,241.23,229.2,236.55,50.40677,-2.58397,228.495,228.495,12321.08,1228.34,1236.59,1228.02,1230.79,45.603,-2.64399,1261.887,1261.887,35244
2015-02-17 00:00:00+00:00,236.55,248.78,232.01,244.96,53.56323,-1.39455,228.933,228.933,11898.41,1231.86,1233.84,1203.64,1209.18,39.64313,-4.99254,1258.513,1258.513,72862
2015-02-18 00:00:00+00:00,244.96,247.0,232.24,235.79,49.83845,-1.17829,228.985,228.985,6766.05,1208.9,1213.3,1197.42,1211.83,40.66716,-6.56428,1254.431,1254.431,67989
2015-02-19 00:00:00+00:00,237.37,245.01,235.66,242.67,52.50695,-0.44659,229.4885,229.4885,4730.24,1212.47,1222.81,1205.25,1206.77,39.2962,-8.12454,1249.7005,1249.7005,72713
2015-02-20 00:00:00+00:00,240.59,248.96,239.41,246.1,53.82577,0.40539,230.8945,230.8945,4559.19,1207.31,1215.29,1198.19,1201.66,37.9064,-9.66202,1245.0955,1245.0955,69132
2015-02-23 00:00:00+00:00,236.68,240.66,232.05,238.92,50.48934,0.79119,232.962,232.962,3706.77,1202.87,1210.22,1190.61,1201.03,37.72923,-10.80674,1241.086,1241.086,55854
2015-02-24 00:00:00+00:00,239.65,240.88,236.3,239.69,50.86022,0.82899,233.5965,233.5965,2430.95,1202.16,1204.42,1190.3,1199.81,37.36503,-11.67777,1236.464,1236.464,71210
2015-02-25 00:00:00+00:00,239.94,240.61,236.0,238.0,49.97537,0.71434,234.6465,234.6465,1735.6,1201.16,1211.77,1200.99,1204.51,39.77687,-11.85219,1232.4535,1232.4535,65518
2015-02-26 00:00:00+00:00,237.97,238.55,234.01,236.7,49.26534,0.51267,235.3375,235.3375,3498.78,1204.67,1219.84,1203.49,1209.12,42.13066,-11.48603,1230.0445,1230.0445,76910
2015-02-27 00:00:00+00:00,236.7,256.15,236.16,253.06,57.45701,1.6539,236.56,236.56,22016.89,1209.56,1219.17,1204.34,1212.78,44.00195,-10.77629,1226.5055,1226.5055,65613
2015-03-02 00:00:00+00:00,258.34,274.81,256.0,274.0,66.09992,5.50056,242.4065,242.4065,9781.93,1213.85,1223.18,1204.54,1206.79,41.62936,-10.57525,1223.096,1223.096,71866
2015-03-03 00:00:00+00:00,274.0,284.95,265.89,279.0,67.79958,7.48204,245.4005,245.4005,22213.49,1205.89,1214.76,1195.34,1203.4,40.30481,-10.56766,1220.2725,1220.2725,75592
2015-03-04 00:00:00+00:00,279.0,283.88,264.94,269.83,61.69068,8.21771,247.769,247.769,14281.76,1204.71,1209.01,1198.21,1200.13,39.01528,-10.70213,1216.8135,1216.8135,63211
2015-03-05 00:00:00+00:00,269.83,280.5,262.2,273.8,63.23513,9.01713,249.616,249.616,11360.44,1200.25,1209.35,1196.35,1198.47,38.34458,-10.81795,1213.511,1213.511,60158
2015-03-06 00:00:00+00:00,273.8,276.46,269.0,273.26,62.86389,9.49763,250.384,250.384,6996.36,1199.08,1200.66,1163.81,1167.13,28.41359,-13.28547,1210.2115,1210.2115,88833
2015-03-09 00:00:00+00:00,274.89,289.0,274.17,287.0,68.33212,11.13487,256.482,256.482,11984.22,1168.52,1175.29,1165.66,1166.6,28.2802,-15.10959,1206.578,1206.578,45406
2015-03-10 00:00:00+00:00,287.0,296.8,283.96,290.24,69.53445,12.04727,259.2045,259.2045,12857.02,1161.56,1170.45,1154.93,1161.63,27.00012,-16.76302,1202.9985,1202.9985,66083
2015-03-11 00:00:00+00:00,290.24,296.74,285.83,295.11,71.29836,13.01332,261.8265,261.8265,6784.55,1162.4,1165.19,1147.42,1154.43,25.21919,-18.44176,1199.861,1199.861,67557
2015-03-12 00:00:00+00:00,295.11,297.95,289.0,295.56,71.46278,13.6578,264.2995,264.2995,8145.87,1154.95,1166.58,1148.57,1153.52,24.99479,-19.61945,1196.4285,1196.4285,75999
2015-03-13 00:00:00+00:00,295.56,295.84,282.99,284.4,61.98011,13.11683,266.226,266.226,9178.74,1154.14,1161.83,1151.32,1158.18,28.50319,-19.94682,1192.888,1192.888,60661
2015-03-16 00:00:00+00:00,286.4,294.26,285.78,289.7,64.16757,11.81795,273.4015,273.4015,6473.86,1156.68,1163.97,1150.23,1154.52,27.41841,-20.26796,1189.0745,1189.0745,62388
2015-03-17 00:00:00+00:00,289.7,292.99,281.9,284.46,59.70722,11.11775,275.7245,275.7245,6470.43,1154.64,1159.74,1142.7,1149.24,25.88775,-20.70979,1186.0775,1186.0775,71060
2015-03-18 00:00:00+00:00,284.46,284.48,249.02,257.29,43.01216,8.27506,276.754,276.754,21120.78,1149.37,1175.5,1145.84,1167.43,38.60401,-19.36889,1183.8575,1183.8575,90034
2015-03-19 00:00:00+00:00,257.29,265.95,249.0,262.01,45.84509,6.33011,277.2015,277.2015,14750.19,1167.7,1177.71,1159.49,1170.81,40.64207,-17.82796,1182.0595,1182.0595,93514
2015-03-20 00:00:00+00:00,262.01,265.27,257.0,262.09,45.89418,4.74052,277.657,277.657,5683.15,1170.66,1187.88,1168.65,1182.22,47.03394,-15.50732,1181.0875,1181.0875,82226
2015-03-23 00:00:00+00:00,269.39,270.07,259.5,265.84,48.57702,2.17024,276.968,276.968,8901.07,1185.8,1191.47,1179.23,1189.32,50.59881,-12.94605,1180.502,1180.502,72867
2015-03-24 00:00:00+00:00,265.84,266.52,241.84,246.93,39.1957,0.12394,275.823,275.823,17591.02,1189.57,1194.91,1185.34,1193.1,52.43433,-10.49029,1180.1665,1180.1665,64734
2015-03-25 00:00:00+00:00,246.93,250.0,236.4,247.68,39.69316,-1.42087,274.517,274.517,13448.56,1192.18,1199.57,1186.52,1195.17,53.45424,-8.28158,1179.6995,1179.6995,50086
2015-03-26 00:00:00+00:00,247.68,253.75,244.91,249.46,40.92837,-2.473,273.327,273.327,8403.54,1195.13,1219.57,1194.39,1204.54,57.85907,-5.70927,1179.4705,1179.4705,73284
2015-03-27 00:00:00+00:00,249.46,250.52,245.12,248.09,40.24513,-3.37843,271.952,271.952,5845.29,1204.32,1206.05,1192.45,1198.09,54.06611,-4.14339,1178.736,1178.736,61530
2015-03-30 00:00:00+00:00,242.19,248.86,236.52,247.69,42.23805,-5.05128,266.455,266.455,7880.41,1197.39,1198.3,1182.23,1185.61,47.56834,-3.8649,1177.677,1177.677,60571
2015-03-31 00:00:00+00:00,247.69,248.59,238.55,243.98,40.32555,-5.53393,263.8985,263.8985,8180.68,1186.04,1190.62,1178.29,1183.57,46.58282,-3.7654,1176.6855,1176.6855,68569
2015-04-01 00:00:00+00:00,243.98,246.83,239.32,245.98,41.85403,-5.68946,261.4195,261.4195,6106.97,1183.76,1208.51,1180.74,1204.14,56.39328,-2.00363,1176.886,1176.886,71299
2015-04-02 00:00:00+00:00,245.98,256.96,244.52,253.16,47.09318,-5.17371,259.8575,259.8575,9880.07,1203.83,1207.21,1194.75,1202.07,55.29276,-0.76561,1177.066,1177.066,64193
2015-04-03 00:00:00+00:00,253.16,256.67,251.23,253.79,47.53983,-4.66042,258.412,258.412,5062.49,1201.41,1201.45,1199.64,1199.64,53.96147,0.01922,1178.6915,1178.6915,178
2015-04-06 00:00:00+00:00,260.5,262.98,254.0,255.83,49.04813,-2.88009,253.873,253.873,5989.94,1215.64,1224.13,1213.82,1214.39,60.2221,1.81054,1181.081,1181.081,64901
2015-04-07 00:00:00+00:00,255.83,256.62,251.5,254.45,48.04609,-2.63916,253.731,253.731,5990.22,1214.56,1215.66,1207.34,1208.91,57.11456,2.75621,1183.445,1183.445,55653
2015-04-08 00:00:00+00:00,254.45,254.96,243.06,244.09,41.23526,-3.24676,252.835,252.835,11647.96,1208.49,1212.21,1197.34,1202.03,53.38969,2.91688,1185.825,1185.825,67102
2015-04-09 00:00:00+00:00,244.09,246.3,238.47,243.53,40.89778,-3.73048,251.907,251.907,7990.92,1202.79,1203.18,1192.52,1194.15,49.41464,2.38091,1187.8565,1187.8565,54065
2015-04-10 00:00:00+00:00,243.53,243.94,231.0,234.77,35.94224,-4.76575,250.6555,250.6555,11525.77,1194.59,1210.59,1193.19,1207.24,55.36035,2.97808,1190.3095,1190.3095,59643
2015-04-13 00:00:00+00:00,236.3,236.9,219.64,222.87,30.90216,-7.13399,246.373,246.373,13823.98,1207.15,1209.41,1196.32,1198.39,50.99615,2.70602,1192.503,1192.503,70430
2015-04-14 00:00:00+00:00,222.87,224.79,210.0,216.42,28.26652,-8.63414,244.81,244.81,18432.86,1198.93,1201.34,1183.87,1192.3,48.18138,1.97623,1194.656,1194.656,90805
2015-04-15 00:00:00+00:00,216.42,222.43,214.05,221.51,33.11461,-9.30504,243.4125,243.4125,9766.32,1192.77,1204.48,1188.78,1202.35,52.81037,2.18363,1196.402,1196.402,81096
2015-04-16 00:00:00+00:00,221.51,229.67,221.51,227.59,38.46451,-9.23962,242.3875,242.3875,11002.79,1202.37,1209.08,1194.63,1198.23,50.80665,1.99259,1197.773,1197.773,93548
2015-04-17 00:00:00+00:00,227.59,228.29,220.0,221.86,35.57641,-9.54017,240.865,240.865,5767.04,1198.92,1207.6,1197.3,1204.27,53.58689,2.30202,1198.8755,1198.8755,82120
2015-04-20 00:00:00+00:00,222.89,226.51,221.43,224.07,37.75922,-9.23807,237.677,237.677,6013.41,1205.29,1209.02,1191.27,1195.69,49.32251,1.83378,1199.194,1199.194,76820
2015-04-21 00:00:00+00:00,224.07,235.61,223.91,234.13,46.81631,-8.12894,237.0845,237.0845,9531.32,1196.64,1204.15,1192.97,1202.05,52.34955,1.95338,1199.6415,1199.6415,58147
2015-04-22 00:00:00+00:00,234.13,238.64,229.1,233.0,46.00647,-7.25747,236.0765,236.0765,11066.24,1202.45,1204.71,1185.68,1186.88,45.38588,0.81468,1199.227,1199.227,73679
2015-04-23 00:00:00+00:00,233.0,236.22,232.01,235.14,47.84641,-6.32128,235.144,235.144,8021.19,1187.53,1197.91,1184.26,1193.8,48.73588,0.46527,1198.69,1198.69,77602
2015-04-24 00:00:00+00:00,235.14,236.0,228.0,231.06,44.71765,-5.84123,234.0245,234.0245,8557.1,1194.03,1195.88,1175.14,1179.24,42.78873,-0.97527,1197.7475,1197.7475,71362
2015-04-27 00:00:00+00:00,219.49,229.93,217.52,226.01,43.1361,-5.95181,229.0745,229.0745,13501.83,1179.54,1207.12,1178.57,1201.79,52.4638,-0.29392,1198.5565,1198.5565,86267
2015-04-28 00:00:00+00:00,226.01,228.06,221.45,225.11,42.52009,-5.7554,228.1255,228.1255,9597.44,1201.77,1214.96,1199.16,1212.06,56.10463,1.06251,1199.981,1199.981,82748
2015-04-29 00:00:00+00:00,225.11,226.99,221.81,225.49,42.89092,-5.50562,227.2235,227.2235,8661.92,1212.17,1213.99,1201.32,1204.92,53.06185,1.54356,1200.02,1200.02,78776
2015-04-30 00:00:00+00:00,225.49,240.0,224.6,235.75,51.91171,-4.42871,227.2725,227.2725,12474.83,1205.37,1207.22,1177.0,1183.97,45.29885,0.23163,1199.115,1199.115,97688
2015-05-01 00:00:00+00:00,235.75,239.23,231.04,231.96,48.84258,-3.83685,227.0035,227.0035,6622.93,1184.55,1185.13,1169.66,1178.4,43.47761,-1.2432,1198.053,1198.053,67609
2015-05-04 00:00:00+00:00,239.18,242.2,236.07,237.93,53.49738,-1.50831,228.7745,228.7745,7163.19,1179.89,1192.76,1177.65,1188.28,47.50898,-1.59638,1196.7475,1196.7475,63281
2015-05-05 00:00:00+00:00,237.93,238.99,229.66,234.37,50.24106,-1.23439,229.4175,229.4175,8788.82,1188.3,1199.86,1185.65,1192.83,49.30231,-1.49193,1195.9435,1195.9435,60489
2015-05-06 00:00:00+00:00,234.37,235.98,227.01,229.78,46.32575,-1.37187,229.527,229.527,8708.99,1193.37,1197.55,1188.16,1192.01,48.97755,-1.45851,1195.4425,1195.4425,65546
2015-05-07 00:00:00+00:00,229.78,240.0,227.35,236.82,52.44687,-0.90235,230.275,230.275,10896.59,1191.51,1192.72,1178.77,1184.22,45.88531,-2.03713,1194.946,1194.946,63954
2015-05-08 00:00:00+00:00,236.82,246.57,235.29,243.16,57.18259,-0.01845,231.276,231.276,9617.81,1184.15,1193.46,1181.6,1188.38,47.78133,-2.13539,1194.003,1194.003,80884
2015-05-11 00:00:00+00:00,239.08,241.0,237.99,239.0,53.26215,0.9495,233.1955,233.1955,5171.02,1188.64,1191.67,1178.83,1183.66,45.81971,-2.56457,1193.2665,1193.2665,60825
2015-05-12 00:00:00+00:00,240.06,242.0,238.56,241.3,55.28602,1.25852,233.6105,233.6105,5822.43,1183.82,1196.98,1180.73,1193.65,50.45584,-2.07467,1193.334,1193.334,69913
2015-05-13 00:00:00+00:00,241.3,244.14,235.06,236.9,50.75781,1.13529,233.6985,233.6985,9233.25,1193.35,1218.8,1191.22,1215.69,58.82655,0.09097,1194.001,1194.001,85395
2015-05-14 00:00:00+00:00,236.9,239.7,232.22,236.95,50.80712,1.02979,233.993,233.993,7711.21,1215.14,1227.08,1212.26,1220.86,60.51194,2.19908,1195.1325,1195.1325,83976
2015-05-15 00:00:00+00:00,236.95,239.28,235.12,237.12,50.98682,0.94896,234.535,234.535,4517.94,1221.2,1226.09,1210.94,1223.78,61.47122,4.05861,1196.108,1196.108,77251
2015-05-18 00:00:00+00:00,236.05,236.94,231.44,232.24,45.36505,0.21816,236.199,236.199,7421.78,1223.74,1232.22,1221.53,1225.35,62.00566,5.5945,1197.591,1197.591,68206
2015-05-19 00:00:00+00:00,232.24,234.24,230.86,231.69,44.74579,-0.14914,236.509,236.509,5562.18,1225.29,1225.39,1205.67,1207.63,53.05969,5.32051,1197.87,1197.87,75306
2015-05-20 00:00:00+00:00,231.69,234.86,231.0,233.8,47.69559,-0.26688,236.4115,236.4115,7681.74,1208.53,1213.3,1203.19,1209.74,53.91237,5.21354,1199.013,1199.013,65436
2015-05-21 00:00:00+00:00,233.8,236.52,233.75,235.49,49.99811,-0.22128,236.588,236.588,4586.63,1209.34,1212.67,1201.38,1206.03,52.11964,4.77436,1199.6245,1199.6245,69723
2015-05-22 00:00:00+00:00,235.49,240.9,232.92,238.99,54.46847,0.09617,236.8425,236.8425,10421.69,1206.27,1214.82,1201.36,1206.26,52.2257,4.39421,1200.9755,1200.9755,66088
2015-05-25 00:00:00+00:00,239.68,240.1,233.1,235.48,49.12523,0.37952,236.912,236.912,5297.76,1204.88,1209.15,1202.73,1206.55,52.36897,4.06943,1201.2135,1201.2135,24977
2015-05-26 00:00:00+00:00,235.48,236.23,235.0,236.21,50.14388,0.33113,237.2335,237.2335,474.9,1206.48,1207.45,1185.53,1187.18,43.07688,2.22341,1199.9695,1199.9695,69766
2015-05-27 00:00:00+00:00,236.21,237.35,234.0,235.34,48.88756,0.22004,237.1595,237.1595,8615.67,1187.16,1190.86,1183.53,1187.98,43.52259,0.81558,1199.1225,1199.1225,60925
2015-05-28 00:00:00+00:00,235.34,236.8,234.87,236.46,50.60335,0.21984,236.8245,236.8245,4983.03,1187.41,1192.14,1180.3,1188.13,43.61175,-0.28475,1199.3305,1199.3305,69205
2015-05-29 00:00:00+00:00,236.46,236.52,234.0,236.02,49.89473,0.18209,236.5555,236.5555,6208.04,1187.83,1193.95,1185.58,1190.42,45.03821,-0.96091,1199.9315,1199.9315,68363
2015-06-01 00:00:00+00:00,229.08,231.2,220.65,223.67,34.15602,-1.49514,234.8275,234.8275,12135.65,1190.47,1204.2,1184.5,1189.15,44.36787,-1.58102,1199.975,1199.975,67192
2015-06-02 00:00:00+00:00,223.67,226.38,221.34,224.78,36.2303,-2.0337,234.2215,234.2215,7796.34,1189.12,1196.25,1185.92,1192.77,46.79854,-1.76007,1199.972,1199.972,68673
2015-06-03 00:00:00+00:00,224.78,226.99,222.57,225.11,36.86707,-2.40614,233.6295,233.6295,5730.82,1193.3,1195.48,1179.37,1184.81,42.41058,-2.51528,1199.612,1199.612,70283
2015-06-04 00:00:00+00:00,225.11,225.98,222.0,222.37,33.84513,-2.88909,232.892,232.892,4892.73,1185.22,1186.17,1172.86,1176.43,38.3354,-3.7468,1199.2225,1199.2225,72060
2015-06-05 00:00:00+00:00,222.37,225.9,219.03,224.49,38.0746,-3.06543,232.3365,232.3365,7893.14,1177.14,1178.53,1162.63,1171.52,36.14396,-5.06064,1198.3795,1198.3795,63856
2015-06-08 00:00:00+00:00,222.86,229.4,222.09,228.11,46.11579,-3.02955,231.104,231.104,8948.31,1169.98,1177.57,1169.05,1173.78,37.90354,-5.85205,1197.8855,1197.8855,73628
2015-06-09 00:00:00+00:00,228.11,230.79,226.67,229.49,48.41756,-2.63274,230.8885,230.8885,9116.02,1174.09,1182.87,1172.4,1176.79,40.26446,-6.1653,1197.0425,1197.0425,62808
2015-06-10 00:00:00+00:00,229.49,229.75,226.83,227.51,45.41967,-2.44979,230.4895,230.4895,6347.54,1176.78,1192.23,1175.19,1185.85,46.81867,-5.61772,1195.5505,1195.5505,71468
2015-06-11 00:00:00+00:00,227.51,229.57,227.25,229.01,48.04423,-2.15888,229.9905,229.9905,4721.47,1186.5,1187.89,1175.55,1182.04,44.60238,-5.42863,1193.6095,1193.6095,58475
2015-06-12 00:00:00+00:00,229.01,230.7,228.29,229.61,49.09861,-1.8585,229.5855,229.5855,5893.36,1181.71,1183.91,1176.96,1181.47,44.26478,-5.26408,1191.494,1191.494,51874
2015-06-15 00:00:00+00:00,231.77,237.09,231.55,235.92,59.43201,-0.47019,228.977,228.977,10453.01,1182.17,1190.37,1172.73,1186.11,47.73294,-4.70502,1189.532,1189.532,63576
2015-06-16 00:00:00+00:00,235.92,252.05,234.35,248.75,72.31211,1.04692,229.6475,229.6475,17375.21,1185.69,1187.84,1175.98,1182.04,45.08296,-4.53807,1188.2525,1188.2525,54633
2015-06-17 00:00:00+00:00,248.75,257.39,243.2,245.78,67.0084,1.98668,230.1135,230.1135,17474.9,1181.79,1189.05,1174.56,1184.82,47.23764,-4.13379,1187.0065,1187.0065,57723
2015-06-18 00:00:00+00:00,245.78,251.58,240.0,248.09,68.9179,2.8846,230.717,230.717,11164.4,1184.22,1205.68,1183.54,1201.95,58.13707,-2.40344,1186.8025,1186.8025,78919
2015-06-19 00:00:00+00:00,248.09,249.93,242.14,243.42,61.2054,3.18269,231.2845,231.2845,6749.43,1202.07,1204.11,1198.28,1200.19,56.83792,-1.16076,1186.499,1186.499,59780
2015-06-22 00:00:00+00:00,243.37,247.99,242.64,247.09,64.03862,3.896,234.1655,234.1655,4980.1,1200.69,1200.88,1182.1,1185.78,47.48231,-1.32344,1185.4605,1185.4605,57414
2015-06-23 00:00:00+00:00,247.09,247.25,242.14,243.78,58.73206,3.84278,235.099,235.099,5073.39,1185.66,1188.02,1176.14,1178.42,43.54025,-2.02294,1185.0225,1185.0225,54326
2015-06-24 00:00:00+00:00,243.78,244.14,238.2,240.69,54.21549,3.5108,236.015,236.015,6597.99,1178.51,1180.22,1169.82,1175.07,41.83766,-2.81516,1184.377,1184.377,50859
2015-06-25 00:00:00+00:00,240.69,242.9,239.18,241.65,55.36395,3.28727,236.873,236.873,5160.95,1174.88,1178.05,1171.54,1172.74,40.64711,-3.58963,1183.6075,1183.6075,51993
2015-06-26 00:00:00+00:00,241.65,243.44,240.0,243.2,57.22942,3.19833,237.815,237.815,5140.84,1173.71,1178.57,1168.5,1175.18,42.49264,-3.96086,1182.8455,1182.8455,64677
2015-06-29 00:00:00+00:00,248.9,256.94,248.15,256.38,67.91565,4.62137,241.6145,241.6145,15337.97,1186.25,1187.9,1173.76,1179.32,45.58434,-3.87631,1182.354,1182.354,99165
2015-06-30 00:00:00+00:00,256.38,268.0,255.0,264.13,72.82902,5.73693,243.4455,243.4455,19956.78,1180.04,1180.47,1166.69,1171.83,41.26226,-4.36339,1181.307,1181.307,94315
2015-07-01 00:00:00+00:00,264.13,265.25,253.81,257.07,63.31659,5.98238,244.8485,244.8485,13366.47,1174.14,1175.0,1167.53,1168.48,39.46014,-4.96252,1180.4905,1180.4905,56807
2015-07-02 00:00:00+00:00,257.07,260.77,253.19,254.69,60.45016,5.91664,246.1025,246.1025,9722.57,1168.35,1169.51,1155.98,1165.63,37.94192,-5.60272,1179.9505,1179.9505,58933
2015-07-03 00:00:00+00:00,254.69,256.44,252.4,255.86,61.37588,5.89105,247.32,247.32,8654.59,1165.68,1170.18,1164.65,1168.58,40.49402,-5.80512,1179.8035,1179.8035,38406
2015-07-06 00:00:00+00:00,270.33,278.54,267.13,269.47,69.77825,7.704,251.525,251.525,20312.49,1172.0,1174.67,1162.84,1170.05,41.7789,-5.78028,1179.617,1179.617,74381
2015-07-07 00:00:00+00:00,269.47,271.69,264.01,266.18,65.48144,7.80795,252.545,252.545,13614.5,1170.33,1170.33,1147.84,1156.74,34.51246,-6.75671,1178.6145,1178.6145,82212
2015-07-08 00:00:00+00:00,266.18,273.0,263.01,269.39,67.57914,8.05649,253.61,253.61,14420.88,1153.25,1164.64,1147.13,1157.4,35.1151,-7.39207,1177.192,1177.192,94992
2015-07-09 00:00:00+00:00,269.39,271.98,265.92,269.65,67.7501,8.18014,254.9215,254.9215,13965.07,1159.08,1167.69,1155.93,1159.73,37.30844,-7.61975,1176.0765,1176.0765,75070
2015-07-10 00:00:00+00:00,269.65,294.71,268.63,286.61,76.46701,9.53673,257.0175,257.0175,29175.43,1159.63,1165.33,1157.39,1163.59,40.87422,-7.40338,1175.1825,1175.1825,61425
2015-07-13 00:00:00+00:00,310.24,310.73,281.0,292.0,66.62002,13.62194,265.0185,265.0185,29753.17,1162.73,1164.13,1151.07,1157.78,37.42384,-7.61296,1173.766,1173.766,60952
2015-07-14 00:00:00+00:00,292.0,297.13,286.02,287.96,63.55001,13.36756,267.382,267.382,10331.15,1158.07,1159.75,1152.88,1155.35,36.05304,-7.88426,1172.4315,1172.4315,51846
2015-07-15 00:00:00+00:00,287.96,293.7,285.4,285.55,61.72275,12.82367,269.577,269.577,9139.09,1155.65,1156.71,1143.21,1149.34,32.8483,-8.48639,1170.6575,1170.6575,54948
2015-07-16 00:00:00+00:00,285.55,292.4,274.92,277.23,55.76182,11.58771,271.2785,271.2785,21306.73,1149.02,1149.39,1142.22,1145.23,30.83004,-9.1893,1167.8215,1167.8215,67061
2015-07-17 00:00:00+00:00,278.27,280.73,272.31,279.43,56.94586,10.66281,272.6915,272.6915,11791.54,1145.08,1145.68,1131.06,1134.23,26.1917,-10.51278,1164.5235,1164.5235,68641
2015-07-20 00:00:00+00:00,275.5,279.16,274.62,277.73,55.52507,7.82815,275.719,275.719,8914.57,1132.56,1133.1,1069.72,1096.7,16.86752,-14.42374,1160.0695,1160.0695,106585
2015-07-21 00:00:00+00:00,277.73,281.07,276.28,276.48,54.49915,7.06424,276.6895,276.6895,8831.73,1098.26,1109.82,1096.91,1100.92,20.30315,-16.98687,1156.1945,1156.1945,76550
2015-07-22 00:00:00+00:00,276.48,277.93,275.0,277.93,55.52569,6.5009,277.8515,277.8515,8397.47,1102.66,1103.33,1087.02,1094.01,18.92404,-19.35267,1152.1415,1152.1415,80365
2015-07-23 00:00:00+00:00,277.93,278.55,275.79,276.67,54.37764,5.88495,278.892,278.892,6582.58,1094.43,1105.72,1087.23,1090.63,18.2703,-21.25529,1148.036,1148.036,82574
2015-07-24 00:00:00+00:00,276.67,290.02,275.9,289.96,63.05458,6.39546,280.353,280.353,13542.88,1091.23,1101.48,1077.2,1099.08,25.22492,-21.82966,1144.231,1144.231,105864
2015-07-27 00:00:00+00:00,292.84,297.44,286.43,294.27,65.33043,7.4566,283.8765,283.8765,14479.23,1095.58,1104.93,1088.34,1094.13,23.93979,-22.42576,1139.9715,1139.9715,91505
2015-07-28 00:00:00+00:00,294.27,297.0,292.19,293.84,64.83951,7.62158,285.099,285.099,8973.72,1094.68,1098.94,1091.55,1095.23,24.85597,-22.54947,1136.1415,1136.1415,68499
2015-07-29 00:00:00+00:00,293.84,294.67,287.27,289.63,60.07939,7.32815,286.098,286.098,10200.93,1095.09,1101.89,1090.36,1096.78,26.20487,-22.26578,1132.5565,1132.5565,83764
2015-07-30 00:00:00+00:00,289.63,290.23,284.53,287.73,58.00957,6.86317,286.154,286.154,7987.07,1096.11,1098.57,1082.47,1088.53,23.7601,-22.4479,1128.7015,1128.7015,79074
2015-07-31 00:00:00+00:00,287.73,289.0,281.8,284.39,54.45779,6.15422,285.7725,285.7725,7806.41,1088.65,1103.46,1079.98,1095.48,29.70944,-21.78035,1125.0465,1125.0465,87255
2015-08-03 00:00:00+00:00,281.5,285.8,279.52,282.72,52.74207,4.00538,283.512,283.512,6191.27,1095.72,1097.68,1085.79,1086.66,26.84632,-21.71272,1120.877,1120.877,78495
2015-08-04 00:00:00+00:00,282.72,285.88,280.26,284.65,54.6766,3.70893,283.467,283.467,6341.12,1085.32,1094.78,1080.94,1087.61,27.65503,-21.33651,1117.4205,1117.4205,85634
2015-08-05 00:00:00+00:00,284.65,285.86,280.63,281.99,51.54479,3.2222,283.705,283.705,6265.79,1087.31,1092.48,1082.92,1084.77,26.70459,-21.02516,1113.789,1113.789,85788
2015-08-06 00:00:00+00:00,281.99,281.99,281.99,281.99,51.54479,2.80415,283.833,283.833,0.0,1084.82,1094.0,1083.46,1089.33,30.81595,-20.17786,1110.269,1110.269,79571
2015-08-07 00:00:00+00:00,281.99,281.99,277.43,279.01,47.97447,2.20693,283.947,283.947,4153.05,1089.77,1099.43,1082.74,1094.17,34.98455,-18.89798,1106.798,1106.798,96099
2015-08-10 00:00:00+00:00,265.36,266.79,261.6,264.33,37.02825,-1.84351,282.0315,282.0315,9762.3,1093.04,1108.84,1089.58,1104.43,42.84625,-16.8614,1104.1305,1104.1305,84629
2015-08-11 00:00:00+00:00,264.33,270.87,263.64,270.0,43.44879,-2.15144,281.635,281.635,8309.4,1104.32,1119.32,1093.75,1108.75,45.81711,-14.72902,1101.8005,1101.8005,112470
2015-08-12 00:00:00+00:00,270.0,271.5,265.71,268.51,42.23025,-2.48704,281.227,281.227,8958.14,1108.83,1125.75,1101.74,1123.91,54.71338,-11.68116,1100.529,1100.529,120889
2015-08-13 00:00:00+00:00,268.51,269.37,262.32,264.65,39.16581,-3.02955,279.9615,279.9615,11012.75,1125.26,1126.71,1113.6,1115.09,49.60988,-9.8637,1099.022,1099.022,87429
2015-08-14 00:00:00+00:00,264.65,266.99,262.0,265.71,40.44389,-3.33552,278.78,278.78,8078.55,1115.18,1121.01,1111.69,1114.82,49.45779,-8.3489,1098.0515,1098.0515,80331
2015-08-17 00:00:00+00:00,256.09,259.12,254.63,256.66,34.09611,-5.23824,273.4215,273.4215,8544.68,1114.7,1122.74,1113.48,1117.34,50.96863,-6.86592,1099.0835,1099.0835,76327
2015-08-18 00:00:00+00:00,256.66,256.99,245.05,246.0,27.68655,-6.44233,271.24,271.24,11560.09,1117.4,1121.12,1109.63,1117.49,51.0624,-5.61383,1099.912,1099.912,82603
2015-08-19 00:00:00+00:00,246.0,246.0,221.11,227.1,20.37376,-8.81997,268.2085,268.2085,28563.8,1118.0,1134.56,1116.24,1134.19,60.19089,-3.23668,1101.921,1101.921,98757
2015-08-20 00:00:00+00:00,227.1,236.66,226.01,235.95,29.73284,-9.8763,265.7865,265.7865,16008.51,1133.46,1153.95,1132.58,1152.08,67.24059,0.08976,1104.9935,1104.9935,110290
2015-08-21 00:00:00+00:00,235.95,236.66,231.77,233.27,28.63521,-10.80515,263.4115,263.4115,10039.9,1153.8,1168.16,1148.91,1160.54,69.95058,3.3698,1108.0665,1108.0665,121955
2015-08-24 00:00:00+00:00,228.47,228.99,207.73,211.79,21.04828,-14.02845,254.5045,254.5045,37272.75,1164.32,1170.01,1145.63,1154.97,66.07498,5.4569,1111.1085,1111.1085,176041
2015-08-25 00:00:00+00:00,211.79,228.04,198.12,221.64,30.38655,-14.43016,251.487,251.487,42103.77,1153.47,1156.53,1134.58,1140.5,57.20752,5.87561,1113.372,1113.372,133203
2015-08-26 00:00:00+00:00,221.64,231.09,219.77,225.17,33.42558,-14.29885,248.646,248.646,24502.89,1140.32,1146.36,1117.68,1124.77,49.43995,4.88188,1114.7715,1114.7715,131151
2015-08-27 00:00:00+00:00,225.17,228.89,223.17,223.8,32.82662,-14.14231,245.8855,245.8855,14442.78,1125.89,1129.19,1118.23,1124.56,49.34363,4.03093,1116.573,1116.573,127733
2015-08-28 00:00:00+00:00,223.8,235.93,220.29,232.09,39.85041,-13.19719,244.4045,244.4045,22724.23,1125.45,1140.76,1123.72,1134.02,53.71812,4.07294,1118.5,1118.5,121652
2015-08-31 00:00:00+00:00,228.43,232.49,224.39,229.84,39.21802,-11.21898,238.795,238.795,15220.01,1133.77,1136.56,1125.64,1134.71,54.02995,4.11448,1120.9025,1120.9025,91804
2015-09-01 00:00:00+00:00,229.84,231.67,226.17,227.65,37.90522,-10.7039,236.752,236.752,23816.39,1134.6,1147.85,1134.31,1139.97,56.43938,4.51974,1123.5205,1123.5205,104047
2015-09-02 00:00:00+00:00,227.65,230.77,226.0,228.77,39.02929,-10.08903,234.958,234.958,21569.59,1139.71,1142.36,1132.03,1133.78,52.92392,4.29195,1125.971,1125.971,95640
2015-09-03 00:00:00+00:00,228.77,229.96,226.5,226.79,37.72898,-9.65026,233.012,233.012,19714.63,1133.68,1134.24,1121.83,1125.11,48.37858,3.37295,1127.76,1127.76,80403
2015-09-04 00:00:00+00:00,226.79,231.4,226.33,231.09,42.23032,-8.8535,231.515,231.515,20890.72,1125.09,1132.86,1116.72,1122.33,46.98515,2.39273,1129.168,1129.168,82804
2015-09-07 00:00:00+00:00,240.45,242.91,238.44,240.12,50.59547,-5.36463,229.3785,229.3785,23160.77,1122.99,1124.73,1116.04,1118.94,45.27274,1.32706,1129.8935,1129.8935,54255
2015-09-08 00:00:00+00:00,240.12,246.24,239.89,244.04,54.03816,-4.13853,230.2255,230.2255,23713.93,1120.17,1126.67,1118.58,1121.27,46.71032,0.66288,1130.5195,1130.5195,81359
2015-09-09 00:00:00+00:00,244.04,244.22,237.01,237.96,48.40417,-3.61577,230.326,230.326,23263.18,1121.64,1125.32,1101.23,1107.35,39.95738,-0.97548,1129.6915,1129.6915,92310
2015-09-10 00:00:00+00:00,237.96,241.65,234.78,238.5,48.91361,-3.12192,230.5875,230.5875,20541.17,1106.98,1114.97,1103.79,1110.37,41.91922,-2.00706,1129.4555,1129.4555,92997
2015-09-11 00:00:00+00:00,238.5,240.94,237.5,239.94,50.32224,-2.58455,231.061,231.061,13813.07,1111.03,1112.83,1098.71,1107.68,40.64529,-3.00699,1129.0985,1129.0985,74339
2015-09-14 00:00:00+00:00,230.17,232.92,223.99,229.51,41.04981,-3.07696,232.7305,232.7305,17592.99,1107.44,1110.4,1103.46,1108.77,41.42212,-3.6692,1128.67,1128.67,63770
2015-09-15 00:00:00+00:00,229.51,231.21,226.5,229.3,40.86949,-3.27338,232.937,232.937,16362.58,1108.47,1109.31,1102.15,1105.24,39.61391,-4.4278,1128.0575,1128.0575,53142
2015-09-16 00:00:00+00:00,229.3,230.0,223.0,227.85,39.57679,-3.50564,233.1395,233.1395,15080.6,1105.26,1124.11,1103.92,1119.15,49.05196,-3.86206,1127.3055,1127.3055,91648
2015-09-17 00:00:00+00:00,227.85,235.0,227.0,232.44,45.45793,-3.2815,233.157,233.157,14590.39,1119.21,1135.13,1115.35,1132.34,56.06434,-2.3226,1126.3185,1126.3185,95903
2015-09-18 00:00:00+00:00,232.44,234.4,230.83,232.82,45.92717,-3.03819,233.3365,233.3365,19329.16,1130.88,1141.68,1127.47,1139.04,59.14074,-0.55554,1125.2435,1125.2435,108431
2015-09-21 00:00:00+00:00,230.29,230.34,225.0,225.93,38.79148,-3.23759,233.363,233.363,13979.61,1139.11,1139.81,1129.56,1133.3,55.55196,0.37735,1124.16,1124.16,63524
2015-09-22 00:00:00+00:00,226.15,231.96,223.12,229.59,44.0413,-3.12172,233.404,233.404,18901.15,1132.95,1136.51,1121.28,1124.3,50.38887,0.386,1123.35,1123.35,81493
2015-09-23 00:00:00+00:00,230.08,231.5,228.0,229.41,43.84214,-3.00972,233.535,233.535,13541.0,1124.8,1134.14,1121.79,1129.98,53.33653,0.84148,1123.6105,1123.6105,70563
2015-09-24 00:00:00+00:00,229.42,235.52,228.89,233.19,49.0525,-2.58614,233.64,233.64,23959.71,1130.72,1156.65,1130.31,1153.98,63.2676,3.10328,1125.0815,1125.0815,116270
2015-09-25 00:00:00+00:00,233.88,237.25,232.56,235.13,51.53766,-2.07004,233.624,233.624,22472.07,1149.55,1151.14,1140.71,1145.56,58.55894,4.1683,1125.6585,1125.6585,107928
2015-09-28 00:00:00+00:00,232.4,239.68,231.69,239.0,56.16805,-0.94352,232.6335,232.6335,17516.84,1145.33,1148.14,1127.95,1132.17,51.93887,3.88707,1125.5315,1125.5315,105852
2015-09-29 00:00:00+00:00,239.14,240.56,235.09,236.71,53.0417,-0.58439,232.571,232.571,19556.79,1132.01,1134.63,1124.17,1127.11,49.65443,3.21878,1124.8885,1124.8885,93674
2015-09-30 00:00:00+00:00,236.78,238.27,234.67,236.65,52.95853,-0.30115,232.4785,232.4785,20602.4,1127.25,1128.08,1111.3,1114.47,44.40078,1.6502,1123.923,1123.923,103593
2015-10-01 00:00:00+00:00,236.19,239.44,235.01,237.52,54.08286,-0.0064,232.3575,232.3575,20053.8,1115.56,1119.13,1110.99,1113.52,44.02377,0.32666,1123.3435,1123.3435,79751
2015-10-02 00:00:00+00:00,237.15,239.06,235.0,237.69,54.31264,0.23817,232.4615,232.4615,16889.46,1113.48,1141.21,1104.59,1138.72,54.95095,1.29624,1124.163,1124.163,110938
2015-10-05 00:00:00+00:00,238.6,240.57,236.1,240.53,58.27296,0.99648,233.8975,233.8975,20080.15,1136.78,1141.92,1130.06,1135.43,53.48303,1.77865,1124.9875,1124.9875,97784
2015-10-06 00:00:00+00:00,240.85,248.19,239.52,246.93,65.94306,1.73317,234.8515,234.8515,26660.11,1135.63,1151.18,1134.92,1146.97,57.74668,3.05692,1126.2725,1126.2725,81537
2015-10-07 00:00:00+00:00,246.79,247.65,242.3,243.47,59.56809,2.01459,235.403,235.403,23728.8,1146.93,1153.57,1141.72,1145.32,56.94301,3.89194,1128.171,1128.171,82652
2015-10-08 00:00:00+00:00,243.47,244.76,242.06,243.41,59.46074,2.20733,235.9325,235.9325,13785.97,1145.09,1151.21,1136.56,1139.07,53.88397,4.00324,1129.606,1129.606,86947
2015-10-09 00:00:00+00:00,243.29,244.95,242.16,244.49,60.82912,2.41933,236.6455,236.6455,14078.43,1138.96,1159.61,1138.91,1156.53,60.30023,5.43763,1132.0485,1132.0485,94957
2015-10-12 00:00:00+00:00,248.05,248.47,245.01,245.48,60.03337,3.01144,239.3065,239.3065,10507.17,1155.83,1168.9,1154.73,1163.78,62.62556,7.07783,1134.799,1134.799,66846
2015-10-13 00:00:00+00:00,245.81,250.89,242.82,248.69,64.04451,3.25827,240.2705,240.2705,25785.95,1163.52,1168.6,1151.74,1168.09,63.97641,8.62604,1137.9415,1137.9415,97313
2015-10-14 00:00:00+00:00,249.97,255.93,248.06,252.46,68.09453,3.71526,241.234,241.234,26881.16,1168.08,1189.7,1163.35,1184.58,68.64576,11.05617,1141.213,1141.213,103596
2015-10-15 00:00:00+00:00,252.47,256.5,250.3,254.44,70.00545,4.18891,242.1995,242.1995,21895.64,1184.54,1191.44,1174.23,1182.7,67.57041,12.68414,1143.731,1143.731,97079
2015-10-16 00:00:00+00:00,254.49,267.0,253.69,262.5,76.24311,5.15523,243.63,243.63,33657.67,1182.06,1184.34,1174.24,1177.14,64.35936,13.37154,1145.636,1145.636,93245
2015-10-19 00:00:00+00:00,260.99,266.01,259.82,264.43,68.84494,7.00251,247.97,247.97,16353.66,1176.54,1178.13,1167.59,1170.2,60.49498,13.2041,1147.481,1147.481,81548
2015-10-20 00:00:00+00:00,264.28,272.95,262.67,270.23,72.46722,7.68972,249.649,249.649,28660.58,1170.01,1180.67,1167.31,1176.35,62.63601,13.41304,1150.0835,1150.0835,83392
2015-10-21 00:00:00+00:00,270.3,272.69,264.0,267.8,68.85518,7.94666,251.163,251.163,20286.19,1176.19,1179.13,1163.61,1166.95,57.50598,12.67403,1151.932,1151.932,93348
2015-10-22 00:00:00+00:00,267.9,280.04,267.39,275.3,73.28168,8.6557,253.0435,253.0435,28004.6,1167.62,1171.72,1162.55,1165.43,56.69733,11.82934,1152.5045,1152.5045,102740
2015-10-23 00:00:00+00:00,275.12,280.19,273.46,277.71,74.53417,9.30482,254.9905,254.9905,21426.74,1166.0,1179.29,1158.88,1164.37,56.10483,10.94818,1153.445,1153.445,112168
2015-10-26 00:00:00+00:00,283.96,286.99,279.25,285.82,75.64275,11.48453,261.5315,261.5315,20790.45,1162.9,1169.59,1162.04,1163.0,55.30045,10.02376,1154.9865,1154.9865,82123
2015-10-27 00:00:00+00:00,286.9,300.0,286.15,295.17,79.52567,12.436,264.1165,264.1165,33675.21,1163.79,1168.63,1160.73,1166.5,56.99671,9.46448,1156.956,1156.956,81747
2015-10-28 00:00:00+00:00,295.59,308.48,294.4,304.05,82.39597,13.74811,267.1485,267.1485,30679.48,1167.11,1182.86,1152.26,1155.77,50.65083,8.06248,1159.021,1159.021,112138
2015-10-29 00:00:00+00:00,304.77,319.6,301.7,313.73,84.88374,15.39164,270.6105,270.6105,31657.38,1157.37,1162.59,1144.63,1145.78,45.56435,6.07524,1160.634,1160.634,118813
2015-10-30 00:00:00+00:00,314.95,334.05,313.5,328.78,87.7761,17.70447,274.7635,274.7635,38136.6,1145.64,1149.97,1139.23,1141.74,43.65509,4.12677,1160.785,1160.785,113116
2015-11-02 00:00:00+00:00,325.78,369.02,320.0,361.98,81.6176,22.72786,287.7145,287.7145,44128.12,1141.45,1142.94,1131.75,1133.46,39.95941,1.89266,1160.6865,1160.6865,92714
2015-11-03 00:00:00+00:00,361.73,420.77,360.4,398.21,85.86902,28.10791,295.002,295.002,75165.25,1133.72,1138.25,1114.33,1117.61,34.02194,-1.14367,1159.2185,1159.2185,101449
2015-11-04 00:00:00+00:00,404.55,502.0,368.11,404.3,86.43686,32.48855,302.495,302.495,102836.94,1118.11,1122.76,1106.35,1107.51,30.87383,-4.31523,1157.328,1157.328,110545
2015-11-05 00:00:00+00:00,407.99,448.79,364.37,383.22,75.17603,33.86883,308.531,308.531,59345.77,1107.94,1111.45,1102.9,1103.57,29.71857,-7.0652,1155.553,1155.553,93812
2015-11-06 00:00:00+00:00,387.77,396.67,353.26,371.79,69.86144,33.65249,313.671,313.671,46753.83,1104.55,1110.38,1085.39,1088.62,25.77716,-10.3318,1152.1575,1152.1575,88147
2015-11-09 00:00:00+00:00,372.86,386.79,360.54,379.88,68.03502,32.58796,330.7635,330.7635,25175.75,1090.33,1095.59,1088.31,1091.95,28.06564,-12.50773,1148.566,1148.566,90859
2015-11-10 00:00:00+00:00,378.32,381.44,323.63,337.69,53.16197,28.40611,334.258,334.258,47566.89,1092.27,1094.79,1085.22,1089.6,27.42305,-14.25744,1144.6415,1144.6415,78257
2015-11-11 00:00:00+00:00,336.66,341.41,294.0,303.0,44.54016,22.03872,335.643,335.643,50855.93,1089.88,1093.58,1083.63,1085.84,26.38223,-15.76576,1139.7045,1139.7045,81237
2015-11-12 00:00:00+00:00,309.9,344.78,308.42,334.94,52.22315,19.34679,338.5045,338.5045,36439.1,1086.5,1089.52,1074.08,1084.9,26.11537,-16.84281,1134.8145,1134.8145,100139
2015-11-13 00:00:00+00:00,337.17,342.0,325.0,333.51,51.87664,16.90317,341.0505,341.0505,24269.32,1085.0,1088.54,1079.57,1083.54,25.71017,-17.60321,1130.1345,1130.1345,112820
2015-11-16 00:00:00+00:00,319.3,332.2,315.0,330.9,51.28232,10.08941,346.563,346.563,20088.97,1088.11,1098.01,1081.06,1082.68,25.44135,-18.06695,1125.7585,1125.7585,110982
2015-11-17 00:00:00+00:00,330.95,350.44,329.0,335.44,52.4355,9.19817,348.1325,348.1325,27389.82,1083.85,1085.01,1065.44,1070.06,21.83368,-19.23112,1120.444,1120.444,107615
2015-11-18 00:00:00+00:00,336.0,337.89,330.28,337.06,52.86425,8.52431,349.299,349.299,26870.04,1071.57,1075.39,1064.64,1070.87,22.5924,-19.85945,1115.64,1115.64,113157
2015-11-19 00:00:00+00:00,334.53,336.48,324.94,324.95,49.28762,6.93318,349.1075,349.1075,26672.92,1071.57,1087.38,1069.46,1082.04,32.34486,-19.23435,1111.4705,1111.4705,113792
2015-11-20 00:00:00+00:00,326.51,327.73,310.0,321.5,48.28535,5.33234,349.6795,349.6795,21066.59,1081.9,1088.01,1075.76,1077.98,30.82471,-18.84928,1107.151,1107.151,109556
2015-11-23 00:00:00+00:00,324.24,326.09,320.39,323.01,48.75802,2.44714,343.7765,343.7765,4998.52,1076.15,1076.65,1066.62,1068.92,27.69652,-19.05552,1102.447,1102.447,112216
2015-11-24 00:00:00+00:00,323.48,323.5,317.0,318.42,47.10309,1.3969,339.4825,339.4825,8504.75,1069.07,1081.01,1068.93,1075.31,32.87095,-18.4902,1097.8875,1097.8875,104752
2015-11-25 00:00:00+00:00,319.7,330.84,316.0,328.3,50.96142,1.34628,336.7365,336.7365,12219.77,1075.69,1080.74,1067.83,1071.1,31.28251,-18.17241,1093.654,1093.654,82995
2015-11-26 00:00:00+00:00,328.9,369.7,328.53,356.39,59.9139,3.53209,335.9665,335.9665,35559.27,1071.18,1074.8,1069.6,1071.65,31.74654,-17.67247,1089.9475,1089.9475,49246
2015-11-27 00:00:00+00:00,353.9,364.8,347.84,359.87,60.86705,5.48197,334.672,334.672,13114.65,1071.76,1073.73,1052.67,1058.04,26.9049,-18.16507,1085.7625,1085.7625,75836
2015-11-30 00:00:00+00:00,371.48,383.0,367.11,377.98,65.28196,10.7323,335.4705,335.4705,17776.96,1058.29,1069.68,1053.13,1064.37,32.09225,-17.83905,1082.308,1082.308,87117
2015-12-01 00:00:00+00:00,376.7,379.0,354.56,362.95,58.54784,11.00901,338.468,338.468,15389.67,1064.81,1074.58,1063.18,1069.24,35.8634,-16.99184,1079.8895,1079.8895,88741
2015-12-02 00:00:00+00:00,363.06,363.06,348.64,359.97,57.28607,10.86262,339.7195,339.7195,12043.46,1068.87,1071.36,1050.58,1053.49,30.05107,-17.39084,1077.1885,1077.1885,96760
2015-12-03 00:00:00+00:00,359.11,370.53,356.21,361.32,57.7305,10.73184,341.11,341.11,12110.5,1053.84,1065.39,1046.23,1062.1,36.14376,-16.81842,1075.115,1075.115,134196
2015-12-04 00:00:00+00:00,361.48,364.3,355.92,362.3,58.07154,10.58525,342.6445,342.6445,9924.22,1063.35,1088.78,1058.07,1086.76,49.66639,-14.2111,1075.022,1075.022,144590
2015-12-07 00:00:00+00:00,387.18,399.91,381.01,395.1,67.70504,15.34519,352.196,352.196,14778.37,1084.82,1086.55,1066.11,1070.76,43.26459,-13.28273,1073.9625,1073.9625,131128
2015-12-08 00:00:00+00:00,394.96,409.0,388.33,409.0,71.12811,17.3317,355.793,355.793,9656.3,1070.96,1079.03,1067.57,1074.52,45.05687,-12.10407,1073.2085,1073.2085,125797
2015-12-09 00:00:00+00:00,418.8,424.95,400.0,416.08,72.71452,19.25536,360.3495,360.3495,20835.19,1074.53,1085.3,1069.29,1072.67,44.3151,-11.19025,1072.55,1072.55,125023
2015-12-10 00:00:00+00:00,416.98,419.79,408.91,416.28,72.76005,20.55902,365.0885,365.0885,8304.87,1072.2,1076.42,1069.35,1071.21,43.7036,-10.46324,1071.8655,1071.8655,116921
2015-12-11 00:00:00+00:00,415.36,454.36,415.13,451.68,79.33382,24.17005,371.423,371.423,28322.47,1071.75,1079.53,1062.36,1074.66,45.61339,-9.49919,1071.4215,1071.4215,129556
2015-12-14 00:00:00+00:00,432.89,448.12,428.42,442.37,72.42917,26.96689,388.898,388.898,13155.98,1073.72,1077.48,1058.53,1060.12,39.52738,-9.79552,1070.2935,1070.2935,112686
2015-12-15 00:00:00+00:00,443.36,464.99,442.94,463.61,76.35631,28.97087,395.6635,395.6635,17598.64,1061.16,1068.6,1058.89,1060.8,39.93105,-9.86181,1069.8305,1069.8305,111618
2015-12-16 00:00:00+00:00,464.5,465.0,436.89,455.1,71.93524,29.53192,400.599,400.599,23311.2,1061.21,1078.27,1060.83,1072.18,46.38154,-8.89355,1069.896,1069.896,108256
2015-12-17 00:00:00+00:00,455.63,458.84,448.75,456.01,72.12113,29.70754,405.406,405.406,6551.59,1071.97,1072.84,1047.58,1051.55,38.3431,-9.67929,1068.3715,1068.3715,117110
2015-12-18 00:00:00+00:00,455.87,466.64,453.5,463.0,73.56931,30.0642,410.7365,410.7365,12837.8,1050.92,1071.49,1050.84,1065.85,45.40614,-9.04386,1067.765,1067.765,103139
2015-12-21 00:00:00+00:00,442.54,450.0,425.52,437.56,60.27299,25.51556,422.138,422.138,18774.32,1066.16,1081.71,1063.91,1078.28,50.69345,-7.45138,1068.233,1068.233,101124
2015-12-22 00:00:00+00:00,438.07,443.58,433.06,436.15,59.58498,23.34814,425.947,425.947,7980.12,1078.06,1080.69,1071.69,1072.6,48.38732,-6.5719,1068.0975,1068.0975,88689
2015-12-23 00:00:00+00:00,435.18,445.52,434.43,443.34,61.96895,21.9575,430.048,430.048,6926.87,1072.87,1075.43,1068.26,1070.2,47.40599,-5.99941,1068.0525,1068.0525,74884
2015-12-24 00:00:00+00:00,442.5,459.54,442.5,455.71,65.71589,21.60452,434.7185,434.7185,10117.43,1070.36,1076.74,1070.02,1076.05,50.0644,-5.01584,1068.2725,1068.2725,56090
2015-12-28 00:00:00+00:00,421.57,429.86,417.01,420.7,49.70176,12.30152,441.3955,441.3955,7435.09,1075.86,1076.86,1066.37,1068.9,46.94137,-4.75844,1068.8155,1068.8155,87770
2015-12-29 00:00:00+00:00,420.81,433.17,418.55,430.04,53.20424,10.99928,442.0935,442.0935,10134.54,1068.8,1075.17,1067.43,1068.62,46.8182,-4.52489,1069.028,1069.028,92846
2015-12-30 00:00:00+00:00,431.7,434.97,420.75,427.05,51.95693,9.61514,442.632,442.632,7637.42,1069.01,1072.01,1059.33,1061.08,43.50761,-4.89183,1068.62,1068.62,63736
2015-12-31 00:00:00+00:00,426.09,433.89,419.99,430.57,53.34367,8.70192,441.5765,441.5765,6585.13,1061.37,1063.46,1058.13,1060.81,43.3893,-5.1451,1068.986,1068.986,64624
2016-01-04 00:00:00+00:00,430.79,435.86,428.44,433.97,54.43324,6.51008,439.371,439.371,5700.13,1064.88,1083.44,1061.66,1074.43,50.67615,-4.19841,1069.6025,1069.6025,146141
2016-01-05 00:00:00+00:00,434.17,435.39,429.5,431.89,53.25298,5.94069,438.2105,438.2105,3862.38,1073.15,1081.9,1072.56,1078.07,52.43816,-3.11848,1069.168,1069.168,124689
2016-01-06 00:00:00+00:00,432.45,432.67,426.54,431.84,53.2231,5.4229,437.002,437.002,5326.67,1077.75,1095.13,1074.89,1093.01,58.9241,-1.04505,1070.2805,1070.2805,138041
2016-01-07 00:00:00+00:00,429.99,457.79,429.25,457.79,64.38905,7.02552,436.7415,436.7415,15940.74,1093.59,1110.01,1091.33,1108.93,64.48233,1.86132,1072.001,1072.001,185177
2016-01-08 00:00:00+00:00,457.0,465.0,444.51,451.32,60.51069,7.68494,436.2595,436.2595,10258.75,1108.62,1113.12,1091.78,1103.85,61.61712,3.71193,1073.56,1073.56,165997
2016-01-11 00:00:00+00:00,448.79,451.13,438.0,448.99,58.81528,7.95046,437.8075,437.8075,7902.84,1107.4,1108.42,1094.2,1095.4,57.07423,4.44546,1074.7695,1074.7695,144178
2016-01-12 00:00:00+00:00,448.0,448.0,442.88,446.27,56.99097,7.64681,437.954,437.954,4096.26,1095.19,1099.14,1083.41,1089.48,54.06669,4.49726,1075.5105,1075.5105,143643
2016-01-13 00:00:00+00:00,434.89,438.35,424.5,432.53,48.76288,6.2257,436.795,436.795,9997.31,1087.48,1095.4,1079.71,1093.65,55.83222,4.81924,1077.187,1077.187,138239
2016-01-14 00:00:00+00:00,432.64,434.0,427.0,429.22,47.00237,4.77729,435.481,435.481,4388.51,1093.24,1095.15,1071.33,1077.18,47.98687,3.70273,1078.006,1078.006,154005
2016-01-15 00:00:00+00:00,429.55,429.8,365.0,372.85,28.27812,-0.90869,433.2525,433.2525,35218.44,1078.22,1097.34,1076.2,1088.72,52.97309,3.70635,1078.833,1078.833,164366
2016-01-18 00:00:00+00:00,380.16,388.5,373.63,385.0,35.1759,-9.13613,427.265,427.265,6968.7,1090.14,1093.22,1087.47,1088.88,53.0403,3.67971,1080.6995,1080.6995,108815
2016-01-19 00:00:00+00:00,385.47,386.92,375.59,379.88,33.74968,-11.00422,424.9065,424.9065,6854.8,1089.43,1094.45,1082.45,1087.18,52.18679,3.4813,1081.766,1081.766,169169
2016-01-20 00:00:00+00:00,376.77,422.98,372.53,410.93,47.61991,-9.8655,423.9245,423.9245,24594.14,1087.77,1109.56,1087.52,1100.83,58.02716,4.37506,1082.8935,1082.8935,190122
2016-01-21 00:00:00+00:00,418.9,421.25,404.59,410.03,47.31072,-8.93271,422.677,422.677,9301.69,1100.93,1104.44,1092.36,1101.16,58.16022,5.05177,1084.3215,1084.3215,193392
2016-01-22 00:00:00+00:00,409.42,410.07,374.45,381.78,38.79585,-10.35365,420.079,420.079,14308.54,1101.12,1102.78,1093.97,1097.78,56.1952,5.25475,1085.7005,1085.7005,149487
2016-01-25 00:00:00+00:00,402.16,402.31,385.5,392.58,43.79185,-9.99481,414.3435,414.3435,7943.7,1097.73,1108.88,1097.13,1107.67,60.41012,6.14285,1087.2815,1087.2815,128229
2016-01-26 00:00:00+00:00,390.1,397.7,386.2,390.66,43.21349,-10.00655,412.2845,412.2845,6361.63,1108.26,1122.84,1106.91,1120.09,64.96873,7.75941,1089.841,1089.841,138653
2016-01-27 00:00:00+00:00,391.77,397.0,390.31,395.0,44.98229,-9.55551,409.145,409.145,4234.46,1119.87,1127.94,1114.81,1124.76,66.52934,9.31006,1092.648,1092.648,137199
2016-01-28 00:00:00+00:00,394.62,395.56,376.0,379.16,40.07585,-10.35682,405.537,405.537,11329.82,1125.57,1125.75,1111.49,1114.28,60.0628,9.58285,1095.308,1095.308,133390
2016-01-29 00:00:00+00:00,379.55,383.99,363.73,379.44,40.20002,-10.84427,402.0115,402.0115,13500.22,1115.33,1118.38,1108.32,1117.99,61.48983,9.98332,1098.167,1098.167,138402
2016-02-01 00:00:00+00:00,368.49,378.2,366.53,371.5,38.04299,-12.45777,390.793,390.793,7005.04,1115.86,1129.65,1115.86,1128.37,65.23291,11.01134,1100.864,1100.864,139898
2016-02-02 00:00:00+00:00,371.79,375.0,369.73,373.18,38.9765,-12.45706,387.8255,387.8255,5655.12,1128.08,1131.0,1122.25,1128.62,65.32034,11.71123,1103.3915,1103.3915,128043
2016-02-03 00:00:00+00:00,373.05,374.0,365.0,367.64,36.99689,-12.75648,384.7465,384.7465,7030.2,1128.12,1145.45,1124.33,1142.34,69.80764,13.22059,1105.858,1105.858,181190
2016-02-04 00:00:00+00:00,368.4,391.88,367.95,390.0,48.39035,-11.062,385.604,385.604,13133.51,1141.56,1157.29,1139.51,1155.36,73.33387,15.29111,1108.1795,1108.1795,203585
2016-02-05 00:00:00+00:00,388.0,389.5,382.99,385.88,46.71405,-9.937,385.5765,385.5765,7247.88,1155.5,1174.4,1145.15,1173.06,77.22763,18.15101,1111.64,1111.64,186469
2016-02-08 00:00:00+00:00,375.0,378.99,369.99,371.16,41.19679,-9.64016,384.2315,384.2315,6907.71,1168.46,1200.81,1164.23,1190.02,80.20959,21.53777,1116.371,1116.371,190763
2016-02-09 00:00:00+00:00,370.95,377.0,369.12,373.16,42.32081,-9.39263,382.343,382.343,5724.8,1190.68,1198.82,1185.59,1188.76,79.37797,23.84525,1121.335,1121.335,194216
2016-02-10 00:00:00+00:00,373.69,383.85,372.12,379.86,46.04181,-8.55718,380.8345,380.8345,9979.76,1189.41,1197.65,1181.4,1197.41,80.84616,26.07139,1126.523,1126.523,182414
2016-02-11 00:00:00+00:00,379.34,380.5,373.54,377.99,45.16602,-7.95428,380.645,380.645,6953.11,1196.72,1263.34,1196.72,1248.7,86.83245,31.60992,1135.099,1135.099,185283
2016-02-12 00:00:00+00:00,377.98,383.0,377.07,382.88,47.954,-7.00119,380.443,380.443,5714.98,1247.92,1248.19,1232.37,1238.13,81.20015,34.74581,1142.5695,1142.5695,165314
2016-02-15 00:00:00+00:00,405.5,409.71,393.4,399.0,55.45326,-1.93923,380.779,380.779,7876.6,1232.0,1234.76,1202.13,1209.07,68.11822,34.48856,1148.579,1148.579,94178
2016-02-16 00:00:00+00:00,399.5,407.8,396.0,406.47,58.73725,-0.20212,381.3525,381.3525,8208.39,1209.06,1216.9,1190.8,1199.53,64.44744,33.13295,1154.1965,1154.1965,172139
2016-02-17 00:00:00+00:00,407.51,421.11,404.0,415.52,62.35778,1.8831,383.1705,383.1705,11273.65,1202.54,1213.66,1195.6,1208.31,66.25004,32.39368,1159.5705,1159.5705,172778
2016-02-18 00:00:00+00:00,415.59,424.9,413.4,420.31,64.15073,3.87747,385.214,385.214,8537.45,1208.01,1239.84,1200.64,1230.65,70.367,33.22743,1166.045,1166.045,170619
2016-02-19 00:00:00+00:00,421.15,422.0,414.0,419.27,63.44414,5.31286,387.3475,387.3475,4968.2,1231.06,1234.44,1219.87,1227.29,69.00363,33.23396,1172.5205,1172.5205,140206
2016-02-22 00:00:00+00:00,438.33,439.5,431.15,437.97,68.856,11.25773,397.409,397.409,5823.89,1224.92,1226.16,1201.83,1208.42,61.76573,31.35504,1177.558,1177.558,113869
2016-02-23 00:00:00+00:00,438.26,440.0,414.0,420.05,57.36178,10.76395,400.0295,400.0295,10427.66,1209.07,1228.1,1207.1,1226.44,65.48854,30.96313,1182.8755,1182.8755,101351
2016-02-24 00:00:00+00:00,419.1,424.28,409.07,422.61,58.42938,10.45863,401.66,401.66,7236.69,1227.03,1253.24,1221.76,1229.17,66.02821,30.52099,1188.096,1188.096,149964
2016-02-25 00:00:00+00:00,423.79,426.75,415.79,423.51,58.81976,10.17204,403.5415,403.5415,5541.05,1226.79,1242.71,1221.04,1233.2,66.85225,30.14825,1194.042,1194.042,166868
2016-02-26 00:00:00+00:00,423.38,428.38,418.01,427.8,60.7136,10.17379,406.218,406.218,4310.49,1232.34,1240.25,1211.39,1223.32,62.82858,28.7245,1199.3085,1199.3085,120019
2016-02-29 00:00:00+00:00,430.26,440.99,428.12,436.62,64.63956,10.70658,415.224,415.224,8260.08,1218.98,1241.0,1217.23,1238.3,66.15475,28.47667,1204.805,1204.805,136668
2016-03-01 00:00:00+00:00,436.75,437.5,427.01,433.31,61.97718,10.55803,417.8965,417.8965,6763.52,1239.05,1248.47,1227.1,1231.57,63.40953,27.42111,1209.9525,1209.9525,143242
2016-03-02 00:00:00+00:00,433.33,434.5,424.0,425.18,55.88826,9.67278,420.256,420.256,5220.05,1231.35,1243.98,1224.68,1240.09,65.36879,26.96127,1214.84,1214.84,114608
2016-03-03 00:00:00+00:00,422.4,424.47,415.85,420.27,52.53162,8.47729,422.1255,422.1255,7304.22,1241.45,1268.24,1237.34,1265.51,70.45236,28.32156,1220.3475,1220.3475,150224
2016-03-04 00:00:00+00:00,420.29,423.9,407.55,409.97,46.25554,6.6224,423.1485,423.1485,7474.02,1262.38,1279.71,1250.43,1258.78,67.62218,28.52769,1224.6335,1224.6335,159467
2016-03-07 00:00:00+00:00,406.15,414.96,403.03,414.76,50.397,2.33774,423.5795,423.5795,5793.31,1259.79,1273.1,1256.65,1267.22,69.2884,29.03736,1228.4935,1228.4935,135615
2016-03-08 00:00:00+00:00,413.96,414.99,408.46,412.13,48.9339,1.80382,423.41,423.41,5549.37,1266.42,1278.04,1260.15,1261.5,66.78015,28.64947,1232.1305,1232.1305,128475
2016-03-09 00:00:00+00:00,412.14,413.51,408.75,412.66,49.25363,1.40723,423.0275,423.0275,4832.17,1261.61,1264.88,1242.91,1252.88,63.07453,27.33145,1234.904,1234.904,108827
2016-03-10 00:00:00+00:00,412.99,416.9,409.31,416.5,51.61724,1.3868,422.889,422.889,5105.04,1252.7,1273.27,1236.99,1271.98,67.39217,27.51098,1236.068,1236.068,119533
2016-03-11 00:00:00+00:00,416.0,421.91,415.11,418.1,52.60773,1.48262,421.782,421.782,5905.9,1269.91,1283.36,1248.16,1249.23,58.60256,25.52331,1236.623,1236.623,115887
2016-03-14 00:00:00+00:00,412.99,415.22,410.5,413.85,49.93761,0.54169,418.844,418.844,4217.13,1251.44,1261.01,1229.3,1235.0,53.86981,22.54,1237.9195,1237.9195,76552
2016-03-15 00:00:00+00:00,414.83,417.43,412.15,415.89,51.41238,0.60295,418.508,418.508,4500.81,1235.18,1238.0,1225.6,1232.44,53.03993,19.74157,1239.565,1239.565,87443
2016-03-16 00:00:00+00:00,415.84,416.61,413.15,416.49,51.86155,0.69194,418.157,418.157,4065.34,1232.78,1263.86,1226.64,1262.04,60.59826,19.68534,1242.2515,1242.2515,110446
2016-03-17 00:00:00+00:00,416.52,419.0,415.66,418.49,53.40774,0.91332,417.6915,417.6915,3703.74,1259.46,1270.84,1254.33,1257.72,59.10311,19.07234,1243.605,1243.605,145518
2016-03-18 00:00:00+00:00,418.47,418.49,403.34,408.21,45.34555,0.2563,416.549,416.549,6324.84,1258.68,1266.88,1247.78,1255.04,58.14466,18.16092,1244.9925,1244.9925,112531
2016-03-21 00:00:00+00:00,410.62,411.96,406.5,410.99,47.77628,-0.52326,413.008,413.008,3491.93,1254.55,1255.32,1240.54,1243.44,54.05836,16.31454,1246.7435,1246.7435,86935
2016-03-22 00:00:00+00:00,411.15,416.99,410.35,415.89,52.14994,-0.24701,412.5435,412.5435,3863.92,1243.57,1260.12,1242.31,1248.0,55.38571,15.04578,1247.8215,1247.8215,98124
2016-03-23 00:00:00+00:00,416.39,419.0,413.44,417.22,53.29333,0.07834,412.391,412.391,4908.2,1247.72,1249.31,1215.31,1220.13,46.53607,11.65703,1247.3695,1247.3695,82254
2016-03-24 00:00:00+00:00,417.62,418.15,412.85,415.96,52.02501,0.23183,412.6905,412.6905,2766.79,1222.61,1223.71,1211.95,1217.12,45.68702,8.62907,1246.5655,1246.5655,70484
2016-03-28 00:00:00+00:00,424.62,424.77,420.32,422.05,57.11872,1.59344,415.1505,415.1505,3227.79,1214.3,1223.05,1208.15,1221.34,47.14307,6.49503,1246.4665,1246.4665,53551
2016-03-29 00:00:00+00:00,422.87,424.37,407.22,415.4,49.87185,1.32921,415.2875,415.2875,5894.96,1220.8,1242.9,1215.24,1240.72,53.33079,6.29503,1246.5875,1246.5875,87796
2016-03-30 00:00:00+00:00,415.43,415.93,408.59,413.09,47.61208,0.92278,415.117,415.117,4785.87,1241.41,1243.99,1223.18,1224.46,48.22936,4.76951,1246.232,1246.232,71651
2016-03-31 00:00:00+00:00,413.68,416.99,411.4,415.51,50.15994,0.78687,414.9875,414.9875,3669.08,1225.85,1240.32,1223.75,1232.44,50.72077,4.15652,1245.8495,1245.8495,70310
2016-04-01 00:00:00+00:00,414.66,416.99,413.42,415.38,50.0192,0.66106,415.233,415.233,3662.38,1231.56,1235.21,1208.93,1222.16,47.54643,2.80884,1243.682,1243.682,85225
2016-04-04 00:00:00+00:00,418.51,419.85,416.0,418.65,53.38914,1.05163,415.956,415.956,3434.14,1220.3,1222.54,1214.56,1215.55,45.57148,1.19366,1241.5205,1241.5205,65568
2016-04-05 00:00:00+00:00,418.81,423.0,416.61,422.6,57.7793,1.40387,416.2615,416.2615,3934.8,1215.7,1236.74,1214.69,1230.47,50.56309,1.1048,1239.683,1239.683,77927
2016-04-06 00:00:00+00:00,422.71,422.9,420.0,421.63,56.37506,1.58647,416.4185,416.4185,2389.51,1230.41,1232.1,1216.64,1222.03,47.88765,0.34931,1237.7095,1237.7095,77171
2016-04-07 00:00:00+00:00,420.62,421.99,418.09,419.84,53.77768,1.56865,417.0,417.0,3093.89,1222.95,1243.19,1222.64,1240.6,53.6934,1.2348,1237.0955,1237.0955,91006
2016-04-08 00:00:00+00:00,419.99,423.99,416.26,418.13,51.34399,1.40041,417.4595,417.4595,4501.64,1239.37,1242.6,1229.54,1240.49,53.65527,1.9057,1235.521,1235.521,76620
2016-04-11 00:00:00+00:00,420.4,422.8,418.0,422.08,56.70416,1.49679,418.6095,418.6095,3461.33,1244.78,1258.78,1243.93,1257.51,58.5593,3.76735,1235.935,1235.935,94172
2016-04-12 00:00:00+00:00,422.79,426.67,421.0,425.91,61.38834,1.90186,419.044,419.044,6052.84,1256.15,1262.54,1251.11,1255.41,57.74735,5.01545,1236.9555,1236.9555,79886
2016-04-13 00:00:00+00:00,425.32,426.0,422.27,423.26,56.80868,1.98615,419.409,419.409,3888.13,1255.62,1256.63,1239.71,1243.16,53.12038,4.95894,1237.4915,1237.4915,81193
2016-04-14 00:00:00+00:00,423.6,425.35,420.57,424.51,58.3857,2.12928,419.822,419.822,3844.83,1242.43,1244.04,1223.77,1226.33,47.49045,3.51559,1235.706,1235.706,91768
2016-04-15 00:00:00+00:00,424.4,430.0,423.07,429.25,63.78551,2.59527,420.446,420.446,4378.6,1227.36,1235.79,1225.2,1233.73,49.99972,2.93501,1234.5065,1234.5065,70164
2016-04-18 00:00:00+00:00,427.15,430.01,425.8,428.07,59.82736,3.12261,421.6335,421.6335,3175.38,1234.66,1241.55,1230.04,1232.57,49.59959,2.35415,1233.383,1233.383,76059
2016-04-19 00:00:00+00:00,428.14,436.82,426.24,435.25,67.02078,3.71755,422.7415,422.7415,3734.22,1231.77,1256.62,1227.66,1250.21,55.43949,3.27942,1233.7215,1233.7215,89031
2016-04-20 00:00:00+00:00,435.7,444.0,433.11,441.25,71.59767,4.61993,424.0285,424.0285,7279.21,1249.69,1257.91,1242.34,1243.7,52.99884,3.44766,1233.5065,1233.5065,82997
2016-04-21 00:00:00+00:00,441.99,452.11,440.0,451.0,77.14773,6.05206,425.8095,425.8095,5394.19,1243.77,1270.19,1242.78,1248.77,54.67247,3.94462,1234.9385,1234.9385,104670
2016-04-22 00:00:00+00:00,451.0,451.36,442.96,447.8,72.16358,6.84985,427.24,427.24,5482.08,1247.66,1252.48,1227.32,1232.73,48.75725,3.00948,1235.719,1235.719,93715
2016-04-25 00:00:00+00:00,460.03,469.47,455.13,465.99,80.55996,10.25183,433.0625,433.0625,5508.19,1232.22,1242.23,1229.94,1237.5,50.47334,2.62304,1236.527,1236.527,71006
2016-04-26 00:00:00+00:00,462.29,469.87,462.13,468.0,81.27378,11.36806,435.381,435.381,4611.27,1237.83,1244.79,1231.27,1243.68,52.68424,2.78337,1236.675,1236.675,65536
2016-04-27 00:00:00+00:00,467.39,469.03,445.42,447.46,57.88355,10.47454,436.762,436.762,6747.73,1242.81,1252.65,1239.34,1245.98,53.51592,3.06074,1237.751,1237.751,79744
2016-04-28 00:00:00+00:00,445.39,451.0,435.0,450.0,59.43816,9.85774,438.3555,438.3555,8725.35,1245.4,1269.47,1237.68,1266.29,60.17316,4.86335,1239.4435,1239.4435,96239
2016-04-29 00:00:00+00:00,449.94,456.0,445.62,454.77,62.25581,9.64266,440.1755,440.1755,2924.98,1265.94,1296.62,1264.91,1293.68,67.03068,8.40518,1243.0195,1243.0195,96250
2016-05-02 00:00:00+00:00,452.99,453.8,438.59,443.54,52.03755,7.20211,443.8195,443.8195,6326.81,1292.65,1303.65,1287.56,1291.24,65.94142,10.88969,1246.804,1246.804,99542
2016-05-03 00:00:00+00:00,444.06,452.0,440.78,451.7,57.11873,6.93151,445.2415,445.2415,5568.02,1292.09,1301.69,1282.19,1286.33,63.69825,12.32047,1249.597,1249.597,102227
2016-05-04 00:00:00+00:00,451.18,451.68,444.15,446.3,53.10896,6.20975,446.331,446.331,3295.73,1285.54,1289.74,1271.71,1279.71,60.70009,12.77295,1252.481,1252.481,98324
2016-05-05 00:00:00+00:00,447.36,450.0,445.11,448.82,54.70691,5.77452,447.3095,447.3095,2366.93,1279.62,1286.37,1268.79,1278.09,59.95638,12.85266,1254.3555,1254.3555,96179
2016-05-06 00:00:00+00:00,448.5,463.97,447.03,459.73,60.91668,6.23804,448.762,448.762,5517.34,1277.49,1295.47,1274.38,1288.8,63.16919,13.62301,1256.771,1256.771,102307
2016-05-09 00:00:00+00:00,457.75,464.79,455.62,461.63,61.59686,6.68893,453.138,453.138,3517.48,1284.19,1287.46,1261.21,1263.09,52.31753,12.02037,1257.05,1257.05,96939
2016-05-10 00:00:00+00:00,461.49,463.0,447.38,449.91,52.0964,5.87747,453.571,453.571,5664.75,1264.03,1269.61,1256.78,1266.15,53.34482,10.87186,1257.587,1257.587,91863
2016-05-11 00:00:00+00:00,450.88,457.99,450.32,452.01,53.4809,5.34226,453.6215,453.6215,3344.72,1266.06,1279.02,1264.72,1277.12,56.92749,10.72323,1259.285,1259.285,87526
2016-05-12 00:00:00+00:00,452.95,455.09,448.88,454.92,55.40433,5.09419,453.9775,453.9775,3404.27,1277.49,1280.78,1261.78,1263.42,51.59853,9.3917,1261.1395,1261.1395,93150
2016-05-13 00:00:00+00:00,455.2,456.82,452.04,456.04,56.15573,4.93112,454.214,454.214,2819.7,1264.09,1276.26,1262.88,1273.3,54.87889,9.02961,1263.118,1263.118,90621
2016-05-16 00:00:00+00:00,457.56,458.0,451.11,455.56,55.21436,4.36142,452.9655,452.9655,3075.4,1272.72,1288.62,1270.92,1273.62,54.9853,8.66854,1265.1705,1265.1705,92683
2016-05-17 00:00:00+00:00,454.0,456.09,452.14,453.01,52.70427,3.90322,453.243,453.243,3173.8,1274.08,1282.27,1269.02,1279.26,56.914,8.73678,1266.623,1266.623,94465
2016-05-18 00:00:00+00:00,452.96,455.68,452.01,452.94,52.63353,3.49417,453.39,453.39,2588.67,1280.28,1281.27,1254.97,1257.88,48.44101,6.98515,1267.332,1267.332,103028
2016-05-19 00:00:00+00:00,452.47,453.85,441.05,441.63,42.66895,2.23165,452.733,452.733,5466.73,1258.63,1261.23,1243.66,1254.2,47.14014,5.23963,1267.6035,1267.6035,100902
2016-05-20 00:00:00+00:00,436.3,444.41,435.06,441.97,43.0182,1.24418,452.4965,452.4965,3414.13,1255.67,1260.12,1248.74,1251.91,46.30677,3.62966,1268.5625,1268.5625,82634
2016-05-23 00:00:00+00:00,438.72,442.91,436.4,442.29,44.78696,-0.83953,451.3135,451.3135,2555.94,1250.34,1255.94,1243.08,1249.0,45.21294,2.09479,1269.1375,1269.1375,78173
2016-05-24 00:00:00+00:00,442.63,446.37,441.0,445.31,47.89569,-0.90115,451.264,451.264,3053.33,1248.74,1252.09,1226.19,1226.7,37.83696,-0.91053,1268.2885,1268.2885,86387
2016-05-25 00:00:00+00:00,445.31,449.6,444.26,448.02,50.58445,-0.72297,451.224,451.224,3655.41,1227.47,1230.08,1217.74,1224.33,37.14343,-3.44381,1267.206,1267.206,84579
2016-05-26 00:00:00+00:00,448.27,452.98,446.8,452.38,54.64003,-0.22733,450.8565,450.8565,3763.09,1223.38,1234.17,1218.3,1219.62,35.74133,-5.76505,1264.8725,1264.8725,86816
2016-05-27 00:00:00+00:00,452.07,478.16,452.07,472.68,67.8643,1.78296,451.583,451.583,12121.62,1220.13,1223.5,1206.67,1211.64,33.43826,-8.15457,1260.7705,1260.7705,80364
2016-05-30 00:00:00+00:00,517.6,535.0,510.01,527.0,78.81495,14.53676,461.233,461.233,6063.14,1212.93,1213.36,1199.62,1207.4,32.24921,-10.27201,1256.5785,1256.5785,62275
2016-05-31 00:00:00+00:00,527.64,548.5,515.0,532.06,79.74935,17.69555,465.2355,465.2355,12006.15,1207.08,1218.15,1207.03,1215.08,36.64389,-11.20126,1253.016,1253.016,83395
2016-06-01 00:00:00+00:00,532.37,542.87,525.49,538.65,80.9291,20.49444,469.422,469.422,5388.62,1216.02,1220.32,1205.91,1212.57,35.82597,-12.00188,1249.659,1249.659,73639
2016-06-02 00:00:00+00:00,536.95,540.0,529.13,538.98,80.98883,22.48006,473.569,473.569,3910.44,1212.84,1217.57,1209.75,1211.03,35.30529,-12.61523,1246.306,1246.306,80029
2016-06-03 00:00:00+00:00,538.0,578.37,535.74,567.94,85.33075,26.08977,479.197,479.197,8718.77,1210.32,1244.59,1206.85,1244.51,51.73026,-10.28124,1244.0915,1244.0915,95621
2016-06-06 00:00:00+00:00,573.8,586.02,573.8,583.49,87.12538,33.10564,497.4505,497.4505,4420.07,1244.0,1248.65,1239.92,1244.89,51.87959,-8.30513,1243.1815,1243.1815,85382
2016-06-07 00:00:00+00:00,584.12,594.44,563.0,576.75,82.01422,33.75681,503.641,503.641,6660.02,1244.94,1246.53,1234.72,1244.29,51.60811,-6.71012,1242.0885,1242.0885,69437
2016-06-08 00:00:00+00:00,577.48,584.25,571.86,583.24,83.04562,34.40001,510.7215,510.7215,3252.98,1244.63,1264.31,1242.98,1261.84,58.45612,-3.984,1241.3245,1241.3245,80519
2016-06-09 00:00:00+00:00,583.01,583.1,572.97,576.4,77.97075,33.96628,517.443,517.443,3758.43,1261.6,1271.68,1256.74,1269.32,60.98995,-1.20605,1241.6195,1241.6195,73682
2016-06-10 00:00:00+00:00,576.06,580.0,572.0,577.91,78.28621,33.35984,524.1965,524.1965,3457.49,1269.28,1278.09,1264.51,1274.07,62.55193,1.36307,1241.658,1241.658,79664
2016-06-13 00:00:00+00:00,668.73,725.0,655.02,702.05,90.88831,46.40137,556.03,556.03,17251.66,1274.69,1287.09,1272.35,1283.87,65.61131,4.14214,1242.1705,1242.1705,91161
2016-06-14 00:00:00+00:00,703.81,704.5,655.0,685.69,83.57003,49.95757,567.9135,567.9135,10609.09,1283.26,1289.73,1276.31,1285.87,66.21788,6.43182,1242.501,1242.501,76324
2016-06-15 00:00:00+00:00,685.25,695.77,672.12,693.01,84.18368,52.75837,579.945,579.945,5752.51,1284.83,1296.76,1278.38,1291.51,67.93548,8.60234,1244.1825,1244.1825,83090
2016-06-16 00:00:00+00:00,695.0,773.07,689.8,765.6,88.69351,60.14216,594.591,594.591,17747.96,1293.17,1315.54,1277.97,1278.75,60.44742,9.18697,1245.41,1245.41,137495
2016-06-17 00:00:00+00:00,767.37,778.7,706.37,746.99,82.22074,63.75724,605.8655,605.8655,14631.57,1278.98,1299.5,1276.48,1298.55,66.59953,11.1198,1247.742,1247.742,92386
2016-06-20 00:00:00+00:00,759.12,763.99,725.0,734.99,74.41575,66.95836,639.748,639.748,7836.92,1286.09,1292.2,1277.93,1289.75,61.9849,11.80542,1249.7795,1249.7795,83381
2016-06-21 00:00:00+00:00,725.0,728.18,625.0,668.42,57.39739,59.80357,646.2365,646.2365,32747.0,1289.73,1294.12,1264.44,1267.18,52.02775,10.40759,1251.8035,1251.8035,93994
2016-06-22 00:00:00+00:00,665.36,677.63,593.03,594.1,45.01909,47.58779,648.9925,648.9925,15620.53,1269.6,1270.6,1261.13,1266.06,51.58492,9.10447,1253.89,1253.89,71268
2016-06-23 00:00:00+00:00,602.82,632.67,540.17,624.69,49.81631,39.91494,651.83,651.83,23795.95,1263.54,1271.38,1254.37,1255.96,47.64646,7.17406,1255.707,1255.707,79771
2016-06-24 00:00:00+00:00,622.59,683.88,620.82,656.71,54.31022,36.00287,655.972,655.972,16058.17,1253.05,1358.25,1250.34,1315.67,64.77088,10.34307,1260.9085,1260.9085,222646
2016-06-27 00:00:00+00:00,630.16,653.46,618.03,648.2,52.58149,24.57,666.2745,666.2745,8482.24,1326.11,1335.23,1317.57,1324.88,66.58635,13.44274,1266.7825,1266.7825,207364
2016-06-28 00:00:00+00:00,657.49,665.51,635.5,645.39,52.12253,21.69609,669.382,669.382,5462.68,1324.04,1325.94,1305.4,1312.01,61.7941,14.69139,1271.629,1271.629,179203
2016-06-29 00:00:00+00:00,644.33,645.0,621.09,634.43,50.27911,18.32289,672.2835,672.2835,9088.42,1311.83,1327.78,1311.41,1318.6,63.25249,16.02796,1276.9305,1276.9305,145538
2016-06-30 00:00:00+00:00,635.91,671.22,628.06,666.84,55.31225,18.05669,676.73,676.73,7428.6,1317.62,1324.06,1312.73,1321.58,63.92313,17.13019,1282.458,1282.458,154092
2016-07-01 00:00:00+00:00,666.33,684.1,659.71,677.0,56.78896,18.45283,680.9735,680.9735,6421.13,1322.58,1344.49,1320.47,1342.28,68.25674,19.44983,1287.3465,1287.3465,142318
2016-07-04 00:00:00+00:00,659.77,682.35,640.1,678.72,55.39915,18.63939,680.4565,680.4565,4180.06,1339.61,1357.31,1339.5,1350.83,69.86682,21.72761,1292.6435,1292.6435,100936
2016-07-05 00:00:00+00:00,678.74,682.36,661.57,666.58,53.2136,17.20473,679.135,679.135,3100.26,1349.21,1357.38,1338.05,1356.03,70.8357,23.67941,1298.2305,1298.2305,171215
2016-07-06 00:00:00+00:00,669.09,679.0,662.13,674.46,54.46921,16.51325,674.578,674.578,3541.03,1356.93,1375.05,1355.94,1363.68,72.24934,25.549,1303.3225,1303.3225,151669
2016-07-07 00:00:00+00:00,674.7,678.43,605.5,636.39,47.79555,12.74639,669.048,669.048,12646.13,1362.58,1370.65,1350.69,1360.28,70.61115,26.45139,1307.8705,1307.8705,179163
2016-07-08 00:00:00+00:00,638.89,665.0,635.0,664.0,52.35487,11.85239,664.497,664.497,6483.61,1359.21,1370.18,1335.17,1364.93,71.56089,27.2279,1312.4135,1312.4135,160797
2016-07-11 00:00:00+00:00,648.77,659.6,639.31,647.42,49.50778,6.57697,653.6245,653.6245,2973.44,1368.43,1374.83,1350.57,1354.57,66.41149,26.69954,1315.9485,1315.9485,199384
2016-07-12 00:00:00+00:00,649.32,678.0,646.05,671.7,53.97448,7.21514,657.5045,657.5045,4145.96,1355.19,1357.59,1330.31,1332.68,57.06735,24.23511,1318.289,1318.289,173381
2016-07-13 00:00:00+00:00,663.52,669.97,654.52,661.5,51.89744,6.81923,659.345,659.345,6367.45,1333.88,1345.17,1327.46,1342.48,59.79472,22.80987,1320.8375,1320.8375,172637
2016-07-14 00:00:00+00:00,652.24,664.93,650.01,660.53,51.69371,6.35396,659.536,659.536,2379.09,1342.93,1347.03,1320.08,1334.53,56.65069,20.7991,1323.6265,1323.6265,201427
2016-07-15 00:00:00+00:00,660.3,670.01,658.41,664.99,52.61479,6.2728,659.6235,659.6235,3209.21,1335.38,1338.64,1322.41,1338.29,57.78135,19.28662,1325.6135,1325.6135,165966
2016-07-18 00:00:00+00:00,679.54,682.21,666.12,673.46,54.1766,7.10797,664.198,664.198,2993.77,1334.11,1335.36,1323.38,1328.37,53.79477,17.09051,1327.5445,1327.5445,141084
2016-07-19 00:00:00+00:00,673.45,675.81,666.0,673.86,54.27054,7.27354,666.1695,666.1695,1855.39,1328.15,1334.89,1325.45,1331.93,54.99482,15.45913,1330.782,1330.782,150333
2016-07-20 00:00:00+00:00,674.8,675.0,660.0,667.02,52.29625,6.77472,666.1785,666.1785,3402.67,1332.17,1338.25,1312.53,1315.34,48.6532,12.68139,1333.246,1333.246,144844
2016-07-21 00:00:00+00:00,667.01,667.1,660.1,664.25,51.47951,6.08574,665.541,665.541,2486.28,1313.87,1333.79,1310.77,1331.12,54.07756,11.61939,1337.004,1337.004,148769
2016-07-22 00:00:00+00:00,663.25,666.3,645.0,652.95,48.17417,4.57516,663.0645,663.0645,5031.9,1330.84,1333.75,1319.58,1322.39,50.87546,9.95851,1337.34,1337.34,129787
2016-07-25 00:00:00+00:00,659.64,661.99,652.28,654.37,48.60259,2.07544,660.9765,660.9765,2429.95,1321.77,1323.69,1312.25,1315.76,48.52544,8.01487,1336.884,1336.884,104376
2016-07-26 00:00:00+00:00,655.0,656.94,645.01,652.22,47.87375,1.22718,659.8645,659.8645,3378.47,1315.22,1324.46,1313.76,1320.2,50.18494,6.75493,1337.2935,1337.2935,107185
2016-07-27 00:00:00+00:00,651.22,659.98,646.31,655.63,49.17555,0.82063,660.8265,660.8265,2623.74,1319.27,1342.32,1315.67,1339.46,56.70539,7.22723,1338.3365,1338.3365,129785
2016-07-28 00:00:00+00:00,655.13,657.89,652.41,653.44,48.34057,0.31805,660.2985,660.2985,1880.26,1338.41,1345.52,1332.36,1335.32,55.03773,7.18465,1339.0235,1339.0235,130598
2016-07-29 00:00:00+00:00,654.84,657.48,653.0,657.03,49.84401,0.20706,660.523,660.523,1290.14,1335.37,1354.9,1328.27,1351.11,59.88358,8.32901,1339.465,1339.465,160832
2016-08-01 00:00:00+00:00,622.5,630.0,604.0,607.61,33.86561,-6.35649,656.339,656.339,5337.66,1350.61,1354.77,1346.17,1352.73,60.35567,9.2599,1339.56,1339.56,110164
2016-08-02 00:00:00+00:00,606.84,613.03,465.28,514.98,20.08348,-16.24776,649.013,649.013,20392.04,1353.03,1367.21,1347.01,1363.67,63.48106,10.75641,1339.942,1339.942,125971
2016-08-03 00:00:00+00:00,540.03,572.34,521.0,565.63,35.53278,-19.77172,644.268,644.268,15293.43,1363.17,1366.33,1354.07,1358.15,60.87336,11.36597,1339.6655,1339.6655,114393
2016-08-04 00:00:00+00:00,563.99,583.97,552.0,575.52,38.05108,-21.51839,639.7945,639.7945,8428.57,1357.65,1364.93,1349.05,1360.96,61.73508,11.93818,1339.6995,1339.6995,121475
2016-08-05 00:00:00+00:00,578.14,578.2,562.0,576.64,38.34481,-22.5523,635.5265,635.5265,4733.0,1360.97,1364.59,1334.61,1336.87,51.30341,10.32873,1338.2965,1338.2965,118610
2016-08-08 00:00:00+00:00,592.47,594.0,583.58,589.46,41.94999,-20.57133,622.791,622.791,3171.44,1332.89,1338.2,1329.77,1334.97,50.57751,8.7985,1337.3165,1337.3165,116933
2016-08-09 00:00:00+00:00,591.85,591.85,579.43,583.53,40.69028,-20.27474,618.6165,618.6165,3160.44,1334.94,1342.51,1330.42,1340.45,52.65812,7.93648,1337.705,1337.705,103184
2016-08-10 00:00:00+00:00,582.71,603.0,580.01,591.7,43.22007,-19.15958,614.989,614.989,5145.88,1339.96,1357.11,1339.87,1346.0,54.73644,7.6134,1337.881,1337.881,132126
2016-08-11 00:00:00+00:00,590.46,597.78,585.23,587.57,42.23926,-18.397,611.72,611.72,2506.9,1346.97,1353.22,1335.68,1338.46,51.43296,6.67203,1338.0775,1338.0775,110706
2016-08-12 00:00:00+00:00,585.25,591.19,580.47,586.0,41.85045,-17.71513,608.33,608.33,2133.13,1338.02,1356.27,1333.08,1336.58,50.61275,5.70848,1337.992,1337.992,125937
2016-08-15 00:00:00+00:00,568.76,573.69,554.9,565.79,36.82718,-18.35676,595.7925,595.7925,4530.14,1337.13,1343.73,1335.7,1339.2,51.76715,5.09752,1338.5335,1338.5335,85940
2016-08-16 00:00:00+00:00,564.2,579.8,563.0,577.53,41.58614,-17.54686,591.8875,591.8875,4786.52,1339.6,1357.94,1339.24,1346.37,54.87567,5.13271,1339.2555,1339.2555,119843
2016-08-17 00:00:00+00:00,574.95,577.86,566.02,570.47,39.65166,-17.27554,587.739,587.739,4097.78,1345.52,1351.57,1335.57,1348.44,55.7621,5.26693,1340.9105,1340.9105,112120
2016-08-18 00:00:00+00:00,570.91,575.87,568.79,569.71,39.43898,-16.92672,583.373,583.373,3956.21,1349.59,1355.95,1345.98,1352.17,57.38653,5.60961,1341.963,1341.963,122309
2016-08-19 00:00:00+00:00,571.51,574.86,552.3,572.11,40.5239,-16.26908,579.26,579.26,4630.18,1352.11,1352.71,1337.71,1340.92,51.27134,4.91672,1342.8895,1342.8895,106137
2016-08-22 00:00:00+00:00,577.55,585.95,572.5,583.85,46.0426,-12.4076,579.246,579.246,5054.71,1338.34,1339.95,1331.66,1338.63,50.101,4.13516,1344.033,1344.033,131355
2016-08-23 00:00:00+00:00,582.78,584.99,576.0,580.71,44.78951,-11.38755,580.0,580.0,4177.43,1338.84,1344.58,1335.19,1338.06,49.79631,3.43023,1344.926,1344.926,105543
2016-08-24 00:00:00+00:00,580.27,582.1,575.4,577.11,43.33338,-10.74578,580.0795,580.0795,2968.77,1337.75,1339.99,1323.65,1323.9,42.82817,1.70927,1344.148,1344.148,104373
2016-08-25 00:00:00+00:00,577.65,578.75,571.16,576.99,43.28287,-10.13008,580.097,580.097,4193.61,1325.32,1326.98,1317.93,1321.46,41.74418,0.14681,1343.455,1343.455,89477
2016-08-26 00:00:00+00:00,575.75,582.46,574.1,577.84,43.78276,-9.46444,579.55,579.55,3265.45,1321.86,1342.12,1318.29,1321.85,41.99688,-1.04789,1341.992,1341.992,120480
2016-08-29 00:00:00+00:00,573.2,575.0,568.6,571.5,41.9785,-8.97252,576.866,576.866,2325.16,1319.53,1324.99,1314.87,1323.25,42.95351,-1.86029,1340.518,1340.518,106883
2016-08-30 00:00:00+00:00,570.74,576.5,568.55,575.23,44.38334,-8.33982,576.0425,576.0425,4412.26,1323.31,1325.34,1309.18,1310.36,36.91648,-3.50385,1337.8525,1337.8525,103213
2016-08-31 00:00:00+00:00,575.88,576.49,568.4,570.76,42.12978,-8.10565,575.202,575.202,3629.56,1311.35,1315.99,1304.16,1308.81,36.25658,-4.87526,1335.3855,1335.3855,104367
2016-09-01 00:00:00+00:00,570.75,572.86,566.86,571.6,42.71838,-7.7628,574.482,574.482,2772.91,1309.79,1315.01,1302.41,1312.94,39.36665,-5.5647,1332.9845,1332.9845,100334
2016-09-02 00:00:00+00:00,571.05,574.2,567.03,572.0,43.0156,-7.37382,573.9765,573.9765,2943.1,1313.77,1329.99,1303.19,1324.8,47.31601,-5.09536,1332.381,1332.381,105971
2016-09-05 00:00:00+00:00,605.72,607.31,592.46,603.74,60.711,-0.75012,578.4625,578.4625,3829.55,1324.73,1328.5,1321.68,1326.81,48.54721,-4.50922,1331.973,1331.973,59067
2016-09-06 00:00:00+00:00,604.98,609.74,601.0,608.96,63.00119,1.25388,580.387,580.387,4030.31,1326.2,1352.45,1324.73,1350.26,60.22559,-2.12796,1332.4635,1332.4635,110084
2016-09-07 00:00:00+00:00,608.93,615.92,604.7,614.39,65.26912,3.24285,582.621,582.621,4372.18,1348.18,1352.51,1342.62,1344.74,56.94886,-0.67839,1332.4005,1332.4005,94447
2016-09-08 00:00:00+00:00,614.44,628.98,611.66,625.66,69.45419,5.66323,585.2985,585.2985,4346.02,1345.04,1349.28,1335.49,1337.65,52.96299,-0.10054,1332.36,1332.36,107699
2016-09-09 00:00:00+00:00,625.67,627.49,612.93,622.0,66.64553,7.20304,587.3985,587.3985,3272.66,1338.24,1339.46,1326.83,1327.83,47.95648,-0.43003,1331.9225,1331.9225,100365
2016-09-12 00:00:00+00:00,604.08,609.15,602.0,607.0,55.62934,7.3082,591.8875,591.8875,3505.24,1328.49,1330.14,1320.3,1327.38,47.73381,-0.71917,1331.3315,1331.3315,121848
2016-09-13 00:00:00+00:00,606.4,609.61,603.28,607.73,56.00293,7.00589,593.4185,593.4185,3452.28,1327.41,1331.88,1315.51,1317.84,43.15856,-1.69853,1329.905,1329.905,128347
2016-09-14 00:00:00+00:00,607.45,610.69,605.98,607.89,56.0902,6.70196,594.9635,594.9635,2886.87,1318.84,1325.85,1313.29,1321.98,45.59558,-2.11623,1328.582,1328.582,114114
2016-09-15 00:00:00+00:00,608.5,608.99,602.3,605.21,54.15268,6.17367,596.332,596.332,3071.05,1322.67,1327.95,1309.19,1314.41,42.04583,-3.02324,1326.694,1326.694,121635
2016-09-16 00:00:00+00:00,606.65,608.99,603.5,605.9,54.58762,5.74446,598.2565,598.2565,2588.36,1315.24,1317.98,1306.14,1309.66,39.94441,-4.07833,1325.131,1325.131,92001
2016-09-19 00:00:00+00:00,608.0,609.5,603.0,607.88,55.73308,4.8167,603.266,603.266,2468.15,1309.83,1318.27,1309.32,1313.21,42.2668,-4.57529,1323.86,1323.86,82810
2016-09-20 00:00:00+00:00,608.73,608.88,605.35,606.95,54.8695,4.52831,605.0755,605.0755,2432.7,1313.18,1317.8,1311.94,1314.86,43.36308,-4.78089,1322.7,1322.7,70883
2016-09-21 00:00:00+00:00,601.0,601.01,592.1,594.66,44.95593,3.27035,606.2285,606.2285,3652.44,1314.81,1335.92,1307.78,1335.92,55.08603,-3.20749,1323.301,1323.301,128717
2016-09-22 00:00:00+00:00,595.46,596.42,592.5,593.95,44.45621,2.19087,607.326,607.326,2312.18,1333.89,1343.55,1331.1,1337.72,55.92572,-1.79462,1324.114,1324.114,93925
2016-09-23 00:00:00+00:00,595.42,602.9,593.0,602.53,51.47575,2.0046,607.8275,607.8275,3967.48,1337.43,1340.56,1333.73,1338.72,56.41326,-0.58745,1324.9575,1324.9575,74257
2016-09-26 00:00:00+00:00,598.95,607.27,596.1,604.28,52.94621,1.25627,607.0715,607.0715,4005.66,1336.59,1342.02,1332.61,1337.86,55.84117,0.29642,1325.688,1325.688,115569
2016-09-27 00:00:00+00:00,606.7,608.37,600.02,604.57,53.16841,1.36634,606.5805,606.5805,3019.48,1338.21,1339.42,1324.63,1326.87,49.00239,0.10885,1326.5135,1326.5135,115460
2016-09-28 00:00:00+00:00,604.26,605.3,601.41,603.71,52.37849,1.36841,605.483,605.483,2180.68,1326.78,1327.45,1317.92,1321.47,46.02009,-0.47012,1327.1465,1327.1465,80671
2016-09-29 00:00:00+00:00,603.93,605.99,601.0,604.96,53.46079,1.45415,604.631,604.631,2697.69,1321.69,1325.71,1315.94,1320.4,45.43008,-1.00373,1327.5195,1327.5195,125920
2016-09-30 00:00:00+00:00,605.59,608.38,603.15,608.26,56.2854,1.768,603.9435,603.9435,2621.96,1321.27,1327.97,1313.13,1315.89,42.93169,-1.77013,1327.074,1327.074,146441
2016-10-03 00:00:00+00:00,608.6,611.59,606.6,611.06,57.6352,2.66232,604.5995,604.5995,1989.94,1317.19,1319.52,1309.28,1311.73,40.70788,-2.68227,1326.32,1326.32,106678
2016-10-04 00:00:00+00:00,612.84,612.84,604.99,607.18,53.37827,2.52441,604.564,604.564,2940.59,1311.76,1312.97,1266.92,1268.45,25.75859,-6.81888,1322.2295,1322.2295,138909
2016-10-05 00:00:00+00:00,607.19,612.0,605.76,610.98,56.74768,2.69072,604.8525,604.8525,2263.27,1268.35,1277.05,1262.05,1266.69,25.35089,-10.1225,1318.327,1318.327,116982
2016-10-06 00:00:00+00:00,608.01,610.5,607.09,610.34,56.01344,2.73931,605.0745,605.0745,1997.2,1267.7,1269.32,1249.75,1254.39,22.65243,-13.57665,1314.164,1314.164,111758
2016-10-07 00:00:00+00:00,610.25,616.34,607.52,614.23,59.4479,3.05647,605.584,605.584,4024.05,1255.2,1265.28,1241.3,1256.54,24.17183,-15.95666,1310.5995,1310.5995,119165
2016-10-10 00:00:00+00:00,612.12,616.47,612.12,615.37,60.19985,3.52788,606.6155,606.6155,2211.59,1257.4,1264.85,1256.55,1259.47,26.29666,-17.40577,1307.204,1307.204,74373
2016-10-11 00:00:00+00:00,616.37,639.0,614.56,638.91,75.03243,5.49218,608.828,608.828,8068.14,1259.29,1262.15,1250.91,1252.59,24.55659,-18.89158,1303.9415,1303.9415,98085
2016-10-12 00:00:00+00:00,638.3,640.0,628.76,635.06,70.41065,6.66145,610.8835,610.8835,2647.77,1253.15,1258.82,1249.69,1255.24,26.57203,-19.629,1300.6045,1300.6045,99118
2016-10-13 00:00:00+00:00,634.5,636.0,630.0,635.61,70.68842,7.54551,612.5375,612.5375,2372.3,1255.59,1262.23,1253.03,1257.68,28.46693,-19.78841,1297.768,1297.768,109662
2016-10-14 00:00:00+00:00,635.16,639.99,630.45,638.38,72.10854,8.37313,614.4495,614.4495,3126.93,1258.03,1259.33,1246.03,1250.43,26.29553,-20.26614,1294.8065,1294.8065,117249
2016-10-17 00:00:00+00:00,638.97,639.99,632.1,635.69,66.99753,9.06892,619.626,619.626,3949.98,1251.17,1257.11,1250.03,1254.92,29.86361,-20.05131,1291.892,1291.892,104418
2016-10-18 00:00:00+00:00,636.96,637.8,631.52,635.58,66.84569,8.94141,621.2195,621.2195,2723.53,1255.23,1264.61,1254.92,1262.52,35.55095,-19.04821,1289.275,1289.275,100528
2016-10-19 00:00:00+00:00,635.95,638.04,624.13,627.98,57.2001,8.13335,622.3705,622.3705,4438.98,1262.7,1273.23,1260.17,1269.58,40.38691,-17.48205,1285.958,1285.958,95663
2016-10-20 00:00:00+00:00,627.84,630.22,625.0,627.72,56.89762,7.38682,623.3435,623.3435,2027.49,1269.27,1274.52,1264.67,1265.66,38.65266,-16.36848,1282.355,1282.355,94397
2016-10-21 00:00:00+00:00,628.05,632.36,627.5,628.99,58.06415,6.81906,624.193,624.193,3021.58,1265.7,1267.93,1261.03,1266.79,39.45969,-15.21935,1278.7585,1278.7585,79280
2016-10-24 00:00:00+00:00,648.71,652.25,640.0,648.14,66.55104,9.3879,630.493,630.493,4619.48,1265.89,1271.81,1260.28,1264.16,38.20012,-14.35539,1275.0735,1275.0735,83255
2016-10-25 00:00:00+00:00,649.03,657.58,643.0,648.33,66.65368,9.54621,632.3605,632.3605,5962.24,1264.49,1276.51,1262.01,1273.87,45.1602,-12.74032,1272.4235,1272.4235,104708
2016-10-26 00:00:00+00:00,651.97,677.0,651.69,673.14,76.7053,11.5406,635.5005,635.5005,6676.41,1273.73,1276.37,1264.57,1266.48,41.34386,-11.91928,1269.674,1269.674,50994
2016-10-27 00:00:00+00:00,674.63,685.89,665.59,682.67,79.28793,13.73187,638.9225,638.9225,4360.41,1266.51,1272.69,1264.99,1268.52,42.78133,-10.97744,1267.08,1267.08,104870
2016-10-28 00:00:00+00:00,684.68,687.23,677.05,685.29,79.94619,15.50119,642.463,642.463,3533.3,1267.98,1284.07,1261.88,1275.71,47.65078,-9.54088,1265.071,1265.071,120046
2016-10-31 00:00:00+00:00,697.1,706.97,683.6,697.67,73.50333,20.78022,654.373,654.373,4633.45,1277.21,1279.41,1271.11,1276.87,48.41354,-8.2141,1263.328,1263.328,101082
2016-11-01 00:00:00+00:00,697.04,737.0,695.38,726.6,79.56745,23.46263,658.95,658.95,6513.61,1276.63,1291.8,1275.59,1288.04,55.18503,-6.18994,1264.3075,1264.3075,107918
2016-11-02 00:00:00+00:00,726.6,735.93,717.32,732.99,80.62235,25.8066,663.819,663.819,3993.43,1288.31,1307.96,1287.24,1296.69,59.60688,-3.84349,1265.8075,1265.8075,124504
2016-11-03 00:00:00+00:00,742.0,745.19,670.32,681.03,55.52082,23.20399,665.9515,665.9515,12058.18,1298.27,1306.7,1285.5,1301.84,62.01026,-1.55048,1268.18,1268.18,119602
2016-11-04 00:00:00+00:00,684.84,707.67,681.0,702.98,61.03932,22.65147,669.3,669.3,5281.98,1303.98,1307.09,1294.67,1304.27,63.12514,0.45755,1270.5665,1270.5665,103449
2016-11-07 00:00:00+00:00,709.92,709.92,698.26,706.5,61.25755,21.06434,679.8495,679.8495,2980.3,1292.27,1295.77,1278.09,1281.38,48.64365,0.1996,1271.662,1271.662,122663
2016-11-08 00:00:00+00:00,702.86,712.92,701.02,710.19,62.2443,20.55295,683.96,683.96,5507.32,1282.47,1290.57,1272.76,1275.54,45.75934,-0.47064,1272.8095,1272.8095,122472
2016-11-09 00:00:00+00:00,708.17,740.86,705.45,720.44,64.91729,20.73573,688.596,688.596,9704.45,1273.1,1337.16,1267.91,1277.11,46.67476,-0.86515,1273.903,1273.903,339333
2016-11-10 00:00:00+00:00,721.5,722.0,707.0,714.5,62.17037,20.16878,692.8715,692.8715,4904.22,1278.44,1292.13,1252.18,1259.29,38.69266,-2.58592,1273.9835,1273.9835,202991
2016-11-11 00:00:00+00:00,714.48,720.94,712.24,715.82,62.54961,19.60005,695.9125,695.9125,3275.09,1259.14,1265.31,1219.03,1227.24,29.06518,-6.46133,1272.824,1272.824,173763
2016-11-14 00:00:00+00:00,700.38,705.89,697.14,704.7,57.1098,15.0379,704.065,704.065,7277.37,1228.97,1231.15,1211.44,1220.09,27.4257,-9.99435,1271.0825,1271.0825,199718
2016-11-15 00:00:00+00:00,704.98,716.54,703.05,710.82,59.32442,14.39715,705.949,705.949,5632.96,1221.37,1231.45,1218.77,1228.35,32.18473,-11.98958,1269.374,1269.374,156186
2016-11-16 00:00:00+00:00,711.07,742.87,708.44,737.99,67.3778,15.89847,708.715,708.715,11341.32,1228.05,1232.96,1221.39,1224.81,31.23927,-13.69855,1267.1355,1267.1355,136210
2016-11-17 00:00:00+00:00,739.71,749.98,732.22,737.0,66.85837,16.81457,711.3005,711.3005,6643.37,1225.33,1231.33,1210.95,1216.73,29.13545,-15.52594,1264.689,1264.689,151950
2016-11-18 00:00:00+00:00,736.0,752.95,731.31,745.99,69.1818,18.05784,712.997,712.997,4252.57,1216.54,1217.63,1202.74,1208.51,27.13347,-17.43644,1261.775,1261.775,139676
2016-11-21 00:00:00+00:00,727.09,739.2,727.03,736.97,61.53044,17.58145,717.647,717.647,4009.26,1207.44,1217.53,1205.47,1213.94,30.52934,-18.30141,1259.264,1259.264,116054
2016-11-22 00:00:00+00:00,736.92,750.0,730.27,746.61,64.24923,17.8799,718.328,718.328,4968.31,1213.33,1220.95,1206.04,1211.85,29.95076,-18.93725,1256.163,1256.163,116763
2016-11-23 00:00:00+00:00,749.13,749.98,729.92,740.17,61.14052,17.39624,721.285,721.285,4417.64,1213.11,1214.87,1181.58,1186.87,24.07742,-21.21232,1252.1825,1252.1825,130605
2016-11-24 00:00:00+00:00,740.18,741.15,729.0,735.7,59.0064,16.46247,722.921,722.921,3998.96,1188.36,1190.8,1180.23,1184.03,23.51289,-22.97959,1247.958,1247.958,74544
2016-11-25 00:00:00+00:00,735.63,737.03,728.0,737.03,59.45983,15.64938,724.591,724.591,3328.41,1184.9,1193.14,1170.11,1183.71,23.44618,-24.12786,1243.358,1243.358,113243
2016-11-28 00:00:00+00:00,727.32,732.44,724.1,730.98,56.05602,11.74478,727.594,727.594,4736.73,1185.72,1197.53,1182.91,1192.84,29.58437,-24.02422,1239.1565,1239.1565,155438
2016-11-29 00:00:00+00:00,730.99,733.29,721.0,730.99,56.06029,10.85174,728.1215,728.1215,5193.25,1193.28,1194.94,1180.98,1188.15,28.32784,-24.04337,1234.162,1234.162,144061
2016-11-30 00:00:00+00:00,730.72,744.49,727.0,742.06,60.62294,10.91147,729.4995,729.4995,6208.19,1188.19,1194.83,1170.63,1172.62,24.60169,-25.02324,1227.9585,1227.9585,161280
2016-12-01 00:00:00+00:00,742.06,754.98,740.18,751.6,64.08417,11.59494,731.2885,731.2885,6097.42,1173.73,1176.6,1160.63,1171.29,24.30682,-25.61187,1221.431,1221.431,156452
2016-12-02 00:00:00+00:00,751.55,778.07,750.77,769.99,69.62659,13.4653,734.638,734.638,8062.0,1172.43,1178.04,1166.6,1176.87,28.19542,-25.33605,1215.061,1215.061,125907
2016-12-05 00:00:00+00:00,762.0,762.09,743.0,750.0,58.09415,13.70867,742.5255,742.5255,5540.78,1185.41,1187.93,1157.04,1170.03,26.40471,-25.37686,1209.4935,1209.4935,189670
2016-12-06 00:00:00+00:00,749.51,759.9,747.99,758.91,61.33819,13.60008,743.5715,743.5715,6703.0,1169.85,1175.24,1166.68,1169.44,26.24985,-25.1667,1204.1885,1204.1885,119117
2016-12-07 00:00:00+00:00,758.97,769.61,751.78,766.85,64.01182,13.99341,745.064,745.064,4745.99,1169.38,1180.17,1165.51,1173.5,29.32181,-24.39138,1199.008,1199.008,112045
2016-12-08 00:00:00+00:00,764.05,772.01,762.29,767.96,64.38264,14.23065,746.1625,746.1625,4475.48,1174.18,1178.57,1169.12,1170.35,28.33564,-23.75725,1194.561,1194.561,125955
2016-12-09 00:00:00+00:00,766.84,773.99,766.29,769.49,64.91921,14.3764,747.1585,747.1585,2855.94,1170.07,1171.96,1156.16,1158.35,24.89991,-23.94695,1191.1165,1191.1165,108360
2016-12-12 00:00:00+00:00,768.97,779.0,768.96,777.93,66.74111,14.53185,752.5485,752.5485,2790.93,1158.46,1165.72,1151.14,1161.83,27.64001,-23.54507,1188.2035,1188.2035,120294
2016-12-13 00:00:00+00:00,777.0,793.27,765.1,778.71,67.02554,14.69079,754.4755,754.4755,4840.32,1163.08,1164.87,1154.51,1158.06,26.5115,-23.26262,1184.689,1184.689,126017
2016-12-14 00:00:00+00:00,775.35,781.0,770.74,776.29,65.16357,14.45485,756.505,756.505,2309.6,1158.47,1165.09,1139.04,1142.94,22.53717,-23.98239,1180.5955,1180.5955,148724
2016-12-15 00:00:00+00:00,777.03,779.08,771.0,774.79,63.9772,13.9856,758.393,758.393,2948.47,1142.16,1144.28,1122.62,1127.96,19.4295,-25.46799,1176.157,1176.157,150441
2016-12-16 00:00:00+00:00,776.3,782.46,771.24,780.35,66.41777,13.90212,760.917,760.917,3290.32,1128.33,1141.16,1126.54,1134.65,24.4405,-25.80802,1172.464,1172.464,79262
2016-12-19 00:00:00+00:00,788.34,794.39,787.01,790.65,70.53097,14.64558,769.899,769.899,3878.35,1135.79,1142.24,1134.73,1138.47,27.22379,-25.47558,1168.6905,1168.6905,91901
2016-12-20 00:00:00+00:00,791.03,803.0,787.1,801.02,74.35572,15.41423,772.847,772.847,3979.47,1138.46,1139.73,1125.67,1131.73,25.44297,-25.46246,1164.6845,1164.6845,91025
2016-12-21 00:00:00+00:00,798.65,830.01,796.82,828.1,81.21298,18.00102,776.672,776.672,9191.56,1132.56,1137.03,1129.25,1131.59,25.4058,-25.17319,1161.9205,1161.9205,80712
2016-12-22 00:00:00+00:00,832.02,875.0,827.29,858.94,85.85264,22.28273,781.1195,781.1195,12029.93,1131.34,1134.03,1127.37,1128.2,24.47332,-24.9301,1159.129,1159.129,72957
2016-12-23 00:00:00+00:00,858.94,920.0,858.93,916.0,90.51832,29.93521,788.78,788.78,16185.92,1128.3,1135.72,1126.77,1133.39,28.78296,-24.04153,1156.613,1156.613,38802
2016-12-27 00:00:00+00:00,897.82,936.42,891.0,929.92,82.92786,42.08095,817.5585,817.5585,7170.3,1134.39,1150.69,1131.58,1138.86,33.11483,-22.63502,1153.914,1153.914,58082
2016-12-28 00:00:00+00:00,930.34,975.97,929.49,975.97,86.52321,48.17525,827.959,827.959,12023.35,1139.11,1144.41,1136.45,1141.55,35.20221,-21.06052,1151.584,1151.584,67686
2016-12-29 00:00:00+00:00,976.46,980.74,950.0,968.99,83.64768,51.84417,837.934,837.934,7785.7,1142.37,1159.4,1141.65,1157.83,46.15455,-18.28824,1150.8445,1150.8445,77501
2016-12-30 00:00:00+00:00,969.99,970.0,931.0,959.03,79.58329,53.33333,847.268,847.268,10687.6,1157.87,1163.15,1146.41,1151.32,43.02301,-16.42713,1149.846,1149.846,73464
2017-01-03 00:00:00+00:00,1011.44,1039.0,999.99,1036.99,86.07601,63.42222,892.9225,892.9225,8779.72,1151.67,1164.35,1145.95,1159.09,47.59342,-14.16197,1148.957,1148.957,133304
2017-01-04 00:00:00+00:00,1035.51,1139.89,1028.56,1122.56,90.14152,72.16366,910.311,910.311,21371.6,1158.75,1167.83,1156.07,1162.64,49.58327,-11.94268,1148.5875,1148.5875,130369
2017-01-05 00:00:00+00:00,1114.38,1136.72,885.41,994.02,61.2234,67.93609,920.9945,920.9945,34736.36,1163.1,1184.94,1162.87,1180.3,58.10529,-8.65905,1149.1305,1149.1305,155316
2017-01-06 00:00:00+00:00,1004.73,1026.99,871.0,891.56,48.00372,55.67625,926.1525,926.1525,27597.93,1179.64,1182.92,1170.84,1172.59,53.82749,-6.60277,1149.085,1149.085,125240
2017-01-09 00:00:00+00:00,909.8,912.87,875.0,899.99,48.97917,31.61696,942.3,942.3,8663.98,1172.87,1186.08,1172.38,1181.01,57.5068,-4.2448,1149.618,1149.618,126697
2017-01-10 00:00:00+00:00,896.09,912.47,889.41,907.96,50.0528,26.57402,946.293,946.293,7931.46,1181.87,1190.53,1180.11,1187.41,60.10883,-1.83847,1151.071,1151.071,113957
2017-01-11 00:00:00+00:00,905.05,918.4,755.0,788.81,37.38667,12.81532,942.7865,942.7865,35446.63,1187.53,1198.17,1177.11,1191.44,61.69925,0.38926,1152.5515,1152.5515,155211
2017-01-12 00:00:00+00:00,778.7,832.99,751.34,816.0,41.05257,4.05867,937.7865,937.7865,17298.71,1192.25,1206.88,1191.87,1195.38,63.24222,2.4445,1154.4175,1154.4175,143183
2017-01-13 00:00:00+00:00,807.51,831.4,775.0,826.9,42.50581,-1.97869,934.5,934.5,11298.84,1194.36,1201.18,1187.86,1197.33,64.01489,4.18243,1157.137,1157.137,124284
2017-01-16 00:00:00+00:00,821.86,835.0,818.09,829.62,43.30515,-13.40453,922.053,922.053,6136.18,1198.74,1208.48,1198.07,1202.5,66.05239,5.90882,1160.864,1160.864,77904
2017-01-17 00:00:00+00:00,831.76,908.5,827.0,906.08,53.6256,-8.95977,918.5585,918.5585,12173.38,1202.95,1218.77,1202.77,1216.56,70.88108,8.31565,1164.9595,1164.9595,141768
2017-01-18 00:00:00+00:00,905.95,915.99,851.74,876.74,49.87381,-7.71583,913.946,913.946,11022.4,1216.48,1217.41,1202.26,1203.59,62.10526,9.07195,1168.2155,1168.2155,115042
2017-01-19 00:00:00+00:00,887.69,910.0,878.89,900.46,52.75181,-4.7611,911.0175,911.0175,11066.52,1204.57,1206.41,1195.79,1204.73,62.54422,9.65204,1171.8655,1171.8655,155941
2017-01-20 00:00:00+00:00,902.23,902.43,880.0,895.62,52.09455,-2.77798,907.5825,907.5825,6605.45,1204.6,1214.87,1198.53,1209.94,64.56446,10.41214,1175.783,1175.783,146135
2017-01-23 00:00:00+00:00,923.75,927.57,913.21,921.39,55.26042,5.7544,893.182,893.182,3339.46,1210.98,1219.39,1209.19,1217.8,67.4195,11.51602,1180.263,1180.263,140358
2017-01-24 00:00:00+00:00,913.15,923.0,886.27,893.0,50.65878,5.16795,881.704,881.704,8821.87,1219.0,1219.4,1206.52,1208.67,61.24662,11.52132,1184.027,1184.027,100602
2017-01-25 00:00:00+00:00,885.47,904.01,884.5,892.95,50.65078,4.6456,876.6505,876.6505,5289.95,1209.31,1209.73,1193.22,1199.6,55.78248,10.67065,1187.064,1187.064,108302
2017-01-26 00:00:00+00:00,893.25,919.49,892.86,916.34,54.28741,6.04928,877.8895,877.8895,5107.77,1200.67,1202.52,1184.31,1188.38,49.85686,8.98752,1189.4055,1189.4055,119209
2017-01-27 00:00:00+00:00,914.95,924.88,908.01,917.84,54.51888,7.19974,878.9245,878.9245,4817.73,1189.02,1191.59,1180.48,1191.49,51.398,7.8145,1191.0885,1191.0885,124536
2017-01-30 00:00:00+00:00,913.12,923.0,910.0,921.08,55.01298,8.86558,880.815,880.815,2997.2,1192.87,1199.33,1188.2,1195.2,53.24414,7.10237,1193.2825,1193.2825,141904
2017-01-31 00:00:00+00:00,919.99,970.0,917.5,965.01,62.18226,12.80143,889.625,889.625,9315.91,1195.28,1215.23,1193.65,1210.36,59.94035,7.67283,1195.846,1195.846,164411
2017-02-01 00:00:00+00:00,963.99,986.96,962.0,983.36,64.712,17.203,897.993,897.993,6874.21,1210.48,1213.14,1198.1,1209.7,59.54055,7.97969,1198.199,1198.199,165205
2017-02-02 00:00:00+00:00,983.79,1011.65,973.12,1008.18,67.84512,22.43542,907.057,907.057,8205.72,1208.91,1225.21,1208.26,1215.74,62.03609,8.61099,1199.971,1199.971,174513
2017-02-03 00:00:00+00:00,1009.15,1022.64,987.01,1012.64,68.38826,26.63501,916.706,916.706,10799.51,1214.92,1221.31,1207.0,1219.95,63.71601,9.34331,1202.339,1202.339,142665
2017-02-06 00:00:00+00:00,1010.03,1031.94,1005.1,1023.7,66.91805,34.8507,942.433,942.433,5069.03,1222.26,1235.55,1219.11,1235.45,69.13183,11.04706,1205.061,1205.061,148425
2017-02-07 00:00:00+00:00,1024.0,1056.25,1021.3,1054.12,70.64821,38.2355,951.302,951.302,5280.65,1234.33,1235.71,1227.68,1233.49,67.75463,12.09966,1207.365,1207.365,139312
2017-02-08 00:00:00+00:00,1052.48,1070.0,1025.0,1056.99,70.98066,40.68062,959.1285,959.1285,9568.8,1233.76,1244.64,1229.99,1241.68,70.40748,13.43979,1209.877,1209.877,143583
2017-02-09 00:00:00+00:00,1051.73,1074.69,913.73,981.96,53.81868,36.14742,963.4455,963.4455,24957.61,1240.85,1244.44,1225.4,1227.53,61.06065,13.20781,1211.4845,1211.4845,131164
2017-02-10 00:00:00+00:00,985.71,1010.68,950.0,997.57,56.19188,33.42907,967.269,967.269,10634.42,1228.48,1237.04,1221.57,1233.68,63.33867,13.36615,1213.302,1213.302,135270
2017-02-13 00:00:00+00:00,1000.73,1007.89,975.1,1000.25,55.91705,27.59177,981.273,981.273,4540.29,1230.76,1232.22,1219.26,1225.2,58.27617,12.66141,1214.437,1214.437,108468
2017-02-14 00:00:00+00:00,1000.74,1019.0,987.97,1011.51,57.83474,26.43739,987.201,987.201,6536.91,1225.23,1234.42,1221.84,1228.57,59.65621,12.23381,1215.0375,1215.0375,119784
2017-02-15 00:00:00+00:00,1008.88,1013.8,1000.97,1011.53,57.83825,25.23328,991.9605,991.9605,3095.66,1228.39,1233.16,1216.64,1232.81,61.38668,12.09761,1216.4985,1216.4985,98959
2017-02-16 00:00:00+00:00,1011.53,1043.21,1010.75,1032.7,61.49072,25.6911,997.7035,997.7035,5996.1,1233.43,1242.3,1231.99,1239.01,63.82983,12.34762,1218.2125,1218.2125,113850
2017-02-17 00:00:00+00:00,1032.7,1064.99,1031.98,1055.46,65.00114,27.57263,1004.589,1004.589,6085.02,1238.66,1243.71,1234.24,1234.83,61.02634,12.06934,1219.457,1219.457,99356
2017-02-20 00:00:00+00:00,1051.8,1089.99,1044.39,1084.0,68.70151,31.53039,1024.2395,1024.2395,3664.0,1235.66,1238.89,1232.7,1237.42,62.13605,11.92038,1220.438,1220.438,53883
2017-02-21 00:00:00+00:00,1084.0,1126.86,1077.0,1124.62,73.57507,36.33138,1031.3025,1031.3025,8394.92,1237.07,1238.75,1226.04,1235.75,60.93135,11.53461,1221.792,1221.792,86656
2017-02-22 00:00:00+00:00,1124.62,1143.0,1098.16,1130.01,74.15027,40.10879,1037.394,1037.394,11672.0,1235.82,1240.54,1231.14,1237.45,61.74445,11.23654,1223.6845,1223.6845,105695
2017-02-23 00:00:00+00:00,1130.01,1193.92,1120.73,1188.11,79.36446,47.24597,1046.1675,1046.1675,11752.03,1236.83,1251.03,1235.69,1249.19,66.87209,11.81147,1226.725,1226.725,100487
2017-02-24 00:00:00+00:00,1188.11,1220.0,1091.1,1180.14,77.06793,51.66358,1053.4525,1053.4525,19597.57,1249.35,1260.05,1247.68,1256.98,69.76775,12.74874,1229.9995,1229.9995,81651
2017-02-27 00:00:00+00:00,1179.05,1197.99,1169.0,1194.64,73.81549,56.58732,1075.1275,1075.1275,4638.0,1256.22,1263.79,1250.91,1252.7,66.33692,12.99636,1232.8745,1232.8745,89506
2017-02-28 00:00:00+00:00,1194.64,1209.99,1176.27,1191.21,72.87147,57.4162,1081.8385,1081.8385,7559.42,1252.56,1258.32,1247.58,1248.0,62.69114,12.66733,1234.7565,1234.7565,82704
2017-03-01 00:00:00+00:00,1191.21,1231.0,1188.3,1226.39,76.22932,60.21768,1094.06,1094.06,6012.98,1248.5,1250.57,1236.86,1249.23,63.26021,12.3633,1236.733,1236.733,134415
2017-03-02 00:00:00+00:00,1226.39,1283.25,1215.0,1257.6,78.74305,64.21601,1107.0615,1107.0615,7761.85,1248.49,1248.92,1230.93,1234.17,52.66767,10.78284,1237.6545,1237.6545,86241
2017-03-03 00:00:00+00:00,1257.6,1298.0,1255.0,1285.33,80.6963,68.82888,1120.729,1120.729,7545.48,1234.2,1236.21,1222.84,1234.42,52.80893,9.44166,1238.378,1238.378,96754
2017-03-06 00:00:00+00:00,1273.0,1285.0,1251.0,1278.49,75.63106,70.83701,1160.634,1160.634,4249.47,1233.17,1236.76,1224.81,1225.18,47.20174,7.54618,1237.8645,1237.8645,78325
2017-03-07 00:00:00+00:00,1278.49,1281.62,1175.97,1233.05,64.41447,66.65697,1171.71,1171.71,14450.04,1225.58,1227.12,1214.12,1215.72,42.25499,5.22047,1236.976,1236.976,71979
2017-03-08 00:00:00+00:00,1233.05,1245.49,1145.5,1150.05,49.86672,56.0013,1177.5775,1177.5775,13391.55,1215.85,1218.49,1206.59,1207.75,38.58602,2.70307,1235.2795,1235.2795,74632
2017-03-09 00:00:00+00:00,1150.05,1208.0,1135.01,1190.89,55.22517,50.27255,1184.349,1184.349,7653.86,1208.26,1208.92,1199.17,1200.24,35.46146,0.10085,1233.915,1233.915,95199
2017-03-10 00:00:00+00:00,1190.89,1350.0,975.0,1116.97,45.70332,39.31454,1187.3775,1187.3775,33194.61,1200.8,1206.25,1194.91,1204.43,38.45582,-1.60484,1232.4525,1232.4525,100924
2017-03-13 00:00:00+00:00,1226.62,1249.02,1215.43,1242.46,59.21386,36.32585,1206.638,1206.638,5630.79,1206.11,1211.11,1202.39,1203.7,38.12395,-2.98114,1231.3775,1231.3775,66023
2017-03-14 00:00:00+00:00,1242.46,1260.0,1226.5,1245.86,59.53807,37.00623,1212.4305,1212.4305,5745.5,1202.07,1207.53,1197.23,1198.47,35.74393,-4.44268,1229.8725,1229.8725,74402
2017-03-15 00:00:00+00:00,1245.86,1260.0,1238.32,1257.32,60.67281,38.03175,1215.891,1215.891,3920.35,1199.11,1221.97,1197.47,1218.59,48.94796,-3.93211,1229.1615,1229.1615,86424
2017-03-16 00:00:00+00:00,1257.32,1258.96,1130.0,1172.62,49.60089,31.64512,1215.515,1215.515,15244.87,1218.88,1233.67,1218.54,1226.01,52.80004,-2.89538,1228.5115,1228.5115,80643
2017-03-17 00:00:00+00:00,1172.62,1173.23,1063.0,1071.02,40.13878,18.17587,1211.456,1211.456,16703.78,1226.43,1231.6,1224.42,1229.25,54.4174,-1.79166,1228.2325,1228.2325,64890
2017-03-20 00:00:00+00:00,1017.97,1053.0,1010.01,1035.96,40.58872,-18.56139,1184.3775,1184.3775,7486.66,1230.53,1235.45,1229.29,1234.12,56.81285,-0.51802,1228.0675,1228.0675,56183
2017-03-21 00:00:00+00:00,1035.96,1117.9,1034.92,1114.39,48.17347,-17.55566,1178.7775,1178.7775,11125.5,1234.42,1247.53,1226.82,1244.85,61.60097,1.3417,1228.5225,1228.5225,81053
2017-03-22 00:00:00+00:00,1114.39,1114.39,988.0,1037.56,42.45552,-22.69652,1167.7755,1167.7755,14520.38,1245.36,1251.23,1243.89,1248.78,63.20983,3.09696,1229.089,1229.089,90917
2017-03-23 00:00:00+00:00,1037.56,1054.4,1010.69,1029.65,41.90406,-27.0966,1154.9915,1154.9915,5917.0,1247.43,1253.22,1242.71,1245.37,60.82833,4.16486,1228.898,1228.898,85149
2017-03-24 00:00:00+00:00,1029.65,1032.0,920.0,929.06,35.57558,-38.25944,1138.4445,1138.4445,16066.46,1244.78,1251.77,1240.92,1245.57,60.92133,4.97001,1228.3275,1228.3275,74402
2017-03-27 00:00:00+00:00,960.0,1043.0,952.95,1039.92,46.3302,-44.62863,1097.0145,1097.0145,8687.09,1248.09,1260.97,1248.04,1254.09,64.75955,6.22385,1228.397,1228.397,81982
2017-03-28 00:00:00+00:00,1039.92,1068.26,1014.9,1043.99,46.69518,-40.82457,1091.7115,1091.7115,9109.22,1253.61,1258.33,1247.61,1251.47,62.71951,6.92628,1228.5705,1228.5705,79818
2017-03-29 00:00:00+00:00,1043.99,1059.43,1008.16,1035.96,46.03008,-38.01951,1083.965,1083.965,9379.72,1250.94,1254.57,1247.25,1253.07,63.47619,7.52532,1228.7625,1228.7625,77876
2017-03-30 00:00:00+00:00,1035.96,1050.17,1017.14,1033.7,45.83222,-35.56883,1079.8015,1079.8015,8644.96,1252.74,1253.74,1242.32,1243.43,56.08939,7.13988,1229.2255,1229.2255,68366
2017-03-31 00:00:00+00:00,1033.7,1081.0,1031.43,1070.31,49.61084,-30.32298,1074.4895,1074.4895,12058.79,1243.57,1250.5,1239.61,1248.96,59.03447,7.19768,1229.9525,1229.9525,70404
2017-04-03 00:00:00+00:00,1078.01,1152.0,1076.19,1144.77,56.91522,-11.81442,1054.0785,1054.0785,11076.86,1247.94,1253.62,1244.41,1252.8,60.99099,7.46726,1231.3335,1231.3335,64214
2017-04-04 00:00:00+00:00,1144.77,1162.93,1118.85,1143.0,56.70087,-4.91567,1048.3625,1048.3625,7418.36,1254.15,1261.22,1253.95,1255.98,62.58464,7.84705,1233.3465,1233.3465,65265
2017-04-05 00:00:00+00:00,1143.0,1145.0,1111.0,1134.58,55.62758,-0.12633,1046.4605,1046.4605,5581.47,1255.73,1257.24,1243.65,1255.21,61.92495,7.99376,1235.7195,1235.7195,85874
2017-04-06 00:00:00+00:00,1134.58,1201.37,1134.36,1190.85,60.94771,8.11621,1052.452,1052.452,9134.3,1255.76,1258.82,1249.72,1251.77,58.93606,7.74319,1238.296,1238.296,74106
2017-04-07 00:00:00+00:00,1190.85,1202.0,1176.0,1190.66,60.92115,14.4664,1063.515,1063.515,5450.27,1251.71,1270.83,1250.52,1254.3,60.44808,7.66045,1240.7895,1240.7895,127140
2017-04-10 00:00:00+00:00,1206.2,1219.71,1195.0,1209.25,62.4417,27.47723,1085.073,1085.073,3656.82,1254.6,1257.01,1247.08,1254.63,60.6516,7.53466,1243.336,1243.336,74464
2017-04-11 00:00:00+00:00,1209.25,1229.0,1198.02,1218.99,63.45466,30.93399,1094.1445,1094.1445,3487.75,1255.08,1275.06,1253.0,1273.93,70.28265,8.88984,1247.109,1247.109,90396
2017-04-12 00:00:00+00:00,1218.99,1224.57,1208.0,1212.17,62.18987,32.74571,1103.2705,1103.2705,3475.19,1273.74,1286.62,1271.82,1286.55,74.65165,10.857,1250.507,1250.507,92969
2017-04-13 00:00:00+00:00,1212.17,1219.45,1141.0,1172.91,55.35038,30.66013,1115.463,1115.463,7135.29,1285.1,1288.54,1281.78,1287.44,74.93156,12.3455,1253.5785,1253.5785,81149
2017-04-17 00:00:00+00:00,1162.31,1192.5,1161.0,1176.54,55.58329,22.91175,1149.5985,1149.5985,3568.83,1291.28,1295.45,1281.31,1284.84,72.41581,13.1636,1256.358,1256.358,66665
2017-04-18 00:00:00+00:00,1176.54,1210.0,1175.95,1202.58,59.44244,23.8088,1157.9295,1157.9295,5514.17,1284.47,1292.24,1278.9,1289.8,74.19568,14.05022,1259.142,1259.142,83455
2017-04-19 00:00:00+00:00,1202.58,1209.99,1190.0,1203.98,59.64544,24.35197,1166.4435,1166.4435,6046.52,1289.49,1290.61,1273.98,1279.14,64.55481,13.73438,1260.8565,1260.8565,78687
2017-04-20 00:00:00+00:00,1203.98,1243.88,1201.66,1234.19,63.85029,26.90993,1174.6375,1174.6375,5970.91,1279.44,1283.36,1276.58,1281.43,65.58923,13.51309,1262.489,1262.489,80568
2017-04-21 00:00:00+00:00,1234.19,1252.32,1231.65,1243.61,65.0724,29.35882,1182.621,1182.621,4984.49,1281.47,1288.18,1278.42,1284.29,66.88888,13.41387,1264.435,1264.435,85988
2017-04-24 00:00:00+00:00,1241.99,1254.0,1234.0,1253.58,65.49256,32.37467,1200.7705,1200.7705,3048.04,1268.39,1277.34,1265.4,1275.39,59.37376,12.47329,1265.926,1265.926,90180
2017-04-25 00:00:00+00:00,1253.58,1280.0,1251.07,1269.0,67.62733,34.26507,1207.4915,1207.4915,5249.77,1275.49,1278.05,1261.56,1263.32,51.00441,10.63138,1266.3875,1266.3875,76278
2017-04-26 00:00:00+00:00,1269.0,1330.0,1265.0,1287.99,70.08202,36.87054,1212.3485,1212.3485,8685.55,1263.39,1270.54,1260.0,1269.2,54.37825,9.53619,1267.274,1267.274,83165
2017-04-27 00:00:00+00:00,1287.99,1342.02,1285.0,1331.53,74.80009,41.96497,1219.392,1219.392,6668.0,1268.83,1269.49,1261.12,1264.23,51.17085,8.17299,1267.832,1267.832,74163
2017-04-28 00:00:00+00:00,1331.53,1347.02,1299.0,1330.7,74.55871,45.41188,1226.7255,1226.7255,8234.28,1263.98,1268.46,1262.95,1267.99,53.40977,7.31176,1269.06,1269.06,61003
2017-05-01 00:00:00+00:00,1350.21,1425.0,1341.22,1390.86,80.19561,55.2303,1248.707,1248.707,8602.88,1268.56,1271.15,1254.15,1256.87,46.6039,5.66662,1269.4555,1269.4555,53720
2017-05-02 00:00:00+00:00,1390.86,1481.73,1388.0,1447.75,83.91967,62.87581,1260.486,1260.486,8920.17,1255.78,1257.7,1251.92,1256.75,46.53499,4.30354,1269.653,1269.653,59440
2017-05-03 00:00:00+00:00,1447.75,1516.04,1431.02,1503.22,86.57122,72.57431,1277.0015,1277.0015,11052.34,1256.23,1256.87,1235.81,1238.55,37.48222,1.73471,1268.7815,1268.7815,70561
2017-05-04 00:00:00+00:00,1503.22,1623.01,1444.94,1537.23,87.88975,82.05884,1295.346,1295.346,18824.97,1237.87,1241.22,1225.68,1227.46,33.23901,-1.18235,1267.394,1267.394,76896
2017-05-05 00:00:00+00:00,1537.23,1609.0,1495.0,1514.9,82.18406,86.77329,1312.4185,1312.4185,15601.41,1228.61,1235.51,1226.01,1227.56,33.31232,-3.44634,1266.1835,1266.1835,83379
2017-05-08 00:00:00+00:00,1554.01,1653.97,1554.01,1649.54,87.18203,105.56726,1373.4255,1373.4255,19232.7,1224.98,1236.5,1224.98,1226.21,32.78885,-5.28855,1264.779,1264.779,68262
2017-05-09 00:00:00+00:00,1649.54,1760.4,1616.05,1720.28,89.18298,117.2263,1399.2405,1399.2405,16793.24,1226.4,1228.54,1214.23,1221.26,30.87317,-7.06647,1263.1105,1263.1105,68323
2017-05-10 00:00:00+00:00,1720.28,1794.21,1682.0,1772.58,90.3788,129.19705,1426.16,1426.16,11263.87,1220.91,1225.58,1217.51,1218.99,30.00735,-8.55999,1260.3635,1260.3635,63870
2017-05-11 00:00:00+00:00,1772.58,1892.0,1745.01,1828.45,91.46436,141.56037,1455.402,1455.402,14739.88,1219.1,1227.65,1216.92,1224.83,35.05366,-9.1667,1257.2775,1257.2775,63868
2017-05-12 00:00:00+00:00,1828.45,1832.0,1650.0,1691.51,70.47503,138.70953,1478.3175,1478.3175,17061.7,1225.34,1231.69,1224.36,1228.48,38.05947,-9.24641,1254.3295,1254.3295,60293
2017-05-15 00:00:00+00:00,1784.0,1784.0,1682.56,1705.48,65.50241,136.13143,1553.4075,1553.4075,13312.2,1229.93,1237.27,1226.9,1230.08,39.38384,-9.07586,1251.5915,1251.5915,59349
2017-05-16 00:00:00+00:00,1705.48,1750.0,1641.22,1700.01,64.90176,128.75746,1574.0085,1574.0085,16473.76,1231.09,1239.05,1230.23,1236.95,44.83761,-8.29077,1248.949,1248.949,60443
2017-05-17 00:00:00+00:00,1700.01,1840.42,1670.01,1782.99,69.47464,128.13231,1596.5815,1596.5815,17790.68,1236.57,1261.12,1236.39,1260.41,58.55179,-5.70974,1248.0125,1248.0125,101591
2017-05-18 00:00:00+00:00,1782.99,1881.8,1766.33,1878.99,73.73768,133.84044,1623.996,1623.996,11915.2,1259.85,1265.0,1245.96,1246.56,50.56006,-4.72734,1246.269,1246.269,122842
2017-05-19 00:00:00+00:00,1878.99,1969.99,1874.99,1958.0,76.63039,143.09016,1655.246,1655.246,14115.85,1246.43,1256.33,1246.43,1255.33,54.76988,-3.20418,1244.821,1244.821,75658
2017-05-22 00:00:00+00:00,2017.55,2230.34,2008.75,2099.97,81.05152,169.41077,1752.3805,1752.3805,15312.07,1255.04,1262.48,1251.74,1260.09,56.9143,-1.59459,1244.056,1244.056,60685
2017-05-23 00:00:00+00:00,2099.97,2275.0,2088.45,2264.23,84.83803,188.26151,1790.431,1790.431,14138.92,1260.32,1263.72,1249.92,1251.33,52.02572,-1.01414,1243.4565,1243.4565,79338
2017-05-24 00:00:00+00:00,2264.23,2481.75,2264.23,2420.29,87.41182,213.33441,1834.584,1834.584,22143.08,1251.49,1258.87,1247.85,1258.33,55.32773,0.01058,1242.913,1242.913,74541
2017-05-25 00:00:00+00:00,2420.29,2760.1,2221.0,2292.53,76.03277,220.35557,1873.4655,1873.4655,32938.03,1258.01,1259.58,1253.77,1255.69,53.8231,0.60271,1242.486,1242.486,72024
2017-05-26 00:00:00+00:00,2292.53,2599.12,2060.0,2279.82,74.98695,222.33141,1909.5555,1909.5555,28125.34,1255.56,1269.39,1253.12,1266.94,58.94662,1.9572,1242.4335,1242.4335,71672
2017-05-29 00:00:00+00:00,2178.81,2350.0,2110.0,2292.1,67.08513,196.65036,1989.0095,1989.0095,12115.83,1267.29,1269.1,1264.94,1266.5,58.67242,2.961,1242.915,1242.915,28242
2017-05-30 00:00:00+00:00,2292.1,2339.08,2160.0,2203.51,62.0874,188.3644,2010.556,2010.556,13888.0,1266.75,1270.41,1259.31,1263.1,56.4859,3.44248,1243.2325,1243.2325,58105
2017-05-31 00:00:00+00:00,2203.51,2334.0,2154.28,2298.01,65.07622,187.2644,2034.034,2034.034,16275.49,1262.52,1274.08,1259.51,1268.7,59.18392,4.22721,1244.74,1244.74,61766
2017-06-01 00:00:00+00:00,2298.01,2456.39,2296.81,2413.63,68.3625,193.49177,2070.14,2070.14,18392.66,1268.67,1270.24,1261.45,1265.62,57.08738,4.54815,1246.648,1246.648,60651
2017-06-02 00:00:00+00:00,2413.63,2489.0,2370.03,2488.94,70.32147,202.17336,2105.7425,2105.7425,12423.32,1265.68,1279.4,1258.93,1278.56,63.01515,5.78002,1249.198,1249.198,70249
2017-06-05 00:00:00+00:00,2530.27,2699.35,2525.28,2698.0,75.01263,228.0352,2234.7285,2234.7285,12220.09,1279.53,1283.34,1277.7,1279.43,63.3814,6.7487,1251.859,1251.859,49310
2017-06-06 00:00:00+00:00,2698.0,2933.0,2689.4,2880.74,78.54255,250.74422,2289.616,2289.616,26672.53,1280.07,1296.01,1279.58,1293.92,68.90452,8.58662,1255.492,1255.492,66589
2017-06-07 00:00:00+00:00,2880.74,2893.28,2612.5,2683.03,67.44179,249.90697,2329.818,2329.818,16961.13,1294.18,1294.37,1282.63,1286.83,63.83135,9.36315,1258.884,1258.884,69730
2017-06-08 00:00:00+00:00,2683.03,2815.0,2613.13,2806.0,70.25746,256.21263,2372.218,2372.218,13248.6,1286.59,1288.85,1271.29,1278.69,58.50547,9.21549,1261.577,1261.577,76531
2017-06-09 00:00:00+00:00,2806.0,2868.23,2780.43,2822.32,70.62059,259.53504,2412.6345,2412.6345,8036.31,1279.93,1280.67,1264.57,1266.6,51.61681,8.03034,1263.483,1263.483,77130
2017-06-12 00:00:00+00:00,2954.22,2980.0,2480.03,2667.06,59.20656,249.86153,2519.6105,2519.6105,31530.49,1266.5,1270.26,1263.51,1265.66,51.1129,6.93531,1265.262,1265.262,71986
2017-06-13 00:00:00+00:00,2667.06,2783.62,2638.62,2703.02,60.25039,233.12176,2533.747,2533.747,16035.02,1265.67,1268.87,1259.11,1266.26,51.43878,6.0462,1266.7275,1266.7275,58156
2017-06-14 00:00:00+00:00,2703.02,2801.0,2320.0,2450.0,50.46553,197.16597,2541.6205,2541.6205,29466.54,1266.44,1280.85,1257.16,1261.83,48.84958,4.92732,1266.7985,1266.7985,93812
2017-06-15 00:00:00+00:00,2450.0,2516.2,2120.0,2424.91,49.60523,164.74708,2548.875,2548.875,36736.98,1260.02,1266.64,1251.36,1253.91,44.5337,3.36275,1267.166,1267.166,76330
2017-06-16 00:00:00+00:00,2424.91,2540.0,2307.66,2484.68,51.71687,142.23819,2571.009,2571.009,13800.26,1254.32,1257.07,1251.76,1253.38,44.25194,2.05635,1267.0685,1267.0685,56148
2017-06-19 00:00:00+00:00,2516.98,2598.0,2480.96,2598.0,54.83679,110.16954,2624.537,2624.537,10563.71,1253.34,1255.58,1242.97,1243.25,39.15309,0.20129,1266.2265,1266.2265,57679
2017-06-20 00:00:00+00:00,2598.0,2783.0,2581.0,2740.0,59.13651,114.0904,2646.6365,2646.6365,15891.45,1243.86,1248.04,1241.25,1242.82,38.94795,-1.2887,1265.801,1265.801,59374
2017-06-21 00:00:00+00:00,2740.0,2789.0,2611.0,2657.04,55.79447,109.24422,2658.807,2658.807,15671.82,1243.7,1247.76,1240.78,1246.08,41.45257,-2.18132,1265.1885,1265.1885,62840
2017-06-22 00:00:00+00:00,2657.04,2740.0,2594.61,2713.48,57.55205,108.70475,2670.034,2670.034,10790.79,1246.32,1254.68,1246.08,1250.4,44.69069,-2.5112,1264.924,1264.924,69114
2017-06-23 00:00:00+00:00,2713.48,2745.0,2657.46,2685.05,56.33696,104.77537,2677.2395,2677.2395,8229.5,1250.99,1258.8,1249.76,1256.61,49.05281,-2.24565,1264.4075,1264.4075,51300
2017-06-26 00:00:00+00:00,2502.03,2550.03,2315.01,2421.22,45.99892,53.13535,2645.8345,2645.8345,22086.78,1257.36,1258.03,1236.01,1244.3,41.98417,-2.994,1263.2975,1263.2975,65575
2017-06-27 00:00:00+00:00,2421.22,2565.0,2291.0,2565.0,51.66663,47.99404,2639.933,2639.933,19109.29,1244.29,1253.06,1241.26,1246.8,43.75676,-3.34677,1262.4825,1262.4825,65405
2017-06-28 00:00:00+00:00,2565.0,2593.0,2468.01,2559.9,51.46031,43.01217,2627.628,2627.628,12254.3,1247.07,1254.76,1247.02,1248.85,45.2344,-3.42148,1261.49,1261.49,78582
2017-06-29 00:00:00+00:00,2559.9,2594.78,2500.31,2541.59,50.67788,37.1582,2613.5915,2613.5915,8115.56,1249.29,1253.11,1239.75,1245.1,43.00846,-3.74016,1260.464,1260.464,84537
2017-06-30 00:00:00+00:00,2541.59,2564.58,2451.0,2465.49,47.4488,26.07764,2591.8665,2591.8665,8711.29,1245.86,1248.15,1239.17,1241.43,40.88785,-4.23999,1258.6075,1258.6075,82053
2017-07-03 00:00:00+00:00,2504.37,2595.0,2472.68,2550.47,51.6291,10.79114,2549.014,2549.014,11519.81,1242.12,1242.63,1218.41,1219.46,31.02563,-6.33586,1255.609,1255.609,73040
2017-07-04 00:00:00+00:00,2550.47,2639.47,2540.07,2596.12,53.6398,15.16299,2556.32,2556.32,9653.8,1221.5,1226.46,1220.53,1223.38,34.08079,-7.59302,1252.082,1252.082,44915
2017-07-05 00:00:00+00:00,2596.12,2623.0,2530.1,2602.9,53.946,18.95629,2565.2195,2565.2195,10880.61,1224.02,1228.76,1217.38,1226.83,36.73671,-8.21623,1249.082,1249.082,69538
2017-07-06 00:00:00+00:00,2602.9,2614.0,2522.0,2600.39,53.80432,21.51199,2571.005,2571.005,8327.49,1226.91,1229.09,1222.45,1224.6,35.73449,-8.78875,1246.3775,1246.3775,70057
2017-07-07 00:00:00+00:00,2600.39,2605.0,2475.0,2501.46,48.40796,15.37731,2564.578,2564.578,9428.99,1224.79,1228.33,1207.26,1212.2,30.71646,-10.12633,1243.6575,1243.6575,71105
2017-07-10 00:00:00+00:00,2502.28,2527.88,2261.85,2323.45,40.21497,-8.73145,2540.619,2540.619,17285.96,1213.48,1215.5,1204.81,1214.25,32.40639,-10.89536,1241.087,1241.087,58142
2017-07-11 00:00:00+00:00,2323.45,2399.0,2242.62,2305.98,39.51029,-24.25744,2523.066,2523.066,17576.48,1214.4,1217.35,1208.13,1217.21,34.8764,-11.13759,1238.6345,1238.6345,58263
2017-07-12 00:00:00+00:00,2305.98,2408.84,2239.54,2388.0,44.43326,-29.60233,2506.792,2506.792,12881.06,1216.7,1225.67,1213.39,1220.14,37.31812,-10.96671,1236.55,1236.55,67786
2017-07-13 00:00:00+00:00,2388.0,2425.16,2312.93,2339.99,42.26495,-37.28243,2489.539,2489.539,8427.81,1218.45,1224.36,1216.47,1217.5,36.0081,-10.91845,1234.7295,1234.7295,57211
2017-07-14 00:00:00+00:00,2339.99,2357.84,2140.0,2213.37,37.12003,-52.97547,2472.3245,2472.3245,12614.31,1217.39,1232.77,1214.73,1228.81,44.92753,-9.85399,1233.501,1233.501,63232
2017-07-17 00:00:00+00:00,1917.63,2229.97,1910.57,2226.0,44.11761,-107.39124,2403.619,2403.619,26427.32,1229.55,1235.95,1228.19,1233.61,48.22582,-8.52481,1233.019,1233.019,51972
2017-07-18 00:00:00+00:00,2226.0,2392.0,2164.0,2303.71,47.27031,-96.63991,2390.8095,2390.8095,25186.71,1233.94,1244.51,1232.75,1242.03,53.48809,-6.71461,1232.9795,1232.9795,68233
2017-07-19 00:00:00+00:00,2303.71,2402.5,2223.0,2265.21,45.88902,-90.18641,2376.9905,2376.9905,17007.92,1242.79,1243.95,1235.84,1241.13,52.86953,-5.29163,1232.732,1232.732,56584
2017-07-20 00:00:00+00:00,2265.21,2938.0,2265.21,2875.03,63.88872,-35.45588,2397.4675,2397.4675,30969.52,1241.05,1247.5,1235.23,1244.62,55.04079,-3.83805,1232.443,1232.443,71861
2017-07-21 00:00:00+00:00,2875.03,2887.45,2611.39,2670.0,57.02096,-8.52745,2410.347,2410.347,20713.79,1244.22,1255.63,1243.33,1254.7,60.67572,-1.85136,1232.3475,1232.3475,68625
2017-07-24 00:00:00+00:00,2749.02,2800.0,2701.0,2759.98,58.1995,61.32816,2444.8845,2444.8845,10001.91,1255.3,1258.74,1251.86,1255.31,60.99433,-0.22508,1232.898,1232.898,62675
2017-07-25 00:00:00+00:00,2759.98,2775.79,2450.0,2564.82,51.97859,57.49809,2442.9805,2442.9805,21325.75,1254.62,1257.68,1249.05,1249.71,56.47098,0.60491,1233.0435,1233.0435,70347
2017-07-26 00:00:00+00:00,2564.82,2608.96,2400.0,2524.99,50.78548,50.66475,2439.2105,2439.2105,17706.93,1249.71,1263.46,1243.69,1260.84,62.43389,2.13615,1233.643,1233.643,91151
2017-07-27 00:00:00+00:00,2524.99,2695.0,2509.63,2666.33,54.75438,56.00861,2447.454,2447.454,11825.41,1260.1,1265.17,1254.44,1258.42,60.49349,3.11846,1234.309,1234.309,102405
2017-07-28 00:00:00+00:00,2666.33,2825.0,2655.82,2777.01,57.63554,68.38629,2458.801,2458.801,14061.36,1259.16,1270.76,1257.29,1268.91,65.499,4.68934,1235.683,1235.683,87407
2017-07-31 00:00:00+00:00,2742.37,2889.99,2680.01,2855.81,59.12078,86.89822,2516.1525,2516.1525,11112.43,1270.54,1271.04,1265.7,1269.37,65.70421,5.90334,1238.1785,1238.1785,61900
2017-08-01 00:00:00+00:00,2855.81,2929.17,2615.0,2731.0,54.65658,85.50296,2533.3025,2533.3025,12518.56,1269.47,1274.04,1262.57,1268.92,65.29506,6.75131,1240.4555,1240.4555,75688
2017-08-02 00:00:00+00:00,2731.0,2760.0,2650.0,2703.51,53.69486,81.24249,2551.4785,2551.4785,9478.55,1268.61,1272.75,1262.79,1266.18,62.7335,7.12016,1242.423,1242.423,67133
2017-08-03 00:00:00+00:00,2703.51,2807.44,2698.83,2793.37,56.39577,84.14699,2580.4785,2580.4785,7963.67,1266.13,1270.75,1256.77,1268.85,64.20706,7.541,1244.6355,1244.6355,72462
2017-08-04 00:00:00+00:00,2793.37,2877.52,2765.91,2855.0,58.19671,90.38001,2624.703,2624.703,7635.81,1268.41,1270.1,1254.12,1258.73,55.2842,6.97748,1246.962,1246.962,69616
2017-08-07 00:00:00+00:00,3222.75,3430.0,3186.0,3387.55,69.28892,180.79863,2796.032,2796.032,12042.05,1257.14,1259.82,1255.69,1257.67,54.43095,6.37191,1249.133,1249.133,56695
2017-08-08 00:00:00+00:00,3387.55,3490.0,3300.0,3412.41,69.75173,204.3171,2853.392,2853.392,15829.04,1257.07,1265.12,1251.44,1260.74,56.52383,6.06974,1251.3095,1251.3095,70843
2017-08-09 00:00:00+00:00,3412.41,3423.1,3178.72,3342.99,66.72776,214.87708,2876.79,2876.79,14270.73,1260.91,1278.64,1260.71,1277.39,65.71948,7.09203,1254.172,1254.172,92912
2017-08-10 00:00:00+00:00,3342.99,3448.0,3311.17,3413.03,68.22455,226.28906,2913.9415,2913.9415,9027.65,1277.32,1287.76,1274.57,1286.25,69.4254,8.51894,1257.6095,1257.6095,86767
2017-08-11 00:00:00+00:00,3413.03,3705.0,3390.67,3645.06,72.61905,251.16079,2954.559,2954.559,11923.28,1286.13,1291.93,1281.23,1290.41,71.01008,9.87165,1260.6895,1260.6895,84718
2017-08-14 00:00:00+00:00,4053.87,4329.43,3964.96,4306.23,81.24708,370.12485,3161.628,3161.628,14210.19,1289.31,1289.43,1278.54,1281.3,63.27569,10.09224,1263.074,1263.074,71735
2017-08-15 00:00:00+00:00,4306.23,4400.0,3800.0,4155.67,75.04333,390.57787,3243.162,3243.162,25498.45,1280.97,1281.87,1267.23,1271.52,56.19886,9.36989,1264.5485,1264.5485,69919
2017-08-16 00:00:00+00:00,4155.67,4379.78,3926.06,4378.84,77.75474,419.95402,3328.7875,3328.7875,12923.26,1271.35,1283.75,1267.7,1283.08,61.65752,9.61934,1266.646,1266.646,73030
2017-08-17 00:00:00+00:00,4378.84,4480.0,4167.21,4276.5,73.79532,430.01985,3403.762,3403.762,14566.12,1283.65,1290.08,1281.74,1287.74,63.62545,10.07688,1268.802,1268.802,93880
2017-08-18 00:00:00+00:00,4276.5,4368.0,3964.96,4100.0,67.41899,418.9259,3474.734,3474.734,17329.3,1288.59,1300.74,1283.4,1284.62,61.35489,10.07164,1270.298,1270.298,102322
2017-08-21 00:00:00+00:00,4058.68,4080.0,3949.78,3987.52,63.18843,362.41671,3665.5625,3665.5625,9779.7,1282.99,1293.68,1280.51,1291.59,64.41043,10.50876,1272.112,1272.112,69750
2017-08-22 00:00:00+00:00,3987.52,4139.31,3600.0,4085.0,65.27734,346.82963,3734.637,3734.637,23497.56,1290.75,1292.49,1281.9,1284.96,59.58439,10.20259,1273.8745,1273.8745,64645
2017-08-23 00:00:00+00:00,4085.0,4248.97,4051.94,4108.12,65.77342,332.50938,3800.3745,3800.3745,14972.03,1284.55,1291.42,1282.72,1290.44,62.11133,10.28359,1275.3545,1275.3545,63937
2017-08-24 00:00:00+00:00,4108.12,4350.0,4082.57,4300.34,69.65514,332.83433,3872.6415,3872.6415,10779.09,1290.36,1291.1,1284.4,1286.15,59.00127,9.88764,1276.741,1276.741,69416
2017-08-25 00:00:00+00:00,4300.34,4449.98,4270.0,4355.98,70.6913,333.73445,3927.2595,3927.2595,9691.7,1286.06,1294.52,1276.37,1291.47,61.57105,9.88914,1277.869,1277.869,81092
2017-08-28 00:00:00+00:00,4337.68,4399.72,4169.01,4379.99,70.67637,315.62425,4078.6765,4078.6765,8636.26,1292.48,1312.03,1291.78,1309.61,68.7611,11.22467,1279.881,1279.881,68345
2017-08-29 00:00:00+00:00,4379.99,4649.78,4336.26,4578.82,74.63896,323.21485,4140.468,4140.468,11875.02,1314.13,1325.94,1304.97,1309.48,68.66195,12.13275,1281.909,1281.909,117617
2017-08-30 00:00:00+00:00,4578.82,4642.22,4479.0,4573.2,74.3332,325.03022,4198.4765,4198.4765,8593.36,1310.24,1313.68,1305.11,1308.15,67.58821,12.59984,1284.0075,1284.0075,81126
2017-08-31 00:00:00+00:00,4573.2,4765.21,4566.66,4734.26,77.21405,335.59656,4252.9365,4252.9365,8901.59,1308.4,1323.53,1298.78,1321.41,72.2479,13.87998,1286.6355,1286.6355,87433
2017-09-01 00:00:00+00:00,4734.26,4935.0,4671.09,4921.7,80.0241,355.00306,4306.2665,4306.2665,15349.9,1321.85,1328.76,1316.35,1324.59,73.24144,14.97845,1289.9285,1289.9285,86568
2017-09-04 00:00:00+00:00,4606.26,4613.97,4058.5,4277.0,53.55037,284.22041,4354.636,4354.636,25014.15,1335.18,1339.72,1331.73,1333.96,75.97117,16.41583,1293.743,1293.743,57399
2017-09-05 00:00:00+00:00,4277.0,4474.88,4001.93,4396.52,56.60343,257.9793,4355.52,4355.52,20870.95,1333.49,1344.25,1326.22,1339.95,77.548,17.83275,1297.7035,1297.7035,103529
2017-09-06 00:00:00+00:00,4396.52,4649.23,4356.42,4605.8,61.38903,251.1748,4371.985,4371.985,16613.84,1339.61,1342.39,1331.55,1334.01,72.46933,18.26581,1300.5345,1300.5345,87303
2017-09-07 00:00:00+00:00,4605.8,4674.34,4475.0,4615.0,61.58956,243.71514,4397.735,4397.735,9248.08,1334.05,1349.78,1332.48,1349.31,76.70178,19.61745,1303.6875,1303.6875,100329
2017-09-08 00:00:00+00:00,4615.0,4679.97,4125.99,4312.0,52.00916,210.92237,4408.3575,4408.3575,23654.99,1348.58,1357.42,1342.71,1346.48,74.4227,20.22711,1306.491,1306.491,101482
2017-09-11 00:00:00+00:00,4226.22,4353.49,4092.4,4207.31,48.9241,124.25519,4438.91,4438.91,11154.82,1338.93,1339.96,1326.34,1327.25,61.13067,18.94024,1308.7885,1308.7885,82571
2017-09-12 00:00:00+00:00,4207.31,4377.65,4080.0,4172.56,47.84416,98.57616,4442.132,4442.132,13251.77,1327.45,1331.8,1322.52,1331.26,62.62954,18.03605,1311.7755,1311.7755,123378
2017-09-13 00:00:00+00:00,4172.56,4179.14,3720.01,3865.34,39.53531,52.82631,4420.382,4420.382,29518.25,1333.21,1334.59,1320.77,1323.0,57.69428,16.46319,1313.7715,1313.7715,89613
2017-09-14 00:00:00+00:00,3865.34,3921.74,3210.0,3227.79,28.48127,-34.47829,4363.9725,4363.9725,41197.76,1323.07,1330.55,1315.6,1329.56,60.36552,15.56658,1315.8625,1315.8625,82706
2017-09-15 00:00:00+00:00,3227.79,3820.0,2977.0,3700.01,41.52301,-64.81644,4332.304,4332.304,59782.68,1330.58,1334.24,1319.49,1320.29,55.07355,13.94722,1317.646,1317.646,84096
2017-09-18 00:00:00+00:00,3662.99,4122.7,3659.42,4101.6,51.0632,-88.27472,4239.6555,4239.6555,17181.29,1318.33,1319.59,1304.56,1307.19,48.59081,11.47453,1318.426,1318.426,68185
2017-09-19 00:00:00+00:00,4101.6,4119.7,3848.35,3888.8,46.84488,-87.8958,4205.4355,4205.4355,15251.89,1307.67,1311.6,1305.06,1310.9,50.37248,9.70243,1319.723,1319.723,69007
2017-09-20 00:00:00+00:00,3888.8,4050.0,3820.56,3874.46,46.56571,-87.74119,4162.4455,4162.4455,11636.97,1310.63,1315.94,1295.91,1300.08,45.42773,7.34034,1320.205,1320.205,83129
2017-09-21 00:00:00+00:00,3874.46,3914.0,3573.0,3617.05,41.75542,-107.15429,4097.213,4097.213,17898.73,1301.41,1301.61,1288.08,1291.22,41.80858,4.69926,1320.4585,1320.4585,82306
2017-09-22 00:00:00+00:00,3617.05,3761.84,3514.0,3612.18,41.66772,-121.53135,4047.827,4047.827,14959.45,1291.63,1298.61,1291.2,1296.89,44.83734,3.02879,1320.7295,1320.7295,69251
2017-09-25 00:00:00+00:00,3664.22,3968.59,3658.39,3918.0,49.61139,-105.58499,3951.9075,3951.9075,14928.61,1295.97,1311.88,1289.64,1310.28,51.28564,2.75365,1320.763,1320.763,89656
2017-09-26 00:00:00+00:00,3918.0,3970.0,3850.61,3888.03,48.94234,-92.95856,3916.019,3916.019,9982.65,1309.55,1313.56,1292.06,1293.8,44.40549,1.19207,1319.979,1319.979,80084
2017-09-27 00:00:00+00:00,3888.03,4226.73,3870.0,4199.29,55.63421,-57.17685,3895.2335,3895.2335,15047.14,1293.26,1296.14,1281.4,1282.16,40.29379,-0.97353,1318.6795,1318.6795,78717
2017-09-28 00:00:00+00:00,4199.29,4270.01,4123.5,4184.84,55.27203,-29.64386,3888.8755,3888.8755,9606.78,1283.22,1288.71,1277.65,1286.98,42.6614,-2.27463,1316.958,1316.958,74134
2017-09-29 00:00:00+00:00,4184.84,4227.62,4022.02,4164.82,54.74033,-9.33165,3881.6805,3881.6805,12152.44,1286.63,1290.25,1275.92,1279.37,39.9667,-3.87515,1314.697,1314.697,70719
2017-10-02 00:00:00+00:00,4377.22,4453.0,4352.0,4391.48,59.60773,67.40521,3906.1155,3906.1155,8257.67,1278.95,1279.12,1269.52,1270.95,37.16919,-5.75664,1311.5465,1311.5465,64641
2017-10-03 00:00:00+00:00,4391.48,4425.0,4218.0,4315.83,57.11551,77.34101,3928.64,3928.64,12439.78,1270.67,1274.68,1268.22,1271.54,37.49932,-7.11808,1308.126,1308.126,54806
2017-10-04 00:00:00+00:00,4315.83,4343.0,4170.07,4219.53,54.01927,76.56204,3978.227,3978.227,8495.27,1271.44,1282.12,1270.44,1274.64,39.30385,-7.85632,1305.1575,1305.1575,58284
2017-10-05 00:00:00+00:00,4219.53,4358.97,4137.96,4301.09,56.18564,81.58545,4008.281,4008.281,8403.54,1274.97,1278.92,1266.09,1267.57,36.70127,-8.90917,1301.0705,1301.0705,53927
2017-10-06 00:00:00+00:00,4301.09,4425.0,4278.4,4362.95,57.80929,89.52612,4042.482,4042.482,8373.72,1268.72,1276.24,1260.54,1276.17,41.75371,-8.94648,1297.555,1297.555,72066
2017-10-09 00:00:00+00:00,4597.98,4865.0,4541.0,4764.7,67.16765,148.29476,4149.1115,4149.1115,12900.31,1275.91,1285.36,1275.16,1283.94,45.95129,-8.25393,1295.3895,1295.3895,59990
2017-10-10 00:00:00+00:00,4764.7,4909.97,4700.0,4749.29,66.52485,167.39614,4192.853,4192.853,11657.5,1283.73,1294.13,1282.02,1287.92,48.01777,-7.29978,1293.2225,1293.2225,71848
2017-10-11 00:00:00+00:00,4749.29,4869.78,4700.0,4822.01,68.07741,186.25498,4253.101,4253.101,9847.43,1287.85,1293.42,1284.49,1291.32,49.78408,-6.19782,1291.6385,1291.6385,70878
2017-10-12 00:00:00+00:00,4822.01,5445.0,4793.66,5445.0,77.64362,248.60508,4344.742,4344.742,19885.18,1291.53,1297.39,1289.52,1293.27,50.81631,-5.10827,1289.824,1289.824,105456
2017-10-13 00:00:00+00:00,5445.0,5846.43,5380.0,5653.6,79.82384,311.26221,4438.4635,4438.4635,27797.47,1293.66,1303.64,1290.82,1303.3,55.84406,-3.3963,1288.9745,1288.9745,153698
2017-10-16 00:00:00+00:00,5679.7,5807.11,5548.0,5745.72,77.29218,424.60995,4726.2865,4726.2865,9053.39,1303.33,1305.91,1290.31,1294.57,50.96104,-2.71273,1288.3435,1288.3435,144860
2017-10-17 00:00:00+00:00,5745.72,5776.31,5506.78,5597.31,71.62221,427.52713,4796.1875,4796.1875,9087.77,1295.88,1296.11,1281.22,1285.14,46.25601,-2.8985,1287.0555,1287.0555,157036
2017-10-18 00:00:00+00:00,5597.31,5617.75,5101.36,5582.05,71.0451,423.72324,4866.048,4866.048,18914.61,1284.93,1288.78,1276.85,1280.81,44.23641,-3.35643,1286.092,1286.092,132546
2017-10-19 00:00:00+00:00,5582.05,5735.14,5512.06,5698.69,72.84612,425.21885,4942.7415,4942.7415,9883.68,1281.37,1290.18,1276.45,1289.36,48.97394,-2.9949,1285.999,1285.999,188691
2017-10-20 00:00:00+00:00,5698.69,6074.0,5589.8,5977.29,76.59144,443.76933,5025.3015,5025.3015,15052.02,1289.44,1290.9,1277.83,1280.11,44.56296,-3.41542,1285.16,1285.16,176638
2017-10-23 00:00:00+00:00,5969.0,6045.34,5617.75,5871.17,71.03912,444.79594,5263.7565,5263.7565,15257.2,1277.23,1283.13,1272.39,1281.93,45.60114,-3.56077,1283.7425,1283.7425,151233
2017-10-24 00:00:00+00:00,5871.17,5871.17,5453.01,5523.4,58.73334,402.36678,5328.95,5328.95,17264.05,1281.54,1283.51,1273.6,1276.47,42.99952,-4.06963,1282.876,1282.876,158740
2017-10-25 00:00:00+00:00,5523.4,5748.0,5366.0,5735.88,62.9556,381.48915,5400.6895,5400.6895,12312.35,1276.32,1279.95,1270.88,1277.36,43.56472,-4.35094,1282.636,1282.636,187228
2017-10-26 00:00:00+00:00,5735.88,5988.0,5683.0,5890.0,65.69718,373.07905,5477.042,5477.042,11743.86,1277.97,1282.38,1265.6,1266.9,38.70694,-5.35617,1281.632,1281.632,182397
2017-10-27 00:00:00+00:00,5890.0,5994.06,5674.06,5771.89,61.91546,352.81645,5544.4715,5544.4715,11878.19,1267.59,1273.66,1263.62,1273.43,42.98144,-5.56179,1281.335,1281.335,181508
2017-10-30 00:00:00+00:00,6137.37,6229.77,6024.03,6119.99,67.27215,343.13715,5738.2755,5738.2755,9573.17,1273.28,1278.67,1268.8,1276.01,44.62461,-5.45369,1281.588,1281.588,143456
2017-10-31 00:00:00+00:00,6119.99,6449.78,6072.81,6434.21,71.86417,366.62831,5818.8855,5818.8855,13388.29,1275.99,1278.01,1267.53,1271.0,42.08815,-5.70651,1281.561,1281.561,140083
2017-11-01 00:00:00+00:00,6434.21,6756.36,6340.01,6741.59,75.48745,405.37531,5883.715,5883.715,12942.67,1270.32,1280.71,1267.85,1274.52,44.47609,-5.55876,1281.555,1281.555,175043
2017-11-02 00:00:00+00:00,6741.59,7354.1,6700.0,7030.0,78.30989,454.12004,5952.535,5952.535,26442.64,1275.35,1283.96,1273.28,1276.15,45.59482,-5.24962,1281.984,1281.984,179550
2017-11-03 00:00:00+00:00,7030.0,7500.0,6925.22,7146.82,79.34719,496.45418,6019.8115,6019.8115,15978.77,1277.25,1280.05,1265.37,1270.03,42.16007,-5.4358,1281.677,1281.677,141849
2017-11-06 00:00:00+00:00,7372.72,7421.39,6922.07,6967.68,68.11999,556.51773,6255.1365,6255.1365,19290.82,1269.42,1282.79,1265.98,1281.49,49.78798,-4.60553,1281.5545,1281.5545,153270
2017-11-07 00:00:00+00:00,6967.68,7244.69,6945.0,7130.28,70.14294,550.64616,6332.548,6332.548,11625.97,1281.09,1281.3,1271.71,1275.23,46.20349,-4.40193,1280.92,1280.92,158484
2017-11-08 00:00:00+00:00,7130.28,7888.0,7080.01,7450.32,73.68271,565.30102,6420.1295,6420.1295,24598.0,1276.68,1287.07,1275.84,1281.16,49.88428,-3.7192,1280.412,1280.412,156715
2017-11-09 00:00:00+00:00,7450.32,7490.0,7061.2,7148.0,65.75245,546.22387,6478.665,6478.665,14729.52,1281.48,1288.31,1279.82,1284.63,51.9558,-2.8651,1279.98,1279.98,209480
2017-11-10 00:00:00+00:00,7148.0,7343.18,6429.44,6588.18,54.13377,480.39461,6507.401,6507.401,26492.72,1285.26,1286.93,1273.32,1275.6,46.56207,-2.88362,1278.595,1278.595,170897
2017-11-13 00:00:00+00:00,5870.37,6775.75,5846.0,6525.17,52.77729,270.65625,6576.756,6576.756,27163.67,1274.95,1279.62,1274.19,1277.94,48.06664,-2.67861,1277.7635,1277.7635,136369
2017-11-14 00:00:00+00:00,6525.17,6750.0,6466.88,6609.0,53.86131,249.53939,6620.412,6620.412,12072.05,1277.89,1283.45,1269.8,1280.32,49.62034,-2.2976,1277.5225,1277.5225,165572
2017-11-15 00:00:00+00:00,6609.0,7350.0,6609.0,7294.0,61.61526,284.79495,6690.612,6690.612,16869.9,1279.84,1289.39,1276.57,1278.34,48.32506,-2.13086,1277.399,1277.399,203828
2017-11-16 00:00:00+00:00,7294.0,7976.79,7120.85,7846.96,66.50834,353.28208,6794.3655,6794.3655,19272.37,1278.37,1281.67,1274.99,1278.3,48.29763,-1.97913,1276.846,1276.846,159599
2017-11-17 00:00:00+00:00,7846.96,7997.0,7528.5,7674.99,63.78509,389.19567,6891.5805,6891.5805,17714.37,1278.52,1296.77,1278.16,1294.11,58.35822,-0.5765,1277.546,1277.546,182172
2017-11-20 00:00:00+00:00,8016.58,8269.99,7900.0,8226.17,68.63858,502.24884,7157.691,7157.691,8179.46,1293.14,1294.62,1274.46,1276.65,47.39081,-0.86382,1277.282,1277.282,180803
2017-11-21 00:00:00+00:00,8226.17,8354.46,7770.0,8095.23,66.23336,519.238,7225.373,7225.373,13686.34,1277.74,1284.6,1276.18,1280.37,49.56557,-0.78234,1277.477,1277.477,164875
2017-11-22 00:00:00+00:00,8095.23,8310.89,8045.76,8214.69,67.35721,536.16093,7284.6075,7284.6075,8078.58,1280.68,1294.52,1278.93,1291.94,55.69945,0.21338,1278.206,1278.206,164347
2017-11-23 00:00:00+00:00,8214.69,8279.76,7980.0,7989.0,63.0853,525.30577,7326.7165,7326.7165,7811.79,1291.58,1293.44,1286.82,1290.93,55.06981,0.9105,1279.4075,1279.4075,80544
2017-11-24 00:00:00+00:00,7989.0,8340.0,7876.0,8199.19,65.293,527.58192,7367.2345,7367.2345,9289.99,1290.91,1293.13,1285.49,1288.27,53.35902,1.23411,1280.1495,1280.1495,118970
2017-11-27 00:00:00+00:00,9271.06,9721.7,9267.0,9708.07,76.81217,711.53047,7678.5565,7678.5565,13272.45,1288.1,1299.08,1286.62,1294.26,56.62667,1.95142,1281.062,1281.062,151753
2017-11-28 00:00:00+00:00,9708.07,9968.0,9582.25,9868.82,77.7276,778.92065,7799.4815,7799.4815,11214.93,1294.55,1297.28,1290.53,1293.75,56.26523,2.45049,1282.1995,1282.1995,149232
2017-11-29 00:00:00+00:00,9868.82,11395.0,9289.0,9824.68,76.83065,819.32149,7933.3155,7933.3155,29509.5,1293.42,1296.54,1281.9,1283.24,49.28391,1.97517,1282.6355,1282.6355,181904
2017-11-30 00:00:00+00:00,9824.68,10618.29,9000.0,9947.67,77.60609,851.44875,8101.29,8101.29,25433.46,1284.25,1285.16,1270.22,1274.7,44.45692,0.89901,1282.563,1282.563,192758
2017-12-01 00:00:00+00:00,9947.67,10949.89,9370.11,10840.45,82.25005,938.13547,8325.556,8325.556,16708.03,1275.02,1289.07,1271.5,1279.88,47.79676,0.45883,1283.0555,1283.0555,220393
2017-12-04 00:00:00+00:00,11250.0,11613.07,10850.0,11613.07,85.39163,1131.69821,9062.0825,9062.0825,13621.48,1273.95,1277.02,1270.89,1275.94,45.55307,-0.20556,1282.778,1282.778,176081
2017-12-05 00:00:00+00:00,11613.07,11850.0,11384.25,11677.0,85.62788,1177.35851,9281.2325,9281.2325,10910.99,1276.38,1276.9,1260.86,1265.66,40.24475,-1.54382,1282.2995,1282.2995,172695
2017-12-06 00:00:00+00:00,11677.0,13700.0,11659.8,13623.5,90.60825,1354.99141,9570.0595,9570.0595,19784.87,1265.99,1269.13,1262.43,1263.12,39.0344,-2.77733,1281.3975,1281.3975,173237
2017-12-07 00:00:00+00:00,13623.5,16615.62,13085.9,16599.99,94.0205,1716.16178,10016.3095,10016.3095,24423.39,1263.66,1264.31,1243.78,1246.64,32.25608,-5.02676,1279.498,1279.498,167703
2017-12-08 00:00:00+00:00,16599.99,16666.66,13482.42,15800.0,85.07395,1915.75576,10417.758,10417.758,25473.4,1247.58,1252.23,1243.6,1248.04,33.31547,-6.62016,1278.12,1278.12,151920
2017-12-11 00:00:00+00:00,14691.0,17270.0,14677.19,16470.0,78.85881,2101.85093,11489.2835,11489.2835,16583.72,1247.73,1251.4,1240.58,1241.54,30.89942,-8.31163,1276.3,1276.3,127261
2017-12-12 00:00:00+00:00,16470.0,17428.42,15967.29,16650.01,79.27659,2195.21999,11911.0495,11911.0495,12511.23,1242.1,1246.09,1236.37,1243.77,32.70258,-9.36424,1274.4725,1274.4725,131161
2017-12-13 00:00:00+00:00,16650.01,17107.03,15497.69,16250.0,75.69684,2211.44601,12324.0995,12324.0995,17136.71,1243.8,1256.92,1240.12,1255.51,41.37574,-9.1457,1273.331,1273.331,153717
2017-12-14 00:00:00+00:00,16250.0,16830.45,15852.69,16404.99,76.14629,2211.32091,12734.3895,12734.3895,13409.52,1254.01,1258.95,1250.35,1252.5,39.954,-9.11036,1272.041,1272.041,162244
2017-12-15 00:00:00+00:00,16404.99,17934.0,16337.19,17471.5,79.02132,2271.10038,13172.065,13172.065,18998.39,1252.95,1261.72,1252.94,1255.33,41.97289,-8.7531,1270.102,1270.102,144619
2017-12-18 00:00:00+00:00,18953.0,19220.0,17835.2,18940.57,80.48074,2537.23019,14583.735,14583.735,14678.94,1254.14,1263.83,1252.62,1261.62,46.29496,-7.87168,1269.3505,1269.3505,134640
2017-12-19 00:00:00+00:00,18940.57,19160.79,16831.26,17700.0,69.8676,2433.63287,14977.501,14977.501,21528.14,1261.66,1265.11,1259.11,1261.64,46.30865,-7.08981,1268.414,1268.414,126836
2017-12-20 00:00:00+00:00,17700.0,17950.0,15343.04,16466.98,61.22553,2226.37261,15303.4665,15303.4665,31172.23,1261.44,1267.7,1261.25,1265.37,48.92437,-6.09889,1267.0855,1267.0855,124844
2017-12-21 00:00:00+00:00,16466.98,17281.17,15005.0,15600.01,55.98216,1969.45744,15541.4445,15541.4445,20377.86,1265.76,1268.8,1262.64,1266.52,49.7374,-5.16128,1265.865,1265.865,115585
2017-12-22 00:00:00+00:00,15600.01,15795.61,11159.93,14009.79,47.88209,1618.87151,15698.334,15698.334,57444.16,1266.21,1276.02,1264.84,1275.28,55.54272,-3.66907,1265.2155,1265.2155,99995
2017-12-26 00:00:00+00:00,13911.28,16147.87,13746.95,15764.44,56.14185,868.77809,16212.785,16212.785,15051.16,1278.14,1283.58,1276.92,1283.08,59.97556,-1.83592,1264.6565,1264.6565,55849
2017-12-27 00:00:00+00:00,15764.44,16480.52,14484.0,15364.93,54.05395,797.39444,16151.032,16151.032,15643.75,1282.27,1288.8,1281.22,1287.01,62.02985,-0.06527,1264.3195,1264.3195,109205
2017-12-28 00:00:00+00:00,15364.93,15474.19,13500.0,14470.07,49.60404,660.99512,16084.5355,16084.5355,16557.22,1287.32,1295.07,1286.59,1294.86,65.80523,1.94895,1264.9005,1264.9005,104846
2017-12-29 00:00:00+00:00,14470.07,15111.0,13998.0,14340.0,48.97295,536.2209,16071.161,16071.161,13505.7,1294.06,1307.41,1293.73,1302.33,68.96731,4.10073,1266.282,1266.282,109777
2018-01-02 00:00:00+00:00,13443.41,15257.53,12910.58,14678.94,51.63664,107.16812,15600.228,15600.228,16299.67,1309.81,1318.8,1308.4,1317.82,74.27883,6.97553,1268.179,1268.179,102695
2018-01-03 00:00:00+00:00,14678.94,15500.0,14546.28,15155.62,53.67407,153.2422,15537.7595,15537.7595,12275.0,1317.27,1321.24,1307.31,1312.78,70.07608,8.74633,1270.021,1270.021,142284
2018-01-04 00:00:00+00:00,15155.62,15430.27,14192.37,15143.67,53.6131,186.6405,15421.368,15421.368,15004.02,1312.74,1325.84,1305.7,1322.69,73.2777,10.82457,1272.8725,1272.8725,151996
2018-01-05 00:00:00+00:00,15143.67,17200.0,14810.0,16928.0,60.77815,353.02002,15308.379,15308.379,16248.91,1321.96,1323.26,1313.55,1319.9,70.97534,12.1069,1275.7115,1275.7115,136053
2018-01-08 00:00:00+00:00,16124.02,16300.0,13900.0,14999.99,50.47092,446.62503,14942.3845,14942.3845,16684.13,1320.69,1322.0,1314.65,1320.27,71.105,13.00313,1279.393,1279.393,112389
2018-01-09 00:00:00+00:00,14999.99,15367.18,14123.97,14403.51,47.80452,334.59772,14839.211,14839.211,13913.52,1319.49,1320.04,1308.26,1312.61,64.66452,12.94606,1282.6215,1282.6215,145871
2018-01-10 00:00:00+00:00,14403.51,14900.0,13412.0,14890.02,50.11923,281.82387,14803.7115,14803.7115,18479.01,1311.82,1327.6,1307.96,1316.59,66.36902,13.0713,1286.374,1286.374,189476
2018-01-11 00:00:00+00:00,14890.02,14973.07,12800.0,13243.83,43.14678,105.94517,14765.4135,14765.4135,19630.08,1317.13,1323.79,1315.58,1322.34,68.71684,13.47916,1290.3025,1290.3025,160080
2018-01-12 00:00:00+00:00,13243.83,14152.19,12807.27,13781.41,45.79857,9.82499,14723.534,14723.534,13433.08,1322.35,1339.21,1321.62,1338.17,74.08141,14.90789,1294.4355,1294.4355,178622
2018-01-15 00:00:00+00:00,13647.99,14394.36,13429.25,13607.04,45.22674,-170.94033,14604.495,14604.495,9444.64,1336.05,1344.6,1335.92,1339.93,74.60288,15.99777,1298.807,1298.807,114118
2018-01-16 00:00:00+00:00,13607.04,13607.04,10162.0,11386.34,36.59455,-394.7213,14405.5655,14405.5655,38789.88,1339.42,1342.13,1331.66,1338.37,73.19714,16.54491,1302.959,1302.959,172948
2018-01-17 00:00:00+00:00,11386.34,11794.07,9222.0,11191.35,35.94579,-581.10478,14241.6295,14241.6295,41356.19,1339.2,1343.82,1326.28,1326.61,63.48553,15.84692,1306.2085,1306.2085,201740
2018-01-18 00:00:00+00:00,11191.35,12146.0,10693.0,11247.57,36.29645,-716.02466,14087.008,14087.008,22195.26,1327.51,1332.96,1324.14,1327.04,63.67531,15.15377,1309.4785,1309.4785,183343
2018-01-19 00:00:00+00:00,11247.57,12050.39,11025.18,11552.0,38.26725,-789.28628,14032.608,14032.608,13203.26,1327.54,1337.86,1326.66,1331.43,65.6388,14.78821,1312.7815,1312.7815,174190
2018-01-22 00:00:00+00:00,11558.87,11910.78,10028.41,10808.99,37.63906,-880.18729,13689.683,13689.683,17067.73,1335.05,1335.44,1328.27,1333.87,66.7157,14.52792,1316.149,1316.149,142730
2018-01-23 00:00:00+00:00,10808.99,11409.87,9927.54,10851.82,37.90391,-937.29522,13474.493,13474.493,17250.18,1333.4,1341.64,1331.24,1341.11,69.74561,14.73598,1319.4405,1319.4405,167286
2018-01-24 00:00:00+00:00,10851.82,11500.0,10488.13,11400.96,41.34365,-927.55042,13287.3575,13287.3575,11646.79,1340.92,1362.02,1339.42,1357.97,75.36877,16.07601,1323.185,1323.185,196575
2018-01-25 00:00:00+00:00,11400.96,11741.82,10868.57,11155.54,40.27002,-928.9229,12998.7345,12998.7345,10212.92,1357.25,1365.92,1342.33,1348.22,67.54983,16.16492,1326.2455,1326.2455,245829
2018-01-26 00:00:00+00:00,11155.54,11635.0,10263.32,11092.95,39.98484,-924.40513,12695.8985,12695.8985,15074.67,1347.0,1356.96,1344.46,1350.0,68.19847,16.19235,1329.0025,1329.0025,215417
2018-01-29 00:00:00+00:00,11685.58,11820.01,10991.0,11162.62,41.30259,-803.48209,12134.2595,12134.2595,9996.36,1351.03,1352.39,1337.57,1340.32,61.05147,15.25712,1330.902,1330.902,177086
2018-01-30 00:00:00+00:00,11162.62,11222.36,9731.2,9971.0,35.66966,-876.53852,11888.3085,11888.3085,21082.19,1341.3,1348.9,1334.44,1338.59,59.84441,14.21252,1331.9405,1331.9405,207275
2018-01-31 00:00:00+00:00,9971.0,10324.0,9514.96,10149.0,37.05073,-909.58799,11733.567,11733.567,12743.51,1337.42,1347.57,1332.75,1344.94,62.7552,13.73868,1333.5485,1333.5485,214777
2018-02-01 00:00:00+00:00,10149.0,10187.56,8455.0,8998.99,32.23567,-1016.85447,11494.446,11494.446,26356.59,1343.39,1350.97,1337.24,1348.39,64.27057,13.48609,1334.8335,1334.8335,211212
2018-02-02 00:00:00+00:00,8998.99,9096.79,7625.25,8838.83,31.61937,-1102.08337,11226.4985,11226.4985,51005.6,1347.81,1350.06,1327.43,1332.57,53.51771,11.87251,1335.467,1335.467,233006
2018-02-05 00:00:00+00:00,8191.0,8335.56,6600.0,6874.27,26.33971,-1373.60692,10508.9865,10508.9865,46544.43,1331.64,1341.59,1328.99,1339.56,56.94529,11.03061,1336.4315,1336.4315,249575
2018-02-06 00:00:00+00:00,6874.27,8150.0,5920.72,7737.37,33.02064,-1414.58931,10336.2875,10336.2875,70961.37,1338.91,1346.08,1320.18,1324.4,48.57863,9.03596,1337.021,1337.021,352486
2018-02-07 00:00:00+00:00,7737.37,8649.0,7213.8,7588.01,32.47177,-1442.4921,10153.3095,10153.3095,32640.89,1324.64,1332.3,1311.38,1318.29,45.66645,6.88282,1337.106,1337.106,259360
2018-02-08 00:00:00+00:00,7588.01,8644.36,7565.5,8259.76,37.50327,-1394.32771,9988.6975,9988.6975,22746.39,1317.34,1322.02,1307.04,1318.34,45.69514,5.12143,1336.906,1336.906,286441
2018-02-09 00:00:00+00:00,8259.76,8779.62,7753.32,8693.98,40.585,-1306.06367,9784.597,9784.597,18418.12,1319.11,1322.63,1311.12,1315.64,44.33379,3.46768,1335.7795,1335.7795,294243
2018-02-12 00:00:00+00:00,8067.0,8995.0,8067.0,8899.0,43.67939,-1095.25784,9399.913,9399.913,15071.04,1315.38,1326.69,1315.13,1322.86,48.73227,2.70844,1334.926,1334.926,145037
2018-02-13 00:00:00+00:00,8899.0,8951.89,8360.13,8522.99,41.68325,-1030.29516,9256.0145,9256.0145,11374.52,1323.63,1331.02,1321.59,1328.99,52.18663,2.57174,1334.457,1334.457,156092
2018-02-14 00:00:00+00:00,8522.99,9515.0,8504.57,9490.98,48.24103,-890.43863,9172.7865,9172.7865,17468.74,1329.72,1355.5,1317.3,1350.14,61.76021,4.1225,1335.6335,1335.6335,193377
2018-02-15 00:00:00+00:00,9490.98,10234.0,9350.0,10018.0,51.44257,-728.6755,9119.039,9119.039,21036.34,1350.64,1357.07,1348.53,1353.07,62.86938,5.52424,1336.935,1336.935,175472
2018-02-16 00:00:00+00:00,10018.0,10300.0,9707.51,10196.0,52.511,-579.43458,9056.512,9056.512,11857.64,1353.79,1361.69,1344.71,1347.43,59.30356,6.1096,1337.735,1337.735,166978
2018-02-19 00:00:00+00:00,10421.06,11262.48,10307.51,11173.0,57.09536,-135.98441,9050.305,9050.305,11698.26,1349.69,1351.34,1345.78,1346.6,58.77523,6.43238,1338.3715,1338.3715,87111
2018-02-20 00:00:00+00:00,11173.0,11780.0,11080.37,11233.41,57.41598,-16.59986,9104.5255,9104.5255,15880.91,1347.9,1348.09,1328.44,1329.33,48.99462,5.23431,1337.7825,1337.7825,141385
2018-02-21 00:00:00+00:00,11233.41,11275.74,10256.0,10449.4,51.98631,14.5821,9177.046,9177.046,19959.68,1329.49,1336.22,1322.14,1324.37,46.59636,3.84032,1336.1025,1336.1025,158486
2018-02-22 00:00:00+00:00,10449.4,10935.0,9731.2,9843.34,48.1923,-9.50044,9227.2715,9227.2715,20204.69,1324.39,1332.07,1320.93,1331.85,50.52917,3.3011,1335.284,1335.284,148392
2018-02-23 00:00:00+00:00,9843.34,10405.3,9600.0,10166.1,50.27365,-2.51302,9274.2835,9274.2835,16044.04,1331.78,1332.13,1325.78,1328.78,48.93628,2.59611,1334.223,1334.223,120542
2018-02-26 00:00:00+00:00,9590.04,10461.97,9376.34,10324.7,51.73739,-34.49936,9614.388,9614.388,16156.81,1329.83,1341.0,1326.65,1332.93,51.17687,2.34524,1333.8535,1333.8535,137233
2018-02-27 00:00:00+00:00,10324.7,10850.0,10150.0,10566.3,53.32077,11.42131,9763.3025,9763.3025,10408.48,1333.3,1336.7,1313.41,1318.29,43.86475,0.9541,1332.8385,1332.8385,156960
2018-02-28 00:00:00+00:00,10572.49,11064.75,10255.07,10314.9,51.42998,27.21417,9866.0595,9866.0595,108211027.46001,1318.39,1322.49,1315.59,1318.08,43.76815,-0.16345,1331.4955,1331.4955,143439
2018-03-01 00:00:00+00:00,10314.99,11090.0,10223.41,10903.13,55.41392,86.2017,9976.517,9976.517,103379827.70451,1319.02,1321.07,1302.76,1317.16,43.31806,-1.11055,1329.934,1329.934,191255
2018-03-02 00:00:00+00:00,10917.37,11175.0,10774.01,11029.99,56.24743,141.55453,10100.0165,10100.0165,91869866.55551,1316.47,1325.42,1315.2,1322.12,46.51163,-1.44426,1329.4115,1329.4115,162142
2018-03-05 00:00:00+00:00,11479.68,11688.0,11383.66,11419.24,58.62643,312.58397,10541.9425,10541.9425,113435032.99103,1323.71,1327.73,1317.53,1319.88,45.27111,-1.86794,1328.4275,1328.4275,175261
2018-03-06 00:00:00+00:00,11417.39,11420.01,10560.19,10723.76,51.97448,283.72615,10603.5815,10603.5815,158008378.38365,1320.55,1338.46,1320.21,1334.3,53.81152,-1.02828,1328.9225,1328.9225,187973
2018-03-07 00:00:00+00:00,10723.01,10911.78,9450.0,9913.03,45.49427,193.20978,10598.333,10598.333,258893765.44488,1339.55,1340.37,1322.2,1325.35,48.72886,-1.07267,1329.2755,1329.2755,206644
2018-03-08 00:00:00+00:00,9904.52,10150.0,9078.95,9285.32,41.21007,70.01684,10552.799,10552.799,209127946.2349,1325.64,1329.0,1318.87,1322.14,47.0137,-1.3513,1329.4655,1329.4655,183041
2018-03-09 00:00:00+00:00,9293.06,9420.39,8366.0,9230.0,40.84502,-31.71275,10459.249,10459.249,267800759.9751,1321.32,1325.14,1312.83,1323.36,47.7662,-1.45687,1329.8515,1329.8515,181330
2018-03-12 00:00:00+00:00,9535.04,9892.0,8742.07,9120.75,42.15277,-228.08389,10190.2385,10190.2385,171023370.9513,1322.86,1324.13,1315.04,1322.7,47.37423,-1.57563,1329.8435,1329.8435,117427
2018-03-13 00:00:00+00:00,9115.24,9482.79,8830.0,9142.32,42.35931,-265.64695,10124.8845,10124.8845,146290608.08881,1323.54,1328.28,1313.73,1326.31,49.80074,-1.36275,1329.7095,1329.7095,152139
2018-03-14 00:00:00+00:00,9152.07,9356.14,7948.0,8196.69,36.24898,-367.48425,10042.552,10042.552,173696247.42698,1325.85,1330.01,1321.46,1324.74,48.74801,-1.30567,1328.4395,1328.4395,143936
2018-03-15 00:00:00+00:00,8195.99,8425.0,7682.0,8265.05,36.95695,-437.63024,9947.4995,9947.4995,151974527.50181,1323.8,1327.88,1314.93,1316.44,43.51141,-1.90818,1326.608,1326.608,131712
2018-03-16 00:00:00+00:00,8265.05,8613.06,7914.08,8258.54,36.91491,-488.11999,9875.927,9875.927,136254549.01813,1315.92,1321.72,1309.6,1313.47,41.78183,-2.5954,1324.91,1324.91,122528
2018-03-19 00:00:00+00:00,8205.55,8718.74,8114.17,8596.93,42.64503,-548.70516,9584.175,9584.175,166746813.89468,1313.14,1319.58,1307.76,1317.02,44.61571,-2.82106,1323.431,1323.431,128966
2018-03-20 00:00:00+00:00,8596.79,9051.0,8313.01,8904.02,45.82329,-498.99718,9513.631,9513.631,119802006.50305,1317.3,1318.24,1307.17,1311.06,41.00675,-3.44115,1322.5175,1322.5175,120402
2018-03-21 00:00:00+00:00,8904.02,9188.1,8754.83,8893.79,45.73237,-455.18167,9413.164,9413.164,107623727.29435,1311.54,1336.6,1309.79,1331.8,54.72988,-2.23329,1322.889,1322.889,146322
2018-03-22 00:00:00+00:00,8892.18,9099.59,8503.52,8704.67,43.99459,-430.75251,9296.898,9296.898,109571199.37434,1331.83,1334.86,1324.77,1328.61,52.69929,-1.51598,1322.727,1322.727,167242
2018-03-23 00:00:00+00:00,8708.52,8920.79,8265.0,8920.79,46.49664,-389.46366,9170.6875,9170.6875,122658943.28989,1330.61,1350.2,1330.61,1347.51,61.75341,0.57098,1323.6635,1323.6635,174572
2018-03-26 00:00:00+00:00,8451.12,8500.0,7831.15,8149.66,39.26815,-398.16615,8747.902,8747.902,144195319.25408,1348.15,1355.87,1343.46,1353.44,64.07684,2.67261,1324.689,1324.689,136353
2018-03-27 00:00:00+00:00,8152.26,8211.62,7742.11,7791.7,36.2234,-436.33649,8641.8355,8641.8355,96502154.63956,1352.9,1356.84,1339.84,1344.59,58.37712,3.58274,1326.004,1326.004,143930
2018-03-28 00:00:00+00:00,7791.69,8104.98,7723.03,7932.41,38.25025,-450.04481,8574.19,8574.19,66930857.03378,1345.61,1346.99,1323.44,1324.83,48.09113,2.67868,1326.3415,1326.3415,175573
2018-03-29 00:00:00+00:00,7932.41,7968.0,6914.53,7088.38,31.73518,-522.98625,8467.109,8467.109,156923365.45297,1324.36,1328.3,1321.21,1325.04,48.1956,1.9566,1326.7355,1326.7355,144155
2018-04-02 00:00:00+00:00,6816.31,7106.5,6759.96,7052.76,34.41898,-670.55498,8019.875,8019.875,96087933.18998,1325.8,1344.84,1324.81,1341.04,55.53774,2.64492,1327.6815,1327.6815,139842
2018-04-03 00:00:00+00:00,7052.75,7506.84,7001.28,7416.27,39.90426,-634.35905,7980.854,7980.854,119324384.89713,1340.61,1342.45,1328.88,1332.54,51.37223,2.476,1328.3145,1328.3145,162340
2018-04-04 00:00:00+00:00,7415.53,7430.0,6710.38,6799.95,34.61748,-647.93637,7907.599,7907.599,107297787.81282,1332.58,1348.22,1331.49,1333.24,51.69356,2.37128,1328.2615,1328.2615,177158
2018-04-05 00:00:00+00:00,6799.37,6928.7,6578.95,6771.69,34.39248,-653.44435,7833.2565,7833.2565,80546110.33734,1333.1,1334.85,1322.72,1326.37,48.31894,1.71418,1328.3125,1328.3125,144548
2018-04-06 00:00:00+00:00,6771.3,6850.0,6510.0,6618.33,33.13388,-662.5469,7771.1315,7771.1315,56112968.65841,1327.25,1335.42,1319.5,1332.69,51.45835,1.68398,1328.84,1328.84,191028
2018-04-09 00:00:00+00:00,7027.26,7175.83,6611.49,6780.1,37.1534,-589.17212,7522.285,7522.285,68505562.33712,1333.49,1337.95,1326.85,1336.06,53.09455,1.90996,1329.475,1329.475,152343
2018-04-10 00:00:00+00:00,6782.39,6900.0,6653.21,6835.67,38.08828,-566.42079,7419.379,7419.379,44296459.27232,1336.61,1342.53,1331.06,1339.08,54.57232,2.30615,1330.294,1330.294,167225
2018-04-11 00:00:00+00:00,6824.75,6984.92,6809.26,6940.94,39.91179,-533.74314,7331.1925,7331.1925,40433825.76619,1339.54,1365.2,1339.49,1353.08,60.74633,3.70709,1331.6325,1331.6325,184524
2018-04-12 00:00:00+00:00,6940.94,8069.34,6758.45,7923.78,53.6407,-423.65525,7281.342,7281.342,150816318.42611,1352.57,1353.15,1333.71,1334.87,51.03118,3.3098,1332.139,1332.139,179163
2018-04-13 00:00:00+00:00,7923.78,8239.33,7753.32,7896.92,53.2824,-334.71876,7248.838,7248.838,154826561.42741,1335.54,1347.1,1333.05,1345.07,55.33968,3.77448,1333.5705,1333.5705,155453
2018-04-16 00:00:00+00:00,8353.43,8424.99,7905.0,8048.15,54.09618,-105.87829,7249.214,7249.214,87456050.59232,1342.69,1350.48,1340.11,1345.59,55.55438,4.13702,1335.1765,1335.1765,141294
2018-04-17 00:00:00+00:00,8054.68,8160.85,7806.81,7890.87,51.86836,-76.52849,7247.137,7247.137,73204794.21091,1345.89,1349.36,1337.65,1347.17,56.2427,4.49995,1336.684,1336.684,141914
2018-04-18 00:00:00+00:00,7890.87,8235.0,7870.35,8172.84,55.41349,-30.16819,7301.36,7301.36,75412466.82737,1347.12,1355.67,1342.27,1349.21,57.1651,4.89576,1338.5915,1338.5915,148657
2018-04-19 00:00:00+00:00,8172.83,8297.99,8074.44,8271.31,56.61526,14.35294,7372.4255,7372.4255,78055081.39819,1349.17,1354.65,1340.93,1345.7,55.01618,4.87007,1339.2865,1339.2865,167626
2018-04-20 00:00:00+00:00,8273.0,8934.0,8216.9,8861.0,63.04001,96.1114,7469.0445,7469.0445,142304316.49074,1345.68,1346.15,1334.94,1335.44,49.19473,3.97598,1339.628,1339.628,137528
2018-04-23 00:00:00+00:00,8781.7,9006.39,8771.22,8946.95,63.05465,246.726,7737.798,7737.798,92029380.88932,1334.69,1335.43,1322.11,1324.76,43.97815,2.37821,1338.4905,1338.4905,142291
2018-04-24 00:00:00+00:00,8942.0,9737.16,8930.0,9648.0,69.5822,332.84505,7880.2005,7880.2005,197402990.66837,1324.78,1332.64,1322.11,1330.77,47.36085,1.57872,1337.357,1337.357,150220
2018-04-25 00:00:00+00:00,9648.36,9755.53,8751.0,8864.99,57.38658,334.0618,7984.8655,7984.8655,292862958.99829,1330.06,1332.03,1318.76,1322.88,43.63576,0.30495,1336.2715,1336.2715,132330
2018-04-26 00:00:00+00:00,8855.07,9326.79,8647.29,9274.48,61.21508,363.87399,8117.673,8117.673,185888121.64283,1322.09,1326.57,1315.26,1317.01,41.04895,-1.16476,1335.8805,1335.8805,137840
2018-04-27 00:00:00+00:00,9277.32,9387.82,8901.09,8921.43,56.50181,354.92087,8218.4995,8218.4995,101485855.21475,1317.36,1325.19,1315.37,1322.91,44.60365,-1.83231,1335.774,1335.774,124453
2018-04-30 00:00:00+00:00,9396.32,9443.96,9111.0,9242.17,58.69529,392.09762,8585.4115,8585.4115,74729305.78533,1322.78,1324.88,1310.18,1314.98,41.02313,-2.96703,1334.471,1334.471,119509
2018-05-01 00:00:00+00:00,9243.51,9249.99,8815.91,9066.9,56.19021,371.31878,8691.7095,8691.7095,110056425.50346,1316.11,1316.32,1301.74,1304.0,36.63766,-4.69815,1333.044,1333.044,121515
2018-05-02 00:00:00+00:00,9066.9,9259.16,8975.23,9222.0,57.90245,363.18016,8756.6205,8756.6205,97524263.64638,1304.61,1313.43,1303.88,1304.92,37.24303,-5.9275,1331.628,1331.628,164714
2018-05-03 00:00:00+00:00,9220.0,9799.99,9165.19,9732.43,63.02422,393.38301,8848.396,8848.396,113585239.94305,1305.61,1318.06,1305.39,1312.19,41.96185,-6.24318,1330.919,1330.919,161484
2018-05-04 00:00:00+00:00,9737.0,9784.73,9527.38,9696.57,62.44937,409.70258,8933.204,8933.204,71037576.73116,1312.34,1315.32,1307.93,1314.6,43.47907,-6.2271,1330.0145,1330.0145,138486
2018-05-07 00:00:00+00:00,9621.99,9634.5,9175.0,9359.52,55.98308,390.41501,9158.859,9158.859,127442486.98596,1314.89,1318.86,1310.21,1314.2,43.27685,-6.17545,1328.9215,1328.9215,117778
2018-05-08 00:00:00+00:00,9356.79,9450.0,9015.0,9167.69,53.0276,346.39032,9208.6015,9208.6015,104679531.32246,1314.3,1317.77,1305.92,1314.67,43.60872,-6.02712,1327.701,1327.701,157331
2018-05-09 00:00:00+00:00,9181.52,9368.79,8974.62,9308.49,54.90921,319.18248,9260.4605,9260.4605,105826680.62955,1314.99,1317.38,1304.28,1312.36,42.29882,-6.02649,1325.665,1325.665,150024
2018-05-10 00:00:00+00:00,9308.49,9393.0,8987.74,9020.99,50.46404,271.29392,9268.46,9268.46,106131744.42914,1312.19,1322.82,1310.72,1321.05,48.55875,-5.2641,1324.974,1324.974,151321
2018-05-11 00:00:00+00:00,9007.19,9018.38,8351.0,8411.42,42.59116,182.05606,9242.9955,9242.9955,171457767.96521,1321.28,1325.9,1316.86,1317.93,46.60384,-4.85569,1323.617,1323.617,121865
2018-05-14 00:00:00+00:00,8696.54,8900.9,8286.57,8674.36,46.69227,48.45026,9166.377,9166.377,163615232.6704,1318.11,1322.29,1312.91,1313.13,43.68971,-4.86328,1321.994,1321.994,113839
2018-05-15 00:00:00+00:00,8674.53,8865.0,8400.0,8474.99,43.92705,7.68386,9146.877,9146.877,105020652.17074,1314.14,1314.84,1288.66,1290.77,33.25721,-6.5975,1319.174,1319.174,155008
2018-05-16 00:00:00+00:00,8481.99,8505.33,8100.01,8346.59,42.19395,-34.58594,9100.4825,9100.4825,106044454.41548,1290.69,1296.87,1286.38,1290.48,33.14666,-7.90418,1316.2375,1316.2375,149270
2018-05-17 00:00:00+00:00,8337.77,8500.0,7980.0,8067.03,38.62112,-89.61024,9057.7625,9057.7625,66626605.31223,1290.96,1294.34,1284.93,1290.77,33.38513,-8.81471,1313.491,1313.491,141985
2018-05-18 00:00:00+00:00,8058.16,8275.1,7929.53,8248.87,42.05792,-117.19349,9002.9505,9002.9505,59236817.27832,1290.49,1294.18,1286.06,1292.48,34.86061,-9.29123,1311.343,1311.343,119227
2018-05-21 00:00:00+00:00,8518.64,8589.1,8320.0,8391.76,45.21069,-134.09602,8874.8695,8874.8695,51416070.60775,1291.52,1293.12,1282.0,1292.48,34.86061,-9.55869,1309.729,1309.729,122414
2018-05-22 00:00:00+00:00,8403.23,8417.65,7951.41,7984.08,39.45378,-167.22644,8812.9735,8812.9735,72663597.40771,1292.62,1296.09,1287.9,1291.02,34.11244,-9.77578,1307.7415,1307.7415,125944
2018-05-23 00:00:00+00:00,7983.98,8032.01,7435.49,7502.89,33.95754,-229.66313,8701.4965,8701.4965,132320227.45501,1291.23,1298.28,1287.54,1293.18,36.29092,-9.66215,1306.2565,1306.2565,169357
2018-05-24 00:00:00+00:00,7509.99,7733.99,7267.24,7586.88,35.64281,-269.26347,8596.012,8596.012,88374749.29921,1293.9,1306.59,1292.72,1304.25,46.12273,-8.57993,1305.6185,1305.6185,146932
2018-05-25 00:00:00+00:00,7579.3,7661.07,7328.13,7471.18,34.34272,-306.45048,8478.407,8478.407,75375564.36985,1304.84,1307.75,1299.83,1300.52,43.67688,-7.93181,1304.499,1304.499,145825
2018-05-28 00:00:00+00:00,7348.64,7445.0,7084.99,7112.5,30.42265,-399.74691,8160.6635,8160.6635,46826086.36671,1299.41,1300.3,1295.48,1298.02,42.06672,-7.53307,1303.651,1303.651,94074
2018-05-29 00:00:00+00:00,7112.2,7537.0,7026.9,7469.45,38.56173,-392.68604,8068.7115,8068.7115,82536832.36019,1297.64,1306.57,1292.48,1298.64,42.63156,-7.08536,1303.383,1303.383,188420
2018-05-30 00:00:00+00:00,7469.45,7559.0,7273.89,7375.73,37.32709,-390.15521,7986.4485,7986.4485,65942374.82051,1299.68,1304.28,1295.86,1301.55,45.32598,-6.4217,1303.2145,1303.2145,187898
2018-05-31 00:00:00+00:00,7375.64,7601.23,7330.22,7492.28,39.90397,-374.42871,7940.4915,7940.4915,54985897.38371,1301.7,1306.43,1297.26,1298.24,42.86014,-6.09261,1302.517,1302.517,173786
2018-06-01 00:00:00+00:00,7492.28,7620.01,7348.45,7511.6,40.34186,-356.29919,7891.9915,7891.9915,50798153.27509,1298.89,1300.54,1289.34,1293.27,39.39461,-6.16181,1301.4505,1301.4505,148261
2018-06-04 00:00:00+00:00,7712.97,7764.44,7449.68,7488.26,40.91364,-285.9479,7741.3915,7741.3915,52347066.07237,1293.04,1298.08,1290.15,1291.81,38.41204,-6.26228,1300.331,1300.331,104577
2018-06-05 00:00:00+00:00,7494.99,7685.0,7360.0,7617.98,44.03113,-264.05857,7704.961,7704.961,75939491.50355,1292.18,1300.5,1289.69,1296.49,43.29441,-5.89629,1299.422,1299.422,98666
2018-06-06 00:00:00+00:00,7617.98,7695.46,7482.61,7658.57,45.00883,-240.66164,7684.538,7684.538,54054614.19622,1296.84,1301.76,1293.73,1295.95,42.87209,-5.58543,1298.6015,1298.6015,110358
2018-06-07 00:00:00+00:00,7658.99,7750.0,7618.99,7689.28,45.78055,-217.13833,7656.5585,7656.5585,58015688.73091,1296.61,1303.09,1294.82,1296.71,43.70441,-5.2176,1297.3845,1297.3845,121194
2018-06-08 00:00:00+00:00,7676.41,7697.0,7542.0,7618.11,44.23138,-201.91125,7625.904,7625.904,35626535.76237,1297.3,1300.51,1292.05,1298.6,45.8185,-4.71918,1296.418,1296.418,109534
2018-06-11 00:00:00+00:00,6781.17,6919.97,6634.86,6880.61,33.07977,-278.22215,7438.912,7438.912,78504486.52718,1299.1,1302.2,1294.02,1300.35,47.77418,-4.13531,1295.779,1295.779,92191
2018-06-12 00:00:00+00:00,6880.76,6880.76,6461.42,6557.67,29.11267,-323.80179,7391.651,7391.651,57888484.4112,1299.92,1300.23,1292.76,1295.52,43.14533,-4.01603,1296.0165,1296.0165,101366
2018-06-13 00:00:00+00:00,6557.66,6624.45,6120.0,6307.4,26.46395,-375.78684,7327.677,7327.677,121042188.57894,1295.44,1301.2,1291.82,1299.46,47.60501,-3.56251,1296.4655,1296.4655,95965
2018-06-14 00:00:00+00:00,6308.49,6708.1,6270.69,6646.1,35.07327,-385.2146,7286.423,7286.423,94280499.33785,1299.85,1309.28,1297.48,1302.25,50.56226,-2.94402,1297.0395,1297.0395,120986
2018-06-15 00:00:00+00:00,6638.8,6666.66,6370.0,6390.6,32.02715,-408.59287,7239.1535,7239.1535,45579080.70393,1302.16,1303.07,1275.33,1280.19,34.14982,-4.18567,1296.425,1296.425,129635
2018-06-18 00:00:00+00:00,6451.03,6793.0,6381.25,6707.5,40.0804,-394.19126,7125.128,7125.128,39843719.77123,1279.13,1282.39,1276.99,1278.2,33.10586,-5.26953,1295.711,1295.711,85770
2018-06-19 00:00:00+00:00,6711.3,6841.81,6660.21,6736.52,40.75969,-369.40533,7093.1675,7093.1675,36671457.82124,1278.88,1283.99,1270.31,1274.46,31.17687,-6.35699,1294.883,1294.883,111361
2018-06-20 00:00:00+00:00,6728.44,6809.26,6558.95,6756.58,41.25546,-344.17618,7056.3825,7056.3825,35092114.70897,1274.94,1276.38,1267.56,1267.56,27.94207,-7.68698,1293.602,1293.602,94062
2018-06-21 00:00:00+00:00,6756.6,6792.2,6677.85,6718.33,40.55847,-323.5388,7016.719,7016.719,32498741.82652,1268.05,1270.06,1261.29,1267.24,27.79802,-8.66692,1291.7515,1291.7515,100259
2018-06-22 00:00:00+00:00,6718.33,6737.97,5940.0,6050.45,30.78009,-356.96104,6937.1415,6937.1415,112200416.39546,1267.38,1271.03,1266.58,1269.21,30.18424,-9.17876,1290.186,1290.186,91278
2018-06-25 00:00:00+00:00,6153.6,6365.34,6075.01,6253.61,36.42393,-369.34322,6725.8655,6725.8655,60595537.94721,1271.37,1272.56,1264.4,1265.32,28.2022,-9.78548,1288.551,1288.551,85791
2018-06-26 00:00:00+00:00,6252.28,6277.0,6025.68,6068.0,33.67629,-374.68057,6646.337,6646.337,47036842.8295,1266.04,1267.61,1254.71,1258.45,25.0711,-10.69736,1286.5415,1286.5415,96050
2018-06-27 00:00:00+00:00,6073.99,6181.11,5985.0,6135.64,35.58333,-369.19661,6568.655,6568.655,45691261.60518,1258.44,1260.05,1250.59,1251.79,22.46698,-11.82116,1284.0535,1284.0535,120000
2018-06-28 00:00:00+00:00,6135.64,6165.49,5818.14,5848.33,31.44712,-383.61201,6480.166,6480.166,51923804.72591,1252.31,1254.24,1245.84,1248.14,21.16922,-12.85809,1281.5485,1281.5485,107112
2018-06-29 00:00:00+00:00,5845.2,6299.0,5774.72,6204.24,40.65049,-362.1428,6415.743,6415.743,74868879.30178,1248.01,1255.57,1245.99,1252.74,26.90005,-13.15702,1279.522,1279.522,105015
2018-07-02 00:00:00+00:00,6345.48,6667.57,6270.69,6612.98,49.79401,-251.28612,6372.2045,6372.2045,58192917.76504,1252.73,1254.15,1239.63,1241.49,22.57719,-14.13872,1277.006,1277.006,92801
2018-07-03 00:00:00+00:00,6605.46,6666.0,6464.39,6507.99,47.69973,-220.12691,6382.234,6382.234,38558964.88557,1241.89,1256.85,1237.82,1252.78,34.03401,-13.8461,1274.8205,1274.8205,99777
2018-07-04 00:00:00+00:00,6507.99,6792.28,6413.2,6584.25,49.36559,-187.12243,6379.1415,6379.1415,44158813.38032,1252.47,1261.07,1252.34,1256.47,37.29975,-13.1647,1272.8465,1272.8465,66126
2018-07-05 00:00:00+00:00,6575.62,6700.0,6445.31,6533.69,48.26788,-163.16505,6386.296,6386.296,50258553.29964,1256.24,1259.68,1251.24,1257.17,37.92754,-12.42497,1270.8695,1270.8695,96636
2018-07-06 00:00:00+00:00,6533.69,6636.15,6449.76,6596.53,49.76308,-137.52272,6391.7265,6391.7265,36001698.31494,1257.2,1258.94,1252.69,1254.56,36.46162,-11.91202,1268.6675,1268.6675,84427
2018-07-09 00:00:00+00:00,6706.6,6814.72,6620.0,6666.75,51.09752,-62.1312,6403.522,6403.522,47768711.9903,1255.25,1265.84,1254.83,1257.41,39.22396,-11.14703,1266.5205,1266.5205,85713
2018-07-10 00:00:00+00:00,6666.75,6683.9,6270.84,6299.46,42.55763,-77.71878,6380.666,6380.666,57722076.55132,1257.64,1260.24,1247.28,1255.93,38.29294,-10.53872,1264.541,1264.541,92125
2018-07-11 00:00:00+00:00,6304.45,6400.0,6285.0,6380.0,44.73866,-82.62074,6363.7495,6363.7495,40641472.79268,1255.7,1256.84,1241.41,1242.18,30.94417,-11.03888,1261.677,1261.677,107259
2018-07-12 00:00:00+00:00,6379.13,6380.0,6072.0,6243.88,41.84674,-96.37833,6373.421,6373.421,48655227.96421,1242.46,1248.5,1241.24,1246.94,35.55495,-10.92524,1258.9115,1258.9115,124587
2018-07-13 00:00:00+00:00,6243.53,6337.25,6121.01,6215.59,41.24995,-108.3155,6375.3315,6375.3315,36680034.63021,1246.83,1248.04,1236.3,1241.06,32.65446,-11.18076,1256.955,1256.955,87064
2018-07-16 00:00:00+00:00,6353.25,6755.0,6333.63,6721.04,55.18836,-74.14618,6417.297,6417.297,63205039.74075,1241.27,1245.51,1238.28,1240.8,32.5281,-11.27427,1255.085,1255.085,84962
2018-07-17 00:00:00+00:00,6721.21,7468.31,6657.95,7310.71,65.6608,1.08602,6476.0505,6476.0505,92870116.85004,1240.73,1244.94,1226.02,1227.28,26.73472,-12.29757,1252.726,1252.726,94259
2018-07-18 00:00:00+00:00,7310.71,7599.98,7239.15,7378.1,66.62087,65.39209,6552.539,6552.539,98481951.34354,1227.67,1229.1,1220.98,1227.5,26.96267,-12.94162,1250.723,1250.723,83684
2018-07-19 00:00:00+00:00,7384.92,7570.9,7278.84,7471.42,67.95688,122.47346,6615.898,6615.898,65772801.25765,1226.98,1228.98,1211.45,1222.86,25.18301,-13.66887,1248.504,1248.504,110244
2018-07-20 00:00:00+00:00,7474.35,7696.88,7265.0,7330.84,63.81325,154.58526,6663.1545,6663.1545,68757205.10379,1223.75,1232.22,1215.63,1231.59,34.0086,-13.38647,1246.623,1246.623,123272
2018-07-23 00:00:00+00:00,7393.5,7800.0,7369.86,7719.62,69.75546,243.59659,6815.9135,6815.9135,97054560.95031,1230.39,1235.15,1222.19,1224.42,30.79552,-13.58463,1244.578,1244.578,106685
2018-07-24 00:00:00+00:00,7712.46,8496.96,7691.14,8403.83,77.21783,326.10972,6906.8925,6906.8925,157213906.53095,1224.75,1229.45,1218.1,1224.45,30.82497,-13.58268,1242.878,1242.878,111426
2018-07-25 00:00:00+00:00,8394.48,8475.0,8049.22,8174.06,70.89203,368.71118,6988.911,6988.911,84585733.43799,1224.42,1234.14,1223.16,1231.57,37.61057,-12.85839,1241.867,1241.867,115501
2018-07-26 00:00:00+00:00,8174.06,8314.23,7855.97,7926.0,64.72704,378.09829,7055.3845,7055.3845,64136174.78104,1231.46,1235.18,1222.29,1222.84,33.29765,-12.8408,1240.602,1240.602,98718
2018-07-27 00:00:00+00:00,7926.0,8274.98,7798.48,8183.05,67.84735,401.64946,7126.5375,7126.5375,71206985.26846,1223.57,1227.32,1217.51,1222.81,33.28353,-12.68308,1239.1055,1239.1055,93949
2018-07-30 00:00:00+00:00,8216.74,8295.0,7853.01,8160.21,66.36055,424.46449,7373.6315,7373.6315,96175354.39569,1223.34,1225.03,1218.96,1221.28,32.52573,-12.53702,1238.095,1238.095,66142
2018-07-31 00:00:00+00:00,8162.28,8162.37,7633.67,7725.43,55.71206,382.39727,7440.903,7440.903,92659472.90059,1221.54,1228.53,1213.93,1223.94,35.28444,-12.06752,1236.653,1236.653,101931
2018-08-01 00:00:00+00:00,7726.85,7761.56,7440.0,7602.01,53.10693,335.23536,7508.8095,7508.8095,86714367.72888,1224.13,1224.76,1215.69,1216.05,31.20856,-12.19156,1234.632,1234.632,90587
2018-08-02 00:00:00+00:00,7600.22,7709.98,7455.0,7536.37,51.7217,289.22855,7574.8485,7574.8485,39658158.51805,1216.52,1221.05,1206.97,1207.72,27.58554,-12.81431,1232.1595,1232.1595,94108
2018-08-03 00:00:00+00:00,7535.0,7542.92,7286.41,7416.98,49.20758,240.36329,7633.4985,7633.4985,71097533.42053,1208.68,1219.98,1204.4,1213.14,33.03304,-12.72382,1230.0885,1230.0885,97927
2018-08-06 00:00:00+00:00,7028.89,7157.93,6835.06,6936.11,40.60381,55.06824,7663.3815,7663.3815,50755976.54284,1213.61,1217.85,1206.48,1207.1,30.29774,-12.98975,1227.573,1227.573,73276
2018-08-07 00:00:00+00:00,6932.18,7155.0,6671.0,6717.68,37.02679,-5.3931,7630.3605,7630.3605,67441429.32472,1208.09,1216.1,1207.65,1210.58,33.70395,-12.77246,1225.3055,1225.3055,74625
2018-08-08 00:00:00+00:00,6717.67,6717.68,6121.0,6283.59,31.15314,-87.3299,7570.969,7570.969,92171267.33868,1211.01,1215.82,1206.35,1213.38,36.39712,-12.2333,1223.8655,1223.8655,76836
2018-08-09 00:00:00+00:00,6283.89,6627.0,6190.01,6543.76,37.54759,-129.77588,7531.615,7531.615,62066822.22445,1213.62,1217.31,1210.72,1212.16,35.7163,-11.76879,1222.1265,1222.1265,86720
2018-08-10 00:00:00+00:00,6544.98,6584.05,5995.75,6139.99,32.50221,-193.76193,7468.1185,7468.1185,86549359.75799,1212.55,1217.09,1205.7,1211.38,35.26216,-11.33297,1220.6425,1220.6425,118308
2018-08-13 00:00:00+00:00,6311.99,6544.37,6142.2,6252.63,35.70098,-276.41539,7232.2875,7232.2875,55627653.50473,1212.51,1213.8,1191.6,1193.64,26.88822,-12.27752,1218.2845,1218.2845,90397
2018-08-14 00:00:00+00:00,6252.63,6254.02,5880.0,6193.62,34.85429,-293.4255,7133.2655,7133.2655,88167854.10575,1194.01,1198.67,1191.99,1193.93,27.1926,-12.8545,1216.617,1216.617,62151
2018-08-15 00:00:00+00:00,6194.3,6628.5,6186.02,6272.3,36.9997,-297.13215,7050.5805,7050.5805,78410733.25147,1194.26,1194.66,1173.07,1174.65,20.94833,-14.69807,1213.9745,1213.9745,77457
2018-08-16 00:00:00+00:00,6273.34,6477.57,6208.37,6313.51,38.14863,-293.3627,6957.1035,6957.1035,44821256.349,1175.55,1182.02,1160.07,1173.93,20.75664,-16.03239,1211.528,1211.528,93034
2018-08-17 00:00:00+00:00,6314.08,6584.49,6290.64,6580.15,45.12223,-265.79583,6874.224,6874.224,43663122.19931,1173.69,1185.0,1171.79,1184.17,30.49758,-16.07823,1209.157,1209.157,64952
2018-08-20 00:00:00+00:00,6481.63,6522.99,6223.9,6260.82,39.6686,-239.31428,6626.2095,6626.2095,39160307.21014,1183.46,1190.79,1182.6,1190.36,35.64726,-15.43713,1207.454,1207.454,53212
2018-08-21 00:00:00+00:00,6260.83,6513.28,6246.05,6479.27,45.16414,-220.11523,6570.0725,6570.0725,36640542.1978,1190.37,1196.91,1187.65,1196.12,40.0952,-14.29944,1206.0375,1206.0375,69290
2018-08-22 00:00:00+00:00,6478.99,6906.81,6250.0,6355.76,42.79084,-212.41746,6511.042,6511.042,75987246.46615,1196.05,1201.52,1192.54,1195.42,39.73575,-13.30096,1204.23,1204.23,68635
2018-08-23 00:00:00+00:00,6355.97,6575.99,6344.8,6525.01,46.90801,-190.46431,6466.4435,6466.4435,26285571.30221,1195.89,1196.54,1183.8,1185.27,34.85626,-13.17679,1202.3515,1202.3515,64778
2018-08-24 00:00:00+00:00,6525.99,6721.09,6445.32,6692.94,50.69917,-157.69788,6450.591,6450.591,42664431.00561,1185.3,1208.49,1183.18,1205.88,48.64619,-11.28524,1201.505,1201.505,68650
2018-08-27 00:00:00+00:00,6700.13,6944.47,6641.35,6904.51,55.45755,-68.79673,6433.1395,6433.1395,40485894.14768,1207.2,1212.33,1203.11,1211.07,51.4342,-9.26063,1200.9945,1200.9945,48250
2018-08-28 00:00:00+00:00,6911.7,7125.28,6861.17,7080.94,59.07327,-26.20597,6473.007,6473.007,58221242.29143,1210.81,1214.21,1199.53,1200.96,46.17525,-8.37536,1199.8455,1199.8455,64378
2018-08-29 00:00:00+00:00,7079.46,7124.06,6890.0,7032.96,57.7015,3.63404,6497.467,6497.467,40305745.55106,1201.47,1207.26,1201.29,1206.53,49.25376,-7.142,1199.3695,1199.3695,58304
2018-08-30 00:00:00+00:00,7034.47,7055.97,6792.85,6984.01,56.26597,23.0667,6539.668,6539.668,48016898.36626,1206.91,1207.81,1196.17,1199.61,45.75262,-6.64632,1198.964,1198.964,60868
2018-08-31 00:00:00+00:00,6984.34,7101.03,6879.0,7017.35,57.04974,40.68846,6578.5365,6578.5365,40633126.64645,1200.0,1208.77,1198.21,1200.78,46.44577,-6.08889,1198.346,1198.346,75806
2018-09-03 00:00:00+00:00,7291.94,7340.08,7184.0,7258.99,61.93973,114.75676,6727.3985,6727.3985,20542049.37356,1200.68,1203.84,1195.6,1201.25,46.74017,-5.54528,1198.0535,1198.0535,59262
2018-09-04 00:00:00+00:00,7261.29,7411.85,7231.0,7361.0,64.17204,136.30579,6781.8335,6781.8335,33353778.9837,1200.67,1201.93,1189.56,1191.03,41.40942,-5.87145,1197.076,1197.076,76229
2018-09-05 00:00:00+00:00,7353.48,7387.0,6650.0,6679.3,45.12474,97.25497,6800.123,6800.123,82882077.70532,1191.72,1198.37,1190.79,1196.48,45.01109,-5.62533,1196.231,1196.231,65696
2018-09-06 00:00:00+00:00,6671.95,6705.59,6253.29,6493.09,41.50113,50.69692,6795.77,6795.77,95279756.36183,1197.13,1206.95,1195.74,1199.97,47.24741,-5.08999,1195.6215,1195.6215,88985
2018-09-07 00:00:00+00:00,6488.01,6525.0,6322.0,6400.0,39.78128,6.21608,6795.806,6795.806,41868591.81363,1200.33,1203.48,1193.41,1195.83,44.91395,-4.94281,1194.844,1194.844,79092
2018-09-10 00:00:00+00:00,6238.99,6351.13,6223.9,6301.99,39.58941,-104.53784,6770.519,6770.519,33852559.1657,1196.35,1198.49,1191.44,1195.57,44.76443,-4.79191,1194.9405,1194.9405,60154
2018-09-11 00:00:00+00:00,6303.99,6405.0,6162.06,6279.99,39.14966,-122.39108,6766.7305,6766.7305,44442216.02282,1195.46,1199.32,1187.66,1198.37,46.81779,-4.39572,1195.1625,1195.1625,64425
2018-09-12 00:00:00+00:00,6274.6,6350.0,6192.89,6322.45,40.52282,-131.59677,6756.6025,6756.6025,27073739.96719,1197.99,1208.43,1192.63,1206.06,52.086,-3.42177,1196.733,1196.733,67159
2018-09-13 00:00:00+00:00,6326.83,6537.46,6324.37,6485.7,45.60528,-124.28673,6746.2405,6746.2405,45304868.11692,1206.47,1212.6,1200.07,1201.26,48.83423,-3.00261,1198.0995,1198.0995,74782
2018-09-14 00:00:00+00:00,6482.95,6587.0,6384.36,6476.51,45.37024,-117.87623,6733.446,6733.446,29779128.87803,1201.63,1208.52,1192.84,1193.43,44.00771,-3.26461,1198.5625,1198.5625,74488
2018-09-17 00:00:00+00:00,6499.28,6530.24,6200.0,6254.52,39.62833,-113.37715,6662.883,6662.883,27437877.01264,1193.67,1204.77,1192.75,1200.93,49.18806,-2.83439,1199.091,1199.091,61098
2018-09-18 00:00:00+00:00,6251.49,6390.0,6226.63,6332.34,42.41853,-115.81561,6627.852,6627.852,26573494.77451,1201.38,1203.48,1195.82,1198.04,47.36941,-2.69556,1199.187,1199.187,80695
2018-09-19 00:00:00+00:00,6330.0,6510.0,6100.0,6388.4,44.41164,-111.93424,6598.0715,6598.0715,46201441.46518,1197.95,1206.16,1197.92,1203.68,51.16426,-2.10616,1199.6,1199.6,69378
2018-09-20 00:00:00+00:00,6388.4,6535.11,6333.63,6492.98,48.02589,-99.2751,6571.853,6571.853,33618346.10653,1203.81,1208.4,1201.23,1207.07,53.34191,-1.34995,1200.69,1200.69,69611
2018-09-21 00:00:00+00:00,6492.98,6775.34,6483.83,6749.45,55.64267,-67.7665,6550.075,6550.075,57842691.15194,1206.75,1211.03,1191.78,1199.1,47.93055,-1.37787,1200.351,1200.351,70594
2018-09-24 00:00:00+00:00,6703.37,6721.68,6550.96,6581.52,49.87809,-23.77001,6454.2475,6454.2475,26528301.28261,1198.88,1204.12,1194.36,1198.66,47.6432,-1.41915,1199.7305,1199.7305,52248
2018-09-25 00:00:00+00:00,6578.7,6579.59,6324.96,6428.99,45.13505,-32.29273,6441.732,6441.732,52760258.6575,1198.93,1203.34,1197.01,1201.06,49.4243,-1.24386,1199.7355,1199.7355,55189
2018-09-26 00:00:00+00:00,6428.09,6540.0,6379.44,6461.51,46.30736,-36.00789,6440.153,6440.153,27758173.59844,1201.33,1202.44,1190.47,1194.22,44.75173,-1.638,1199.12,1199.12,87291
2018-09-27 00:00:00+00:00,6454.32,6736.85,6431.95,6681.62,53.54293,-20.94964,6454.234,6454.234,37850389.17199,1194.83,1198.52,1181.84,1182.52,38.11406,-2.86146,1198.2655,1198.2655,62745
2018-09-28 00:00:00+00:00,6684.5,6792.28,6525.67,6610.76,51.15305,-14.56577,6475.8565,6475.8565,50519754.25541,1183.34,1193.94,1180.66,1191.51,44.87924,-3.07025,1197.802,1197.802,64208
2018-10-01 00:00:00+00:00,6597.79,6638.15,6477.57,6571.2,49.73018,-7.34375,6522.375,6522.375,31515738.9154,1191.89,1192.15,1184.51,1188.66,43.26455,-3.42619,1197.1725,1197.1725,52576
2018-10-02 00:00:00+00:00,6569.32,6597.0,6447.28,6500.0,47.04209,-12.26259,6531.2525,6531.2525,26754867.25724,1188.81,1208.19,1188.67,1202.74,52.37996,-2.54283,1197.758,1197.758,69784
2018-10-03 00:00:00+00:00,6500.0,6510.0,6396.34,6456.77,45.4362,-19.42519,6529.806,6529.806,30829548.31464,1203.98,1208.25,1196.43,1196.85,48.84458,-2.29162,1197.7765,1197.7765,61515
2018-10-04 00:00:00+00:00,6454.81,6604.89,6450.58,6547.56,49.34705,-17.57304,6533.3585,6533.3585,25094836.4148,1197.97,1206.74,1195.95,1199.72,50.59442,-1.83974,1197.764,1197.764,70104
2018-10-05 00:00:00+00:00,6548.83,6641.35,6510.0,6582.12,50.79287,-13.16474,6536.457,6536.457,25059903.28519,1199.65,1205.76,1197.2,1202.75,52.44393,-1.22303,1198.11,1198.11,72912
2018-10-08 00:00:00+00:00,6574.15,6656.63,6541.06,6604.75,51.92582,-4.50101,6568.438,6568.438,26941067.50576,1203.18,1204.04,1183.33,1187.96,43.82069,-1.90574,1197.7295,1197.7295,37667
2018-10-09 00:00:00+00:00,6604.76,6623.14,6553.13,6588.8,51.09818,-1.93907,6578.458,6578.458,14857416.33627,1188.2,1191.81,1183.16,1189.48,44.82479,-2.29766,1197.285,1197.285,60546
2018-10-10 00:00:00+00:00,6588.72,6589.79,6387.91,6517.55,47.45911,-5.59351,6579.6865,6579.6865,33741791.45877,1189.46,1194.75,1185.25,1194.03,47.83067,-2.21557,1196.6835,1196.6835,60583
2018-10-11 00:00:00+00:00,6517.55,6520.43,6055.28,6152.76,34.07779,-37.49298,6549.852,6549.852,59166414.25984,1194.18,1226.3,1191.22,1224.82,62.65664,0.33018,1197.8615,1197.8615,84466
2018-10-12 00:00:00+00:00,6152.76,6243.79,6109.79,6185.15,35.80845,-59.47436,6523.609,6523.609,20079356.88852,1223.21,1223.67,1215.8,1217.76,58.54799,1.75776,1199.078,1199.078,63032
2018-10-15 00:00:00+00:00,6185.04,6756.0,6149.28,6441.74,49.03517,-75.57204,6479.194,6479.194,108838925.96438,1217.78,1233.22,1217.74,1226.81,61.98889,3.57814,1200.372,1200.372,62824
2018-10-16 00:00:00+00:00,6438.2,6493.77,6386.4,6461.2,49.85958,-63.89932,6479.1785,6479.1785,30387630.34732,1227.19,1232.36,1223.4,1224.42,60.5592,4.77293,1201.691,1201.691,58611
2018-10-17 00:00:00+00:00,6457.67,6465.39,6407.69,6437.29,48.81475,-55.93318,6466.962,6466.962,19062511.10778,1224.87,1229.43,1220.53,1222.21,59.19956,5.47833,1202.6175,1202.6175,53881
2018-10-18 00:00:00+00:00,6440.07,6490.0,6350.0,6396.18,46.99141,-52.33392,6456.233,6456.233,24453678.91752,1221.96,1230.1,1218.63,1225.75,60.72082,6.25095,1203.5515,1203.5515,61042
2018-10-19 00:00:00+00:00,6394.23,6412.4,6355.99,6383.46,46.41373,-49.93229,6446.437,6446.437,14618500.09883,1225.47,1230.75,1223.02,1226.38,60.99951,6.83531,1204.9155,1204.9155,59969
2018-10-22 00:00:00+00:00,6412.62,6429.23,6372.53,6406.06,47.62606,-37.56227,6424.6015,6424.6015,15422816.62042,1228.0,1229.51,1219.97,1221.86,57.82924,6.85467,1206.0755,1206.0755,50370
2018-10-23 00:00:00+00:00,6409.39,6421.58,6354.26,6393.41,46.88474,-35.58865,6421.4335,6421.4335,18227647.49943,1222.05,1239.71,1221.65,1230.34,61.83661,7.46819,1207.5395,1207.5395,57126
2018-10-24 00:00:00+00:00,6396.24,6473.0,6393.0,6411.96,48.15903,-32.15702,6414.6535,6414.6535,22668446.40834,1230.87,1233.57,1225.55,1233.33,63.16572,8.10228,1209.495,1209.495,59709
2018-10-25 00:00:00+00:00,6411.96,6422.73,6361.73,6393.53,46.95376,-30.57216,6405.224,6405.224,19478552.83171,1233.92,1239.14,1228.05,1231.86,62.02207,8.38948,1211.962,1211.962,58668
2018-10-26 00:00:00+00:00,6393.38,6450.3,6377.81,6406.1,47.91128,-27.97932,6398.325,6398.325,21292763.77459,1232.08,1243.36,1229.98,1233.53,62.84509,8.6521,1214.063,1214.063,84231
2018-10-29 00:00:00+00:00,6404.27,6420.0,6208.37,6266.52,38.35986,-32.65079,6363.7535,6363.7535,32528389.97338,1232.96,1235.34,1224.25,1229.47,59.47085,8.43539,1216.1035,1216.1035,68326
2018-10-30 00:00:00+00:00,6266.47,6289.0,6240.0,6269.46,38.63745,-39.2592,6351.349,6351.349,15821467.75028,1229.55,1230.53,1219.8,1222.97,54.432,7.65095,1217.115,1217.115,52328
2018-10-31 00:00:00+00:00,6269.45,6350.0,6199.25,6303.27,41.87902,-41.29224,6358.8745,6358.8745,32449754.75835,1222.4,1222.96,1211.93,1214.48,48.63558,6.2719,1217.9965,1217.9965,58086
2018-11-01 00:00:00+00:00,6304.5,6365.33,6288.01,6340.99,45.34775,-39.40551,6366.6665,6366.6665,13892921.88406,1215.3,1237.33,1215.26,1233.04,58.93158,6.60055,1219.6625,1219.6625,66877
2018-11-02 00:00:00+00:00,6343.85,6381.25,6328.33,6350.43,46.21292,-36.72518,6374.2035,6374.2035,17006892.77404,1234.29,1236.37,1229.67,1232.75,58.73348,6.75968,1221.1625,1221.1625,70496
2018-11-05 00:00:00+00:00,6428.23,6441.43,6369.89,6403.2,51.06258,-21.74635,6377.9045,6377.9045,14954600.9541,1233.14,1235.1,1226.82,1231.36,57.73172,6.69644,1223.3325,1223.3325,51254
2018-11-06 00:00:00+00:00,6404.97,6460.01,6378.24,6447.5,54.72437,-13.76712,6378.415,6378.415,27532982.33421,1231.31,1235.89,1223.44,1227.03,54.60717,6.22517,1225.21,1225.21,57608
2018-11-07 00:00:00+00:00,6448.17,6544.0,6442.47,6501.0,58.73968,-3.09089,6383.656,6383.656,31210162.75766,1227.19,1236.43,1222.93,1226.36,54.11909,5.73155,1226.8265,1226.8265,86968
2018-11-08 00:00:00+00:00,6501.0,6511.27,6388.88,6405.49,50.18324,-2.31013,6384.7575,6384.7575,25410406.08553,1226.39,1227.03,1219.98,1223.37,51.89009,5.04098,1226.754,1226.754,56146
2018-11-09 00:00:00+00:00,6405.49,6418.18,6307.0,6325.0,44.32355,-8.09295,6380.3645,6380.3645,20354666.08989,1223.25,1223.44,1206.65,1209.32,42.94028,3.32168,1226.332,1226.332,58787
2018-11-12 00:00:00+00:00,6352.57,6388.21,6298.5,6318.0,44.06542,-15.71772,6370.965,6370.965,22277514.60664,1209.41,1211.39,1200.16,1200.16,38.30202,1.20609,1224.9995,1224.9995,51033
2018-11-13 00:00:00+00:00,6318.01,6328.36,6244.35,6260.91,40.09028,-23.18386,6363.4125,6363.4125,22730626.44704,1201.1,1205.11,1196.21,1201.99,39.7033,-0.31918,1223.878,1223.878,59864
2018-11-14 00:00:00+00:00,6255.86,6298.47,5324.0,5595.91,18.80744,-81.81763,6323.5315,6323.5315,140580076.16991,1202.63,1216.49,1197.64,1210.54,45.88707,-0.82851,1223.2945,1223.2945,76536
2018-11-15 00:00:00+00:00,5592.23,5641.0,5199.8,5585.0,18.63267,-127.69369,6282.4765,6282.4765,111397897.75279,1210.99,1216.42,1207.66,1212.69,47.34932,-1.04661,1222.6415,1222.6415,68387
2018-11-16 00:00:00+00:00,5571.12,5610.0,5411.74,5508.71,17.4141,-168.26709,6237.529,6237.529,44480660.48147,1213.25,1225.23,1213.1,1221.2,52.7875,-0.52669,1222.3825,1222.3825,59300
2018-11-19 00:00:00+00:00,5553.01,5559.69,4694.44,4735.44,11.82543,-292.17191,6080.3545,6080.3545,136904721.99306,1221.94,1225.16,1217.97,1223.85,54.36808,0.09805,1222.482,1222.482,50688
2018-11-20 00:00:00+00:00,4732.92,4897.36,4048.58,4352.0,9.63298,-379.43819,5982.791,5982.791,173102494.83975,1223.83,1228.7,1219.93,1221.52,52.69758,0.40053,1222.041,1222.041,66031
2018-11-21 00:00:00+00:00,4349.41,4635.0,4242.33,4538.01,17.61285,-428.64672,5892.642,5892.642,93838105.30955,1221.85,1230.03,1219.65,1225.82,55.41991,0.97597,1221.6655,1221.6655,51457
2018-11-22 00:00:00+00:00,4551.47,4589.53,4194.98,4275.23,15.52687,-483.27805,5788.882,5788.882,43857283.33737,1225.42,1229.06,1224.81,1226.96,56.14059,1.50664,1221.4205,1221.4205,34363
2018-11-23 00:00:00+00:00,4268.4,4364.46,4061.02,4288.26,16.05775,-519.5335,5686.545,5686.545,57131533.27704,1226.98,1228.49,1219.88,1222.51,52.56817,1.55024,1220.8695,1220.8695,43894
2018-11-26 00:00:00+00:00,3934.22,4069.59,3522.28,3727.34,16.70685,-645.8199,5295.516,5295.516,90790111.39512,1223.38,1228.07,1221.65,1222.15,52.27834,1.53802,1220.5035,1220.5035,47348
2018-11-27 00:00:00+00:00,3727.34,3834.35,3548.76,3771.01,18.27734,-661.25148,5159.0165,5159.0165,63405773.3235,1222.38,1225.21,1211.82,1214.47,46.40097,0.89827,1220.0785,1220.0785,50906
2018-11-28 00:00:00+00:00,3771.01,4355.08,3771.0,4220.16,32.39596,-629.9765,5049.75,5049.75,96994948.31512,1214.92,1226.65,1211.15,1221.06,51.44528,0.91251,1220.4075,1220.4075,51784
2018-11-29 00:00:00+00:00,4219.77,4409.77,4086.97,4249.8,33.21592,-595.92964,4945.99,4945.99,67758864.85916,1220.51,1228.91,1220.42,1224.03,53.56625,1.15018,1219.957,1219.957,60007
2018-11-30 00:00:00+00:00,4250.0,4300.0,3861.0,3971.06,29.58215,-584.69921,4827.077,4827.077,57042773.64694,1224.08,1225.49,1216.62,1221.96,51.86573,1.15816,1219.4175,1219.4175,52149
2018-12-03 00:00:00+00:00,4099.63,4115.15,3747.0,3834.34,30.10787,-524.72798,4484.0935,4484.0935,41129727.85612,1222.91,1234.86,1221.25,1230.84,58.02227,1.85958,1219.3915,1219.3915,60510
2018-12-04 00:00:00+00:00,3830.81,4033.98,3730.0,3903.52,32.13884,-509.28897,4399.474,4399.474,47817873.64066,1230.67,1241.89,1230.38,1238.54,62.50109,3.00219,1219.967,1219.967,65890
2018-12-05 00:00:00+00:00,3903.52,3913.62,3662.35,3696.69,29.38917,-507.88827,4305.0585,4305.0585,49695419.62637,1238.54,1239.2,1233.25,1237.06,61.15057,3.74512,1220.502,1220.502,29802
2018-12-06 00:00:00+00:00,3694.03,3844.79,3415.22,3437.26,26.34456,-521.69823,4201.486,4201.486,53212108.5348,1237.26,1244.29,1234.68,1237.76,61.5735,4.34034,1221.2215,1221.2215,76720
2018-12-07 00:00:00+00:00,3437.22,3531.0,3210.0,3380.68,25.71878,-531.08622,4095.352,4095.352,89632751.88967,1237.72,1249.98,1237.24,1248.41,67.39006,5.6068,1223.176,1223.176,61676
2018-12-10 00:00:00+00:00,3528.68,3588.43,3355.0,3408.0,28.97886,-505.17392,3879.8445,3879.8445,35358915.97003,1250.4,1250.49,1241.55,1244.09,63.21038,6.19052,1225.3725,1225.3725,70502
2018-12-11 00:00:00+00:00,3406.41,3427.27,3292.65,3353.42,28.21327,-496.59317,3820.615,3820.615,30018845.72336,1244.78,1249.46,1240.96,1242.83,62.00249,6.4768,1227.4145,1227.4145,75476
2018-12-12 00:00:00+00:00,3345.01,3490.0,3325.7,3430.18,30.97516,-478.08787,3778.3625,3778.3625,24985787.1108,1243.15,1247.19,1241.93,1245.39,63.52745,6.8315,1229.157,1229.157,59387
2018-12-13 00:00:00+00:00,3430.2,3441.13,3221.14,3262.73,28.40754,-471.49895,3727.086,3727.086,38222944.21307,1245.73,1246.68,1240.05,1242.0,60.0884,6.76111,1230.6225,1230.6225,62080
2018-12-14 00:00:00+00:00,3263.55,3294.81,3135.55,3195.75,27.42815,-466.30663,3697.591,3697.591,46138657.45586,1241.71,1242.95,1232.89,1238.0,56.22098,6.30983,1231.4625,1231.4625,64452
2018-12-17 00:00:00+00:00,3191.41,3590.0,3181.26,3496.73,39.39326,-406.33168,3619.2315,3619.2315,57310685.94376,1237.33,1248.06,1235.47,1245.8,61.43363,6.50658,1232.56,1232.56,45136
2018-12-18 00:00:00+00:00,3499.37,3684.0,3422.77,3667.16,44.76919,-357.40066,3591.5815,3591.5815,50578806.57808,1245.69,1250.33,1244.97,1249.37,63.57155,6.87136,1233.9525,1233.9525,57195
2018-12-19 00:00:00+00:00,3667.16,3924.01,3642.69,3684.5,45.30081,-313.6082,3563.3165,3563.3165,77837326.1662,1249.78,1257.99,1241.61,1242.98,57.43433,6.56911,1234.8105,1234.8105,77529
2018-12-20 00:00:00+00:00,3684.03,4172.07,3656.75,4073.77,55.62672,-244.67112,3568.452,3568.452,105864461.80365,1244.23,1266.43,1242.68,1259.69,66.53313,7.59044,1236.447,1236.447,61651
2018-12-21 00:00:00+00:00,4073.58,4162.0,3770.0,3841.08,49.59926,-206.43447,3553.4865,3553.4865,65172505.4968,1260.51,1262.7,1253.85,1255.38,62.80408,7.9603,1238.0905,1238.0905,49285
2018-12-24 00:00:00+00:00,3947.82,4236.84,3944.84,4036.0,54.18315,-95.36581,3559.5275,3559.5275,48504313.54039,1258.48,1269.75,1257.89,1268.3,68.50308,9.19002,1240.398,1240.398,35322
2018-12-26 00:00:00+00:00,3780.0,3863.34,3678.8,3810.01,48.32326,-78.03833,3582.33,3582.33,38344637.19929,1272.38,1279.05,1264.46,1266.78,67.19862,9.92749,1243.0135,1243.0135,40974
2018-12-27 00:00:00+00:00,3810.01,3841.17,3566.0,3591.69,43.15542,-87.11078,3592.8805,3592.8805,42561570.97195,1266.65,1278.92,1265.51,1275.5,70.65137,11.08776,1245.7355,1245.7355,51120
2018-12-28 00:00:00+00:00,3590.26,3970.0,3575.0,3884.97,50.77168,-69.83055,3617.189,3617.189,50721074.33922,1275.35,1282.1,1274.2,1280.59,72.47283,12.27649,1248.5635,1248.5635,44994
2018-12-31 00:00:00+00:00,3831.03,3842.89,3630.0,3693.3,46.47472,-59.59943,3665.359,3665.359,24623835.83145,1279.92,1284.02,1277.38,1279.48,71.43168,12.97938,1251.4395,1251.4395,29631
2019-01-02 00:00:00+00:00,3825.41,3918.67,3770.0,3885.87,51.32104,-37.422,3716.179,3716.179,21506229.05243,1282.21,1288.7,1278.64,1284.6,73.33459,13.7906,1254.1275,1254.1275,39271
2019-01-03 00:00:00+00:00,3890.27,3893.4,3760.0,3787.81,48.77633,-34.74552,3745.782,3745.782,18193783.64489,1287.68,1294.96,1284.5,1293.97,76.42892,15.01647,1256.899,1256.899,57318
2019-01-04 00:00:00+00:00,3785.64,3850.33,3732.38,3817.71,49.59699,-29.86741,3777.6905,3777.6905,28449799.94942,1293.66,1298.52,1276.54,1284.53,67.88234,15.05274,1259.2725,1259.2725,61565
2019-01-07 00:00:00+00:00,4040.71,4070.0,3964.01,4005.45,54.52863,8.39007,3851.707,3851.707,29820959.79026,1285.34,1295.03,1282.56,1288.72,69.51198,15.24386,1261.8205,1261.8205,46553
2019-01-08 00:00:00+00:00,4005.0,4112.0,3934.73,3994.9,54.18335,18.69217,3867.227,3867.227,47219665.14611,1289.16,1290.18,1279.31,1285.04,66.32875,14.92631,1263.652,1263.652,43237
2019-01-09 00:00:00+00:00,3994.75,4060.0,3948.44,4002.13,54.39646,27.12735,3863.645,3863.645,29576276.95352,1284.62,1293.9,1280.01,1292.93,69.54855,15.13683,1266.094,1266.094,50186
2019-01-10 00:00:00+00:00,4003.09,4036.22,3503.44,3627.51,43.18703,3.54275,3852.9665,3852.9665,58469732.93541,1292.98,1297.03,1286.03,1286.1,63.85609,14.58442,1268.2575,1268.2575,42686
2019-01-11 00:00:00+00:00,3627.65,3704.6,3569.85,3632.02,43.33841,-14.61581,3835.5225,3835.5225,38394379.94767,1286.75,1295.12,1286.72,1287.39,64.44796,14.08832,1270.3575,1270.3575,37019
2019-01-14 00:00:00+00:00,3517.03,3714.0,3506.0,3664.28,45.68358,-52.56099,3787.3995,3787.3995,36371609.28153,1288.04,1295.79,1287.77,1291.37,66.28251,13.85658,1272.826,1272.826,37149
2019-01-15 00:00:00+00:00,3664.28,3687.02,3534.68,3576.93,43.16217,-61.29593,3775.7455,3775.7455,28829402.57282,1292.4,1294.59,1286.71,1288.92,64.09009,13.32166,1275.372,1275.372,42365
2019-01-16 00:00:00+00:00,3576.92,3669.0,3570.48,3605.91,44.26133,-65.12922,3776.4565,3776.4565,27675597.46979,1289.58,1294.95,1287.78,1293.62,66.38702,13.12569,1277.763,1277.763,37703
2019-01-17 00:00:00+00:00,3609.5,3660.0,3534.25,3638.01,45.51813,-64.82961,3764.1085,3764.1085,27283348.87234,1293.7,1295.33,1288.67,1291.78,64.64375,12.67578,1279.8835,1279.8835,37454
2019-01-18 00:00:00+00:00,3638.01,3641.9,3577.0,3609.21,44.54761,-66.15351,3758.295,3758.295,18130903.57666,1292.24,1292.4,1280.56,1281.18,55.58781,11.33326,1281.7935,1281.7935,36426
2019-01-21 00:00:00+00:00,3537.42,3573.29,3485.58,3531.51,42.38959,-72.04593,3728.13,3728.13,20560097.47348,1282.53,1283.47,1276.76,1280.03,54.69263,10.06053,1282.8105,1282.8105,22469
2019-01-22 00:00:00+00:00,3531.51,3615.8,3401.36,3576.81,44.50061,-71.35863,3712.677,3712.677,24597950.12517,1280.14,1285.41,1277.35,1284.97,57.83393,9.3428,1284.29,1284.29,33935
2019-01-23 00:00:00+00:00,3574.44,3620.23,3518.0,3552.32,43.57108,-71.96057,3700.9025,3700.9025,21920807.84145,1284.9,1286.47,1278.59,1282.42,55.6876,8.47059,1284.996,1284.996,29596
2019-01-24 00:00:00+00:00,3553.2,3598.0,3524.0,3570.73,44.50943,-70.1435,3688.5535,3688.5535,16025488.50838,1282.78,1284.71,1276.7,1280.75,54.26719,7.55748,1285.6945,1285.6945,33915
2019-01-25 00:00:00+00:00,3570.67,3578.79,3511.0,3560.0,44.04966,-68.77648,3676.9615,3676.9615,17663990.63784,1280.33,1303.91,1279.89,1302.79,66.43517,8.51414,1287.059,1287.059,39372
2019-01-28 00:00:00+00:00,3532.23,3536.77,3357.3,3429.5,38.16278,-74.49851,3600.823,3600.823,35478523.57222,1302.27,1304.35,1297.56,1303.21,66.61745,9.20013,1288.19,1288.19,30687
2019-01-29 00:00:00+00:00,3431.43,3438.76,3322.19,3390.5,36.5631,-82.5456,3570.2415,3570.2415,24697713.65785,1303.12,1311.94,1302.66,1311.66,70.13183,10.30682,1289.799,1289.799,36066
2019-01-30 00:00:00+00:00,3391.25,3465.05,3372.34,3437.35,39.82619,-84.1723,3560.7335,3560.7335,19606724.84038,1311.51,1323.37,1308.92,1319.59,73.00412,11.68902,1291.5485,1291.5485,44860
2019-01-31 00:00:00+00:00,3438.0,3474.2,3392.6,3413.11,38.71653,-86.42122,3549.788,3549.788,20314210.11353,1320.3,1326.25,1317.36,1321.05,73.50922,12.75519,1292.9025,1292.9025,43609
2019-02-01 00:00:00+00:00,3413.69,3460.0,3364.53,3434.83,40.32108,-85.46568,3540.673,3540.673,22875444.07412,1320.95,1323.44,1316.06,1317.71,70.27008,13.17872,1294.5615,1294.5615,40010
2019-02-04 00:00:00+00:00,3413.75,3439.46,3394.85,3410.87,39.62062,-80.54416,3517.2405,3517.2405,11065152.13225,1317.6,1317.89,1308.53,1311.96,64.96295,12.90167,1295.7235,1295.7235,32119
2019-02-05 00:00:00+00:00,3409.81,3435.0,3396.0,3431.39,41.37871,-77.3882,3508.5145,3508.5145,13882118.20379,1311.76,1316.77,1310.66,1314.87,66.34814,12.76972,1297.215,1297.215,30404
2019-02-06 00:00:00+00:00,3431.81,3445.6,3328.7,3364.62,37.54762,-79.36004,3494.845,3494.845,20650040.31541,1314.6,1315.74,1305.53,1306.33,58.97883,11.83956,1297.885,1297.885,28894
2019-02-07 00:00:00+00:00,3364.0,3383.29,3350.0,3359.33,37.25334,-80.42255,3482.351,3482.351,14423470.85298,1307.41,1311.9,1302.73,1309.95,60.95836,11.26465,1299.0775,1299.0775,34320
2019-02-08 00:00:00+00:00,3358.39,3711.04,3337.91,3622.94,55.83111,-59.30978,3479.448,3479.448,52129206.72668,1309.96,1315.6,1307.72,1313.95,63.07852,11.00494,1300.4055,1300.4055,28521
2019-02-11 00:00:00+00:00,3651.32,3652.56,3578.7,3588.7,52.93273,-17.91561,3490.2805,3490.2805,28463447.02638,1313.14,1314.8,1303.59,1308.1,58.10847,10.20939,1301.242,1301.242,30756
2019-02-12 00:00:00+00:00,3588.99,3619.93,3548.28,3585.94,52.73693,-11.63284,3491.9615,3491.9615,36127688.21628,1307.39,1314.68,1306.45,1310.57,59.55739,9.66678,1302.3245,1302.3245,31972
2019-02-13 00:00:00+00:00,3585.7,3629.81,3541.0,3574.93,51.91201,-7.45618,3492.1715,3492.1715,28573497.48852,1311.12,1318.11,1304.94,1305.88,55.62338,8.75737,1302.9375,1302.9375,38150
2019-02-14 00:00:00+00:00,3575.01,3590.74,3531.01,3560.46,50.78761,-5.25319,3492.1945,3492.1945,21043184.25022,1306.46,1314.31,1302.34,1312.21,59.51074,8.45002,1303.959,1303.959,42537
2019-02-15 00:00:00+00:00,3560.45,3620.53,3544.88,3566.29,51.2458,-3.00226,3492.731,3492.731,22234990.97493,1312.61,1322.57,1311.29,1321.26,64.32271,8.83487,1305.963,1305.963,39684
2019-02-18 00:00:00+00:00,3625.6,3916.47,3614.82,3869.8,69.43572,29.82982,3528.8355,3528.8355,60241504.96913,1317.36,1327.61,1315.81,1326.06,66.59063,9.41861,1308.2645,1308.2645,24647
2019-02-19 00:00:00+00:00,3870.97,4000.0,3840.08,3888.46,70.18492,49.81424,3551.391,3551.391,48703492.31418,1326.23,1341.81,1322.81,1341.16,72.51063,10.97317,1311.074,1311.074,40578
2019-02-20 00:00:00+00:00,3889.92,3967.52,3861.49,3936.53,72.08334,68.73851,3577.562,3577.562,38791963.84617,1339.91,1346.66,1336.83,1338.2,69.89603,11.82997,1313.863,1313.863,44124
2019-02-21 00:00:00+00:00,3936.8,3989.99,3866.25,3900.4,68.55033,79.8997,3600.8405,3600.8405,31420838.13943,1339.03,1341.43,1320.88,1323.3,58.46735,11.17782,1315.9905,1315.9905,45926
2019-02-22 00:00:00+00:00,3900.64,3957.0,3882.59,3939.82,70.26287,90.8783,3624.6905,3624.6905,25978621.24521,1324.22,1333.05,1321.5,1327.56,60.45806,10.87933,1317.229,1317.229,42277
2019-02-25 00:00:00+00:00,3733.78,3861.81,3732.6,3820.71,55.0726,91.55825,3695.0825,3695.0825,33757356.89918,1327.47,1332.51,1325.07,1327.24,60.22455,10.49596,1318.4305,1318.4305,39118
2019-02-26 00:00:00+00:00,3817.93,3830.0,3760.09,3795.06,53.80756,83.99741,3716.6045,3716.6045,24831702.00862,1327.22,1330.15,1323.43,1328.69,60.96037,10.19166,1319.282,1319.282,37082
2019-02-27 00:00:00+00:00,3794.42,3822.85,3658.19,3798.47,53.95897,77.38847,3738.5615,3738.5615,28877107.89117,1329.03,1329.81,1316.57,1319.62,54.20539,9.11357,1319.2835,1319.2835,30898
2019-02-28 00:00:00+00:00,3796.49,3897.62,3755.0,3791.36,53.56472,70.76143,3746.9825,3746.9825,25583643.34676,1319.99,1327.22,1312.55,1313.08,49.91076,7.64334,1318.885,1318.885,44328
2019-03-01 00:00:00+00:00,3791.02,3845.3,3789.5,3807.05,54.35726,66.01452,3756.204,3756.204,18126926.5459,1314.15,1315.17,1290.12,1293.42,39.72231,4.83603,1317.6705,1317.6705,44869
2019-03-04 00:00:00+00:00,3789.7,3806.9,3670.0,3698.66,47.45534,43.82384,3779.8855,3779.8855,26976989.04074,1295.06,1296.96,1282.8,1286.46,36.8541,2.02625,1316.3955,1316.3955,40156
2019-03-05 00:00:00+00:00,3698.65,3877.1,3690.0,3844.07,55.63556,45.26668,3793.3425,3793.3425,27987997.01954,1286.88,1289.55,1281.13,1287.38,37.49656,-0.12485,1315.021,1315.021,37932
2019-03-06 00:00:00+00:00,3844.07,3895.12,3808.8,3851.55,56.0149,46.47795,3807.897,3807.897,24660223.18485,1287.23,1290.86,1283.49,1286.15,36.95521,-1.90688,1314.012,1314.012,36348
2019-03-07 00:00:00+00:00,3851.26,3891.04,3826.13,3856.64,56.2888,47.30333,3822.4145,3822.4145,30716241.11159,1286.52,1288.99,1280.77,1285.33,36.57609,-3.34674,1312.781,1312.781,39802
2019-03-08 00:00:00+00:00,3856.78,3924.37,3760.1,3844.64,55.41272,46.45366,3835.6505,3835.6505,29632165.53523,1284.52,1300.69,1284.41,1298.23,45.96721,-3.40764,1311.995,1311.995,44398
2019-03-11 00:00:00+00:00,3898.14,3912.89,3812.64,3849.25,54.21903,49.16743,3849.6375,3849.6375,25451684.28444,1296.85,1299.04,1290.42,1293.27,43.31171,-3.81218,1311.2535,1311.2535,32454
2019-03-12 00:00:00+00:00,3848.86,3877.69,3791.07,3859.74,54.9028,46.84992,3845.798,3845.798,22365706.27449,1293.04,1302.19,1291.96,1301.15,48.41073,-3.45709,1310.7825,1310.7825,31873
2019-03-13 00:00:00+00:00,3861.37,3874.68,3820.0,3848.48,53.97098,43.60207,3843.202,3843.202,16454330.18016,1300.91,1311.19,1300.87,1309.1,53.00359,-2.50529,1310.9435,1310.9435,31237
2019-03-14 00:00:00+00:00,3848.1,3903.98,3775.01,3854.77,54.43619,41.06234,3838.9495,3838.9495,19919779.06861,1309.79,1310.31,1292.73,1296.08,45.81047,-2.76967,1310.137,1310.137,33687
2019-03-15 00:00:00+00:00,3857.33,3912.06,3843.09,3901.21,57.82544,42.30919,3828.3335,3828.3335,25014493.47712,1296.09,1306.36,1293.93,1301.92,49.14426,-2.47937,1309.17,1309.17,33130
2019-03-18 00:00:00+00:00,3965.63,4016.63,3929.83,3969.59,61.28294,55.69452,3857.2655,3857.2655,21516092.30624,1302.24,1306.67,1298.13,1303.41,49.98962,-2.10481,1308.0375,1308.0375,29029
2019-03-19 00:00:00+00:00,3969.94,4012.63,3947.15,3998.13,63.15988,59.21187,3867.2485,3867.2485,21259858.58842,1303.35,1310.87,1302.27,1306.41,51.72944,-1.54805,1306.3,1306.3,32840
2019-03-20 00:00:00+00:00,3999.5,4050.0,3962.6,4031.59,65.28471,63.96203,3879.26,3879.26,25177092.89472,1306.63,1316.98,1298.57,1312.34,55.05769,-0.62115,1305.007,1305.007,40670
2019-03-21 00:00:00+00:00,4033.7,4055.35,3919.63,3974.21,59.00013,62.37744,3887.618,3887.618,30052021.80002,1314.15,1320.35,1303.16,1309.28,53.02593,-0.13197,1304.306,1304.306,40550
2019-03-22 00:00:00+00:00,3974.5,4000.81,3958.94,3982.07,59.57421,61.0521,3896.1985,3896.1985,13751556.80796,1309.15,1314.92,1306.79,1313.07,55.22961,0.55513,1303.5815,1303.5815,42107
2019-03-25 00:00:00+00:00,3970.23,3980.22,3850.45,3910.51,51.47187,48.60494,3922.737,3922.737,27034791.16731,1312.19,1324.49,1310.91,1322.01,59.99687,1.80029,1303.32,1303.32,36116
2019-03-26 00:00:00+00:00,3910.0,3936.36,3879.5,3922.58,52.65323,42.94785,3926.2885,3926.2885,16928305.37874,1321.89,1323.21,1312.63,1315.1,55.11204,2.2041,1302.6405,1302.6405,33737
2019-03-27 00:00:00+00:00,3922.58,4037.11,3912.19,4025.5,61.30366,46.23637,3934.7315,3934.7315,32814567.90927,1316.56,1319.27,1308.02,1309.63,51.53505,2.05901,1302.141,1302.141,49515
2019-03-28 00:00:00+00:00,4025.5,4025.56,3992.6,4012.23,59.78693,47.22736,3943.111,3943.111,15758221.18391,1309.31,1312.24,1288.48,1289.87,41.14587,0.34557,1300.9805,1300.9805,40599
2019-03-29 00:00:00+00:00,4011.0,4102.57,4005.0,4090.0,65.21819,53.66944,3951.7895,3951.7895,34319331.61273,1291.03,1299.71,1286.66,1292.16,42.5903,-0.81813,1300.9175,1300.9175,36253
2019-04-01 00:00:00+00:00,4092.02,4150.0,4052.56,4136.32,68.34628,66.72677,3987.81,3987.81,29917950.07841,1292.15,1296.97,1286.37,1287.3,40.32819,-2.10822,1300.9595,1300.9595,35818
2019-04-02 00:00:00+00:00,4133.93,5080.0,4130.64,4899.63,87.93079,130.79075,4040.3675,4040.3675,150350896.33646,1287.35,1292.41,1285.24,1292.34,43.66957,-2.69291,1301.2075,1301.2075,25835
2019-04-03 00:00:00+00:00,4899.01,5345.0,4800.5,4978.23,88.70571,185.76292,4096.5405,4096.5405,145968039.31392,1292.19,1294.52,1288.34,1289.66,42.31277,-3.33409,1301.383,1301.383,27327
2019-04-04 00:00:00+00:00,4972.83,5077.35,4778.59,4907.94,83.54005,221.10815,4146.877,4146.877,78026995.25987,1290.39,1294.35,1280.88,1292.38,44.20743,-3.58147,1301.7355,1301.7355,27632
2019-04-05 00:00:00+00:00,4911.14,5067.62,4883.83,5039.73,85.27185,256.79369,4199.3635,4199.3635,65636166.02958,1292.74,1293.53,1284.35,1291.49,43.70166,-3.80547,1301.3985,1301.3985,27455
2019-04-08 00:00:00+00:00,5192.92,5347.37,5127.68,5287.88,88.08939,336.8578,4378.7085,4378.7085,70566660.85285,1292.17,1303.66,1291.39,1297.49,48.01933,-3.45897,1301.6095,1301.6095,23309
2019-04-09 00:00:00+00:00,5287.97,5288.95,5136.01,5192.6,81.35791,346.1599,4436.759,4436.759,48864201.58581,1297.78,1306.15,1296.55,1303.9,52.23401,-2.63673,1301.747,1301.747,33090
2019-04-10 00:00:00+00:00,5184.03,5466.06,5161.0,5323.47,83.25111,359.9428,4504.222,4504.222,57088544.9074,1304.36,1310.53,1300.9,1307.94,54.72563,-1.6402,1301.689,1301.689,33655
2019-04-11 00:00:00+00:00,5323.47,5344.31,4966.87,5040.2,67.31571,344.04241,4557.1285,4557.1285,75869909.1504,1308.05,1309.13,1289.53,1292.26,44.92968,-2.09158,1301.498,1301.498,40410
2019-04-12 00:00:00+00:00,5037.82,5122.48,4912.0,5076.35,68.15348,330.5479,4611.82,4611.82,40900347.27191,1292.42,1295.76,1290.01,1290.46,43.95694,-2.56498,1300.925,1300.925,35036
2019-04-15 00:00:00+00:00,5160.54,5192.01,4948.57,5027.31,63.00139,287.12458,4784.349,4784.349,37317791.29865,1291.22,1291.89,1282.43,1287.57,42.37082,-3.13719,1300.133,1300.133,30511
2019-04-16 00:00:00+00:00,5027.33,5231.96,5014.77,5202.43,67.48522,281.87686,4843.1955,4843.1955,39930752.65679,1287.82,1288.72,1272.89,1276.69,36.96331,-4.41767,1298.647,1298.647,37582
2019-04-17 00:00:00+00:00,5201.47,5275.07,5170.01,5233.72,68.22617,277.04919,4904.27,4904.27,35280910.61479,1276.72,1279.71,1272.93,1273.76,35.64402,-5.60428,1296.718,1296.718,32860
2019-04-18 00:00:00+00:00,5227.6,5325.0,5218.23,5281.58,69.37571,273.92747,4963.849,4963.849,33674803.14328,1274.26,1277.65,1271.09,1275.47,37.05603,-6.33369,1295.0275,1295.0275,31394
2019-04-22 00:00:00+00:00,5295.96,5439.12,5249.0,5386.8,71.38277,253.68146,5167.064,5167.064,38392326.20941,1275.72,1279.77,1273.74,1274.7,36.66591,-6.8944,1293.109,1293.109,21624
2019-04-23 00:00:00+00:00,5388.22,5627.0,5363.24,5531.32,74.8528,260.53287,5194.7185,5194.7185,56045564.3108,1275.25,1276.44,1266.21,1272.1,35.31401,-7.46255,1290.6135,1290.6135,30666
2019-04-24 00:00:00+00:00,5531.29,5623.3,5372.0,5440.95,69.20206,255.72275,5221.369,5221.369,57244439.69986,1272.14,1278.49,1268.72,1275.5,38.50701,-7.55141,1288.6335,1288.6335,32797
2019-04-25 00:00:00+00:00,5440.95,5510.0,4991.42,5132.55,54.17237,224.43821,5226.01,5226.01,50781120.74789,1275.62,1282.53,1273.31,1277.18,40.08088,-7.40096,1287.011,1287.011,34181
2019-04-26 00:00:00+00:00,5132.5,5291.48,5046.31,5155.19,54.94596,199.17587,5231.7,5231.7,77498495.96163,1277.33,1288.67,1274.15,1285.95,47.61792,-6.49914,1286.815,1286.815,38920
2019-04-29 00:00:00+00:00,5152.98,5191.96,5071.58,5149.11,54.47188,141.39922,5222.0835,5222.0835,29625997.2388,1285.92,1286.65,1278.01,1279.49,43.29759,-6.23385,1286.1815,1286.1815,30175
2019-04-30 00:00:00+00:00,5150.21,5287.4,5127.05,5269.0,59.23539,135.47034,5219.36,5219.36,26636232.5713,1279.91,1286.14,1279.85,1283.29,46.37946,-5.65183,1285.981,1285.981,36375
2019-05-01 00:00:00+00:00,5267.86,5357.96,5263.03,5318.42,61.04473,133.22371,5233.271,5233.271,22386742.41061,1283.13,1287.23,1272.83,1276.48,41.9763,-5.67467,1285.188,1285.188,42936
2019-05-02 00:00:00+00:00,5322.28,5422.94,5304.99,5385.0,63.40153,135.25654,5248.7035,5248.7035,31817389.4797,1277.06,1277.91,1266.2,1270.48,38.50755,-6.10652,1284.229,1284.229,37990
2019-05-03 00:00:00+00:00,5385.0,5796.56,5363.1,5658.22,71.12249,157.10316,5278.433,5278.433,71862726.64954,1270.52,1282.52,1268.13,1278.97,45.38492,-5.69802,1283.5585,1283.5585,39549
2019-05-06 00:00:00+00:00,5714.4,5755.79,5562.44,5685.46,68.87898,198.54476,5366.7815,5366.7815,38814526.68745,1282.56,1285.77,1276.93,1280.2,46.32158,-5.21491,1282.994,1282.994,39892
2019-05-07 00:00:00+00:00,5686.88,5970.0,5686.88,5751.54,70.61583,205.81694,5392.6725,5392.6725,61780522.70423,1281.33,1286.03,1278.13,1284.28,49.42033,-4.45151,1282.3335,1282.3335,39904
2019-05-08 00:00:00+00:00,5751.54,5986.0,5658.66,5940.89,74.93294,224.27388,5425.638,5425.638,37548881.62773,1283.91,1291.44,1279.27,1280.49,46.72214,-4.10501,1281.163,1281.163,42097
2019-05-09 00:00:00+00:00,5945.32,6172.0,5932.83,6156.7,78.76269,253.39422,5468.9775,5468.9775,55910475.09834,1281.23,1288.17,1279.56,1283.4,49.02345,-3.55462,1279.936,1279.936,46217
2019-05-10 00:00:00+00:00,6151.66,6426.8,6105.0,6342.84,81.40198,288.1704,5520.175,5520.175,87668917.93433,1284.43,1289.37,1283.11,1285.66,50.80086,-2.9026,1279.606,1279.606,48490
2019-05-13 00:00:00+00:00,6968.84,8167.5,6863.75,7810.05,85.11402,532.2743,5809.58,5809.58,213209247.38062,1287.13,1301.19,1281.9,1299.79,60.15508,-1.23151,1280.0725,1280.0725,44745
2019-05-14 00:00:00+00:00,7810.72,8335.56,7618.99,7986.0,85.99429,619.12404,5936.8325,5936.8325,150787189.10033,1300.59,1303.23,1293.65,1296.76,57.62494,-0.14992,1280.532,1280.532,32675
2019-05-15 00:00:00+00:00,7991.72,8300.0,7838.0,8208.69,87.03896,697.8776,6090.6395,6090.6395,136371551.71258,1297.04,1300.84,1292.99,1296.35,57.2739,0.66648,1281.515,1281.515,38680
2019-05-16 00:00:00+00:00,8203.97,8390.95,7654.93,7880.0,77.81333,725.4058,6226.88,6226.88,134580185.62565,1296.45,1298.72,1283.97,1286.31,49.34641,0.4976,1282.1425,1282.1425,36934
2019-05-17 00:00:00+00:00,7879.28,7942.09,6178.0,7351.71,65.75044,696.56396,6336.02,6336.02,200757406.75401,1286.54,1288.89,1274.72,1277.48,43.62706,-0.34477,1282.243,1282.243,38861
2019-05-20 00:00:00+00:00,8193.45,8199.97,7581.03,8005.64,68.82676,702.73438,6730.3535,6730.3535,107490027.15267,1278.29,1278.95,1273.61,1277.63,43.74633,-0.98885,1282.3895,1282.3895,30684
2019-05-21 00:00:00+00:00,8007.67,8117.48,7676.27,7955.16,67.87443,695.54886,6862.1905,6862.1905,59811313.37865,1277.54,1277.86,1269.41,1274.69,41.87611,-1.71674,1282.519,1282.519,29422
2019-05-22 00:00:00+00:00,7949.18,8049.22,7505.69,7624.95,61.84608,655.65115,6974.188,6974.188,64025348.19079,1274.5,1277.26,1272.43,1273.41,41.05321,-2.36956,1282.4145,1282.4145,28455
2019-05-23 00:00:00+00:00,7622.9,7980.0,7468.31,7880.22,64.47299,637.28387,7085.288,7085.288,65960248.75343,1273.64,1287.27,1272.78,1283.56,49.5237,-2.04434,1282.7335,1282.7335,42712
2019-05-24 00:00:00+00:00,7880.4,8188.87,7795.95,7999.02,65.65803,625.10798,7197.0065,7197.0065,74862602.7045,1283.49,1285.2,1280.71,1284.8,50.46027,-1.66733,1282.676,1282.676,32122
2019-05-27 00:00:00+00:00,8733.27,8939.18,8653.68,8770.73,72.54192,675.93242,7618.122,7618.122,78480708.44689,1285.21,1287.33,1283.72,1284.95,50.57973,-1.34098,1282.949,1282.949,15551
2019-05-28 00:00:00+00:00,8774.45,8817.41,8540.94,8717.96,71.40416,683.49976,7756.9755,7756.9755,53563244.27965,1285.2,1286.51,1276.09,1279.4,46.14589,-1.51274,1282.7545,1282.7545,38161
2019-05-29 00:00:00+00:00,8715.35,8762.39,8421.12,8663.41,70.17881,677.28786,7882.311,7882.311,65705535.37772,1279.39,1285.51,1279.11,1280.2,46.86888,-1.56626,1282.9405,1282.9405,45534
2019-05-30 00:00:00+00:00,8663.07,9096.79,8000.0,8277.76,62.06925,633.9385,7979.057,7979.057,126315206.5466,1280.0,1289.17,1274.95,1288.41,53.73355,-0.93541,1283.837,1283.837,37312
2019-05-31 00:00:00+00:00,8277.76,8589.99,8109.74,8547.2,65.10334,614.24474,8045.5435,8045.5435,85112248.91141,1288.29,1306.92,1287.93,1305.13,63.94914,0.90329,1285.145,1285.145,47039
2019-06-03 00:00:00+00:00,8735.84,8745.96,8049.22,8103.64,55.10006,518.55328,8176.7435,8176.7435,80672000.53215,1306.59,1327.92,1306.49,1324.48,71.72895,3.87717,1287.359,1287.359,50885
2019-06-04 00:00:00+00:00,8103.63,8103.63,7432.84,7665.53,48.55654,427.20477,8149.5855,8149.5855,118706114.4035,1324.89,1329.0,1319.87,1325.59,72.10088,6.25149,1289.4245,1289.4245,49993
2019-06-05 00:00:00+00:00,7673.41,7924.48,7570.9,7785.94,50.30337,360.37235,8144.8825,8144.8825,71581689.13445,1325.24,1344.04,1324.49,1330.09,73.61632,8.39944,1291.9045,1291.9045,65031
2019-06-06 00:00:00+00:00,7784.62,7878.62,7449.68,7806.07,50.60534,305.50977,8167.6005,8167.6005,68214641.30469,1332.17,1339.79,1327.18,1335.52,75.35586,10.41976,1294.5105,1294.5105,55111
2019-06-07 00:00:00+00:00,7801.97,8134.99,7758.93,8001.25,53.55233,274.61459,8204.657,8204.657,72108034.3958,1335.9,1348.23,1330.23,1340.24,76.78847,12.26041,1297.2395,1297.2395,52484
2019-06-10 00:00:00+00:00,7629.98,8090.0,7523.16,8021.1,53.54016,177.20085,8175.935,8175.935,57355631.92008,1334.62,1337.65,1325.03,1327.84,65.94301,12.57361,1298.642,1298.642,47974
2019-06-11 00:00:00+00:00,8017.99,8057.32,7713.34,7919.1,51.83775,157.47157,8190.6425,8190.6425,43972291.83943,1328.06,1329.84,1319.83,1326.65,64.99429,12.58079,1300.1365,1300.1365,46762
2019-06-12 00:00:00+00:00,7915.7,8266.0,7821.73,8176.27,55.6654,160.73459,8205.445,8205.445,70129196.40828,1326.87,1338.38,1325.98,1333.23,67.7566,12.96794,1301.9805,1301.9805,50814
2019-06-13 00:00:00+00:00,8171.12,8335.56,8049.22,8238.0,56.55788,166.38369,8217.394,8217.394,59624999.62065,1333.66,1343.09,1332.38,1341.81,70.97308,13.80792,1304.7555,1304.7555,43496
2019-06-14 00:00:00+00:00,8235.44,8737.37,8174.92,8697.54,62.59459,205.57197,8249.039,8249.039,75479429.16906,1342.27,1358.12,1337.73,1340.82,70.10409,14.2297,1307.9225,1307.9225,62043
2019-06-17 00:00:00+00:00,8973.02,9477.7,8973.02,9333.48,69.55736,341.13318,8296.1845,8296.1845,119104171.45053,1341.76,1343.47,1332.93,1339.48,68.87485,14.2911,1311.015,1311.015,49206
2019-06-18 00:00:00+00:00,9333.48,9361.87,8918.0,9078.84,64.1501,360.60749,8316.956,8316.956,102840141.95568,1340.04,1354.57,1338.59,1346.51,71.68039,14.73714,1314.606,1314.606,71328
2019-06-19 00:00:00+00:00,9076.51,9325.85,9036.19,9278.27,66.35602,387.66459,8366.9815,8366.9815,43489662.38398,1346.14,1362.54,1341.31,1359.64,76.02675,15.96606,1318.9175,1318.9175,72466
2019-06-20 00:00:00+00:00,9280.17,9600.0,9211.08,9534.99,69.00033,424.92444,8416.371,8416.371,75043382.82533,1359.47,1393.9,1357.65,1388.35,82.39078,19.0372,1324.157,1324.157,102246
2019-06-21 00:00:00+00:00,9534.99,10229.49,9534.97,10222.12,74.72619,504.08797,8499.6635,8499.6635,128319290.83316,1387.4,1411.76,1382.48,1398.68,84.03316,22.05046,1329.851,1329.851,118183
2019-06-24 00:00:00+00:00,10827.23,11099.0,10551.51,11029.63,79.72753,743.26064,8900.6245,8900.6245,90965702.1994,1399.87,1421.41,1399.42,1419.11,86.67932,25.78973,1336.559,1336.559,78266
2019-06-25 00:00:00+00:00,11030.0,11796.37,11000.02,11751.01,83.23495,846.78114,9098.878,9098.878,142581723.07185,1418.0,1439.21,1411.82,1423.19,87.13776,28.75093,1343.7485,1343.7485,130617
2019-06-26 00:00:00+00:00,11760.0,13880.0,11647.07,12920.54,87.12435,1011.53286,9354.6015,9354.6015,484362650.75452,1419.69,1422.04,1401.82,1408.67,76.98344,29.58502,1350.172,1350.172,109233
2019-06-27 00:00:00+00:00,12927.44,13355.61,10300.0,11153.74,63.25131,988.14309,9512.226,9512.226,402727650.20098,1407.94,1412.12,1398.59,1409.1,77.06867,29.93566,1356.2065,1356.2065,76489
2019-06-28 00:00:00+00:00,11153.73,12447.46,10739.1,12354.43,69.38981,1054.33842,9733.334,9733.334,231251475.79838,1408.7,1424.6,1405.63,1409.91,77.23963,29.93385,1361.4455,1361.4455,80301
2019-07-01 00:00:00+00:00,10759.24,11200.41,9950.0,10577.43,54.07284,851.86586,10214.482,10214.482,242407586.74739,1391.67,1397.72,1381.66,1383.75,61.33519,27.50447,1364.409,1364.409,91450
2019-07-02 00:00:00+00:00,10581.78,10942.63,9614.08,10828.9,55.69737,781.24642,10347.1135,10347.1135,219666906.39724,1383.94,1420.97,1383.74,1418.0,70.03485,28.01986,1369.0295,1369.0295,79268
2019-07-03 00:00:00+00:00,10830.1,12009.0,10830.1,11967.43,62.21411,807.83761,10533.585,10533.585,232046729.52258,1422.59,1437.73,1411.96,1418.41,70.12152,28.13704,1373.4455,1373.4455,97900
2019-07-04 00:00:00+00:00,11970.0,12061.04,11052.74,11146.34,55.83529,753.96498,10656.025,10656.025,124675092.19514,1420.14,1421.61,1410.13,1415.29,68.49795,27.65932,1377.434,1377.434,37381
2019-07-05 00:00:00+00:00,11144.82,11440.0,10769.15,10997.84,54.7421,691.31873,10763.0575,10763.0575,130802127.62073,1416.39,1424.15,1386.63,1398.09,60.22009,25.59774,1380.3265,1380.3265,77113
2019-07-08 00:00:00+00:00,11478.43,12398.0,11332.19,12286.14,62.40868,678.38014,11143.537,11143.537,146228420.65743,1399.09,1407.53,1391.68,1395.28,58.96635,23.46668,1383.6985,1383.6985,58768
2019-07-09 00:00:00+00:00,12299.94,12883.48,12030.43,12567.23,63.90321,726.99757,11307.985,11307.985,189960623.38552,1394.69,1399.93,1385.69,1397.51,59.6837,21.70751,1387.2415,1387.2415,51415
2019-07-10 00:00:00+00:00,12574.88,13200.0,11550.0,12098.95,59.64858,719.4476,11436.183,11436.183,240023688.07309,1395.68,1418.55,1389.81,1417.87,65.59716,21.70602,1391.4735,1391.4735,68331
2019-07-11 00:00:00+00:00,12101.44,12104.97,10966.81,11349.24,53.50647,645.52763,11492.539,11492.539,209605549.90352,1419.07,1427.07,1400.73,1403.73,59.11237,20.32951,1394.5695,1394.5695,65404
2019-07-12 00:00:00+00:00,11352.74,11942.39,11083.52,11808.91,56.46639,616.92551,11549.9195,11549.9195,108366581.48689,1404.51,1416.84,1403.08,1414.83,62.26594,19.90485,1398.27,1398.27,53268
2019-07-15 00:00:00+00:00,10191.87,11080.37,9855.0,10850.0,49.57513,331.90279,11490.323,11490.323,174121094.94705,1416.52,1419.73,1407.63,1413.7,61.74385,19.25516,1401.981,1401.981,48080
2019-07-16 00:00:00+00:00,10848.27,11042.11,9366.0,9412.81,41.4641,158.3654,11314.9365,11314.9365,195419607.07411,1414.44,1418.22,1400.68,1405.82,58.08623,17.89811,1404.9465,1404.9465,54713
2019-07-17 00:00:00+00:00,9427.45,9993.0,9049.54,9699.35,43.45064,43.45621,11242.217,11242.217,164818971.70499,1406.48,1426.75,1400.01,1426.21,64.02483,18.25747,1408.275,1408.275,51546
2019-07-18 00:00:00+00:00,9712.15,10797.0,9280.33,10648.6,49.5579,28.65606,11156.9255,11156.9255,194758018.81376,1426.3,1448.07,1414.56,1445.65,68.59369,19.88173,1411.14,1411.14,78476
2019-07-19 00:00:00+00:00,10638.44,10776.99,10102.58,10535.43,48.88012,7.70613,11090.766,11090.766,145256782.48802,1448.13,1452.92,1420.13,1424.96,59.87766,19.27725,1412.454,1412.454,91707
2019-07-22 00:00:00+00:00,10605.03,10686.89,10052.25,10328.83,47.4113,-33.90387,11066.4035,11066.4035,96794631.12052,1426.44,1429.98,1422.18,1424.67,59.76303,18.56083,1412.732,1412.732,61460
2019-07-23 00:00:00+00:00,10315.87,10327.33,9801.88,9847.02,44.23288,-95.98351,10960.383,10960.383,89025419.20867,1424.71,1430.21,1414.13,1417.6,56.90303,17.22402,1412.4525,1412.4525,61934
2019-07-24 00:00:00+00:00,9841.42,9911.5,9514.96,9763.67,43.68725,-150.17658,10891.2495,10891.2495,92104069.53054,1417.19,1429.51,1416.27,1425.11,59.13989,16.57947,1413.2745,1413.2745,58410
2019-07-25 00:00:00+00:00,9781.52,10187.0,9734.19,9883.96,44.74655,-181.32834,10835.5555,10835.5555,63039476.98813,1425.24,1433.73,1411.0,1414.11,54.66446,15.00805,1413.525,1413.525,70765
2019-07-26 00:00:00+00:00,9886.08,9897.46,9650.0,9846.94,44.46931,-206.62173,10765.9025,10765.9025,54848530.56849,1414.84,1424.79,1413.4,1418.31,56.03259,13.94089,1413.945,1413.945,47512
2019-07-29 00:00:00+00:00,9538.73,9725.17,9360.0,9495.39,41.95702,-305.6683,10375.2335,10375.2335,48128849.44198,1420.75,1428.11,1414.8,1426.62,58.68896,13.60883,1416.0885,1416.0885,36670
2019-07-30 00:00:00+00:00,9508.21,9775.0,9373.48,9593.62,43.11756,-312.3006,10249.967,10249.967,53090816.64262,1425.73,1433.2,1422.26,1430.61,59.94044,13.51187,1416.719,1416.719,45064
2019-07-31 00:00:00+00:00,9592.26,10143.2,9574.09,10085.34,48.65224,-274.71233,10186.772,10186.772,79850764.94544,1430.57,1434.47,1410.17,1412.23,52.10925,11.81572,1416.41,1416.41,75264
2019-08-01 00:00:00+00:00,10096.01,10499.0,9878.09,10407.71,51.95291,-216.41609,10116.712,10116.712,79949242.69904,1415.85,1445.95,1400.44,1444.89,61.68781,12.95753,1417.89,1417.89,91909
2019-08-02 00:00:00+00:00,10416.79,10670.0,10318.47,10529.51,53.17756,-158.55988,10074.248,10074.248,97786103.42738,1445.59,1447.93,1430.29,1440.32,59.88298,13.33988,1420.0015,1420.0015,109809
2019-08-05 00:00:00+00:00,10986.55,11959.36,10986.55,11800.0,64.4871,100.68315,10231.938,10231.938,203673378.12518,1440.29,1469.72,1436.67,1463.72,65.45603,15.3541,1423.4235,1423.4235,111163
2019-08-06 00:00:00+00:00,11800.0,12325.0,11200.0,11470.0,60.24296,166.78208,10320.4705,10320.4705,188344043.0058,1467.57,1474.81,1456.33,1474.27,67.63882,17.5988,1427.2615,1427.2615,98081
2019-08-07 00:00:00+00:00,11471.58,12145.42,11388.01,11971.57,64.10931,256.67962,10386.619,10386.619,185325353.56734,1474.58,1510.33,1472.18,1501.25,72.4357,21.30917,1431.4305,1431.4305,134373
2019-08-08 00:00:00+00:00,11973.46,12061.1,11450.93,11983.43,64.19797,325.13315,10459.019,10459.019,121565451.56894,1498.84,1509.53,1489.97,1500.88,72.27748,23.9438,1436.288,1436.288,101100
2019-08-09 00:00:00+00:00,11985.6,12040.0,11650.0,11859.32,62.45915,365.15909,10514.4795,10514.4795,87010821.00764,1506.34,1508.09,1494.74,1497.02,70.54617,25.42718,1440.3975,1440.3975,88737
2019-08-12 00:00:00+00:00,11527.44,11551.57,11194.04,11385.11,55.51559,332.19482,10685.027,10685.027,38910996.97338,1496.05,1519.99,1487.2,1511.72,73.18086,27.47226,1445.2985,1445.2985,77110
2019-08-13 00:00:00+00:00,11380.61,11446.94,10738.58,10862.28,49.40826,275.319,10739.9575,10739.9575,97795049.95351,1510.51,1534.95,1479.77,1501.35,68.52417,27.93421,1450.075,1450.075,121062
2019-08-14 00:00:00+00:00,10862.25,10862.25,9888.57,10022.99,41.51314,160.66872,10746.909,10746.909,127080900.80507,1501.62,1524.03,1493.78,1516.18,71.33349,29.16083,1454.5735,1454.5735,121466
2019-08-15 00:00:00+00:00,10022.5,10444.66,9467.57,10301.44,44.67196,91.22455,10769.634,10769.634,155378404.3817,1518.59,1526.97,1507.81,1523.42,72.61839,30.36708,1458.462,1458.462,135399
2019-08-16 00:00:00+00:00,10294.9,10540.0,9736.96,10354.34,45.27665,39.99707,10813.2825,10813.2825,114730225.42909,1521.85,1527.97,1503.63,1512.1,67.52236,30.06307,1462.819,1462.819,87768
2019-08-19 00:00:00+00:00,10318.99,10940.0,10267.56,10927.3,52.32491,-20.09369,10955.0315,10955.0315,87899434.47906,1509.43,1512.9,1493.18,1495.79,60.89199,28.1812,1466.375,1466.375,77501
2019-08-20 00:00:00+00:00,10927.3,10955.48,10549.74,10772.22,50.53227,-13.47062,10989.3755,10989.3755,63379433.08301,1496.54,1508.55,1492.93,1507.36,63.621,27.30861,1470.863,1470.863,63548
2019-08-21 00:00:00+00:00,10778.75,10807.54,9853.45,10134.75,43.87772,-58.9804,10975.7275,10975.7275,99448467.8885,1506.52,1508.03,1496.43,1502.31,61.60047,25.9109,1474.723,1474.723,61239
2019-08-22 00:00:00+00:00,10123.56,10238.29,9755.53,10112.01,43.65686,-95.77808,10954.8525,10954.8525,67854687.92643,1501.86,1504.55,1492.43,1498.16,59.91643,24.1895,1478.9255,1478.9255,66041
2019-08-23 00:00:00+00:00,10112.45,10479.0,10051.0,10401.6,47.29519,-100.41549,10933.8565,10933.8565,57804722.67788,1498.54,1530.2,1493.47,1526.25,66.57688,24.80595,1484.3225,1484.3225,98456
2019-08-26 00:00:00+00:00,10136.75,10650.0,10136.75,10360.97,47.53659,-134.41216,10753.3795,10753.3795,74253708.20629,1545.74,1555.21,1524.93,1527.38,66.81576,25.09638,1489.3605,1489.3605,127966
2019-08-27 00:00:00+00:00,10355.11,10375.53,10019.1,10167.29,45.20507,-143.69882,10663.1655,10663.1655,48613219.7538,1527.27,1544.65,1525.63,1542.63,69.9384,26.25445,1494.9615,1494.9615,83672
2019-08-28 00:00:00+00:00,10171.39,10280.71,9555.0,9711.78,40.20999,-185.67408,10549.583,10549.583,90350203.59161,1540.96,1546.83,1531.79,1541.01,69.19352,26.73334,1501.4005,1501.4005,89182
2019-08-29 00:00:00+00:00,9720.2,9720.2,9320.0,9490.0,38.00788,-234.13659,10431.117,10431.117,73235339.5052,1539.02,1550.3,1519.52,1526.87,62.89676,25.67591,1505.4995,1505.4995,107263
2019-08-30 00:00:00+00:00,9490.56,9700.0,9350.1,9579.75,39.45297,-262.27803,10346.4445,10346.4445,50938497.59953,1527.53,1533.11,1516.93,1520.55,60.25731,24.05068,1509.511,1509.511,92368
2019-09-02 00:00:00+00:00,9767.56,10471.0,9753.24,10384.48,51.80878,-222.47896,10144.9465,10144.9465,63810540.60764,1529.39,1533.77,1519.22,1528.96,62.51178,23.17415,1512.773,1512.773,50614
2019-09-03 00:00:00+00:00,10384.07,10783.0,10286.0,10617.61,54.74254,-158.47604,10174.6775,10174.6775,121503028.784,1526.91,1549.68,1521.61,1548.7,67.21313,23.79802,1516.4945,1516.4945,100722
2019-09-04 00:00:00+00:00,10617.72,10834.15,10378.7,10586.26,54.26414,-109.02616,10188.9185,10188.9185,106801851.41638,1546.53,1556.98,1533.78,1552.6,68.06523,24.32671,1519.062,1519.062,95612
2019-09-05 00:00:00+00:00,10586.26,10664.13,10461.97,10573.66,54.05965,-70.04604,10199.8845,10199.8845,48169625.97061,1551.44,1552.95,1506.19,1518.89,54.80644,21.77459,1519.9625,1519.9625,103092
2019-09-06 00:00:00+00:00,10573.04,10949.0,10204.18,10311.09,49.84441,-59.65357,10204.8945,10204.8945,110344232.17075,1518.45,1527.81,1502.47,1506.38,50.8479,18.52897,1520.4305,1520.4305,109340
2019-09-09 00:00:00+00:00,10387.33,10542.93,10060.0,10307.45,49.50459,-23.69726,10163.57,10163.57,62460701.49193,1503.51,1515.43,1497.54,1498.81,48.56218,15.17107,1519.785,1519.785,81607
2019-09-10 00:00:00+00:00,10317.62,10390.09,9910.0,10096.0,46.02979,-38.83572,10161.6325,10161.6325,47036470.56101,1498.32,1500.97,1484.45,1485.77,44.82425,11.32712,1519.006,1519.006,87411
2019-09-11 00:00:00+00:00,10093.39,10243.01,9855.11,10154.46,47.13461,-45.59028,10163.755,10163.755,46856217.2026,1486.28,1498.23,1485.99,1496.52,48.35355,9.04395,1518.023,1518.023,66314
2019-09-12 00:00:00+00:00,10163.81,10465.0,10027.52,10420.34,51.95213,-29.15298,10164.692,10164.692,49174070.94837,1496.74,1524.13,1489.16,1498.97,49.15183,7.34752,1516.8005,1516.8005,93718
2019-09-13 00:00:00+00:00,10423.99,10458.13,10153.87,10368.65,50.97949,-20.06594,10175.6395,10175.6395,38938608.85718,1497.62,1508.94,1485.71,1488.55,45.90218,5.10344,1515.623,1515.623,73329
2019-09-16 00:00:00+00:00,10320.36,10378.07,10060.95,10269.98,48.91505,-14.47918,10188.9435,10188.9435,56444195.1414,1500.71,1512.09,1495.83,1498.4,49.31365,4.07286,1515.7535,1515.7535,84660
2019-09-17 00:00:00+00:00,10257.2,10280.53,10130.59,10195.73,47.27427,-21.6687,10213.141,10213.141,51780020.67249,1498.49,1507.03,1493.39,1501.32,50.31395,3.45195,1515.4515,1515.4515,67403
2019-09-18 00:00:00+00:00,10182.96,10263.65,10080.0,10152.09,46.29144,-30.53582,10246.2455,10246.2455,40121129.07837,1501.47,1511.54,1482.97,1493.24,47.51934,2.28158,1514.998,1514.998,65272
2019-09-19 00:00:00+00:00,10161.59,10380.07,9600.0,10271.53,49.39257,-27.60704,10280.8345,10280.8345,76583617.74221,1492.89,1504.45,1488.92,1498.47,49.47552,1.75583,1515.0135,1515.0135,74260
2019-09-20 00:00:00+00:00,10284.72,10308.04,10055.0,10169.02,46.89015,-33.17523,10309.578,10309.578,45388221.03604,1499.19,1517.01,1497.89,1516.27,55.54847,2.74385,1514.5145,1514.5145,60729
2019-09-23 00:00:00+00:00,10022.38,10048.06,9606.0,9682.19,36.86265,-98.06601,10255.4995,10255.4995,52748214.16147,1512.63,1526.77,1511.48,1522.12,57.36236,3.95334,1514.2515,1514.2515,71616
2019-09-24 00:00:00+00:00,9685.69,9782.0,7998.0,8536.82,23.42244,-215.77786,10153.0275,10153.0275,240349160.74389,1523.09,1535.63,1515.55,1531.17,60.07649,5.57783,1513.6785,1513.6785,77381
2019-09-25 00:00:00+00:00,8536.71,8746.83,8216.0,8432.16,22.61117,-313.89217,10045.9525,10045.9525,147022027.7983,1533.29,1535.08,1500.4,1503.64,49.71016,4.59089,1511.81,1511.81,84604
2019-09-26 00:00:00+00:00,8443.44,8467.89,7733.99,8055.03,19.93214,-417.26969,9933.1495,9933.1495,134215489.1734,1503.66,1512.25,1500.25,1504.56,50.02053,3.83872,1510.6945,1510.6945,74798
2019-09-27 00:00:00+00:00,8055.25,8294.04,7866.0,8187.72,23.37226,-482.92331,9818.316,9818.316,83235157.40884,1503.95,1507.34,1486.79,1496.61,47.30373,2.57147,1509.4975,1509.4975,87365
2019-09-30 00:00:00+00:00,8060.13,8368.5,7714.7,8298.45,29.39966,-574.30698,9506.3405,9506.3405,78992880.05672,1496.25,1500.41,1464.43,1472.29,40.12419,-0.39074,1506.664,1506.664,85679
2019-10-01 00:00:00+00:00,8304.47,8531.25,8195.42,8319.01,29.93315,-570.96306,9414.568,9414.568,85058482.94859,1472.93,1487.19,1459.03,1479.38,42.84754,-2.14153,1503.198,1503.198,91422
2019-10-02 00:00:00+00:00,8326.41,8393.39,8170.91,8373.42,31.41028,-557.49608,9312.222,9312.222,41469648.2109,1480.06,1505.02,1474.44,1499.92,49.9498,-1.8503,1500.564,1500.564,90625
2019-10-03 00:00:00+00:00,8377.68,8419.23,8029.14,8239.92,29.7529,-551.24137,9205.7855,9205.7855,71696535.97399,1498.96,1519.48,1495.76,1504.83,51.50132,-1.20937,1499.861,1499.861,93063
2019-10-04 00:00:00+00:00,8243.39,8244.93,7986.65,8152.07,28.68044,-547.06697,9095.6205,9095.6205,51185065.64271,1506.04,1515.54,1495.77,1504.5,51.38603,-0.71976,1499.767,1499.767,88317
2019-10-07 00:00:00+00:00,7863.75,8313.7,7763.54,8205.53,35.32673,-521.79176,8767.289,8767.289,76831062.11297,1508.53,1509.25,1487.97,1493.27,47.48978,-1.22379,1499.49,1499.49,86523
2019-10-08 00:00:00+00:00,8211.04,8344.12,8109.74,8178.54,34.93302,-497.3222,8668.6115,8668.6115,29260549.6273,1493.37,1509.65,1486.81,1505.48,51.77157,-0.63073,1500.4755,1500.4755,107974
2019-10-09 00:00:00+00:00,8185.85,8707.8,8110.0,8586.34,44.92122,-439.95235,8584.352,8584.352,99895152.57598,1506.45,1512.34,1499.8,1505.42,51.74924,-0.16368,1500.9205,1500.9205,86218
2019-10-10 00:00:00+00:00,8586.57,8666.84,8450.61,8582.11,44.84432,-390.32819,8505.0065,8505.0065,63811695.23853,1505.7,1516.98,1491.02,1493.39,47.34021,-0.75555,1500.6415,1500.6415,115499
2019-10-11 00:00:00+00:00,8589.08,8820.0,8222.88,8265.55,39.40756,-372.25334,8419.02,8419.02,64674516.62781,1494.46,1503.13,1473.93,1487.93,45.44759,-1.64621,1500.6105,1500.6105,118368
2019-10-14 00:00:00+00:00,8278.39,8416.67,8215.41,8362.99,42.14313,-306.50846,8254.5095,8254.5095,35915758.64981,1486.43,1497.06,1482.77,1493.03,47.55663,-1.91842,1500.342,1500.342,74909
2019-10-15 00:00:00+00:00,8353.33,8420.85,8086.0,8155.13,38.28656,-299.87803,8240.658,8240.658,41139868.53931,1492.37,1498.53,1477.13,1481.0,43.30381,-3.06949,1499.326,1499.326,85309
2019-10-16 00:00:00+00:00,8162.45,8179.1,7912.66,7995.89,35.59888,-303.96873,8237.701,8237.701,69119672.4472,1481.09,1491.51,1476.96,1489.52,46.92394,-3.25669,1499.14,1499.14,91869
2019-10-17 00:00:00+00:00,7995.73,8130.71,7936.71,8073.32,37.88231,-297.53292,8231.981,8231.981,43562714.29742,1489.99,1497.31,1483.37,1492.23,48.05995,-3.15006,1498.828,1498.828,81532
2019-10-18 00:00:00+00:00,8069.26,8120.77,7811.62,7955.08,35.79514,-298.53218,8218.8315,8218.8315,44636697.97726,1491.98,1494.17,1484.81,1489.93,47.13781,-3.21409,1497.511,1497.511,72019
2019-10-21 00:00:00+00:00,8236.49,8352.0,8156.0,8213.65,43.75217,-244.76351,8206.0725,8206.0725,40408974.55154,1491.65,1495.17,1481.42,1484.06,44.77645,-3.69589,1495.608,1495.608,73746
2019-10-22 00:00:00+00:00,8206.53,8314.77,7989.15,8025.9,39.7362,-238.92898,8188.6965,8188.6965,45578563.05683,1484.53,1488.93,1480.78,1487.77,46.59731,-3.7353,1493.438,1493.438,69834
2019-10-23 00:00:00+00:00,8021.57,8052.04,7293.55,7470.77,30.74906,-275.9188,8150.239,8150.239,99407430.23772,1487.93,1496.23,1487.62,1491.75,48.55693,-3.40612,1492.8435,1492.8435,65293
2019-10-24 00:00:00+00:00,7470.77,7512.0,7356.0,7435.0,30.27393,-304.60851,8114.3855,8114.3855,37155840.70017,1491.33,1503.96,1487.93,1502.9,53.6845,-2.21993,1492.7605,1492.7605,67974
2019-10-25 00:00:00+00:00,7427.0,8784.29,7393.14,8662.66,55.62006,-225.68188,8140.26,8140.26,165576311.69329,1503.03,1517.93,1500.55,1504.16,54.23958,-1.16478,1493.138,1493.138,76377
2019-10-28 00:00:00+00:00,9547.32,9950.0,9177.84,9216.44,59.83681,60.03385,8329.664,8329.664,135684601.08698,1503.29,1508.17,1489.93,1492.54,48.47026,-1.25177,1494.1505,1494.1505,76826
2019-10-29 00:00:00+00:00,9216.39,9573.35,9051.48,9426.94,62.07783,124.17851,8371.694,8371.694,85404414.7742,1491.81,1494.71,1483.33,1487.9,46.35016,-1.6758,1494.5765,1494.5765,73054
2019-10-30 00:00:00+00:00,9426.94,9437.06,8985.25,9159.94,57.68142,151.72,8400.5855,8400.5855,80739723.65505,1487.39,1496.52,1481.08,1495.6,50.23989,-1.37467,1494.3605,1494.3605,74557
2019-10-31 00:00:00+00:00,9169.55,9438.61,8961.53,9150.07,57.51925,170.78175,8444.8115,8444.8115,92536116.51616,1495.77,1514.19,1493.89,1512.13,57.38319,0.19555,1494.7255,1494.7255,70127
2019-11-01 00:00:00+00:00,9158.08,9303.53,9054.6,9250.45,58.78826,191.77745,8492.1625,8492.1625,61428097.80575,1512.49,1516.09,1503.22,1513.9,58.07718,1.56475,1495.1955,1495.1955,72696
2019-11-04 00:00:00+00:00,9207.0,9586.5,9122.33,9410.76,60.43441,231.98155,8648.234,8648.234,46700353.64483,1512.69,1514.77,1504.34,1509.48,55.64051,2.26706,1496.006,1496.006,60931
2019-11-05 00:00:00+00:00,9410.76,9485.0,9165.2,9320.14,58.54973,235.61149,8714.4465,8714.4465,46410373.34436,1508.83,1509.61,1479.31,1483.78,44.06415,0.74133,1494.921,1494.921,86931
2019-11-06 00:00:00+00:00,9319.1,9448.19,9254.68,9344.78,58.92482,237.73601,8778.0195,8778.0195,43642315.41552,1483.71,1494.13,1482.91,1490.14,47.00276,0.04485,1494.157,1494.157,70392
2019-11-07 00:00:00+00:00,9346.02,9373.48,9080.0,9199.36,55.72012,225.09083,8840.2335,8840.2335,36576440.24962,1489.79,1492.21,1460.46,1468.52,39.4211,-2.226,1492.9135,1492.9135,100691
2019-11-08 00:00:00+00:00,9209.3,9253.39,8661.0,8767.37,47.4622,178.15775,8880.5775,8880.5775,85041268.84266,1468.11,1472.87,1456.12,1458.72,36.54364,-4.76156,1491.453,1491.453,83604
2019-11-11 00:00:00+00:00,9029.88,9075.32,8593.0,8720.36,46.74977,95.26082,8984.666,8984.666,55749043.99012,1460.22,1466.36,1448.15,1455.65,35.66538,-6.93875,1489.584,1489.584,62464
2019-11-12 00:00:00+00:00,8720.36,8872.47,8549.0,8813.91,48.55339,73.91813,9051.823,9051.823,41618455.45414,1454.99,1460.32,1445.57,1456.3,36.01601,-8.51359,1488.349,1488.349,88273
2019-11-13 00:00:00+00:00,8817.0,8839.46,8700.0,8755.24,47.46752,51.67406,9117.835,9117.835,27892627.35346,1457.29,1467.0,1456.64,1463.26,39.79938,-9.09521,1487.036,1487.036,84024
2019-11-14 00:00:00+00:00,8765.53,8791.78,8555.0,8636.9,45.26838,24.21726,9116.547,9116.547,29476062.54565,1463.99,1474.55,1461.07,1470.97,43.76614,-8.8322,1485.973,1485.973,79413
2019-11-15 00:00:00+00:00,8632.07,8799.03,8363.0,8463.49,42.18425,-11.40374,9077.084,9077.084,44126109.78325,1471.22,1471.31,1462.37,1467.37,42.36252,-8.81267,1484.845,1484.845,63220
2019-11-18 00:00:00+00:00,8499.53,8508.4,8010.7,8170.65,37.17164,-96.67921,8924.7905,8924.7905,39428743.1329,1467.85,1473.89,1456.28,1470.78,44.1884,-8.42492,1484.181,1484.181,65688
2019-11-19 00:00:00+00:00,8176.9,8197.77,7989.15,8121.63,36.37109,-131.09302,8872.875,8872.875,35835836.69419,1470.65,1475.23,1464.72,1472.31,45.02983,-7.90306,1483.408,1483.408,70981
2019-11-20 00:00:00+00:00,8124.08,8231.04,8027.28,8088.44,35.80877,-159.2091,8819.7935,8819.7935,24233016.32386,1473.67,1478.75,1465.88,1471.05,44.43569,-7.50465,1482.373,1482.373,80216
2019-11-21 00:00:00+00:00,8085.54,8116.92,7394.09,7611.51,28.89538,-217.46871,8737.8465,8737.8465,71357902.98055,1474.9,1475.59,1462.28,1464.32,41.30112,-7.64384,1480.444,1480.444,84627
2019-11-22 00:00:00+00:00,7612.23,7714.7,6785.0,7285.85,25.30311,-286.61401,8636.9015,8636.9015,146592369.12945,1464.37,1473.18,1461.25,1461.81,40.16318,-7.86602,1478.3265,1478.3265,69819
2019-11-25 00:00:00+00:00,6900.9,7380.0,6515.0,7122.14,28.42863,-432.23599,8307.551,8307.551,133302254.87615,1460.39,1462.08,1454.0,1454.94,37.14643,-8.49848,1476.4465,1476.4465,58527
2019-11-26 00:00:00+00:00,7127.12,7344.91,7018.78,7159.22,29.46285,-448.39748,8198.273,8198.273,54724000.70529,1454.94,1462.87,1450.02,1461.3,41.52533,-8.3898,1475.1165,1475.1165,55649
2019-11-27 00:00:00+00:00,7168.74,7676.27,6847.72,7527.84,38.91317,-426.54408,8114.697,8114.697,114099410.16421,1461.11,1461.75,1452.45,1453.93,38.20381,-8.79696,1473.033,1473.033,57103
2019-11-28 00:00:00+00:00,7517.82,7659.92,7372.19,7436.72,37.57311,-411.8304,8048.1645,8048.1645,51503635.71886,1455.75,1458.26,1454.16,1455.74,39.48404,-8.87132,1470.2135,1470.2135,31775
2019-11-29 00:00:00+00:00,7429.32,7870.35,7411.17,7753.69,44.70644,-370.32401,7995.2385,7995.2385,59384516.15218,1455.39,1466.53,1452.94,1463.83,44.97149,-8.18313,1467.71,1467.71,48203
2019-12-02 00:00:00+00:00,7411.75,7431.07,7140.08,7309.64,37.7938,-337.93455,7780.949,7780.949,31609077.44018,1462.43,1465.29,1453.89,1462.45,44.23464,-7.66078,1465.3585,1465.3585,65523
2019-12-03 00:00:00+00:00,7317.94,7415.0,7238.04,7300.43,37.65166,-332.64577,7708.2085,7708.2085,18632174.22487,1461.61,1481.73,1459.78,1477.32,53.14359,-5.97801,1465.0355,1465.0355,65924
2019-12-04 00:00:00+00:00,7299.2,7772.71,7087.09,7197.78,36.02533,-332.89991,7636.2525,7636.2525,55692042.04186,1476.47,1484.01,1471.35,1474.33,51.36659,-4.83,1464.245,1464.245,79731
2019-12-05 00:00:00+00:00,7199.58,7500.0,7150.06,7390.42,41.16169,-313.938,7582.599,7582.599,34304532.20701,1474.37,1480.29,1472.86,1475.76,52.18997,-3.76145,1464.607,1464.607,68940
2019-12-06 00:00:00+00:00,7397.35,7618.99,7305.56,7541.79,44.90485,-283.42906,7535.457,7535.457,31428450.19042,1476.04,1479.82,1458.66,1459.53,43.24168,-4.1761,1464.6475,1464.6475,63328
2019-12-09 00:00:00+00:00,7516.8,7666.0,7268.03,7340.52,40.86271,-229.48964,7414.249,7414.249,48318754.97207,1458.58,1465.35,1458.48,1461.71,44.6153,-4.27947,1464.9505,1464.9505,46080
2019-12-10 00:00:00+00:00,7332.05,7400.0,7150.23,7216.07,38.45717,-231.75899,7370.6305,7370.6305,29518206.96901,1461.41,1469.17,1459.95,1464.35,46.30988,-4.10109,1465.353,1465.353,66086
2019-12-11 00:00:00+00:00,7224.5,7271.0,7122.28,7207.42,38.28845,-231.58588,7350.426,7350.426,24648936.49635,1464.16,1478.84,1462.63,1474.72,52.46261,-3.08736,1465.926,1465.926,63369
2019-12-12 00:00:00+00:00,7208.95,7296.19,7072.2,7188.42,37.89518,-230.32676,7345.5545,7345.5545,31462916.37319,1474.89,1486.69,1463.89,1469.4,49.33883,-2.68234,1465.8475,1465.8475,80536
2019-12-13 00:00:00+00:00,7185.15,7302.35,7179.65,7257.47,40.29526,-221.20721,7342.4085,7342.4085,23064809.342,1466.57,1478.0,1461.73,1475.44,52.77675,-1.85262,1466.251,1466.251,92543
2019-12-16 00:00:00+00:00,7115.08,7147.91,6820.0,6882.19,33.31364,-239.40147,7335.7375,7335.7375,40763593.18833,1474.85,1479.85,1473.09,1475.9,53.03813,-1.14475,1466.507,1466.507,55769
2019-12-17 00:00:00+00:00,6882.08,6938.77,6550.0,6612.3,28.86648,-269.37767,7289.9605,7289.9605,46995311.39685,1475.89,1480.49,1474.12,1475.99,53.09284,-0.56992,1466.691,1466.691,55358
2019-12-18 00:00:00+00:00,6619.53,7449.68,6425.0,7286.91,47.67072,-235.97841,7282.47,7282.47,93809015.18843,1475.76,1479.24,1470.38,1475.45,52.6962,-0.15614,1466.911,1466.911,51047
2019-12-19 00:00:00+00:00,7286.91,7372.12,7000.0,7149.57,45.0592,-218.07759,7252.264,7252.264,42443825.1501,1475.3,1481.64,1473.19,1478.7,54.8809,0.42909,1467.63,1467.63,49593
2019-12-20 00:00:00+00:00,7157.53,7218.11,7072.61,7194.11,46.09064,-198.01447,7234.436,7234.436,23033122.44157,1478.94,1480.94,1475.78,1477.93,54.24172,0.82128,1468.436,1468.436,44501
2019-12-23 00:00:00+00:00,7521.88,7692.98,7247.86,7316.17,49.07069,-122.39889,7231.963,7231.963,49097114.83914,1477.96,1486.09,1477.46,1485.38,59.1937,1.7135,1469.958,1469.958,44323
2019-12-24 00:00:00+00:00,7317.47,7431.1,7156.0,7251.52,47.72531,-111.11345,7234.65,7234.65,30417151.85079,1485.2,1500.44,1484.33,1498.99,66.35668,3.4787,1471.8425,1471.8425,39618
2019-12-26 00:00:00+00:00,7195.8,7432.0,7150.0,7188.3,46.37413,-100.41043,7207.244,7207.244,22404113.54999,1503.27,1512.56,1502.27,1511.04,71.18027,5.78331,1474.698,1474.698,42592
2019-12-27 00:00:00+00:00,7195.17,7255.37,7052.0,7246.0,47.92073,-90.71411,7194.4115,7194.4115,29162040.49496,1510.77,1515.29,1507.28,1510.63,70.80828,7.4903,1477.4425,1477.4425,54172
2019-12-30 00:00:00+00:00,7372.79,7384.9,7199.0,7220.24,47.20942,-58.62509,7185.47,7185.47,26880327.88137,1511.16,1516.07,1510.7,1514.96,72.44604,9.08773,1479.999,1479.999,57637
2019-12-31 00:00:00+00:00,7222.74,7302.35,7112.55,7168.36,45.85627,-60.8926,7183.517,7183.517,18915089.23171,1514.63,1525.23,1514.54,1520.46,74.40994,10.67447,1482.8995,1482.8995,51632
2020-01-02 00:00:00+00:00,7174.7,7184.94,6900.0,6950.56,40.32802,-78.85589,7167.6845,7167.6845,27612544.99863,1520.26,1531.32,1518.38,1528.77,77.0693,12.4589,1485.472,1485.472,55524
2020-01-03 00:00:00+00:00,6945.7,7402.31,6853.53,7338.91,51.58679,-60.84835,7181.6785,7181.6785,59245032.22747,1528.25,1553.43,1527.86,1551.44,82.43276,15.52341,1489.3275,1489.3275,95044
2020-01-06 00:00:00+00:00,7352.12,7817.0,7342.46,7762.74,61.46022,11.12416,7274.396,7274.396,52229909.8545,1575.89,1582.09,1560.7,1565.63,84.82532,18.87943,1493.821,1493.821,118721
2020-01-07 00:00:00+00:00,7768.17,8220.0,7697.03,8159.01,68.04713,76.52278,7318.001,7318.001,99199877.40944,1564.53,1577.32,1555.23,1573.24,85.9319,21.90072,1499.5065,1499.5065,96091
2020-01-08 00:00:00+00:00,8151.79,8463.57,7872.09,8044.44,64.60894,117.74948,7362.7445,7362.7445,95835283.90686,1575.99,1611.35,1552.22,1556.36,73.1837,22.67168,1504.239,1504.239,156878
2020-01-09 00:00:00+00:00,8048.94,8048.94,7737.97,7806.78,58.05599,129.74909,7393.378,7393.378,46506895.18623,1554.75,1561.29,1540.2,1552.08,70.33452,22.67593,1508.6255,1508.6255,87919
2020-01-10 00:00:00+00:00,7812.7,8200.0,7667.0,8200.0,64.47593,169.03985,7446.008,7446.008,73799903.70633,1552.91,1563.13,1545.73,1561.76,72.9039,23.19303,1512.9775,1512.9775,78711
2020-01-13 00:00:00+00:00,8180.75,8196.81,8039.0,8105.01,60.51777,214.37492,7557.238,7557.238,32512753.99104,1559.55,1560.6,1546.51,1548.34,64.55604,22.26332,1516.9245,1516.9245,72777
2020-01-14 00:00:00+00:00,8105.01,8895.0,8105.01,8813.04,69.90671,275.44735,7638.1005,7638.1005,149904804.01003,1548.13,1548.85,1535.96,1546.25,63.33963,21.11448,1520.465,1520.465,85110
2020-01-15 00:00:00+00:00,8813.2,8903.2,8555.0,8809.17,69.80899,319.84841,7719.144,7719.144,75819499.03514,1546.37,1558.17,1546.27,1556.22,66.57516,20.76909,1524.481,1524.481,73629
2020-01-16 00:00:00+00:00,8810.62,8852.35,8573.91,8710.15,67.21991,343.09153,7792.3515,7792.3515,58473488.31822,1555.18,1558.06,1547.98,1552.46,64.27137,19.96187,1528.3045,1528.3045,65408
2020-01-17 00:00:00+00:00,8715.39,9015.22,8661.52,8892.63,69.46729,371.94888,7872.171,7872.171,83263107.96403,1552.29,1561.21,1549.33,1556.83,65.75461,19.45054,1532.3735,1532.3735,64606
2020-01-20 00:00:00+00:00,8698.97,8740.54,8507.93,8625.17,61.91893,370.82597,8094.979,8094.979,38124961.35884,1559.0,1562.76,1556.35,1560.5,66.99386,19.12103,1536.4635,1536.4635,31344
2020-01-21 00:00:00+00:00,8629.66,8778.66,8480.0,8717.89,63.43216,362.41721,8171.9395,8171.9395,29594526.68151,1560.88,1568.59,1546.3,1557.91,65.20066,18.43836,1540.4625,1540.4625,84727
2020-01-22 00:00:00+00:00,8728.47,8792.98,8567.68,8655.93,61.66864,346.75635,8257.208,8257.208,27212617.67252,1558.01,1559.22,1550.15,1558.6,65.46586,17.74842,1544.1235,1544.1235,68635
2020-01-23 00:00:00+00:00,8661.63,8665.95,8280.0,8378.44,54.37727,308.39886,8309.1845,8309.1845,72146837.22326,1558.55,1567.91,1551.85,1562.8,67.10897,17.34065,1547.314,1547.314,80486
2020-01-24 00:00:00+00:00,8382.08,8530.7,8212.9,8422.13,55.27392,278.31742,8363.067,8363.067,54157919.38045,1561.79,1575.95,1556.49,1570.9,70.06691,17.46972,1550.307,1550.307,81710
2020-01-27 00:00:00+00:00,8600.0,9004.35,8546.55,8894.54,63.59584,250.23837,8489.8705,8489.8705,85563471.23905,1580.71,1588.28,1575.87,1581.88,73.54062,18.24765,1553.8695,1553.8695,105097
2020-01-28 00:00:00+00:00,8894.57,9413.24,8876.0,9400.0,70.31217,299.26702,8557.6485,8557.6485,89916257.93841,1580.91,1583.03,1565.44,1567.78,63.37041,17.5244,1556.5105,1556.5105,83057
2020-01-29 00:00:00+00:00,9386.57,9443.96,9215.5,9289.18,67.37716,325.42898,8631.7685,8631.7685,60211683.96754,1568.65,1578.0,1563.35,1577.11,66.65637,17.50232,1559.343,1559.343,72438
2020-01-30 00:00:00+00:00,9280.83,9570.0,9166.07,9500.0,69.94722,359.0352,8696.7685,8696.7685,75479008.39993,1575.25,1585.99,1572.22,1573.85,64.47979,17.0255,1561.597,1561.597,96702
2020-01-31 00:00:00+00:00,9510.84,9529.35,9195.93,9327.85,65.41532,367.54053,8762.35,8762.35,46729005.43588,1575.06,1590.48,1570.87,1588.83,69.42102,17.65289,1563.4665,1563.4665,97516
2020-02-03 00:00:00+00:00,9309.69,9615.0,9211.07,9288.09,63.58287,360.98684,8907.142,8907.142,44193972.22098,1588.65,1592.0,1569.28,1576.3,61.69061,16.94372,1564.0,1564.0,91040
2020-02-04 00:00:00+00:00,9281.0,9348.6,9075.0,9159.37,59.90147,338.83898,8924.652,8924.652,44580718.85066,1578.56,1579.61,1548.97,1552.74,50.33969,14.31558,1562.975,1562.975,81029
2020-02-05 00:00:00+00:00,9168.49,9775.0,9142.52,9618.42,67.19602,354.24463,8970.0655,8970.0655,77562630.49691,1553.18,1562.41,1547.38,1556.41,51.82664,12.38612,1562.9775,1562.9775,84219
2020-02-06 00:00:00+00:00,9617.84,9859.57,9521.0,9754.63,68.99816,373.14336,9013.1655,9013.1655,73691241.86079,1554.67,1568.23,1552.46,1566.46,55.73529,11.53499,1563.6965,1563.6965,71100
2020-02-07 00:00:00+00:00,9754.63,9878.0,9706.94,9803.42,69.64152,387.58979,9057.91,9057.91,39345937.61875,1565.81,1574.05,1560.08,1570.0,57.057,11.01909,1564.1085,1564.1085,97707
2020-02-10 00:00:00+00:00,10173.51,10199.85,9731.2,9850.01,64.80104,422.74789,9252.226,9252.226,74472654.33145,1569.27,1577.01,1567.96,1571.87,57.77426,10.6385,1565.285,1565.285,72137
2020-02-11 00:00:00+00:00,9851.99,10383.9,9706.94,10268.98,70.10359,444.8605,9332.8785,9332.8785,83462124.49797,1572.09,1574.05,1561.92,1567.63,55.5103,9.88084,1566.354,1566.354,75255
2020-02-12 00:00:00+00:00,10270.98,10495.0,10247.35,10348.78,70.9997,463.48137,9431.3955,9431.3955,67819792.41088,1567.49,1570.46,1561.95,1565.73,54.48005,9.02307,1566.8295,1566.8295,65805
2020-02-13 00:00:00+00:00,10348.78,10500.5,10068.0,10228.67,67.71,463.20711,9521.7225,9521.7225,95611994.52245,1566.13,1578.33,1565.51,1575.98,58.91057,9.06586,1568.0055,1568.0055,80200
2020-02-14 00:00:00+00:00,10229.19,10398.0,10093.26,10364.04,69.42923,468.51226,9623.4495,9623.4495,64157319.92519,1575.91,1585.01,1573.02,1583.69,61.91346,9.61111,1569.3485,1569.3485,60275
2020-02-17 00:00:00+00:00,9925.96,9973.45,9467.57,9697.15,53.51271,348.28377,9754.6895,9754.6895,57341235.14341,1581.25,1583.78,1578.85,1580.86,60.17509,9.70302,1570.3665,1570.3665,30617
2020-02-18 00:00:00+00:00,9725.57,10288.0,9602.6,10185.17,61.17299,345.47347,9799.489,9799.489,68794243.12956,1583.69,1605.05,1583.23,1601.35,67.32787,11.29899,1572.5385,1572.5385,78332
2020-02-19 00:00:00+00:00,10190.3,10300.0,9312.0,9595.72,50.37548,292.31299,9804.275,9804.275,95350948.94892,1601.17,1612.91,1599.53,1611.34,70.14346,13.21755,1575.1755,1575.1755,81876
2020-02-20 00:00:00+00:00,9589.1,9706.27,9396.91,9612.76,50.64668,248.69116,9818.5205,9818.5205,63525838.70649,1610.97,1623.73,1603.84,1619.26,72.18963,15.20186,1577.9985,1577.9985,105222
2020-02-21 00:00:00+00:00,9610.4,9773.2,9562.6,9696.13,52.02803,218.33103,9834.4685,9834.4685,41416735.61465,1619.7,1649.23,1618.92,1643.73,77.35371,18.5353,1581.64,1581.64,115265
2020-02-24 00:00:00+00:00,9969.79,10027.66,9480.0,9652.58,50.59749,161.30287,9909.922,9909.922,56728287.05929,1659.37,1689.25,1650.83,1658.5,79.79278,22.11398,1585.471,1585.471,156168
2020-02-25 00:00:00+00:00,9664.87,9682.73,9234.21,9305.4,44.98628,110.05143,9894.271,9894.271,58437939.50146,1657.47,1658.77,1624.98,1635.26,67.47793,22.81187,1588.845,1588.845,176551
2020-02-26 00:00:00+00:00,9305.4,9369.99,8627.78,8779.36,38.09305,26.67971,9845.5075,9845.5075,101526256.85997,1638.13,1654.95,1624.73,1640.5,68.65268,23.51669,1592.0145,1592.0145,161690
2020-02-27 00:00:00+00:00,8778.37,8974.75,8520.0,8816.5,38.806,-35.98132,9796.1615,9796.1615,81763371.65013,1641.12,1660.37,1635.19,1644.23,69.49731,24.09846,1595.5335,1595.5335,163430
2020-02-28 00:00:00+00:00,8816.5,8900.94,8421.49,8703.84,37.39901,-93.65179,9736.2535,9736.2535,56983877.08847,1641.91,1649.46,1562.93,1584.7,47.49989,19.5308,1595.327,1595.327,186323
2020-03-02 00:00:00+00:00,8516.0,8980.34,8486.72,8917.34,43.57399,-196.62,9520.307,9520.307,55170342.0825,1581.79,1610.94,1575.31,1589.75,48.97534,16.13242,1595.9995,1595.9995,171570
2020-03-03 00:00:00+00:00,8917.34,8921.8,8660.04,8755.45,41.2026,-208.12464,9440.6405,9440.6405,40537490.85242,1590.45,1649.29,1589.58,1639.48,60.69102,17.2531,1600.3365,1600.3365,146391
2020-03-04 00:00:00+00:00,8755.45,8850.0,8663.76,8753.28,41.17026,-214.93957,9366.871,9366.871,29351783.1728,1642.09,1653.13,1631.81,1635.73,59.58009,17.63536,1604.3025,1604.3025,124231
2020-03-05 00:00:00+00:00,8757.79,9169.0,8757.79,9066.65,47.57076,-192.83127,9302.0015,9302.0015,58467975.96037,1636.57,1674.57,1634.97,1671.58,65.98949,20.59371,1609.5585,1609.5585,121017
2020-03-06 00:00:00+00:00,9059.0,9187.85,8990.01,9153.79,49.22505,-166.3611,9264.702,9264.702,37863951.10242,1671.61,1692.09,1641.97,1674.06,66.38657,22.87465,1614.7615,1614.7615,164891
2020-03-09 00:00:00+00:00,8035.79,8191.13,7636.0,7936.25,32.67186,-285.99397,9018.1355,9018.1355,96642845.12394,1695.92,1703.44,1657.41,1678.15,67.06942,24.7273,1620.0755,1620.0755,151869
2020-03-10 00:00:00+00:00,7937.2,8158.42,7733.99,7885.92,32.14881,-330.84546,8932.6455,8932.6455,65255623.33377,1667.73,1671.42,1641.49,1649.37,58.12188,23.60118,1624.1625,1624.1625,143340
2020-03-11 00:00:00+00:00,7893.63,7988.78,7591.99,7934.57,33.26102,-358.33429,8848.736,8848.736,57839932.34512,1651.93,1671.24,1632.94,1636.63,54.64649,21.43363,1627.7075,1627.7075,128334
2020-03-12 00:00:00+00:00,7956.29,7969.9,4776.59,4841.67,15.67242,-622.51461,8606.013,8606.013,283302521.03485,1640.1,1650.07,1560.59,1578.63,42.25803,14.86437,1627.84,1627.84,158775
2020-03-13 00:00:00+00:00,4841.67,5990.35,3850.0,5622.74,26.27516,-760.09173,8403.7435,8403.7435,305987494.12294,1576.3,1597.91,1504.62,1529.78,35.05072,5.65125,1625.1445,1625.1445,192149
2020-03-16 00:00:00+00:00,5353.04,5353.04,4435.89,5033.42,25.16287,-1055.04795,7734.9055,7734.9055,175693858.58188,1543.04,1562.94,1451.13,1509.09,32.5208,-3.28189,1621.556,1621.556,219115
2020-03-17 00:00:00+00:00,5051.41,5569.9,4936.0,5324.99,28.98335,-1080.69704,7562.187,7562.187,93282335.71069,1511.75,1553.85,1465.42,1527.8,36.95254,-8.75085,1617.8785,1617.8785,208552
2020-03-18 00:00:00+00:00,5340.95,5452.43,5006.87,5406.92,30.06375,-1081.94112,7391.708,7391.708,121975957.97617,1537.29,1543.29,1472.61,1484.63,31.76824,-16.37968,1611.543,1611.543,192152
2020-03-19 00:00:00+00:00,5413.0,6433.98,5266.38,6181.18,39.44023,-1008.82168,7265.575,7265.575,153192726.32631,1485.3,1500.77,1461.89,1474.34,30.66393,-22.99088,1604.297,1604.297,137143
2020-03-20 00:00:00+00:00,6192.94,7139.0,5670.0,6210.14,39.76552,-937.72763,7149.695,7149.695,186816551.9668,1467.47,1515.93,1465.83,1498.64,36.29568,-25.97013,1597.0425,1597.0425,104650
2020-03-23 00:00:00+00:00,5816.57,6629.79,5686.34,6493.51,44.68354,-754.53305,6764.33,6764.33,123726070.4747,1490.2,1561.08,1485.0,1552.39,46.62315,-23.7206,1591.737,1591.737,110268
2020-03-24 00:00:00+00:00,6494.7,6893.0,6400.01,6768.64,47.57904,-655.11027,6665.098,6665.098,133471448.57555,1563.45,1632.3,1557.62,1625.33,56.84688,-15.86924,1591.2405,1591.2405,74427
2020-03-25 00:00:00+00:00,6768.64,6989.04,6457.17,6692.22,46.84556,-575.84547,6546.3765,6546.3765,111597688.09126,1630.56,1638.85,1594.95,1616.35,55.43899,-10.25341,1590.033,1590.033,63879
2020-03-26 00:00:00+00:00,6695.47,6798.89,6528.07,6760.72,47.62497,-501.71669,6426.723,6426.723,49986784.36868,1612.4,1644.37,1595.26,1628.93,57.04399,-4.73315,1589.268,1589.268,52710
2020-03-27 00:00:00+00:00,6765.15,6872.67,6210.0,6376.03,43.74554,-468.60854,6300.828,6300.828,68964961.25126,1630.2,1631.06,1613.83,1622.55,55.94348,-0.86318,1591.1605,1591.1605,58020
2020-03-30 00:00:00+00:00,5878.47,6630.0,5856.0,6407.77,45.84628,-414.3992,6034.622,6034.622,95952794.07435,1619.97,1632.25,1610.39,1620.31,55.53836,2.00001,1592.6885,1592.6885,65237
2020-03-31 00:00:00+00:00,6408.95,6527.24,6337.42,6421.14,46.00895,-376.24731,5958.9505,5958.9505,40724785.47629,1621.75,1622.22,1574.19,1576.78,48.22911,0.74797,1589.5535,1589.5535,83749
2020-04-01 00:00:00+00:00,6428.74,6710.21,6137.71,6652.07,48.86604,-323.64674,6049.4705,6049.4705,75295764.42493,1571.41,1599.96,1569.33,1591.26,50.56,0.9136,1587.33,1587.33,72363
2020-04-02 00:00:00+00:00,6669.95,7236.39,6575.13,6801.99,50.69034,-266.78775,6108.433,6108.433,117081434.09165,1590.36,1620.17,1582.65,1611.66,53.72129,2.66031,1584.334,1584.334,100031
2020-04-03 00:00:00+00:00,6789.63,7047.96,6610.0,6742.57,49.93,-223.93986,6187.093,6187.093,71269682.32529,1614.39,1626.04,1605.85,1615.7,54.34391,4.32078,1581.416,1581.416,68469
2020-04-06 00:00:00+00:00,6780.57,7376.59,6773.75,7352.43,57.49228,-74.68118,6452.3525,6452.3525,100603578.30416,1614.62,1669.88,1608.35,1658.19,60.38107,8.96199,1580.418,1580.418,94932
2020-04-07 00:00:00+00:00,7335.85,7469.0,7077.0,7202.73,55.2455,-29.6346,6542.143,6542.143,84048759.11867,1664.81,1674.02,1642.16,1647.94,58.37573,11.67847,1580.3465,1580.3465,113280
2020-04-08 00:00:00+00:00,7204.78,7428.95,7152.0,7367.36,57.22525,19.1289,6601.452,6601.452,64244930.03289,1647.27,1656.87,1641.58,1645.4,57.86289,13.47106,1580.785,1580.785,70588
2020-04-09 00:00:00+00:00,7370.85,7376.59,7107.38,7293.93,56.03461,51.25826,6655.6415,6655.6415,60721396.66555,1645.41,1690.43,1643.86,1683.56,63.1068,17.7661,1586.0315,1586.0315,100976
2020-04-13 00:00:00+00:00,6908.21,6914.01,6542.91,6864.22,49.46276,25.28126,6769.121,6769.121,74391495.85562,1677.47,1723.27,1674.98,1711.98,66.45505,23.19582,1595.1415,1595.1415,79657
2020-04-14 00:00:00+00:00,6864.66,6991.0,6766.96,6879.75,49.74015,20.90732,6778.4975,6778.4975,50054904.70624,1712.25,1747.4,1708.56,1726.54,68.05461,28.34701,1606.014,1606.014,121755
2020-04-15 00:00:00+00:00,6868.88,6940.0,6598.55,6619.0,45.24923,-3.55839,6771.4115,6771.4115,53678318.37527,1726.54,1731.11,1707.52,1716.5,65.72718,31.25889,1615.449,1615.449,101927
2020-04-16 00:00:00+00:00,6619.0,7224.18,6472.67,7111.67,53.74666,16.61519,6808.1935,6808.1935,111843074.80045,1716.49,1738.66,1708.01,1718.38,65.96192,33.33402,1627.1365,1627.1365,120139
2020-04-17 00:00:00+00:00,7121.35,7158.22,6995.39,7024.19,52.19754,25.25288,6846.749,6846.749,59983901.82393,1718.48,1718.52,1680.1,1682.14,57.75058,31.68902,1637.5265,1637.5265,126136
2020-04-20 00:00:00+00:00,7124.27,7220.0,6757.75,6841.0,48.36758,42.51245,6973.2415,6973.2415,77748028.74211,1683.02,1702.7,1671.55,1695.28,59.70906,31.08728,1647.3585,1647.3585,149666
2020-04-21 00:00:00+00:00,6833.0,6950.98,6774.48,6854.98,48.62145,30.01886,6983.387,6983.387,38188793.26627,1695.4,1697.86,1660.03,1683.54,57.15962,29.32504,1653.916,1653.916,159877
2020-04-22 00:00:00+00:00,6850.6,7171.26,6819.59,7137.79,53.59254,42.44867,7000.177,7000.177,44778256.86079,1683.79,1718.74,1680.29,1714.87,61.84201,30.10944,1658.393,1658.393,96972
2020-04-23 00:00:00+00:00,7138.29,7756.69,7031.07,7484.58,58.8502,79.36754,7037.2775,7037.2775,110618710.44418,1714.66,1738.78,1707.0,1730.31,63.93412,31.61254,1664.091,1664.091,135452
2020-04-24 00:00:00+00:00,7494.2,7612.91,7391.57,7505.53,59.15129,109.05934,7068.5735,7068.5735,55218985.10116,1730.56,1736.35,1710.36,1726.41,62.9946,32.11882,1668.965,1668.965,124540
2020-04-27 00:00:00+00:00,7708.87,7813.68,7637.03,7786.41,63.37067,193.96138,7153.8405,7153.8405,53555103.46917,1722.32,1727.59,1705.87,1714.94,60.19304,31.23447,1673.5845,1673.5845,122739
2020-04-28 00:00:00+00:00,7794.22,7798.42,7650.0,7767.79,62.8775,212.89542,7173.862,7173.862,56308367.69032,1714.9,1716.16,1691.54,1707.65,58.41489,29.60411,1677.9515,1677.9515,120584
2020-04-29 00:00:00+00:00,7762.07,8970.0,7717.14,8790.32,74.57794,306.87296,7248.6815,7248.6815,232030140.75927,1708.02,1717.67,1697.76,1712.89,59.34456,28.40741,1684.757,1684.757,123365
2020-04-30 00:00:00+00:00,8789.79,9485.26,8407.0,8627.32,70.74981,364.00212,7336.196,7336.196,207553815.72179,1712.95,1721.72,1681.24,1685.98,52.81457,24.99942,1689.493,1689.493,131530
2020-05-01 00:00:00+00:00,8629.72,9075.0,8616.17,8832.44,72.65221,420.9761,7433.659,7433.659,100510391.53516,1686.02,1705.47,1670.4,1699.6,55.48445,23.13094,1693.89,1693.89,146791
2020-05-04 00:00:00+00:00,8924.14,8974.34,8528.42,8882.87,71.41252,517.80011,7740.1805,7740.1805,88997252.44821,1698.03,1713.44,1691.64,1701.0,55.76154,21.51512,1698.155,1698.155,90399
2020-05-05 00:00:00+00:00,8889.24,9120.0,8760.1,9034.85,73.01744,535.8029,7860.973,7860.973,86663496.04635,1701.13,1712.04,1689.63,1704.71,56.53367,20.29993,1700.481,1700.481,93525
2020-05-06 00:00:00+00:00,9040.0,9417.95,8921.03,9154.32,74.24165,553.332,7963.1055,7963.1055,138330396.86024,1704.51,1708.06,1681.14,1685.19,51.44584,17.55936,1702.3435,1702.3435,86078
2020-05-07 00:00:00+00:00,9163.63,10074.0,9030.03,10000.0,80.86109,628.2215,8111.896,8111.896,250129003.1203,1685.19,1722.01,1684.14,1715.25,57.7515,17.61004,1705.836,1705.836,93033
2020-05-08 00:00:00+00:00,10008.19,10048.38,9725.0,9801.35,75.9253,663.88967,8238.8505,8238.8505,188220065.8903,1715.52,1723.6,1701.09,1702.09,54.41946,16.39926,1706.7625,1706.7625,112340
2020-05-11 00:00:00+00:00,8740.88,9182.97,8181.0,8571.98,52.8733,515.08051,8540.217,8540.217,295434889.99368,1702.38,1711.8,1691.53,1697.64,53.29961,14.90877,1706.0455,1706.0455,112436
2020-05-12 00:00:00+00:00,8574.19,8984.87,8534.97,8825.46,56.0777,469.65648,8624.6005,8624.6005,123646999.85869,1697.67,1710.95,1693.61,1702.26,54.34991,13.93966,1704.8315,1704.8315,101722
2020-05-13 00:00:00+00:00,8816.99,9418.46,8804.47,9315.5,61.52443,467.80716,8716.1465,8716.1465,118892344.23649,1702.09,1718.08,1698.93,1715.3,57.27094,14.06175,1704.7715,1704.7715,133767
2020-05-14 00:00:00+00:00,9323.73,9945.34,9254.85,9793.5,65.95885,499.15817,8830.545,8830.545,195245032.25952,1715.31,1736.39,1711.0,1730.06,60.36262,15.1746,1705.3555,1705.3555,124146
2020-05-15 00:00:00+00:00,9809.91,9844.66,9112.0,9306.21,58.55043,479.16038,8918.4775,8918.4775,161222127.73137,1730.06,1751.68,1728.61,1741.85,62.68516,16.81407,1708.341,1708.341,144595
2020-05-18 00:00:00+00:00,9672.95,9966.12,9451.2,9721.91,62.68156,473.39569,9194.515,9194.515,120185436.68938,1747.36,1765.08,1727.5,1732.2,59.60657,17.13714,1710.187,1710.187,145651
2020-05-19 00:00:00+00:00,9730.0,9903.89,9455.05,9787.65,63.35401,475.87459,9244.3815,9244.3815,118916867.8078,1732.05,1748.03,1725.6,1744.24,62.10708,18.15542,1713.222,1713.222,150585
2020-05-20 00:00:00+00:00,9776.3,9843.87,9100.0,9516.51,58.65913,450.76428,9288.841,9288.841,117542489.7608,1744.07,1753.8,1742.3,1747.21,62.72015,18.98324,1714.839,1714.839,120833
2020-05-21 00:00:00+00:00,9505.61,9573.29,8800.0,9062.47,51.74407,389.73433,9300.3425,9300.3425,152972943.0828,1747.24,1748.79,1717.1,1726.76,56.00167,17.78414,1714.6615,1714.6615,126972
2020-05-22 00:00:00+00:00,9062.25,9272.97,8924.91,9171.96,53.17751,346.21167,9309.751,9309.751,66600208.20297,1726.7,1740.09,1724.25,1735.45,58.05769,17.33523,1715.1135,1715.1135,99319
2020-05-25 00:00:00+00:00,8710.12,8984.16,8630.0,8903.56,49.3117,196.82537,9308.3555,9308.3555,79419076.65569,1732.11,1733.34,1721.55,1728.22,55.72455,16.20922,1715.7775,1715.7775,64718
2020-05-26 00:00:00+00:00,8903.22,9012.0,8690.0,8840.91,48.39889,156.22457,9292.685,9292.685,52364756.22949,1726.06,1735.41,1708.65,1710.31,50.32894,13.71357,1715.9105,1715.9105,112094
2020-05-27 00:00:00+00:00,8835.79,9230.21,8810.99,9210.0,53.82214,152.07757,9253.185,9253.185,63251250.08821,1710.41,1715.99,1693.62,1709.57,50.11303,11.54298,1715.7445,1715.7445,91160
2020-05-28 00:00:00+00:00,9209.99,9625.01,9105.79,9577.38,58.49776,176.40208,9241.9865,9241.9865,110364065.88117,1709.27,1727.57,1707.27,1718.68,52.79765,10.43756,1717.3795,1717.3795,91368
2020-05-29 00:00:00+00:00,9581.49,9610.0,9330.0,9421.04,55.90367,180.9779,9235.7105,9235.7105,68083725.98238,1719.54,1737.69,1712.75,1730.41,56.07534,10.38827,1718.92,1718.92,86023
2020-06-01 00:00:00+00:00,9444.61,10429.26,9416.5,10203.64,63.46999,256.0774,9397.0265,9397.0265,123557320.54078,1735.4,1744.51,1726.84,1739.48,58.47636,10.9548,1720.844,1720.844,86512
2020-06-02 00:00:00+00:00,10203.64,10241.26,9135.68,9525.73,53.80762,242.14231,9407.538,9407.538,216473351.82211,1737.81,1745.09,1721.3,1727.45,54.2413,10.31416,1721.981,1721.981,83030
2020-06-03 00:00:00+00:00,9522.52,9699.95,9380.99,9668.99,55.35441,239.8932,9401.3125,9401.3125,66994142.37144,1727.04,1731.75,1689.21,1698.26,45.60974,7.36615,1722.6345,1722.6345,97747
2020-06-04 00:00:00+00:00,9668.0,9888.0,9430.0,9791.92,56.69446,245.20363,9425.598,9425.598,87527709.85664,1699.17,1721.73,1696.99,1712.8,49.88753,6.13239,1722.512,1722.512,90044
2020-06-05 00:00:00+00:00,9791.0,9856.48,9592.74,9619.99,54.24224,232.85467,9437.144,9437.144,68853837.03023,1714.75,1716.04,1670.55,1684.3,42.78441,2.82239,1721.6225,1721.6225,107874
2020-06-08 00:00:00+00:00,9759.04,9813.67,9645.0,9783.0,56.30724,219.78153,9438.5255,9438.5255,52623520.23522,1680.52,1700.67,1677.22,1698.39,46.81611,1.3209,1721.66,1721.66,86257
2020-06-09 00:00:00+00:00,9786.64,9897.46,9566.81,9776.84,56.19539,215.20501,9451.542,9451.542,67683087.27115,1700.09,1720.83,1692.11,1714.16,50.97959,1.38748,1722.255,1722.255,95378
2020-06-10 00:00:00+00:00,9782.3,10011.4,9578.0,9894.32,57.91246,218.53856,9493.1345,9493.1345,70320924.98919,1715.38,1739.75,1708.2,1737.83,56.48586,3.31203,1723.3815,1723.3815,97211
2020-06-11 00:00:00+00:00,9894.32,9981.24,9078.91,9264.26,47.2216,168.39865,9497.7495,9497.7495,151836075.59986,1737.94,1744.63,1721.27,1728.56,53.9309,4.04264,1723.3065,1723.3065,113901
2020-06-12 00:00:00+00:00,9265.95,9555.0,9230.0,9463.07,50.337,143.05566,9511.73,9511.73,65618208.06789,1729.22,1743.03,1722.14,1730.57,54.4124,4.72933,1722.7425,1722.7425,99214
2020-06-15 00:00:00+00:00,9329.99,9505.4,8900.0,9435.15,49.98424,77.95964,9600.498,9600.498,111005610.95938,1730.76,1734.13,1704.11,1725.24,52.83542,4.78825,1722.3945,1722.3945,114171
2020-06-16 00:00:00+00:00,9435.41,9596.31,9374.9,9530.3,51.66655,72.58431,9616.513,9616.513,65418058.9439,1725.27,1732.84,1716.41,1726.41,53.15636,4.87318,1721.503,1721.503,101815
2020-06-17 00:00:00+00:00,9530.62,9566.53,9230.32,9461.29,50.34393,62.04063,9610.7085,9610.7085,55843999.82237,1725.0,1730.23,1712.6,1726.19,53.08322,4.86664,1720.452,1720.452,75069
2020-06-18 00:00:00+00:00,9459.82,9478.69,9250.0,9374.78,48.66222,46.17182,9608.3955,9608.3955,37471116.09349,1725.79,1737.59,1717.3,1722.48,51.78902,4.5101,1720.238,1720.238,80514
2020-06-19 00:00:00+00:00,9374.83,9429.99,9225.15,9304.32,47.277,27.59207,9588.3565,9588.3565,49367863.30898,1722.81,1745.28,1721.17,1742.26,57.7091,5.75725,1720.5785,1720.5785,74320
2020-06-22 00:00:00+00:00,9287.89,9798.76,9267.2,9683.12,55.39453,22.96381,9545.659,9545.659,64060088.37105,1747.68,1763.2,1742.74,1754.55,60.92014,7.64915,1721.895,1721.895,94028
2020-06-23 00:00:00+00:00,9688.26,9725.3,9571.0,9622.81,53.98814,34.0211,9543.35,9543.35,46825697.24875,1753.97,1771.07,1747.29,1766.95,63.89851,10.03342,1724.727,1724.727,91526
2020-06-24 00:00:00+00:00,9617.88,9666.35,9193.99,9286.06,46.83764,15.43326,9518.057,9518.057,93534539.68626,1769.08,1779.43,1760.68,1761.28,61.58718,11.33478,1727.3125,1727.3125,97480
2020-06-25 00:00:00+00:00,9286.3,9343.49,8989.0,9239.48,45.93144,-3.02152,9499.0315,9499.0315,80394990.00529,1759.56,1768.87,1755.26,1763.63,62.1975,12.41266,1729.56,1729.56,80846
2020-06-26 00:00:00+00:00,9237.98,9289.71,9024.61,9158.26,44.32121,-23.92505,9473.452,9473.452,72463667.64688,1764.15,1772.03,1747.43,1769.57,63.76469,13.58955,1731.518,1731.518,77404
2020-06-29 00:00:00+00:00,9118.8,9240.36,9014.92,9188.88,46.11865,-68.10922,9373.7675,9373.7675,45418109.93061,1770.32,1775.43,1765.61,1772.6,64.57154,14.59845,1733.174,1733.174,65040
2020-06-30 00:00:00+00:00,9187.85,9201.95,9060.0,9132.96,44.86501,-74.56158,9335.6995,9335.6995,25404526.95306,1771.9,1785.94,1764.69,1780.54,66.66617,15.85593,1735.8285,1735.8285,64578
2020-07-01 00:00:00+00:00,9136.89,9300.0,9089.8,9233.38,47.61867,-70.75643,9334.1555,9334.1555,39902657.30909,1781.61,1789.08,1759.22,1769.84,61.39802,15.80688,1739.4075,1739.4075,83087
2020-07-02 00:00:00+00:00,9230.97,9268.54,8939.0,9092.92,44.28689,-78.17364,9315.648,9315.648,62432434.0323,1771.4,1779.39,1757.43,1774.97,62.91128,15.99754,1742.516,1742.516,71827
2020-07-03 00:00:00+00:00,9091.68,9127.11,9027.17,9063.08,43.58913,-85.47437,9295.129,9295.129,31811442.86599,1776.49,1777.1,1772.66,1774.9,62.87506,15.95903,1747.046,1747.046,30087
2020-07-06 00:00:00+00:00,9077.18,9376.34,9060.5,9348.22,52.21782,-66.84797,9258.535,9258.535,50119105.93466,1773.37,1787.0,1769.86,1784.25,65.71447,16.49286,1751.339,1751.339,60393
2020-07-07 00:00:00+00:00,9346.9,9385.81,9201.78,9257.16,49.66791,-57.43001,9248.3285,9248.3285,43534809.52813,1785.22,1797.34,1773.47,1794.6,68.57925,17.54879,1755.361,1755.361,71877
2020-07-08 00:00:00+00:00,9257.21,9479.57,9228.91,9437.16,54.40738,-35.03782,9251.4475,9251.4475,59223337.95167,1795.13,1817.92,1791.52,1808.45,71.95611,19.28094,1758.892,1758.892,69808
2020-07-09 00:00:00+00:00,9441.76,9448.5,9157.11,9234.9,48.84194,-33.2295,9247.9765,9247.9765,42253809.71752,1809.37,1815.91,1795.42,1802.32,68.44969,19.92931,1762.58,1762.58,76806
2020-07-10 00:00:00+00:00,9234.91,9318.92,9053.14,9283.53,50.16196,-27.55472,9244.38,9244.38,36301636.0644,1802.06,1810.43,1793.98,1798.57,66.32058,19.91103,1765.98,1765.98,62639
2020-07-13 00:00:00+00:00,9304.94,9351.17,9190.49,9233.1,48.68891,-20.20395,9203.8105,9203.8105,35779861.58539,1799.11,1813.31,1797.73,1802.27,67.3981,19.96496,1769.8315,1769.8315,71138
2020-07-14 00:00:00+00:00,9234.19,9282.08,9095.0,9251.59,49.28852,-18.82682,9202.087,9202.087,41446296.1605,1802.13,1810.84,1790.63,1808.99,69.31808,20.31576,1773.9605,1773.9605,80509
2020-07-15 00:00:00+00:00,9256.33,9276.98,9153.38,9190.07,47.30767,-22.4409,9199.6165,9199.6165,35014611.60075,1807.97,1815.04,1802.45,1809.97,69.59925,20.43726,1778.1495,1778.1495,65442
2020-07-16 00:00:00+00:00,9191.0,9217.5,9026.51,9132.87,45.47759,-29.57967,9198.347,9198.347,50613031.17134,1810.53,1813.29,1794.9,1796.84,61.47111,19.25215,1781.8675,1781.8675,63581
2020-07-17 00:00:00+00:00,9134.44,9184.28,9073.53,9156.5,46.40007,-32.95062,9205.707,9205.707,32903856.46654,1798.09,1811.95,1795.75,1809.68,65.69082,19.12851,1785.2385,1785.2385,48289
2020-07-20 00:00:00+00:00,9213.15,9224.73,9128.21,9162.43,46.71849,-32.38217,9211.307,9211.307,28081083.2111,1808.04,1820.53,1805.62,1817.21,67.91042,19.41434,1788.3715,1788.3715,69408
2020-07-21 00:00:00+00:00,9161.77,9442.89,9152.23,9391.25,55.68473,-14.94114,9219.2005,9219.2005,52210413.11144,1817.92,1843.47,1815.59,1841.48,73.79491,21.3531,1792.098,1792.098,84616
2020-07-22 00:00:00+00:00,9395.98,9573.0,9280.8,9539.51,60.3415,10.72076,9241.53,9241.53,52665370.25508,1840.95,1872.02,1840.74,1871.22,78.90075,25.00116,1797.595,1797.595,126022
2020-07-23 00:00:00+00:00,9537.23,9690.0,9453.38,9617.2,62.56161,36.90156,9269.236,9269.236,100152980.7695,1873.97,1898.36,1863.64,1885.97,80.88954,28.75105,1803.712,1803.712,137686
2020-07-24 00:00:00+00:00,9614.85,9650.55,9474.35,9547.91,59.36941,51.46564,9289.7055,9289.7055,76506496.65257,1889.65,1906.5,1881.29,1901.63,82.74875,32.61058,1810.315,1810.315,97339
2020-07-27 00:00:00+00:00,9941.25,11417.11,9933.77,11046.19,82.65148,226.91242,9440.6865,9440.6865,306386318.62933,1902.64,1945.62,1902.54,1940.96,86.34247,38.40023,1818.733,1818.733,137360
2020-07-28 00:00:00+00:00,11049.4,11263.85,10583.48,10939.27,79.07577,306.0222,9515.792,9515.792,186649913.85313,1943.28,1981.16,1906.63,1957.98,87.55106,43.8564,1827.605,1827.605,162655
2020-07-29 00:00:00+00:00,10931.91,11358.47,10855.81,11111.17,80.53389,378.22818,9609.6055,9609.6055,138365878.17582,1962.16,1980.75,1941.33,1970.82,88.38604,48.65565,1837.654,1837.654,110719
2020-07-30 00:00:00+00:00,11105.01,11189.0,10832.0,11112.12,80.54196,430.56531,9701.035,9701.035,116197750.33025,1971.04,1971.32,1939.44,1957.54,82.24199,50.8019,1846.7825,1846.7825,124775
2020-07-31 00:00:00+00:00,11110.84,11457.95,10973.8,11356.74,82.54822,486.17731,9806.957,9806.957,118308923.68911,1955.5,1983.97,1955.33,1975.02,83.83485,53.29892,1856.7885,1856.7885,123851
2020-08-03 00:00:00+00:00,11074.92,11480.0,10933.26,11236.39,67.53248,554.78009,10123.691,10123.691,78482484.90928,1983.53,1984.9,1960.39,1975.98,83.92016,54.72445,1866.375,1866.375,93017
2020-08-04 00:00:00+00:00,11236.39,11420.0,11000.79,11192.42,66.53362,545.82335,10223.8085,10223.8085,61805780.19906,1977.36,2019.82,1966.66,2018.53,87.15556,58.61198,1877.5715,1877.5715,99875
2020-08-05 00:00:00+00:00,11193.48,11795.86,11094.35,11755.24,72.20141,577.48307,10354.927,10354.927,88338176.75446,2021.19,2055.57,2009.39,2038.96,88.36597,62.61957,1889.097,1889.097,153351
2020-08-06 00:00:00+00:00,11759.9,11913.5,11575.57,11770.08,72.33445,596.89051,10485.606,10485.606,116005842.13265,2040.28,2069.74,2034.44,2063.25,89.61858,66.98347,1902.1435,1902.1435,135426
2020-08-07 00:00:00+00:00,11770.26,11920.0,11219.0,11600.85,68.31895,591.79377,10606.777,10606.777,121847924.12013,2066.55,2074.87,2015.37,2033.15,78.35954,67.23799,1913.8725,1913.8725,188063
2020-08-10 00:00:00+00:00,11684.6,12080.0,11510.0,11895.12,70.24622,584.54078,10986.246,10986.246,91612979.58979,2026.31,2049.85,2019.15,2027.61,76.45565,66.22923,1925.1395,1925.1395,134556
2020-08-11 00:00:00+00:00,11896.37,11945.05,11130.0,11392.64,59.17343,538.67275,11078.9025,11078.9025,119288779.7493,2026.64,2029.92,1901.25,1912.57,49.53903,55.50715,1930.3185,1930.3185,198468
2020-08-12 00:00:00+00:00,11386.5,11625.0,11150.0,11565.35,61.42421,510.37497,11176.31,11176.31,65559363.88129,1915.36,1949.48,1862.58,1918.98,50.58299,46.98545,1935.769,1935.769,193909
2020-08-13 00:00:00+00:00,11567.74,11806.61,11270.91,11793.26,64.22691,500.56896,11288.5775,11288.5775,80660605.7578,1919.72,1966.16,1912.66,1953.64,55.8962,42.53835,1943.609,1943.609,155604
2020-08-14 00:00:00+00:00,11797.55,11862.0,11652.01,11779.77,63.93083,486.10557,11392.017,11392.017,65104391.58419,1951.38,1962.37,1932.07,1943.57,54.077,37.76608,1950.3035,1950.3035,134787
2020-08-17 00:00:00+00:00,11916.83,12473.0,11771.44,12298.38,70.31839,484.00438,11598.7415,11598.7415,120257600.49818,1944.91,1990.68,1929.4,1984.43,59.79484,36.85623,1958.6645,1958.6645,137410
2020-08-18 00:00:00+00:00,12301.27,12408.53,11823.0,11958.1,62.29994,465.57605,11641.088,11641.088,105448772.02349,1983.17,2015.57,1975.86,2002.22,62.01255,37.14252,1966.7015,1966.7015,149175
2020-08-19 00:00:00+00:00,11950.0,12022.18,11574.4,11757.55,58.09526,429.8339,11673.3595,11673.3595,110538620.25123,2005.1,2006.37,1924.51,1927.66,49.65118,30.99573,1969.5235,1969.5235,168877
2020-08-20 00:00:00+00:00,11762.18,11894.12,11675.29,11859.37,59.58656,405.05479,11698.491,11698.491,49711608.13462,1931.52,1955.26,1924.54,1946.17,52.19867,27.30323,1972.5335,1972.5335,169910
2020-08-21 00:00:00+00:00,11857.18,11887.67,11485.49,11531.74,53.04498,354.88922,11684.2035,11684.2035,73701422.90746,1948.08,1955.97,1911.26,1938.98,51.11675,23.52553,1974.401,1974.401,149830
2020-08-24 00:00:00+00:00,11653.7,11832.55,11588.61,11761.8,56.77624,273.16448,11762.8875,11762.8875,33956999.7564,1936.69,1961.88,1923.74,1928.38,49.48822,19.45212,1973.772,1973.772,131802
2020-08-25 00:00:00+00:00,11750.4,11772.22,11112.75,11328.88,48.26883,221.22164,11741.5695,11741.5695,80137027.60779,1930.34,1937.49,1914.19,1926.87,49.24752,15.91857,1972.2165,1972.2165,131524
2020-08-26 00:00:00+00:00,11328.5,11549.8,11250.14,11469.3,50.84179,189.20625,11726.5305,11726.5305,49009238.38266,1928.28,1954.82,1902.64,1953.14,53.48612,15.06432,1971.3325,1971.3325,134650
2020-08-27 00:00:00+00:00,11462.91,11602.92,11122.72,11330.0,48.27657,150.85451,11712.988,11712.988,88330444.04282,1951.92,1976.53,1909.79,1928.32,49.29709,12.24342,1969.8715,1969.8715,159239
2020-08-28 00:00:00+00:00,11332.26,11555.61,11277.95,11536.58,52.13363,135.56703,11700.972,11700.972,69755901.71185,1929.98,1973.78,1923.15,1964.34,54.82654,12.76717,1969.3375,1969.3375,148365
2020-08-31 00:00:00+00:00,11713.11,11780.0,11573.39,11655.0,54.02352,116.45356,11694.2165,11694.2165,52846311.97893,1969.07,1976.54,1954.23,1968.22,55.39089,13.34154,1968.9495,1968.9495,99691
2020-09-01 00:00:00+00:00,11658.48,12065.82,11515.0,11923.96,58.71611,133.94752,11712.147,11712.147,94924527.63135,1968.35,1992.29,1963.35,1970.63,55.76058,13.83176,1966.5545,1966.5545,110904
2020-09-02 00:00:00+00:00,11919.53,11956.45,11155.32,11398.44,48.33537,104.20533,11692.406,11692.406,148818863.32993,1968.21,1973.26,1932.39,1943.08,50.59829,11.86049,1961.7605,1961.7605,115889
2020-09-03 00:00:00+00:00,11395.1,11477.35,9987.86,10160.0,33.365,-19.07743,11611.4175,11611.4175,188516069.11422,1942.01,1950.94,1921.75,1930.45,48.38668,9.17336,1955.1205,1955.1205,121698
2020-09-04 00:00:00+00:00,10160.0,10646.75,9902.43,10456.32,38.28987,-91.81101,11541.6235,11541.6235,182100577.67466,1931.28,1948.36,1916.27,1933.09,48.88956,7.17411,1950.1175,1950.1175,122132
2020-09-07 00:00:00+00:00,10258.43,10415.66,9880.0,10377.14,39.10908,-252.62989,11273.3235,11273.3235,90541501.60802,1932.07,1941.37,1924.44,1928.29,47.97432,5.14309,1945.1515,1945.1515,53826
2020-09-08 00:00:00+00:00,10377.5,10446.18,9825.07,10123.96,36.39945,-292.88963,11191.644,11191.644,106917873.08521,1929.54,1940.84,1906.54,1931.51,48.66855,3.75009,1946.0985,1946.0985,127513
2020-09-09 00:00:00+00:00,10126.01,10353.39,9981.38,10232.8,38.37608,-312.41199,11110.3155,11110.3155,60089247.82649,1931.59,1950.84,1919.95,1947.37,52.06167,3.88116,1947.518,1947.518,106929
2020-09-10 00:00:00+00:00,10221.76,10495.75,10220.0,10342.59,40.38866,-315.38887,11050.858,11050.858,105734274.84309,1946.3,1966.53,1941.35,1946.01,51.7458,3.83113,1947.1365,1947.1365,125077
2020-09-11 00:00:00+00:00,10341.38,10409.44,10200.5,10393.04,41.33675,-310.1025,10987.125,10987.125,54519211.05913,1946.32,1954.8,1937.12,1940.48,50.40658,3.30713,1946.982,1946.982,115707
2020-09-14 00:00:00+00:00,10338.82,10765.03,10250.13,10675.15,47.40254,-260.95425,10823.0215,10823.0215,78197955.25619,1937.74,1962.56,1937.36,1956.52,54.11597,4.13845,1945.5865,1945.5865,94840
2020-09-15 00:00:00+00:00,10671.4,10940.01,10611.17,10783.83,49.36226,-223.01534,10788.748,10788.748,69627555.64889,1957.68,1972.21,1948.29,1953.34,53.26536,4.48893,1943.1425,1943.1425,101514
2020-09-16 00:00:00+00:00,10785.0,11100.0,10662.81,10951.54,52.31486,-177.37105,10769.825,10769.825,90900408.52996,1954.52,1973.64,1949.87,1959.15,54.66736,5.17584,1944.717,1944.717,114101
2020-09-17 00:00:00+00:00,10950.15,11054.0,10739.23,10940.47,52.09892,-140.47162,10740.0195,10740.0195,60453945.55171,1959.47,1960.96,1932.87,1944.2,50.47163,4.46244,1944.6185,1944.6185,116066
2020-09-18 00:00:00+00:00,10947.35,11040.18,10816.54,10931.2,51.9057,-110.70048,10712.994,10712.994,48085522.32334,1944.43,1960.1,1943.93,1950.42,52.11822,4.34884,1945.1905,1945.1905,104181
2020-09-21 00:00:00+00:00,10921.53,10996.98,10286.56,10411.29,41.86305,-84.39575,10569.198,10569.198,103571734.16543,1949.75,1955.62,1882.71,1911.92,42.66363,1.13905,1944.3675,1944.3675,140739
2020-09-22 00:00:00+00:00,10418.83,10573.05,10353.39,10534.31,44.50562,-94.70004,10525.9915,10525.9915,50570993.3319,1914.34,1920.03,1894.64,1900.34,40.29582,-2.31248,1943.041,1943.041,138128
2020-09-23 00:00:00+00:00,10525.72,10541.39,10138.3,10233.42,39.74686,-125.69662,10529.6625,10529.6625,58446752.42644,1900.62,1905.39,1855.67,1862.74,33.7467,-7.98975,1938.521,1938.521,170439
2020-09-24 00:00:00+00:00,10236.86,10795.53,10193.2,10744.02,49.59606,-107.81762,10544.0475,10544.0475,72027037.84242,1863.96,1877.15,1848.75,1868.66,35.52352,-11.87445,1935.538,1935.538,185366
2020-09-25 00:00:00+00:00,10738.46,10762.65,10553.14,10689.81,48.68613,-96.90562,10570.1785,10570.1785,67845271.47553,1869.77,1875.18,1852.37,1860.14,34.10587,-15.46236,1930.328,1930.328,143312
2020-09-28 00:00:00+00:00,10779.99,10950.0,10628.52,10689.48,48.59001,-63.69139,10642.0765,10642.0765,53357294.38858,1862.9,1882.96,1848.93,1881.84,40.60704,-16.36613,1926.009,1926.009,121920
2020-09-29 00:00:00+00:00,10681.41,10865.0,10636.66,10836.42,51.60654,-47.06298,10672.2575,10672.2575,43664181.13547,1881.24,1899.12,1875.49,1897.48,44.83173,-15.64007,1922.3515,1922.3515,121758
2020-09-30 00:00:00+00:00,10840.0,10847.5,10658.56,10778.22,50.34647,-38.14142,10694.039,10694.039,46396170.42263,1897.69,1902.27,1881.34,1885.23,42.29413,-15.8702,1919.459,1919.459,124684
2020-10-01 00:00:00+00:00,10780.83,10940.22,10437.08,10622.71,47.04131,-43.1223,10705.5225,10705.5225,92187566.46575,1887.32,1912.12,1884.67,1905.94,47.68539,-14.21756,1918.2335,1918.2335,129822
2020-10-02 00:00:00+00:00,10611.17,10667.53,10380.0,10578.54,46.11529,-50.0568,10712.283,10712.283,88155824.33839,1904.72,1917.1,1889.76,1900.58,46.47518,-13.18831,1916.608,1916.608,110455
2020-10-05 00:00:00+00:00,10666.16,10805.82,10620.71,10795.0,51.75582,-38.21829,10723.5095,10723.5095,39056475.07757,1903.47,1918.73,1887.05,1913.65,49.81949,-11.189,1915.876,1915.876,96742
2020-10-06 00:00:00+00:00,10797.36,10801.86,10525.0,10606.33,47.09081,-41.7465,10706.249,10706.249,50917756.84531,1911.96,1921.09,1876.78,1877.56,42.01338,-12.37406,1913.1785,1913.1785,103229
2020-10-07 00:00:00+00:00,10602.31,10682.56,10547.71,10669.14,48.74705,-39.02454,10692.6825,10692.6825,59323076.46281,1877.88,1898.01,1872.94,1887.83,44.6702,-12.34225,1910.2015,1910.2015,94014
2020-10-08 00:00:00+00:00,10669.1,10957.0,10535.06,10925.2,54.93979,-16.02079,10692.3825,10692.3825,76138165.10764,1887.27,1900.62,1882.0,1893.5,46.1375,-11.72436,1907.576,1907.576,89931
2020-10-09 00:00:00+00:00,10927.02,11118.49,10826.4,11052.0,57.66751,12.29977,10691.1215,10691.1215,59187213.18902,1893.93,1930.41,1893.58,1929.87,54.47693,-8.20534,1907.0455,1907.0455,93245
2020-10-12 00:00:00+00:00,11372.48,11731.7,11175.99,11535.98,66.53711,133.87234,10808.172,10808.172,81769653.96643,1926.89,1933.18,1918.2,1922.63,52.72683,-5.93232,1905.351,1905.351,89130
2020-10-13 00:00:00+00:00,11539.42,11567.4,11314.53,11427.98,63.07911,156.39586,10867.9,10867.9,58259394.34123,1923.88,1925.37,1886.37,1891.07,45.81713,-6.60146,1902.2375,1902.2375,98934
2020-10-14 00:00:00+00:00,11440.28,11555.1,11287.42,11428.84,63.09555,172.32882,10902.141,10902.141,43295311.80712,1892.95,1912.94,1882.46,1900.49,48.00725,-6.29904,1899.3045,1899.3045,88039
2020-10-15 00:00:00+00:00,11430.49,11623.6,11250.01,11511.11,64.71492,189.41089,10943.206,10943.206,55994983.70821,1901.54,1908.9,1889.48,1907.92,49.73314,-5.3976,1897.4905,1897.4905,100016
2020-10-16 00:00:00+00:00,11506.53,11548.65,11200.0,11321.86,58.36987,185.53888,10972.8445,10972.8445,48788436.33521,1908.74,1913.92,1897.76,1898.76,47.63383,-5.36055,1894.9075,1894.9075,79358
2020-10-19 00:00:00+00:00,11518.58,11840.0,11409.94,11764.14,67.35256,217.07756,11090.012,11090.012,64231427.831,1899.71,1918.47,1896.98,1903.44,48.82245,-4.8971,1894.4835,1894.4835,81201
2020-10-20 00:00:00+00:00,11759.2,12059.94,11680.0,11921.11,69.93184,246.13728,11147.1565,11147.1565,69855765.32592,1903.5,1914.03,1894.81,1907.53,49.89288,-4.15192,1894.843,1894.843,80173
2020-10-21 00:00:00+00:00,11921.33,13235.0,11899.1,12802.67,79.65378,336.42376,11256.1545,11256.1545,257251920.19719,1910.14,1931.36,1908.41,1924.6,54.19863,-2.15907,1897.936,1897.936,87121
2020-10-22 00:00:00+00:00,12802.63,13208.25,12686.73,12983.26,81.00845,417.73318,11376.3905,11376.3905,120453002.02324,1924.65,1925.94,1894.5,1903.67,48.67556,-2.24274,1899.6865,1899.6865,83858
2020-10-23 00:00:00+00:00,12983.26,13037.26,12729.82,12941.59,79.68999,473.35255,11495.787,11495.787,64661333.35439,1904.81,1914.19,1894.29,1901.41,48.10551,-2.46303,1901.75,1901.75,72918
2020-10-26 00:00:00+00:00,13041.12,13250.0,12773.5,13066.73,78.62757,572.82302,11853.6665,11853.6665,74809586.66465,1901.37,1908.52,1891.21,1901.68,48.18358,-2.586,1902.742,1902.742,84997
2020-10-27 00:00:00+00:00,13065.1,13788.0,13057.09,13647.9,83.18163,626.96944,12002.6045,12002.6045,153439989.24618,1902.06,1911.42,1897.84,1907.35,49.88859,-2.20058,1903.2355,1903.2355,70872
2020-10-28 00:00:00+00:00,13642.31,13864.89,12892.0,13274.73,72.49929,632.47835,12120.081,12120.081,141652846.67303,1907.75,1910.87,1869.36,1876.81,41.89267,-4.30977,1902.8145,1902.8145,107560
2020-10-29 00:00:00+00:00,13275.82,13650.0,12993.0,13468.44,74.34134,645.03936,12240.903,12240.903,119801193.91645,1877.7,1884.97,1859.92,1867.11,39.7154,-6.68694,1900.873,1900.873,101170
2020-10-30 00:00:00+00:00,13456.14,13675.56,13129.26,13562.13,75.20636,655.00359,12353.9495,12353.9495,121803115.0926,1869.1,1889.79,1864.45,1878.37,43.39325,-7.57496,1899.7625,1899.7625,102452
2020-11-02 00:00:00+00:00,13762.0,13842.5,13220.0,13563.72,70.28183,659.40038,12694.195,12694.195,95833257.97184,1879.27,1896.02,1873.41,1895.06,48.41668,-6.85298,1898.833,1898.833,91898
2020-11-03 00:00:00+00:00,13578.82,14083.76,13287.7,14041.58,75.05036,674.07745,12824.832,12824.832,101462580.50905,1894.95,1910.55,1886.86,1908.94,52.2146,-5.10199,1900.402,1900.402,83912
2020-11-04 00:00:00+00:00,14041.58,14277.5,13520.87,14160.59,76.07979,687.38846,12957.306,12957.306,154723234.09785,1909.17,1916.31,1881.82,1903.27,50.57642,-4.1243,1901.174,1901.174,138750
2020-11-05 00:00:00+00:00,14168.49,15770.58,14100.0,15605.04,84.46039,805.2106,13171.465,13171.465,287485907.0876,1903.22,1952.76,1902.45,1949.17,61.19127,0.35023,1903.9575,1903.9575,136181
2020-11-06 00:00:00+00:00,15608.32,15968.98,15196.01,15598.09,84.30733,887.79079,13383.0795,13383.0795,210253940.47418,1946.29,1960.29,1935.59,1951.81,61.70078,4.06253,1905.0545,1905.0545,129291
2020-11-09 00:00:00+00:00,15484.68,15854.48,14824.66,15332.04,71.16584,925.04286,13905.8265,13905.8265,221794510.10324,1957.18,1965.46,1850.52,1863.13,41.83323,-0.14946,1902.0795,1902.0795,178171
2020-11-10 00:00:00+00:00,15349.32,15482.76,15092.47,15313.65,70.85305,917.80543,14031.3755,14031.3755,137309562.69852,1860.97,1890.35,1860.69,1877.39,44.90537,-2.3102,1901.3955,1901.3955,145814
2020-11-11 00:00:00+00:00,15314.94,15991.01,15290.85,15707.89,73.53818,933.12511,14167.607,14167.607,157287253.72346,1875.53,1884.41,1856.43,1865.5,42.87213,-4.92525,1899.646,1899.646,110216
2020-11-12 00:00:00+00:00,15702.0,16369.99,15481.0,16300.0,76.96978,981.72765,14335.5275,14335.5275,265061980.37483,1866.76,1883.81,1862.69,1876.71,45.38301,-6.02371,1898.0855,1898.0855,108861
2020-11-13 00:00:00+00:00,16300.0,16494.52,15970.33,16335.58,77.16144,1011.45707,14496.17,14496.17,128123616.63563,1877.12,1896.75,1873.97,1889.28,48.13573,-5.81294,1897.6115,1897.6115,91972
2020-11-16 00:00:00+00:00,15975.49,16894.93,15875.5,16724.62,75.50983,1004.46477,14947.8065,14947.8065,125630576.25221,1887.89,1899.01,1864.46,1888.66,48.00721,-5.63102,1896.8725,1896.8725,117953
2020-11-17 00:00:00+00:00,16727.85,17868.0,16570.0,17680.63,80.07789,1091.03041,15168.1015,15168.1015,173707566.78807,1889.5,1893.43,1876.84,1880.19,46.19268,-6.09999,1895.5055,1895.5055,92151
2020-11-18 00:00:00+00:00,17681.77,18483.0,17041.47,17785.95,80.50922,1154.82069,15383.977,15383.977,279558152.04216,1881.56,1884.82,1863.47,1871.97,44.43728,-7.05363,1892.874,1892.874,88323
2020-11-19 00:00:00+00:00,17792.96,18189.97,17346.62,17825.47,80.67826,1194.79108,15597.144,15597.144,187286802.58516,1873.83,1874.13,1852.69,1866.84,43.33058,-8.12963,1891.0325,1891.0325,88459
2020-11-20 00:00:00+00:00,17822.37,18824.88,17755.81,18687.65,83.94898,1281.26895,15840.7225,15840.7225,187250505.53107,1861.33,1879.75,1860.76,1870.9,44.50846,-8.55613,1889.507,1889.507,69867
2020-11-23 00:00:00+00:00,18432.6,18786.31,18001.95,18383.35,77.98518,1327.97988,16549.535,16549.535,173025693.62943,1870.86,1876.14,1830.95,1837.49,37.58528,-11.45796,1886.2975,1886.2975,90322
2020-11-24 00:00:00+00:00,18386.92,19442.13,18068.56,19160.85,81.48396,1363.08617,16799.548,16799.548,254127118.56008,1838.68,1838.95,1800.25,1807.71,32.70241,-15.97651,1881.3155,1881.3155,115098
2020-11-25 00:00:00+00:00,19175.13,19490.0,18470.91,18732.43,74.46153,1340.8814,16955.9175,16955.9175,167891694.00842,1807.66,1817.63,1801.73,1807.07,32.60438,-19.38567,1877.8285,1877.8285,80615
2020-11-26 00:00:00+00:00,18727.24,18911.04,16218.0,17160.09,55.54239,1182.77497,17034.0175,17034.0175,367654697.56279,1809.01,1818.22,1805.7,1810.2,33.65192,-21.58606,1874.983,1874.983,48151
2020-11-27 00:00:00+00:00,17168.31,17471.89,16435.47,17154.39,55.48735,1044.9688,17149.7885,17149.7885,153786231.77875,1810.24,1813.88,1774.33,1786.76,29.90341,-24.93388,1870.4025,1870.4025,77501
2020-11-30 00:00:00+00:00,18196.75,19864.15,18196.75,19700.19,70.87308,1023.82512,17624.747,17624.747,209071633.62978,1789.31,1789.86,1764.38,1777.64,28.56995,-28.00018,1864.5315,1864.5315,99038
2020-12-01 00:00:00+00:00,19703.53,19918.01,18100.0,18771.43,62.05441,1004.07023,17777.924,17777.924,221495167.07987,1776.97,1817.27,1775.74,1815.42,40.42208,-27.06968,1859.8555,1859.8555,84421
2020-12-02 00:00:00+00:00,18773.21,19346.9,18334.0,19226.55,64.39255,1013.45622,17924.2515,17924.2515,129766984.78873,1812.97,1832.55,1807.43,1830.72,44.4425,-24.81166,1856.228,1856.228,80494
2020-12-03 00:00:00+00:00,19220.09,19621.0,18881.62,19448.4,65.50824,1026.95799,18079.8925,18079.8925,120512498.21379,1829.36,1843.91,1823.64,1840.98,47.0242,-21.94133,1850.8185,1850.8185,89559
2020-12-04 00:00:00+00:00,19439.94,19552.5,18573.89,18673.76,58.60346,964.03843,18209.2635,18209.2635,116929422.18221,1841.28,1848.17,1829.11,1838.6,46.48458,-19.63232,1845.158,1845.158,74001
2020-12-07 00:00:00+00:00,19385.13,19431.0,18905.0,19173.5,60.64259,897.6908,18576.0385,18576.0385,82892225.80665,1836.86,1868.5,1821.99,1863.1,52.52421,-15.64511,1845.1565,1845.1565,80761
2020-12-08 00:00:00+00:00,19183.13,19300.55,18163.52,18316.43,53.31463,791.66728,18602.5625,18602.5625,109531632.90526,1862.91,1875.28,1860.17,1870.83,54.27752,-11.7263,1844.8285,1844.8285,75510
2020-12-09 00:00:00+00:00,18311.31,18654.92,17640.33,18556.64,54.95744,718.74063,18639.121,18639.121,165282976.45441,1869.35,1870.53,1825.4,1839.41,46.72417,-11.02882,1843.524,1843.524,99377
2020-12-10 00:00:00+00:00,18546.38,18562.13,17908.0,18250.3,52.42387,628.97621,18617.2535,18617.2535,123818348.05543,1838.49,1849.98,1828.62,1835.96,45.96773,-10.63189,1841.4865,1841.4865,90853
2020-12-11 00:00:00+00:00,18250.3,18290.43,17569.58,18040.02,50.6962,534.70566,18583.0045,18583.0045,120650258.79543,1837.03,1847.66,1823.91,1839.91,47.02519,-9.88464,1839.018,1839.018,75786
2020-12-14 00:00:00+00:00,19151.82,19346.9,18979.21,19274.33,59.44899,533.14946,18646.6505,18646.6505,69741790.52306,1837.07,1839.02,1818.34,1827.82,44.17546,-10.15099,1835.976,1835.976,77212
2020-12-15 00:00:00+00:00,19274.33,19567.84,19050.0,19434.87,60.54713,546.8669,18681.7725,18681.7725,131200379.99486,1828.4,1855.32,1825.46,1853.67,51.01124,-8.18187,1834.65,1834.65,74189
2020-12-16 00:00:00+00:00,19434.55,21576.76,19277.66,21365.7,70.79192,705.4084,18892.053,18892.053,319943277.92615,1853.88,1865.77,1844.71,1864.06,53.4771,-5.71705,1834.2545,1834.2545,101568
2020-12-17 00:00:00+00:00,21358.96,23777.0,21244.04,22814.24,75.857,937.13604,19175.0455,19175.0455,516210793.79658,1863.46,1896.19,1862.01,1886.04,58.26327,-1.96738,1835.2145,1835.2145,95207
2020-12-18 00:00:00+00:00,22829.89,23284.68,22360.93,23136.14,76.81903,1133.68805,19444.763,19444.763,262834391.34011,1884.71,1889.58,1877.38,1880.55,56.69438,0.55487,1835.697,1835.697,78474
2020-12-21 00:00:00+00:00,23470.85,24123.83,21864.86,22732.01,68.34372,1451.70322,20113.873,20113.873,288131136.87305,1882.51,1906.7,1854.99,1876.25,55.43528,2.18165,1837.635,1837.635,133851
2020-12-22 00:00:00+00:00,22750.07,23843.21,22383.59,23835.1,72.36583,1531.54189,20344.3005,20344.3005,223277908.79755,1879.31,1884.21,1858.93,1859.91,50.81681,2.12785,1840.245,1840.245,101321
2020-12-23 00:00:00+00:00,23819.08,24096.9,22624.92,23247.71,67.45127,1529.78276,20534.266,20534.266,268324356.77356,1861.01,1878.56,1857.06,1872.63,54.02771,3.07616,1843.523,1843.523,98019
2020-12-24 00:00:00+00:00,23215.0,23779.14,22700.1,23726.28,69.2817,1549.14763,20786.892,20786.892,170484759.17024,1873.39,1883.46,1869.5,1879.3,55.6623,4.31615,1846.978,1846.978,55919
2020-12-28 00:00:00+00:00,26242.82,27473.49,26079.6,27037.91,77.75451,2033.36363,22208.7055,22208.7055,215972812.13515,1888.4,1900.2,1869.12,1873.05,53.73432,4.7399,1851.2925,1851.2925,85663
2020-12-29 00:00:00+00:00,27037.9,27395.0,25831.85,27370.0,78.55353,2132.65918,22649.3735,22649.3735,262130106.84492,1875.23,1886.44,1871.71,1878.17,55.10616,5.42631,1856.319,1856.319,75438
2020-12-30 00:00:00+00:00,27370.0,29010.32,27328.37,28881.3,81.7637,2306.71058,23180.9235,23180.9235,339116524.30245,1877.31,1894.04,1876.08,1893.81,59.09604,7.14989,1860.2385,1860.2385,63365
2020-12-31 00:00:00+00:00,28893.21,29300.0,27930.75,28992.79,81.97801,2425.68213,23728.562,23728.562,274784287.87735,1893.47,1900.38,1885.41,1893.43,58.95894,8.38848,1863.374,1863.374,63888
2021-01-04 00:00:00+00:00,33068.83,33669.76,27734.0,32005.88,79.83364,3124.36905,26230.3465,26230.3465,718434068.18259,1909.07,1944.43,1907.72,1943.23,69.08246,13.23594,1868.4865,1868.4865,110285
2021-01-05 00:00:00+00:00,32054.23,34500.0,29936.26,34039.05,83.00859,3310.22327,26864.014,26864.014,503999074.93307,1941.49,1953.09,1934.31,1950.03,70.16466,17.42543,1874.058,1874.058,95998
2021-01-06 00:00:00+00:00,34081.24,37050.83,33348.27,36849.94,86.23512,3642.34275,27565.799,27565.799,708229605.57891,1949.89,1959.29,1900.83,1918.79,59.8074,18.01712,1876.8425,1876.8425,143511
2021-01-07 00:00:00+00:00,36875.96,40402.46,36327.5,39510.49,88.46739,4073.27975,28384.5165,28384.5165,912781660.46096,1920.94,1927.64,1906.77,1913.51,58.24254,17.85418,1878.9765,1878.9765,105316
2021-01-08 00:00:00+00:00,39510.59,42000.0,36618.36,40667.07,89.28117,4456.7521,29225.7205,29225.7205,902156318.38196,1916.18,1917.48,1828.27,1849.04,43.33345,12.38015,1879.458,1879.458,155562
2021-01-11 00:00:00+00:00,38164.88,38261.39,30261.13,35455.58,64.63156,4315.07705,31417.241,31417.241,1446125474.07654,1854.74,1855.59,1817.0,1844.45,42.49932,7.58414,1879.8825,1879.8825,120645
2021-01-12 00:00:00+00:00,35449.71,36639.23,32479.91,34035.02,59.60178,3911.24803,31956.6065,31956.6065,621747472.26562,1847.51,1863.8,1836.7,1855.31,45.18769,4.60648,1880.6525,1880.6525,105679
2021-01-13 00:00:00+00:00,34035.02,37800.0,32327.76,37393.49,66.28254,3818.19729,32639.967,32639.967,510884350.82891,1855.04,1862.94,1841.91,1844.68,43.06527,1.37308,1881.4955,1881.4955,88213
2021-01-14 00:00:00+00:00,37393.49,40112.78,36717.23,39134.35,69.1321,3840.65409,33361.427,33361.427,427484257.46353,1847.51,1857.45,1830.94,1846.46,43.54346,-1.03386,1881.135,1881.135,102850
2021-01-15 00:00:00+00:00,39147.98,39694.0,34380.0,36756.57,61.48832,3624.79985,33875.9415,33875.9415,496181248.87517,1847.79,1856.85,1823.39,1827.65,39.74461,-4.40837,1879.3145,1879.3145,125252
2021-01-18 00:00:00+00:00,35826.36,37449.86,34777.85,36616.95,60.44187,2910.20587,35264.376,35264.376,228900410.30172,1828.39,1840.72,1810.29,1837.52,42.5756,-6.21463,1876.8885,1876.8885,89033
2021-01-19 00:00:00+00:00,36665.82,37874.71,35888.0,35917.62,58.11813,2680.99102,35616.192,35616.192,236296930.67604,1838.41,1845.51,1833.12,1839.63,43.19009,-7.39065,1874.8425,1874.8425,109648
2021-01-20 00:00:00+00:00,35888.13,36440.1,33400.0,35496.91,56.70572,2437.29322,35941.398,35941.398,431659021.58854,1840.51,1871.73,1832.49,1871.42,51.5945,-5.69186,1874.601,1874.601,125615
2021-01-21 00:00:00+00:00,35516.17,35620.96,30044.16,30818.18,43.92192,1845.35445,36012.175,36012.175,653796632.92755,1871.58,1875.01,1858.32,1869.8,51.17899,-4.42526,1875.0955,1875.0955,118950
2021-01-22 00:00:00+00:00,30817.86,33864.85,28800.0,32992.06,49.60652,1533.97001,36050.9515,36050.9515,561511118.3838,1869.76,1870.81,1837.4,1854.67,47.34408,-4.58943,1874.1975,1874.1975,132569
2021-01-25 00:00:00+00:00,32289.06,34888.0,31939.12,32261.22,47.9081,726.9377,35927.1905,35927.1905,323862498.77194,1858.02,1867.93,1847.11,1855.94,47.69835,-4.56444,1873.0295,1873.0295,137306
2021-01-26 00:00:00+00:00,32264.15,32953.28,30847.4,32504.53,48.65101,568.60526,35709.92,35709.92,375586951.60991,1855.26,1861.73,1848.4,1851.43,46.50186,-4.85262,1871.9485,1871.9485,110758
2021-01-27 00:00:00+00:00,32521.65,32580.12,29150.49,30424.62,43.00487,272.15704,35255.6265,35255.6265,681624261.78464,1851.58,1853.11,1831.35,1843.83,44.47714,-5.62937,1870.2315,1870.2315,143666
2021-01-28 00:00:00+00:00,30427.34,33870.58,29899.99,33484.87,51.85773,280.91805,34896.5165,34896.5165,598687944.01256,1842.66,1864.0,1834.0,1842.61,44.14486,-6.2711,1867.6715,1867.6715,171059
2021-01-29 00:00:00+00:00,33488.66,38620.0,31990.0,34249.64,53.78945,345.58803,34597.0455,34597.0455,1076795633.65781,1843.12,1875.69,1839.59,1847.59,45.9209,-6.30516,1865.3795,1865.3795,192328
2021-02-01 00:00:00+00:00,33110.32,34736.1,32333.01,33532.74,51.52851,322.77625,34263.685,34263.685,280805063.39447,1855.57,1871.78,1849.15,1860.55,50.34581,-5.22614,1861.2455,1861.2455,220293
2021-02-02 00:00:00+00:00,33497.16,36008.67,33431.67,35522.16,57.00733,463.85915,34170.1185,34170.1185,256678333.36783,1859.37,1864.05,1829.53,1837.65,43.56302,-6.14797,1855.6265,1855.6265,180506
2021-02-03 00:00:00+00:00,35496.91,37732.87,35382.45,37691.63,62.04553,742.17117,34097.9825,34097.9825,330831983.17051,1837.38,1844.98,1829.81,1834.21,42.63382,-7.07456,1851.3975,1851.3975,128024
2021-02-04 00:00:00+00:00,37693.0,38748.52,36197.65,36996.32,59.63351,896.29779,34109.97,34109.97,435180399.76743,1834.12,1834.74,1784.9,1793.12,33.45458,-10.99774,1845.378,1845.378,158695
2021-02-05 00:00:00+00:00,36984.28,38359.69,36618.36,38320.0,62.61325,1112.43075,34225.97,34225.97,199722877.4541,1795.17,1815.2,1791.98,1813.4,40.2879,-12.32834,1843.596,1843.596,127304
2021-02-08 00:00:00+00:00,38870.36,46712.12,38050.97,46416.45,75.10122,2170.40385,35036.126,35036.126,884405737.00203,1817.35,1839.19,1807.77,1830.13,45.27988,-11.89576,1842.88,1842.88,136422
2021-02-09 00:00:00+00:00,46445.51,48216.09,45000.0,46505.2,75.20365,2694.00285,35586.5405,35586.5405,581551361.90562,1830.87,1848.56,1828.83,1837.64,47.40547,-10.82218,1841.9965,1841.9965,123760
2021-02-10 00:00:00+00:00,46493.9,47364.09,43746.06,44854.63,69.47918,2941.8597,36288.363,36288.363,425371211.50761,1838.59,1855.31,1834.05,1842.35,48.75007,-9.48201,1841.88,1841.88,123670
2021-02-11 00:00:00+00:00,44854.63,48696.84,44040.96,47981.48,73.58177,3351.95939,37037.834,37037.834,450585267.11343,1843.91,1847.54,1821.2,1825.47,44.37187,-9.67051,1840.8305,1840.8305,105907
2021-02-12 00:00:00+00:00,48044.88,49000.0,46231.16,47395.84,71.63944,3588.34589,37801.7515,37801.7515,282959606.02594,1826.11,1830.68,1810.52,1824.17,44.04381,-9.8117,1840.6565,1840.6565,110731
2021-02-15 00:00:00+00:00,48620.48,49048.82,45914.75,47942.57,70.42953,3928.91844,40140.7,40140.7,331970371.74897,1824.88,1827.02,1816.07,1818.72,42.6211,-10.24525,1839.7165,1839.7165,71964
2021-02-16 00:00:00+00:00,47954.05,50602.53,47036.02,49166.53,72.2614,4009.20374,41077.7955,41077.7955,411822596.26982,1819.62,1826.42,1789.48,1794.56,36.92661,-12.39547,1837.463,1837.463,149750
2021-02-17 00:00:00+00:00,49136.7,52640.0,48896.19,52174.28,76.16844,4266.35086,42012.266,42012.266,499393841.18247,1792.65,1795.15,1769.47,1776.7,33.37651,-15.36359,1832.727,1832.727,153764
2021-02-18 00:00:00+00:00,52141.23,52566.98,50869.61,51579.54,73.95038,4371.75638,42878.761,42878.761,326505859.88493,1776.95,1789.62,1768.42,1775.44,33.13449,-17.61447,1828.009,1828.009,148265
2021-02-19 00:00:00+00:00,51560.46,56399.99,50627.32,55988.58,78.86419,4756.23675,43962.04,43962.04,516762416.1162,1776.46,1791.63,1760.64,1783.05,36.14611,-18.57018,1824.428,1824.428,159459
2021-02-22 00:00:00+00:00,57485.74,57564.19,47400.0,54173.65,68.8836,5133.60058,47232.356,47232.356,921105509.36745,1786.78,1812.69,1780.68,1809.04,45.22059,-17.03405,1822.083,1822.083,177046
2021-02-23 00:00:00+00:00,54173.64,54196.58,44845.72,48887.93,55.463,4557.11162,47792.171,47792.171,868562429.058,1809.4,1816.01,1795.6,1805.07,44.18758,-15.9531,1819.765,1819.765,158899
2021-02-24 00:00:00+00:00,48927.33,51459.51,47000.0,49754.0,56.94324,4122.60179,48430.055,48430.055,436559842.95063,1806.6,1813.94,1783.63,1805.33,44.27736,-14.90366,1817.84,1817.84,162824
2021-02-25 00:00:00+00:00,49715.13,52079.16,46723.0,47088.58,51.29301,3522.56655,48868.484,48868.484,372974183.49401,1803.65,1804.23,1765.28,1770.25,35.88914,-16.71002,1814.222,1814.222,225865
2021-02-26 00:00:00+00:00,47070.18,48476.62,44151.97,46314.83,49.74977,2950.58662,49220.1205,49220.1205,376364840.96787,1772.25,1775.76,1717.18,1733.84,29.61749,-20.83933,1808.5345,1808.5345,243495
2021-03-01 00:00:00+00:00,45261.56,49831.52,45020.25,49629.33,56.35865,1910.68383,49680.132,49680.132,422482547.34919,1737.79,1759.89,1719.63,1724.79,28.29398,-24.55899,1801.7465,1801.7465,188016
2021-03-02 00:00:00+00:00,49641.89,50250.0,47069.52,48516.35,53.8716,1757.5949,49863.218,49863.218,239951620.78261,1723.03,1738.77,1707.2,1738.77,33.25573,-26.07817,1796.8025,1796.8025,181720
2021-03-03 00:00:00+00:00,48438.0,52652.82,48168.45,50379.68,57.27123,1766.26556,49983.128,49983.128,309909954.26706,1738.15,1740.49,1701.86,1711.71,29.06361,-29.12986,1790.6775,1790.6775,175583
2021-03-04 00:00:00+00:00,50376.05,51817.54,47500.0,48360.5,52.73561,1591.85625,50031.361,50031.361,272831183.68997,1710.88,1723.19,1690.54,1698.6,27.27006,-32.23463,1785.9515,1785.9515,218170
2021-03-05 00:00:00+00:00,48353.09,49471.24,46294.0,48739.21,53.47976,1467.28045,50106.8975,50106.8975,254381971.12742,1697.83,1707.62,1687.28,1700.76,28.0578,-34.12749,1780.3195,1780.3195,192230
2021-03-08 00:00:00+00:00,50952.55,52427.8,49316.98,52427.8,60.66588,1590.68332,50433.304,50433.304,231707867.2379,1706.24,1714.29,1676.82,1682.53,25.54323,-36.67582,1772.9395,1772.9395,185032
2021-03-09 00:00:00+00:00,52427.8,54939.26,51857.0,54929.02,64.82558,1893.35472,50571.041,50571.041,298203730.64797,1684.52,1720.58,1680.12,1715.59,36.63411,-35.61716,1766.837,1766.837,160257
2021-03-10 00:00:00+00:00,54927.29,57402.89,53010.0,55852.29,66.24463,2182.56491,50784.6785,50784.6785,386289974.69929,1715.33,1726.57,1708.2,1726.33,39.77275,-33.52508,1761.036,1761.036,149898
2021-03-11 00:00:00+00:00,55918.09,58155.99,54269.0,57772.09,69.04144,2537.42799,50873.854,50873.854,383634856.82023,1726.56,1739.82,1719.27,1722.38,39.00749,-31.81903,1755.8815,1755.8815,142465
2021-03-12 00:00:00+00:00,57847.92,58098.5,55011.0,57271.04,67.4702,2746.56827,50940.604,50940.604,299659867.99042,1721.63,1727.96,1699.21,1726.92,40.42629,-29.7576,1751.019,1751.019,149733
2021-03-15 00:00:00+00:00,58956.9,60595.13,54555.0,55644.37,57.87311,3131.58139,51704.177,51704.177,429864668.91738,1728.56,1734.54,1721.66,1732.11,42.08487,-27.38939,1746.6885,1746.6885,132634
2021-03-16 00:00:00+00:00,55616.42,56950.0,53221.0,56908.34,59.94222,3041.86155,52061.894,52061.894,440085094.04134,1731.86,1741.21,1726.25,1731.85,42.02175,-25.24257,1743.553,1743.553,125856
2021-03-17 00:00:00+00:00,56928.38,58968.8,54124.0,58901.8,63.0266,3095.92559,52652.555,52652.555,343991048.96946,1732.35,1751.63,1724.17,1744.54,46.25822,-22.26061,1741.945,1741.945,136197
2021-03-18 00:00:00+00:00,58939.73,60083.25,57000.0,57648.05,59.90257,3002.98801,53219.216,53219.216,318013386.39777,1748.74,1755.46,1719.25,1736.49,44.05889,-20.3128,1739.9975,1739.9975,161388
2021-03-19 00:00:00+00:00,57648.01,59450.95,56279.34,58072.0,60.6135,2929.77095,53817.317,53817.317,204615665.95545,1735.77,1746.72,1728.5,1745.14,46.97617,-17.86523,1738.102,1738.102,139589
2021-03-22 00:00:00+00:00,57410.54,58461.78,53715.0,54070.92,50.23191,2264.74716,55127.54,55127.54,355081945.30388,1743.8,1744.33,1727.39,1738.68,45.08521,-16.25935,1734.584,1734.584,129700
2021-03-23 00:00:00+00:00,54117.71,55866.44,52933.03,54361.57,50.89399,1933.18411,55326.6345,55326.6345,271615608.56957,1739.58,1742.6,1724.68,1726.89,41.77971,-15.7564,1730.675,1730.675,126605
2021-03-24 00:00:00+00:00,54360.07,57207.33,51638.76,52287.52,46.1735,1485.93061,55522.9855,55522.9855,359087907.61172,1727.15,1738.47,1723.79,1733.83,44.36541,-14.62918,1727.1,1727.1,111264
2021-03-25 00:00:00+00:00,52281.77,53271.59,50360.0,51326.11,44.1302,1041.89097,55652.3305,55652.3305,342992755.96613,1734.91,1745.43,1721.76,1726.98,42.36541,-14.12575,1724.9365,1724.9365,131827
2021-03-26 00:00:00+00:00,51292.65,55114.86,51263.38,55081.37,52.89806,981.68817,55961.1675,55961.1675,268480429.13602,1727.94,1736.65,1721.63,1732.7,44.61085,-13.11405,1724.8795,1724.8795,105918
2021-03-29 00:00:00+00:00,55790.28,58402.68,54892.42,57600.1,58.14208,1093.13001,56506.4835,56506.4835,308761054.24231,1731.17,1732.84,1705.65,1711.81,38.68338,-13.8384,1724.2305,1724.2305,109038
2021-03-30 00:00:00+00:00,57623.66,59388.66,57011.0,58760.59,60.42482,1269.41715,56651.8985,56651.8985,199335818.74163,1712.68,1714.36,1678.77,1685.06,32.69301,-16.38211,1721.545,1721.545,135333
2021-03-31 00:00:00+00:00,58767.75,59816.17,56713.45,58782.58,60.46881,1394.82176,56702.423,56702.423,270120798.91943,1684.83,1715.34,1677.86,1707.7,41.01804,-16.38232,1721.3445,1721.3445,130802
2021-04-01 00:00:00+00:00,58789.96,59490.0,57935.42,58728.53,60.2914,1472.86614,56775.2975,56775.2975,163651800.58739,1707.4,1730.4,1705.76,1729.49,47.72034,-14.45755,1722.889,1722.889,115912
2021-04-05 00:00:00+00:00,58213.69,59280.0,56800.0,59125.0,59.52308,1442.12732,56808.843,56808.843,142044095.61456,1728.66,1733.57,1721.25,1728.36,47.41941,-12.87493,1724.269,1724.269,88124
2021-04-06 00:00:00+00:00,59135.36,59473.9,57216.0,58018.3,55.74142,1370.38825,56764.668,56764.668,157310693.72575,1728.71,1745.47,1727.16,1743.06,51.68761,-10.31561,1727.2955,1727.2955,109667
2021-04-07 00:00:00+00:00,58024.9,58668.0,55441.93,55932.83,49.37542,1132.20319,56678.907,56678.907,305089906.58806,1743.28,1744.32,1730.57,1737.57,50.05346,-8.63084,1728.3945,1728.3945,103223
2021-04-08 00:00:00+00:00,55912.38,58145.49,55680.4,58096.6,55.10448,1105.29679,56680.137,56680.137,266477883.33785,1737.56,1758.66,1733.14,1756.14,55.21164,-5.73113,1729.885,1729.885,102546
2021-04-09 00:00:00+00:00,58066.18,58890.25,57657.43,58109.56,55.13723,1072.65416,56678.6955,56678.6955,154609090.20303,1755.65,1757.32,1731.26,1743.46,51.31469,-4.40548,1730.939,1730.939,110017
2021-04-12 00:00:00+00:00,59972.26,61234.56,59361.11,59831.66,59.18856,1279.52152,57366.874,57366.874,221822077.43161,1742.71,1745.0,1727.48,1732.34,48.10783,-4.20373,1731.21,1731.21,110257
2021-04-13 00:00:00+00:00,59814.87,63769.0,59780.0,63564.48,67.38368,1590.01565,57930.722,57930.722,363050229.10363,1733.23,1748.99,1723.7,1745.39,51.90636,-2.95673,1731.874,1731.874,122156
2021-04-14 00:00:00+00:00,63605.69,64895.22,61327.0,62986.09,65.19903,1769.02107,58513.721,58513.721,378098792.96234,1745.66,1749.31,1732.58,1736.25,49.19045,-2.67516,1732.094,1732.094,106297
2021-04-15 00:00:00+00:00,62954.2,63855.37,61998.9,63239.19,65.72274,1909.29801,58921.612,58921.612,217128555.48257,1736.26,1769.68,1734.35,1763.5,56.49854,-0.25028,1733.042,1733.042,103270
2021-04-16 00:00:00+00:00,63247.24,63580.4,60042.04,61436.24,58.92064,1853.61815,59201.453,59201.453,355028768.87335,1763.97,1783.79,1759.72,1776.67,59.52834,2.70301,1735.051,1735.051,100215
2021-04-19 00:00:00+00:00,56260.83,57633.0,54252.88,55694.55,42.74012,801.41455,59194.2445,59194.2445,322540453.51499,1775.67,1790.03,1766.76,1770.78,57.59629,4.51618,1736.333,1736.333,113432
2021-04-20 00:00:00+00:00,55694.55,57119.0,53400.0,56503.19,45.22107,528.82891,59080.275,59080.275,331328086.18072,1770.9,1780.41,1763.53,1778.55,59.4653,6.50511,1738.3265,1738.3265,110180
2021-04-21 00:00:00+00:00,56493.02,56850.0,53628.79,53806.24,39.13137,94.09681,58834.1605,58834.1605,246338799.6172,1778.16,1797.63,1776.24,1793.92,62.94464,9.21536,1741.678,1741.678,102562
2021-04-22 00:00:00+00:00,53823.48,55491.8,50450.01,51683.95,35.12304,-416.87708,58468.178,58468.178,405148227.88588,1793.95,1797.88,1777.45,1784.36,59.52234,10.47113,1744.2045,1744.2045,104081
2021-04-23 00:00:00+00:00,51693.98,52131.34,47555.0,51176.65,34.2207,-852.93038,58173.7895,58173.7895,596173130.65112,1784.16,1795.95,1770.01,1776.48,56.78188,10.70707,1746.6795,1746.6795,102335
2021-04-26 00:00:00+00:00,49122.75,54404.78,48823.01,54073.41,45.8467,-1552.65077,57072.0545,57072.0545,326970924.06822,1775.48,1783.5,1768.84,1781.39,58.07707,11.16158,1749.114,1749.114,95870
2021-04-27 00:00:00+00:00,54015.32,55519.37,53325.75,55091.39,48.35346,-1369.69993,57029.9825,57029.9825,226487602.61129,1781.27,1785.55,1773.76,1776.7,56.34022,11.01635,1752.3585,1752.3585,90326
2021-04-28 00:00:00+00:00,55094.73,56500.0,53811.49,54901.97,47.90906,-1225.86368,56870.251,56870.251,249392743.35968,1776.99,1782.54,1762.62,1781.47,57.72498,11.15754,1757.179,1757.179,104594
2021-04-29 00:00:00+00:00,54898.45,55239.33,52379.9,53593.97,44.84412,-1203.54339,56644.4715,56644.4715,223630310.25358,1781.96,1789.98,1756.19,1772.28,54.16081,10.4079,1760.408,1760.408,105898
2021-04-30 00:00:00+00:00,53585.93,58008.0,53087.15,57775.27,54.79907,-838.78939,56544.8885,56544.8885,277851791.25151,1772.61,1773.62,1764.24,1768.97,52.89404,9.43792,1762.382,1762.382,97490
2021-05-03 00:00:00+00:00,56599.91,59000.0,56500.0,57222.37,53.20465,-227.77009,55960.9655,55960.9655,208090141.69994,1766.81,1797.91,1766.04,1793.04,60.18653,10.49052,1765.616,1765.616,90768
2021-05-04 00:00:00+00:00,57227.64,57250.85,53080.69,53236.84,43.93976,-413.57681,55473.503,55473.503,305962448.44591,1792.58,1799.09,1771.01,1779.28,54.94944,10.098,1767.427,1767.427,107458
2021-05-05 00:00:00+00:00,53221.75,57976.62,52924.5,57509.93,53.32446,-213.56546,55187.04,55187.04,316566738.42186,1778.34,1787.97,1770.49,1787.66,57.38163,10.34388,1769.9315,1769.9315,86898
2021-05-06 00:00:00+00:00,57517.08,58420.83,55283.0,56447.39,51.03657,-139.18865,54937.5975,54937.5975,290378536.07187,1786.8,1818.12,1782.0,1815.22,64.22271,12.61716,1772.8855,1772.8855,110093
2021-05-07 00:00:00+00:00,56425.82,58743.85,55288.11,57381.73,52.94831,-4.79578,54805.0695,54805.0695,242994959.696,1814.64,1843.3,1812.85,1830.85,67.41706,15.50127,1777.255,1777.255,126630
2021-05-10 00:00:00+00:00,58336.16,59603.0,53500.0,55880.72,48.84839,255.55076,55039.688,55039.688,368221932.9875,1833.04,1845.49,1829.97,1835.54,68.33078,17.95838,1782.415,1782.415,124892
2021-05-11 00:00:00+00:00,55854.43,56972.33,54500.0,56763.7,50.82977,245.67255,55187.561,55187.561,238587428.09846,1836.07,1841.8,1818.09,1836.8,68.58566,19.77933,1786.9855,1786.9855,120851
2021-05-12 00:00:00+00:00,56763.7,58021.26,48530.0,49386.56,37.69292,-353.35628,55072.6915,55072.6915,314461715.40806,1836.83,1843.68,1813.24,1816.11,60.04062,19.3301,1790.9785,1790.9785,137693
2021-05-13 00:00:00+00:00,49419.44,51420.72,45700.0,49694.96,38.40955,-794.0523,54998.607,54998.607,452044420.79504,1814.87,1828.8,1808.77,1826.93,62.66061,19.621,1794.15,1794.15,122267
2021-05-14 00:00:00+00:00,49711.64,51572.0,48875.69,49880.43,38.86495,-1115.48261,54986.6815,54986.6815,200074490.12676,1827.12,1845.93,1819.77,1842.56,66.11668,20.87214,1797.4445,1797.4445,101155
2021-05-17 00:00:00+00:00,46446.42,46648.5,42100.0,43593.39,30.11965,-2504.86885,53909.3715,53909.3715,534573652.29555,1843.52,1868.41,1843.52,1866.65,70.62897,23.53623,1802.238,1802.238,105152
2021-05-18 00:00:00+00:00,43581.27,45872.05,42023.69,42877.75,29.24978,-2932.16093,53308.1605,53308.1605,269097066.03458,1866.69,1875.03,1863.2,1869.64,71.14265,25.59378,1806.7925,1806.7925,95130
2021-05-19 00:00:00+00:00,42900.85,43601.63,30066.0,36780.43,23.12248,-3719.91489,52467.4835,52467.4835,1194218778.4351,1869.12,1890.09,1852.23,1870.15,71.23506,26.95484,1810.604,1810.604,155875
2021-05-20 00:00:00+00:00,36793.39,43000.0,35000.0,40640.9,32.73082,-3986.75112,51610.765,51610.765,597544388.97464,1870.06,1883.94,1863.86,1877.28,72.55811,28.28279,1815.25,1815.25,147676
2021-05-21 00:00:00+00:00,40566.13,42297.89,33520.0,37335.16,29.34827,-4414.08354,50584.9275,50584.9275,489345990.95673,1877.79,1889.41,1870.1,1881.74,73.38282,29.35668,1820.513,1820.513,139975
2021-05-24 00:00:00+00:00,34735.35,39960.0,34426.21,38839.86,36.30461,-4979.2861,47783.1935,47783.1935,396678607.44491,1881.41,1887.02,1875.17,1881.35,73.17573,29.83239,1825.511,1825.511,128610
2021-05-25 00:00:00+00:00,38848.36,40000.0,36486.85,38397.72,35.78009,-4888.75788,46827.583,46827.583,221376189.80377,1880.78,1900.21,1872.71,1899.18,76.44818,31.28746,1831.635,1831.635,121916
2021-05-26 00:00:00+00:00,38385.87,40904.0,37859.74,39309.56,37.7767,-4689.37949,45970.6915,45970.6915,165320790.0801,1898.77,1912.74,1890.77,1896.5,74.96775,31.85713,1837.3865,1837.3865,122351
2021-05-27 00:00:00+00:00,39299.46,40429.47,37212.9,38503.47,36.6907,-4544.03461,45026.7785,45026.7785,158381644.69942,1896.45,1903.67,1888.28,1896.43,74.92694,31.93483,1843.594,1843.594,124764
2021-05-28 00:00:00+00:00,38578.5,38905.12,34710.23,35692.46,33.11551,-4602.61666,43862.164,43862.164,220116135.78272,1897.4,1905.95,1882.27,1903.18,76.26861,32.17023,1850.3045,1850.3045,131825
2021-05-31 00:00:00+00:00,35675.3,37540.96,34195.2,37341.41,38.59237,-4360.59856,40697.2415,40697.2415,163696986.89203,1903.74,1910.65,1902.14,1906.62,76.94567,32.26247,1855.9835,1855.9835,68155
2021-06-01 00:00:00+00:00,37279.89,37927.44,35699.98,36693.3,37.6073,-4171.09516,40062.5785,40062.5785,159570152.89308,1907.26,1916.58,1892.37,1899.87,72.57048,31.42861,1862.013,1862.013,123400
2021-06-02 00:00:00+00:00,36693.3,38256.3,35933.19,37589.36,39.89171,-3903.60942,39457.2985,39457.2985,160510454.3612,1899.65,1909.09,1894.37,1908.66,74.59621,31.11834,1868.063,1868.063,106790
2021-06-03 00:00:00+00:00,37585.12,39490.0,37176.06,39219.88,43.91567,-3519.48526,38924.271,38924.271,159191254.70577,1908.45,1909.64,1865.37,1870.7,55.52514,27.49248,1870.837,1870.837,132560
2021-06-04 00:00:00+00:00,39242.94,39277.36,35576.67,36887.32,39.80984,-3364.49836,38433.1925,38433.1925,213436897.7733,1871.33,1896.14,1855.5,1891.51,61.35761,25.99845,1873.87,1873.87,127130
2021-06-07 00:00:00+00:00,35810.69,36808.3,33321.09,33582.62,34.74456,-3274.92307,37033.5785,37033.5785,164992762.92156,1890.19,1900.13,1881.57,1898.78,63.17452,25.11158,1877.032,1877.032,104532
2021-06-08 00:00:00+00:00,33567.51,34085.61,31025.0,33411.69,34.47596,-3300.12201,36865.1415,36865.1415,302196990.83795,1899.1,1903.67,1883.84,1893.06,60.7541,23.67428,1879.845,1879.845,105052
2021-06-09 00:00:00+00:00,33413.19,37556.25,32423.72,37400.0,45.13405,-2964.10077,36703.0965,36703.0965,319380566.59828,1891.72,1898.95,1887.33,1888.89,58.98,21.94574,1883.484,1883.484,97129
2021-06-10 00:00:00+00:00,37414.64,38446.24,35824.69,36707.54,43.80188,-2722.2963,36671.7155,36671.7155,211498746.77323,1888.89,1899.86,1869.84,1899.64,62.05611,21.19893,1887.1195,1887.1195,126781
2021-06-11 00:00:00+00:00,36724.97,37680.65,35958.49,37341.11,45.39011,-2451.28385,36663.744,36663.744,139701700.218,1898.15,1903.03,1874.44,1876.16,52.75118,18.49919,1888.7995,1888.7995,118817
2021-06-14 00:00:00+00:00,39035.52,41050.0,38758.4,40532.79,53.16927,-1533.84357,36820.991,36820.991,254597827.36887,1876.07,1877.62,1844.77,1866.31,49.40447,15.38743,1888.7825,1888.7825,118581
2021-06-15 00:00:00+00:00,40544.19,41341.57,39526.47,40171.47,52.32932,-1199.62394,36864.0865,36864.0865,163851471.15055,1867.53,1869.16,1851.65,1858.89,46.98618,12.18219,1888.245,1888.245,94645
2021-06-16 00:00:00+00:00,40166.93,40506.59,38095.41,38353.99,48.20418,-1069.0842,36856.6125,36856.6125,153742466.12884,1859.13,1862.91,1803.33,1810.21,34.9122,5.64882,1885.248,1885.248,112002
2021-06-17 00:00:00+00:00,38361.38,39553.05,37350.0,38097.68,47.6339,-975.07255,36976.8735,36976.8735,135980244.01877,1813.54,1825.33,1767.3,1772.78,28.78688,-2.52016,1880.023,1880.023,186319
2021-06-18 00:00:00+00:00,38110.25,38208.68,35143.68,35840.0,42.8276,-1070.4046,37037.2695,37037.2695,151976110.44081,1775.49,1797.14,1760.91,1764.52,27.63462,-9.55055,1874.162,1874.162,136136
2021-06-21 00:00:00+00:00,35598.66,35763.8,31238.69,31634.16,34.85287,-1550.32031,36688.1975,36688.1975,271423061.09104,1768.64,1786.61,1766.4,1783.25,34.0782,-13.45573,1869.257,1869.257,142895
2021-06-22 00:00:00+00:00,31628.83,33315.85,28600.0,32545.26,37.60626,-1727.06406,36435.9925,36435.9925,318244376.40505,1784.05,1790.09,1772.44,1778.63,33.29078,-16.73054,1863.2295,1863.2295,126279
2021-06-23 00:00:00+00:00,32547.57,35000.0,31670.89,33652.28,40.87597,-1757.54758,36157.6125,36157.6125,197053661.26811,1779.76,1794.95,1773.33,1778.4,33.24959,-19.12396,1857.3245,1857.3245,104888
2021-06-24 00:00:00+00:00,33693.99,35289.0,32314.37,34649.32,43.73582,-1681.8657,36045.7125,36045.7125,163746698.38113,1778.61,1787.97,1772.85,1774.96,32.59991,-21.05563,1851.251,1851.251,110374
2021-06-25 00:00:00+00:00,34652.68,35517.22,31271.02,31597.75,37.72178,-1846.8343,35848.993,35848.993,161125254.31597,1776.26,1790.34,1773.7,1781.11,35.04353,-21.8385,1845.1475,1845.1475,94761
2021-06-28 00:00:00+00:00,34716.02,35357.13,33878.23,34487.11,45.82067,-1590.64637,35781.6345,35781.6345,116221344.01266,1781.24,1785.74,1770.67,1779.03,34.58681,-22.36891,1838.768,1838.768,87814
2021-06-29 00:00:00+00:00,34494.42,36623.79,34240.0,35907.93,49.53049,-1350.99087,35707.031,35707.031,114169544.94886,1778.6,1778.96,1750.69,1761.08,30.85008,-23.96147,1831.8285,1831.8285,81852
2021-06-30 00:00:00+00:00,35900.05,36099.82,34049.36,35037.23,47.38903,-1217.28823,35623.5155,35623.5155,118462465.15557,1762.09,1774.39,1753.33,1769.65,34.48919,-24.25249,1824.878,1824.878,80009
2021-07-01 00:00:00+00:00,35059.71,35071.34,32700.88,33564.21,43.92874,-1216.16909,35434.6705,35434.6705,104678824.96603,1770.03,1782.78,1765.64,1776.52,37.33614,-23.65608,1820.169,1820.169,74755
2021-07-02 00:00:00+00:00,33537.11,33981.51,32700.05,33811.56,44.65948,-1181.70117,35348.1105,35348.1105,70559275.84597,1776.28,1795.04,1774.33,1787.33,41.63427,-22.05688,1814.96,1814.96,79540
2021-07-05 00:00:00+00:00,35255.0,35258.7,33143.0,33704.21,44.76612,-925.64782,34546.2955,34546.2955,75981200.71722,1787.11,1794.34,1784.47,1791.73,43.33787,-20.2016,1809.6075,1809.6075,40542
2021-07-06 00:00:00+00:00,33730.76,35100.49,33510.58,34244.09,46.48558,-872.81993,34340.8005,34340.8005,81723696.01578,1791.27,1814.97,1790.11,1797.05,45.41252,-18.09342,1804.807,1804.807,88151
2021-07-07 00:00:00+00:00,34231.95,35059.02,33800.0,33882.47,45.46464,-850.33108,34130.04,34130.04,52180442.05122,1796.31,1809.72,1793.85,1803.59,47.93623,-15.71381,1800.542,1800.542,83421
2021-07-08 00:00:00+00:00,33858.33,33943.02,32101.0,32898.79,42.71635,-901.49142,33982.9795,33982.9795,96915062.5464,1803.68,1818.33,1793.83,1802.35,47.48794,-13.76929,1795.6775,1795.6775,105013
2021-07-09 00:00:00+00:00,32892.94,34115.44,32285.73,33826.43,46.0296,-857.30113,33898.948,33898.948,55359492.05897,1802.94,1812.33,1796.38,1808.04,49.80752,-11.63498,1792.2715,1792.2715,77370
2021-07-12 00:00:00+00:00,34266.84,34677.0,32660.0,33105.0,44.14173,-770.93786,33954.545,33954.545,62222083.46557,1807.97,1810.82,1791.65,1806.17,49.04083,-9.97939,1789.2645,1789.2645,66869
2021-07-13 00:00:00+00:00,33091.53,33340.0,32190.0,32728.0,42.97457,-805.95357,33908.331,33908.331,61220146.95301,1806.26,1817.14,1798.6,1807.14,49.47528,-8.49116,1786.677,1786.677,78097
2021-07-14 00:00:00+00:00,32737.56,33111.72,31589.35,32823.55,43.38317,-816.58065,33817.0425,33817.0425,90366451.85718,1807.95,1829.73,1804.55,1827.99,57.80295,-5.56517,1787.566,1787.566,80677
2021-07-15 00:00:00+00:00,32818.68,33179.0,31121.57,31848.65,40.21687,-893.37075,33829.5875,33829.5875,78672950.41696,1827.44,1834.07,1820.22,1829.45,58.321,-3.09283,1790.3995,1790.3995,76139
2021-07-16 00:00:00+00:00,31885.7,32264.53,31012.93,31388.17,38.77726,-980.08652,33785.527,33785.527,60028891.64732,1829.87,1832.0,1808.96,1811.51,50.17042,-2.55168,1792.749,1792.749,90910
2021-07-19 00:00:00+00:00,31794.49,31881.71,30400.0,30829.29,37.46451,-1096.97729,33237.581,33237.581,77266754.04411,1811.29,1817.27,1794.98,1812.61,50.62605,-2.01087,1794.217,1794.217,117655
2021-07-20 00:00:00+00:00,30822.08,31068.62,29296.39,29786.58,34.15748,-1220.27607,32975.0485,32975.0485,101668807.81479,1812.65,1824.92,1805.1,1810.24,49.57427,-1.7533,1795.7975,1795.7975,103742
2021-07-21 00:00:00+00:00,29792.99,32875.42,29500.0,32138.45,45.78247,-1115.35784,32903.7605,32903.7605,155619645.51678,1810.4,1813.74,1794.68,1803.42,46.57559,-2.07557,1797.0485,1797.0485,94121
2021-07-22 00:00:00+00:00,32115.82,32609.83,31703.15,32300.88,46.48522,-1007.48893,32828.2265,32828.2265,77278869.62043,1803.83,1808.04,1792.74,1806.42,48.06381,-2.06509,1798.6215,1798.6215,92708
2021-07-23 00:00:00+00:00,32306.98,33684.17,32000.0,33684.17,52.17089,-801.14698,32778.02,32778.02,66572861.97601,1806.98,1810.3,1789.63,1801.93,45.99852,-2.39152,1799.6625,1799.6625,83504
2021-07-26 00:00:00+00:00,35438.93,40581.3,35282.7,37291.24,64.04209,50.65855,32967.2095,32967.2095,329669431.49985,1802.26,1811.46,1796.38,1797.65,44.05522,-2.96145,1800.5935,1800.5935,90431
2021-07-27 00:00:00+00:00,37271.44,39539.5,36386.19,39475.41,69.25722,508.59751,33246.8565,33246.8565,232773353.6119,1797.99,1805.22,1793.6,1798.47,44.53866,-3.3088,1802.463,1802.463,88456
2021-07-28 00:00:00+00:00,39446.94,40927.53,38786.8,40036.32,70.44279,906.33058,33603.733,33603.733,157882347.2723,1800.52,1809.82,1792.36,1807.11,49.49126,-2.85401,1804.336,1804.336,91748
2021-07-29 00:00:00+00:00,40024.8,40662.8,39239.95,40037.51,70.44539,1207.71118,33914.287,33914.287,92328034.92825,1807.34,1832.62,1807.22,1827.79,58.94195,-0.81549,1806.8995,1806.8995,89520
2021-07-30 00:00:00+00:00,40045.21,42335.5,38331.37,42234.89,74.85135,1605.36206,34350.1515,34350.1515,154229814.71163,1828.79,1831.34,1810.2,1814.28,52.08545,-0.28677,1808.247,1808.247,81091
2021-08-02 00:00:00+00:00,39875.2,40459.31,38687.62,39165.55,60.29619,1818.63883,35370.309,35370.309,94309284.18006,1814.6,1819.51,1805.78,1813.11,51.52643,0.03739,1809.316,1809.316,88661
2021-08-03 00:00:00+00:00,39157.52,39792.83,37639.0,38177.07,56.21174,1679.02115,35637.985,35637.985,125207234.3495,1813.49,1814.99,1807.12,1810.12,50.04812,0.05242,1809.9695,1809.9695,71014
2021-08-04 00:00:00+00:00,38173.75,39973.94,37481.0,39741.12,60.74309,1675.26746,36032.6085,36032.6085,162176967.69153,1810.26,1831.65,1806.4,1811.6,50.80056,0.18167,1810.37,1810.37,81473
2021-08-05 00:00:00+00:00,39742.77,41401.96,37300.0,40894.67,63.7247,1745.25625,36507.9335,36507.9335,237369311.61606,1812.03,1814.81,1797.83,1803.73,46.76643,-0.34695,1810.439,1810.439,76504
2021-08-06 00:00:00+00:00,40893.77,43381.0,39879.47,42856.59,68.15476,1936.70825,37074.279,37074.279,125886297.7361,1804.65,1804.72,1758.65,1763.18,32.46229,-3.99192,1808.196,1808.196,90320
2021-08-09 00:00:00+00:00,43836.05,46529.02,42811.26,46292.89,72.60893,2594.77063,39192.8655,39192.8655,229686260.5204,1761.08,1762.27,1683.2,1729.58,25.5019,-9.48251,1804.3665,1804.3665,123735
2021-08-10 00:00:00+00:00,46282.3,46759.0,44643.0,45609.7,69.68137,2718.59126,39866.428,39866.428,109011219.83792,1728.91,1738.27,1717.71,1728.74,25.35553,-13.7432,1800.4465,1800.4465,88755
2021-08-11 00:00:00+00:00,45596.21,46787.6,45353.02,45539.85,69.3734,2779.04855,40528.3765,40528.3765,118682603.82284,1729.71,1754.37,1724.08,1751.5,36.06347,-15.10911,1796.622,1796.622,91167
2021-08-12 00:00:00+00:00,45536.8,46236.7,43800.02,44444.45,64.55481,2707.36297,41066.3905,41066.3905,109489181.86037,1751.32,1758.15,1741.58,1752.86,36.64828,-15.8986,1792.7925,1792.7925,77872
2021-08-13 00:00:00+00:00,44413.35,47929.18,44253.97,47860.58,71.25936,2892.85771,41744.3305,41744.3305,140458455.74064,1753.17,1779.79,1751.69,1779.7,46.95939,-14.19489,1791.202,1791.202,73095
2021-08-16 00:00:00+00:00,47024.96,48075.22,45654.14,45930.51,63.28725,2826.50586,43138.511,43138.511,110699464.39022,1779.08,1789.28,1770.8,1787.24,49.44856,-12.09682,1789.9335,1789.9335,84258
2021-08-17 00:00:00+00:00,45930.48,47183.37,44417.51,44694.35,58.50371,2601.29067,43371.4125,43371.4125,146877847.47921,1787.22,1795.46,1780.53,1785.8,48.97584,-10.43005,1788.7115,1788.7115,84021
2021-08-18 00:00:00+00:00,44631.47,46041.62,44218.73,44721.13,58.57675,2397.33198,43605.5935,43605.5935,100530155.70376,1786.3,1793.75,1777.32,1787.68,49.65256,-8.85535,1787.9245,1787.9245,84606
2021-08-19 00:00:00+00:00,44734.16,47114.99,43935.54,46764.3,63.81089,2373.20318,43832.064,43832.064,129828811.96797,1787.37,1792.44,1774.41,1780.0,46.91519,-8.13334,1786.6035,1786.6035,95481
2021-08-20 00:00:00+00:00,46759.29,49436.1,46645.77,49356.0,69.13798,2533.9991,44225.3575,44225.3575,138964364.53417,1780.14,1788.37,1778.33,1780.94,47.29817,-7.39998,1785.554,1785.554,74472
2021-08-23 00:00:00+00:00,49296.71,50562.11,49010.0,49561.37,68.60049,2673.84641,45753.655,45753.655,119931980.58766,1781.52,1806.42,1776.44,1805.18,56.09458,-4.80742,1785.9305,1785.9305,81054
2021-08-24 00:00:00+00:00,49516.08,49893.5,47593.66,47731.33,60.70403,2520.90947,46153.1655,46153.1655,105858689.60013,1805.41,1809.51,1800.7,1802.83,55.13381,-2.90888,1786.1485,1786.1485,68351
2021-08-25 00:00:00+00:00,47670.8,49273.93,47100.0,49011.75,63.84025,2474.50053,46559.0195,46559.0195,93255663.13031,1802.42,1802.78,1782.57,1790.33,50.20781,-2.38543,1785.3095,1785.3095,71904
2021-08-26 00:00:00+00:00,49022.39,49387.6,46309.33,46856.29,55.7709,2237.99528,46759.0045,46759.0045,97981648.43359,1791.03,1798.12,1780.07,1791.69,50.72366,-1.83964,1783.5045,1783.5045,66655
2021-08-27 00:00:00+00:00,46857.86,49187.0,46363.0,49100.49,61.26121,2206.21943,46983.382,46983.382,95429613.61167,1792.42,1819.09,1784.01,1817.85,59.43034,0.69578,1783.683,1783.683,73792
2021-08-30 00:00:00+00:00,48782.56,48915.29,46855.41,47003.44,53.61199,1825.63656,47432.7075,47432.7075,78800447.00074,1818.18,1823.24,1807.76,1810.13,56.27054,2.05844,1783.534,1783.534,51256
2021-08-31 00:00:00+00:00,46969.05,48270.33,46699.0,47156.09,54.0685,1634.20476,47513.5195,47513.5195,105590393.73719,1810.0,1819.15,1801.71,1814.26,57.57023,3.43206,1783.741,1783.741,69797
2021-09-01 00:00:00+00:00,47118.02,49134.0,46532.42,48853.49,58.91072,1601.00428,47733.9715,47733.9715,107215338.60836,1814.47,1820.03,1808.72,1813.77,57.35244,4.43005,1783.8495,1783.8495,66557
2021-09-02 00:00:00+00:00,48830.93,50390.0,48625.0,49274.79,60.03684,1590.35543,47804.682,47804.682,111751871.81424,1813.97,1817.15,1804.86,1809.55,55.4083,4.82484,1784.1405,1784.1405,48158
2021-09-03 00:00:00+00:00,49284.93,51050.0,48351.6,50025.04,62.03242,1623.73761,47949.9475,47949.9475,111394906.07203,1809.49,1833.95,1808.94,1827.59,61.42776,6.51824,1787.361,1787.361,64900
2021-09-06 00:00:00+00:00,51809.28,52810.0,51024.32,52708.2,68.51785,1910.58626,48790.3215,48790.3215,108438088.49571,1828.29,1830.24,1821.42,1823.14,59.30122,7.41572,1792.039,1792.039,30435
2021-09-07 00:00:00+00:00,52719.43,52956.47,42900.01,46866.82,48.01468,1543.88656,48897.606,48897.606,319253131.04603,1823.53,1827.22,1792.04,1793.92,47.63906,5.70342,1795.298,1795.298,65120
2021-09-08 00:00:00+00:00,46894.3,47386.72,44436.93,46091.94,46.04627,1177.17828,48863.988,48863.988,152522762.32759,1795.12,1802.11,1782.43,1789.29,46.09228,3.92753,1797.1875,1797.1875,69657
2021-09-09 00:00:00+00:00,46070.43,47419.95,45550.0,46392.81,46.95558,900.45712,48715.8285,48715.8285,120435130.23942,1789.54,1800.9,1783.86,1794.36,48.08025,2.89585,1799.2625,1799.2625,69299
2021-09-10 00:00:00+00:00,46368.11,47029.08,44125.0,44857.38,42.97505,550.90672,48514.4805,48514.4805,107324471.28649,1793.87,1803.77,1787.24,1787.81,45.73379,1.53205,1799.668,1799.668,64121
2021-09-13 00:00:00+00:00,46039.42,46895.82,43400.0,44974.34,43.91089,-29.98125,47994.0525,47994.0525,103819759.21014,1787.35,1798.43,1783.64,1793.37,48.05139,0.88962,1799.9745,1799.9745,53287
2021-09-14 00:00:00+00:00,44983.77,47273.38,44704.18,47103.18,50.70473,-10.0733,47898.624,47898.624,77435584.77482,1793.38,1808.58,1779.6,1804.69,52.4994,1.27917,1800.919,1800.919,68253
2021-09-15 00:00:00+00:00,47123.81,48465.77,46702.26,48150.94,53.6786,89.22089,47963.3565,47963.3565,62945254.24218,1803.86,1806.94,1790.75,1793.73,48.19655,0.69549,1801.2215,1801.2215,71910
2021-09-16 00:00:00+00:00,48188.12,48505.0,47035.0,47760.64,52.41021,134.86367,47896.364,47896.364,90078560.27539,1794.12,1796.2,1745.24,1752.72,36.23072,-3.04118,1799.8575,1799.8575,92224
2021-09-17 00:00:00+00:00,47773.44,48179.0,46712.14,47305.18,50.89875,132.75379,47814.855,47814.855,73726219.36208,1753.57,1767.47,1747.38,1753.92,36.72575,-5.83839,1798.5065,1798.5065,93996
2021-09-20 00:00:00+00:00,47257.86,47334.54,42453.97,43035.99,39.04605,-175.50538,47596.8415,47596.8415,182493488.11649,1754.22,1767.05,1742.07,1764.82,41.19144,-7.09389,1796.4885,1796.4885,96288
2021-09-21 00:00:00+00:00,43003.07,43643.34,39573.21,40596.54,34.24514,-649.5875,47183.994,47183.994,242019841.75507,1764.46,1781.69,1757.97,1773.89,44.68956,-7.27316,1795.0415,1795.0415,77017
2021-09-22 00:00:00+00:00,40702.07,44031.85,40580.18,43589.53,43.4347,-774.85963,46899.731,46899.731,132553369.43715,1774.86,1787.21,1764.72,1767.99,42.90184,-7.80139,1793.9245,1793.9245,95213
2021-09-23 00:00:00+00:00,43586.0,45013.17,43105.0,44903.5,46.94056,-759.35887,46643.654,46643.654,104075346.83966,1768.62,1776.56,1737.43,1742.48,36.16541,-10.16133,1791.464,1791.464,94004
2021-09-24 00:00:00+00:00,44893.7,45159.9,40693.27,42848.5,42.50364,-902.49237,46288.921,46288.921,186345053.5744,1744.64,1757.71,1740.49,1749.72,39.08866,-11.31693,1788.0575,1788.0575,73477
2021-09-27 00:00:00+00:00,43162.82,44377.7,42130.0,42189.81,41.34423,-1150.53354,45125.5425,45125.5425,81706877.48643,1749.81,1760.82,1744.84,1750.15,39.26655,-12.05905,1785.0585,1785.0585,90252
2021-09-28 00:00:00+00:00,42154.87,42778.93,40888.0,41049.0,38.83061,-1305.57201,44873.3955,44873.3955,92231092.59598,1750.67,1754.49,1728.1,1733.53,35.01057,-13.82887,1781.022,1781.022,109052
2021-09-29 00:00:00+00:00,41024.21,42595.93,40750.0,41542.9,40.51674,-1372.76316,44630.9,44630.9,74975715.49655,1734.2,1745.48,1721.65,1726.46,33.3544,-15.62187,1776.6565,1776.6565,99056
2021-09-30 00:00:00+00:00,41537.56,44117.74,41427.87,43834.43,47.71758,-1226.96166,44579.7525,44579.7525,114605301.74595,1726.64,1764.12,1722.24,1757.16,45.42665,-14.39962,1774.037,1774.037,101418
2021-10-01 00:00:00+00:00,43835.47,48500.0,43291.07,48171.86,58.06547,-752.74143,44729.5125,44729.5125,166042248.19035,1755.82,1764.28,1749.77,1760.15,46.44417,-13.03939,1770.665,1770.665,93635
2021-10-04 00:00:00+00:00,48231.04,49530.53,46900.0,49242.14,60.08172,233.55052,45082.08,45082.08,134814172.30265,1760.79,1770.5,1747.79,1769.35,49.56042,-11.09119,1767.9755,1767.9755,94390
2021-10-05 00:00:00+00:00,49283.89,51914.68,49075.0,51501.19,64.51309,668.81411,45249.5925,45249.5925,113642342.66581,1768.61,1769.33,1748.66,1759.87,46.5544,-10.19467,1766.273,1766.273,84128
2021-10-06 00:00:00+00:00,51521.89,55800.0,50428.64,55345.79,70.51257,1308.90252,45628.85,45628.85,245840615.00374,1760.02,1765.03,1745.95,1762.87,47.63678,-9.13677,1764.952,1764.952,94004
2021-10-07 00:00:00+00:00,55360.1,55360.32,53289.57,53787.6,65.66698,1671.17997,45952.971,45952.971,126384789.04665,1762.95,1766.91,1751.97,1754.91,45.03089,-8.83879,1762.9795,1762.9795,76394
2021-10-08 00:00:00+00:00,53816.16,56168.0,53623.02,53957.21,65.94134,1949.50093,46234.4945,46234.4945,119663879.64759,1755.94,1781.27,1753.45,1757.1,45.90762,-8.3299,1761.444,1761.444,95076
2021-10-11 00:00:00+00:00,54657.0,57855.79,54462.45,57485.2,71.12443,2725.13927,48049.459,48049.459,112428726.56512,1756.97,1760.97,1750.18,1754.11,44.85572,-8.0748,1759.481,1759.481,75370
2021-10-12 00:00:00+00:00,57490.0,57701.0,53909.0,55995.49,66.05099,2831.87989,48669.757,48669.757,180576479.3443,1753.79,1769.31,1750.8,1760.19,47.49051,-7.29789,1757.256,1757.256,85568
2021-10-13 00:00:00+00:00,56004.61,57773.89,54231.0,57374.55,68.30493,2993.24693,49293.3095,49293.3095,192761093.78407,1760.7,1796.15,1757.91,1792.75,58.83407,-4.00866,1757.207,1757.207,102178
2021-10-14 00:00:00+00:00,57395.84,58550.0,56830.56,57371.58,68.29441,3085.3261,50019.4635,50019.4635,107827246.22356,1793.03,1800.57,1786.75,1795.92,59.74584,-1.13306,1759.367,1759.367,79665
2021-10-15 00:00:00+00:00,57370.48,62944.94,56877.0,61657.35,74.41562,3464.19227,50966.2215,50966.2215,259295242.14356,1796.02,1796.47,1764.93,1767.42,49.19603,-1.1407,1760.042,1760.042,91079
2021-10-18 00:00:00+00:00,61519.52,62679.0,59013.0,62034.65,73.2947,3947.38112,53866.2385,53866.2385,356981609.40051,1767.18,1772.04,1760.31,1764.53,48.26533,-1.36422,1760.0275,1760.0275,100833
2021-10-19 00:00:00+00:00,62014.99,64499.0,61350.0,64241.61,76.18692,4176.02047,55001.174,55001.174,209025482.77521,1764.93,1785.11,1763.0,1768.99,49.84236,-1.16801,1759.7825,1759.7825,95022
2021-10-20 00:00:00+00:00,64282.2,67016.5,63529.0,65990.31,78.20142,4447.06132,56108.968,56108.968,202635408.87243,1769.43,1788.44,1766.9,1782.06,54.24414,0.04164,1760.486,1760.486,94540
2021-10-21 00:00:00+00:00,66027.81,66664.1,61850.0,62219.44,65.36095,4307.92636,56811.347,56811.347,242128726.05546,1782.65,1789.44,1776.53,1783.32,54.65726,1.08941,1762.528,1762.528,98030
2021-10-22 00:00:00+00:00,62207.51,63757.28,59953.74,60702.68,61.02081,4028.8292,57462.191,57462.191,191785582.0884,1783.37,1813.79,1782.89,1792.67,57.70873,2.64377,1764.6755,1764.6755,109808
2021-10-25 00:00:00+00:00,60883.96,63733.93,60670.0,63101.43,64.87156,3511.80092,59280.7455,59280.7455,109174700.34815,1792.93,1809.99,1792.25,1807.43,62.0505,5.00888,1767.5395,1767.5395,95376
2021-10-26 00:00:00+00:00,63101.43,63299.3,59830.0,60328.22,56.93549,3205.12258,59529.867,59529.867,118577844.7628,1807.45,1808.39,1782.45,1793.0,55.99777,5.6537,1770.513,1770.513,89761
2021-10-27 00:00:00+00:00,60331.4,61489.0,58100.01,58465.9,52.3077,2779.76078,59763.782,59763.782,203446019.55336,1793.08,1799.05,1783.54,1796.89,57.20954,6.40478,1774.0345,1774.0345,98026
2021-10-28 00:00:00+00:00,58471.06,62524.0,56425.0,60592.76,56.64209,2584.48596,60095.5595,60095.5595,228419863.87537,1796.75,1810.38,1792.25,1798.81,57.82687,7.0734,1776.117,1776.117,111028
2021-10-29 00:00:00+00:00,60608.95,62971.54,60154.53,62301.59,59.80304,2538.35697,60461.793,60461.793,242019395.71651,1799.49,1801.2,1771.98,1782.98,51.26059,6.25386,1777.2585,1777.2585,118861
2021-11-01 00:00:00+00:00,61356.57,62500.0,59500.0,60922.85,55.96522,2119.57933,61262.7405,61262.7405,152757830.4818,1783.36,1795.79,1779.12,1793.2,54.82694,6.35576,1778.451,1778.451,88126
2021-11-02 00:00:00+00:00,60949.78,64300.0,60669.91,63260.0,60.87563,2143.46866,61557.013,61557.013,211068686.47632,1792.82,1796.4,1786.41,1787.84,52.65099,5.93559,1779.8495,1779.8495,80400
2021-11-03 00:00:00+00:00,63260.0,63567.21,60018.46,62930.72,59.86279,2111.49103,61834.97,61834.97,135204818.33215,1787.63,1788.2,1758.07,1769.89,46.05851,4.10685,1780.2005,1780.2005,95424
2021-11-04 00:00:00+00:00,62945.38,63136.82,60725.0,61457.25,55.41933,1944.83298,61824.965,61824.965,92649429.96946,1771.35,1798.9,1770.86,1791.71,53.65511,4.3679,1782.0405,1782.0405,89121
2021-11-05 00:00:00+00:00,61430.02,62666.52,60769.17,61031.91,54.16937,1758.16685,61833.0475,61833.0475,95783963.05978,1791.11,1818.27,1785.1,1817.84,60.77854,6.60709,1785.0775,1785.0775,98757
2021-11-08 00:00:00+00:00,63300.0,67803.55,63300.0,67559.0,67.70935,1994.91254,62062.358,62062.358,183451320.80568,1815.69,1826.44,1812.46,1824.14,62.28377,8.78872,1788.579,1788.579,86785
2021-11-09 00:00:00+00:00,67547.49,68564.4,66250.0,66945.72,65.68501,2188.91461,62110.1285,62110.1285,143053521.50579,1824.28,1832.7,1819.23,1831.68,64.06145,10.99929,1792.1535,1792.1535,87840
2021-11-10 00:00:00+00:00,66928.42,69000.0,62856.71,64921.43,59.37489,2154.48382,62245.228,62245.228,221974074.90033,1831.6,1868.55,1822.32,1848.97,67.80839,13.98514,1794.9645,1794.9645,104451
2021-11-11 00:00:00+00:00,64919.18,65625.44,64140.0,64821.33,59.07269,2094.97042,62451.1605,62451.1605,102630561.66855,1848.98,1866.0,1842.88,1861.77,70.27887,17.18618,1798.257,1798.257,73362
2021-11-12 00:00:00+00:00,64783.13,65497.53,62294.84,64158.41,57.00343,1971.5863,62592.143,62592.143,161634751.0306,1861.75,1868.61,1845.2,1864.35,70.76586,19.70408,1803.1035,1803.1035,86565
2021-11-15 00:00:00+00:00,65509.87,66387.4,63348.91,63606.09,53.98038,1679.78541,63051.8265,63051.8265,127264567.4005,1866.79,1870.3,1856.38,1862.71,69.98091,21.32141,1808.0125,1808.0125,78903
2021-11-16 00:00:00+00:00,63621.61,63628.0,58563.0,60142.31,44.83772,1241.75238,63135.647,63135.647,278625688.99555,1863.07,1877.23,1849.67,1849.98,64.04262,21.33008,1812.062,1812.062,96336
2021-11-17 00:00:00+00:00,60115.12,60888.5,58400.0,60373.65,45.50162,902.86756,63124.6915,63124.6915,224397419.81201,1850.24,1868.03,1849.53,1867.39,68.03729,22.48263,1816.3285,1816.3285,83204
2021-11-18 00:00:00+00:00,60376.94,60978.39,56516.44,56917.66,38.12041,351.3789,62855.495,62855.495,350653183.33721,1866.24,1870.94,1855.03,1858.81,64.24909,22.44496,1820.103,1820.103,82994
2021-11-19 00:00:00+00:00,56924.94,58402.05,55640.0,58128.55,41.68955,11.8918,62665.3075,62665.3075,190488761.51187,1859.19,1865.72,1843.0,1845.7,58.8567,21.11386,1822.7545,1822.7545,99128
2021-11-22 00:00:00+00:00,58679.27,59516.78,55628.57,56294.11,38.95376,-651.63456,62125.249,62125.249,165682762.65131,1842.19,1849.15,1802.28,1804.77,45.90335,16.56528,1822.6215,1822.6215,111380
2021-11-23 00:00:00+00:00,56283.8,57897.54,55128.6,57579.99,42.62859,-805.41885,61857.7125,61857.7125,157313415.49828,1808.0,1812.45,1782.0,1789.28,42.12485,11.57714,1822.4355,1822.4355,107732
2021-11-24 00:00:00+00:00,57583.91,57750.2,55894.62,57185.06,41.7964,-948.23094,61644.103,61644.103,103473754.37799,1789.1,1796.34,1778.54,1788.64,41.97113,7.48606,1822.023,1822.023,100596
2021-11-25 00:00:00+00:00,57169.19,59445.45,57044.42,58990.14,46.89893,-905.31972,61542.0145,61542.0145,80354882.45083,1787.93,1795.04,1786.01,1788.42,41.91451,4.17794,1821.5035,1821.5035,43784
2021-11-26 00:00:00+00:00,59004.88,59207.36,53524.03,53789.35,36.86979,-1276.26062,61154.36,61154.36,280879409.923,1790.47,1815.55,1780.4,1790.86,42.83563,1.73314,1821.8975,1821.8975,103879
2021-11-29 00:00:00+00:00,57327.32,58931.07,56750.0,57845.12,47.03441,-1298.51071,59762.0405,59762.0405,119724067.65,1788.53,1799.39,1777.64,1784.96,41.13688,-0.67271,1821.4855,1821.4855,83509
2021-11-30 00:00:00+00:00,57843.33,59250.0,55918.8,56974.12,45.20735,-1268.08788,59364.675,59364.675,202982701.62675,1785.12,1808.74,1769.82,1774.43,38.22339,-3.38997,1820.815,1820.815,117288
2021-12-01 00:00:00+00:00,57027.28,59099.64,56469.22,57251.59,45.92795,-1207.66683,58986.188,58986.188,144018705.90455,1775.91,1794.41,1772.17,1781.88,41.38635,-4.88594,1821.4145,1821.4145,111262
2021-12-02 00:00:00+00:00,57232.71,57413.52,55839.85,56547.96,44.3356,-1202.69584,58605.6655,58605.6655,155967456.05163,1781.48,1783.38,1761.97,1768.4,37.63192,-7.07765,1820.249,1820.249,114608
2021-12-03 00:00:00+00:00,56534.26,57652.0,51556.01,53743.69,38.59277,-1408.79771,58071.974,58071.974,159337582.27316,1769.67,1786.12,1766.15,1783.88,43.92316,-7.47927,1818.551,1818.551,113243
2021-12-06 00:00:00+00:00,49484.0,50986.0,47111.0,50555.0,35.4862,-2435.32749,56071.72,56071.72,235187809.14001,1782.0,1787.71,1775.74,1778.37,42.28802,-8.14823,1816.2625,1816.2625,94257
2021-12-07 00:00:00+00:00,50550.09,51991.0,50062.13,50627.32,35.70849,-2531.65132,55584.4035,55584.4035,87044443.25951,1778.93,1787.68,1772.35,1784.16,44.62104,-8.11762,1813.8865,1813.8865,82219
2021-12-08 00:00:00+00:00,50635.87,51249.41,48656.2,50543.3,35.55521,-2584.97044,55265.6855,55265.6855,80790215.78248,1784.6,1793.15,1779.64,1782.49,44.0677,-8.13434,1810.5625,1810.5625,86165
2021-12-09 00:00:00+00:00,50535.15,50839.01,47332.43,47593.12,30.58989,-2832.62832,54738.914,54738.914,123048809.11235,1783.08,1787.64,1773.27,1775.13,41.61815,-8.64187,1806.2305,1806.2305,83436
2021-12-10 00:00:00+00:00,47573.43,50132.88,46886.0,47142.42,29.90286,-3030.33488,54107.608,54107.608,127528293.50108,1775.99,1789.41,1770.1,1782.82,45.05475,-8.32757,1802.154,1802.154,82249
2021-12-13 00:00:00+00:00,50102.31,50226.2,45750.0,46725.02,33.61332,-2962.58858,52792.4765,52792.4765,155942321.22961,1782.77,1791.57,1781.83,1786.99,46.88073,-7.65378,1798.368,1798.368,75375
2021-12-14 00:00:00+00:00,46736.7,48689.3,46310.4,48389.96,38.59824,-2898.21361,52352.7215,52352.7215,97582700.46393,1785.95,1789.53,1766.43,1770.58,41.09319,-8.34771,1794.398,1794.398,82804
2021-12-15 00:00:00+00:00,48386.95,49514.85,46560.0,48876.84,40.0167,-2775.90988,51847.0565,51847.0565,126754841.46104,1771.44,1780.85,1752.34,1777.09,44.0444,-8.27695,1789.883,1789.883,97659
2021-12-16 00:00:00+00:00,48876.84,49449.0,47506.21,47663.42,37.68042,-2745.25061,51540.76,51540.76,69410201.31658,1778.34,1799.55,1775.54,1799.02,52.65027,-6.37778,1786.8935,1786.8935,99122
2021-12-17 00:00:00+00:00,47654.99,48018.52,45478.74,46210.92,35.04303,-2805.81384,51112.573,51112.573,95993031.30199,1798.39,1814.28,1795.94,1797.98,52.23994,-4.90011,1784.5075,1784.5075,90843
2021-12-20 00:00:00+00:00,46671.66,47547.5,45572.94,46915.0,37.63149,-2635.77536,49529.7605,49529.7605,80976042.17037,1800.31,1804.21,1788.29,1790.3,49.19112,-4.2992,1783.784,1783.784,97492
2021-12-21 00:00:00+00:00,46926.72,49353.49,46667.08,48929.86,44.4877,-2378.58982,49113.674,49113.674,81916633.09395,1790.8,1800.52,1785.0,1788.63,48.5279,-3.91263,1783.7515,1783.7515,82073
2021-12-22 00:00:00+00:00,48907.75,49600.0,48449.87,48618.99,43.68967,-2174.7835,48717.2255,48717.2255,63504459.14475,1788.87,1804.92,1785.86,1803.54,54.43472,-2.37576,1784.4965,1784.4965,72738
2021-12-23 00:00:00+00:00,48618.99,51386.66,48051.1,50850.0,50.54591,-1812.35001,48572.541,48572.541,87225955.65464,1803.13,1810.63,1798.9,1807.76,55.97466,-0.80796,1785.4635,1785.4635,66632
2021-12-27 00:00:00+00:00,50885.32,52098.6,50479.44,50718.11,50.16915,-890.60723,48718.1665,48718.1665,55941235.30877,1805.97,1813.47,1802.92,1811.82,57.46411,0.75346,1786.5115,1786.5115,66267
2021-12-28 00:00:00+00:00,50708.05,50719.59,47300.0,47543.3,40.52725,-995.21106,48568.1665,48568.1665,105321181.22403,1811.55,1820.18,1805.05,1806.13,54.67246,1.51431,1787.57,1787.57,65449
2021-12-29 00:00:00+00:00,47597.7,48157.41,46099.94,46483.36,37.90784,-1150.37781,48512.6785,48512.6785,97118063.27273,1806.56,1807.71,1789.47,1803.9,53.57397,1.91526,1789.0435,1789.0435,74622
2021-12-30 00:00:00+00:00,46474.59,47916.32,45934.37,47150.71,40.51473,-1205.60159,48513.093,48513.093,101952586.60088,1803.71,1817.21,1796.12,1815.08,58.11738,3.09943,1790.7035,1790.7035,71293
2021-12-31 00:00:00+00:00,47110.3,48589.47,45655.31,46214.37,38.09787,-1309.82282,48353.7845,48353.7845,83118975.50849,1814.64,1828.08,1814.2,1827.95,62.64891,5.01854,1793.681,1793.681,58510
2022-01-03 00:00:00+00:00,47290.55,47586.58,45692.13,46439.89,40.30737,-1264.85475,48170.193,48170.193,52949791.44188,1830.63,1831.82,1798.32,1801.2,50.43458,4.33102,1794.547,1794.547,87227
2022-01-04 00:00:00+00:00,46464.01,47526.0,45539.05,45820.0,38.61392,-1330.12412,48017.351,48017.351,83970320.18859,1802.46,1816.74,1798.51,1814.36,55.07504,4.79281,1796.3465,1796.3465,95966
2022-01-05 00:00:00+00:00,45828.77,46855.06,42413.59,43435.8,32.89035,-1556.29557,47805.97,47805.97,147575118.88624,1813.84,1829.6,1808.32,1810.53,53.50502,4.79446,1797.665,1797.665,91086
2022-01-06 00:00:00+00:00,43417.31,43782.86,42414.0,43097.6,32.16209,-1742.73878,47650.304,47650.304,105593994.05843,1810.06,1811.58,1786.5,1789.72,45.85604,3.08107,1798.0265,1798.0265,114463
2022-01-07 00:00:00+00:00,43093.4,43135.35,40600.0,41535.66,28.97157,-1993.55145,47382.9935,47382.9935,123950960.0071,1791.18,1798.63,1782.64,1796.3,48.3694,2.22845,1799.085,1799.085,93200
2022-01-10 00:00:00+00:00,41853.98,42256.55,39558.7,41845.42,30.5805,-2287.25869,46526.117,46526.117,146208474.38146,1794.95,1802.32,1790.36,1801.69,50.40049,1.96502,1800.0285,1800.0285,98141
2022-01-11 00:00:00+00:00,41842.22,43144.74,41284.11,42736.0,35.36986,-2225.52272,46231.9675,46231.9675,104389267.78902,1800.41,1823.25,1799.97,1821.43,57.06246,3.31094,1801.7505,1801.7505,95816
2022-01-12 00:00:00+00:00,42754.44,44337.26,42471.17,43933.5,41.24022,-2056.26493,45886.1425,45886.1425,109955098.76736,1820.14,1828.01,1814.71,1826.14,58.49493,4.70343,1804.5285,1804.5285,89178
2022-01-13 00:00:00+00:00,43935.01,44456.34,42321.0,42571.94,37.11263,-2008.83681,45472.6655,45472.6655,84883477.77651,1825.78,1828.14,1812.35,1822.71,57.00349,5.46719,1806.8095,1806.8095,88822
2022-01-14 00:00:00+00:00,42579.44,43468.95,41782.21,43102.35,39.64679,-1906.47339,45105.672,45105.672,59775750.94144,1821.49,1829.18,1814.7,1817.54,54.73801,5.59085,1807.7355,1807.7355,100708
2022-01-17 00:00:00+00:00,43099.08,43209.47,41581.0,42255.07,36.70767,-1673.3053,44076.28,44076.28,44790770.88933,1817.35,1823.17,1813.2,1819.11,55.31875,5.74927,1808.792,1808.792,50418
2022-01-18 00:00:00+00:00,42230.09,42685.25,41290.06,42377.4,37.43093,-1620.64756,43870.982,43870.982,69451085.96688,1818.27,1822.78,1805.79,1813.7,52.80456,5.3763,1809.962,1809.962,116659
2022-01-19 00:00:00+00:00,42378.23,42589.9,41145.23,41683.21,34.98758,-1616.29956,43597.607,43597.607,69390208.61613,1814.08,1843.32,1810.25,1840.63,62.05056,7.17108,1812.562,1812.562,118270
2022-01-20 00:00:00+00:00,41733.21,43518.69,40554.14,40736.05,31.92547,-1670.03056,43323.691,43323.691,98791137.85435,1840.2,1847.92,1835.95,1839.53,61.52039,8.40777,1814.3615,1814.3615,115018
2022-01-21 00:00:00+00:00,40654.72,41115.58,35423.0,36495.46,22.45137,-2031.37649,42759.593,42759.593,226310029.93428,1839.26,1843.24,1828.39,1834.63,59.09808,8.89,1815.705,1815.705,118667
2022-01-24 00:00:00+00:00,36262.21,38050.0,32950.72,36724.99,28.99063,-2639.4917,41184.5735,41184.5735,232658477.59137,1832.9,1844.38,1829.72,1843.16,61.90974,9.84695,1817.272,1817.272,137348
2022-01-25 00:00:00+00:00,36721.59,37552.3,35722.43,36975.91,30.31667,-2642.67665,40861.579,40861.579,103299269.90897,1842.85,1853.9,1834.94,1847.69,63.35059,10.84586,1819.35,1819.35,115864
2022-01-26 00:00:00+00:00,37006.76,38946.0,36279.21,36829.32,29.96462,-2626.7498,40548.165,40548.165,134911528.72272,1847.49,1850.06,1815.03,1818.84,50.30059,9.20345,1820.097,1820.097,119417
2022-01-27 00:00:00+00:00,36824.02,37251.0,35511.32,37208.36,32.15836,-2554.10022,40331.8,40331.8,115488163.9692,1819.89,1822.12,1791.84,1796.7,42.98292,6.04562,1819.178,1819.178,134786
2022-01-28 00:00:00+00:00,37179.62,38022.11,36173.98,37748.36,35.26916,-2424.99755,40134.6795,40134.6795,91375722.66878,1797.3,1799.42,1780.3,1791.58,41.48007,3.09422,1817.3595,1817.3595,117835
2022-01-31 00:00:00+00:00,37914.1,38776.33,36631.66,38491.92,40.19516,-1952.91916,39543.1375,39543.1375,77335271.35932,1788.96,1799.89,1785.57,1796.88,43.67544,1.16939,1817.1435,1817.1435,99871
2022-02-01 00:00:00+00:00,38483.56,39285.0,38033.78,38733.04,41.62582,-1775.55031,39283.1145,39283.1145,80329951.28698,1797.51,1808.79,1795.77,1800.9,45.35011,-0.0313,1816.4705,1816.4705,98541
2022-02-02 00:00:00+00:00,38768.08,38883.96,36618.36,36923.5,34.88182,-1760.70268,39000.6925,39000.6925,61762204.11791,1801.02,1810.77,1794.51,1806.86,47.82687,-0.49622,1816.287,1816.287,87102
2022-02-03 00:00:00+00:00,36924.5,37391.74,36264.55,37320.11,37.28031,-1697.36654,38711.5805,38711.5805,60622418.95813,1806.94,1808.93,1788.66,1804.88,47.06376,-1.01277,1817.045,1817.045,106335
2022-02-04 00:00:00+00:00,37330.75,41760.39,37064.28,41579.57,56.01713,-1288.61501,38635.4585,38635.4585,162226804.74287,1804.8,1814.88,1792.14,1807.84,48.38951,-1.1698,1817.622,1817.622,105497
2022-02-07 00:00:00+00:00,42420.24,44524.18,41682.11,43869.04,62.98143,-231.21197,38634.3,38634.3,114123966.93925,1808.53,1823.54,1807.84,1820.48,53.71971,-0.27119,1818.5615,1818.5615,103673
2022-02-08 00:00:00+00:00,43895.6,45501.0,42701.19,44091.56,63.60805,95.89068,38754.7175,38754.7175,114276569.73644,1821.2,1828.75,1815.43,1826.03,55.87461,0.87868,1818.7915,1818.7915,89692
2022-02-09 00:00:00+00:00,44106.95,44865.72,43164.0,44426.84,64.58091,377.82089,38939.257,38939.257,72232867.22692,1825.75,1835.8,1824.73,1832.87,58.44277,2.31521,1819.128,1819.128,83092
2022-02-10 00:00:00+00:00,44426.24,45850.0,43209.07,43524.6,59.93747,522.42718,39290.714,39290.714,117195356.35207,1832.74,1841.92,1821.68,1826.75,55.3393,2.9261,1819.33,1819.33,123300
2022-02-11 00:00:00+00:00,43540.15,43969.72,41983.12,42406.19,54.68826,540.55122,39656.468,39656.468,92037224.25532,1827.28,1865.45,1820.92,1858.98,65.6765,5.94243,1821.402,1821.402,134846
2022-02-14 00:00:00+00:00,42078.53,42871.68,41575.0,42540.3,55.13255,525.1915,40499.6995,40499.6995,54063893.69786,1855.86,1874.16,1850.82,1871.74,68.75948,9.25582,1824.0335,1824.0335,145102
2022-02-15 00:00:00+00:00,42567.27,44785.66,42469.96,44582.48,62.61898,692.23946,40887.3575,40887.3575,79041315.7038,1870.57,1879.51,1844.49,1853.36,60.35056,10.28009,1826.0165,1826.0165,111096
2022-02-16 00:00:00+00:00,44590.75,44590.75,43312.83,43901.48,59.0789,760.90394,41222.0135,41222.0135,54957347.4991,1853.83,1872.57,1850.33,1869.0,64.34622,12.21306,1827.435,1827.435,101098
2022-02-17 00:00:00+00:00,43901.49,44204.78,40088.88,40556.11,45.47744,539.1625,41362.401,41362.401,98855127.19979,1869.85,1901.13,1867.81,1898.25,70.3618,15.92166,1830.371,1830.371,136437
2022-02-18 00:00:00+00:00,40532.66,40996.31,39450.0,39996.99,43.66793,314.68698,41452.618,41452.618,88501936.53209,1898.69,1902.51,1886.58,1897.34,69.96629,18.57321,1833.5065,1833.5065,114121
2022-02-21 00:00:00+00:00,38384.09,39494.11,36810.72,37076.6,35.14055,-445.90441,41472.255,41472.255,129820762.27456,1902.54,1908.26,1887.62,1903.46,71.14118,20.92719,1836.5215,1836.5215,84038
2022-02-22 00:00:00+00:00,37036.98,38463.88,36368.99,38269.94,40.50396,-593.53136,41539.577,41539.577,91417664.94965,1912.0,1913.98,1891.38,1898.5,68.79239,22.13731,1839.062,1839.062,149372
2022-02-23 00:00:00+00:00,38269.94,39303.24,37060.16,37274.18,37.70232,-781.86346,41537.2805,41537.2805,66283752.06854,1898.91,1910.49,1889.62,1908.08,70.79782,23.59736,1843.524,1843.524,101624
2022-02-24 00:00:00+00:00,37253.26,39720.0,34324.05,38376.88,42.44965,-832.5423,41377.146,41377.146,241883754.81894,1909.79,1974.52,1878.0,1903.77,68.66012,24.12853,1848.8775,1848.8775,194530
2022-02-25 00:00:00+00:00,38360.93,39727.97,38027.61,39231.64,45.89166,-794.5743,41267.342,41267.342,86421489.86237,1906.5,1921.42,1882.86,1888.25,61.46328,23.03167,1853.711,1853.711,149053
2022-02-28 00:00:00+00:00,37717.1,44256.08,37468.99,43178.98,58.52166,-460.65463,40750.216,40750.216,136472264.45117,1919.79,1926.69,1890.86,1908.26,66.35929,23.50607,1859.28,1859.28,144843
2022-03-01 00:00:00+00:00,43221.71,44981.22,42847.85,44443.96,61.39345,-54.80836,40751.072,40751.072,125834060.49512,1908.3,1950.17,1901.39,1945.17,73.13851,26.55426,1866.4935,1866.4935,143236
2022-03-02 00:00:00+00:00,44443.98,45332.38,43350.0,43936.72,59.61118,223.32337,40771.678,40771.678,89787184.66076,1942.98,1947.87,1913.42,1927.61,66.29383,27.23903,1872.531,1872.531,134384
2022-03-03 00:00:00+00:00,43936.73,44118.53,41832.34,42476.26,54.68844,322.18392,40775.1815,40775.1815,95717311.26068,1929.27,1941.18,1922.08,1936.62,67.95115,28.18387,1879.118,1879.118,119807
2022-03-04 00:00:00+00:00,42476.25,42540.57,38590.95,39175.56,45.53602,132.66345,40621.904,40621.904,97690426.28291,1936.72,1970.19,1929.56,1969.74,73.17292,31.24499,1887.213,1887.213,142983
2022-03-07 00:00:00+00:00,38404.97,39557.26,37169.52,38016.47,42.69371,-351.62093,39955.4855,39955.4855,74120594.46105,1980.67,2002.61,1961.03,1997.24,76.58437,35.48097,1896.051,1896.051,196672
2022-03-08 00:00:00+00:00,38002.23,39377.0,37885.05,38753.65,45.20398,-424.3946,39698.094,39698.094,72271860.68737,1997.23,2070.3,1981.08,2050.15,81.46742,42.61616,1907.257,1907.257,198331
2022-03-09 00:00:00+00:00,38761.13,42591.68,38667.65,41960.02,54.53305,-220.7958,39768.2895,39768.2895,83093160.09451,2050.01,2059.24,1976.04,1992.39,65.42698,43.11311,1915.233,1915.233,163223
2022-03-10 00:00:00+00:00,41952.13,42053.95,38545.19,39444.45,47.67518,-259.43712,39740.6625,39740.6625,98857054.31239,1991.87,2009.1,1970.26,1996.01,65.8804,43.29993,1923.696,1923.696,130688
2022-03-11 00:00:00+00:00,39433.48,40237.22,38244.76,38729.79,45.90885,-343.76504,39671.701,39671.701,79908207.12979,1997.35,1998.88,1958.56,1985.22,63.219,42.0921,1930.008,1930.008,92301
2022-03-14 00:00:00+00:00,37763.37,39913.42,37567.19,39665.71,49.2733,-458.26952,39799.5925,39799.5925,57109407.34991,1979.73,1983.64,1949.7,1951.44,55.64074,37.97141,1933.993,1933.993,91098
2022-03-15 00:00:00+00:00,39688.55,39896.13,38142.35,39302.7,48.24583,-434.24405,39901.0185,39901.0185,64404706.80662,1953.28,1954.5,1907.05,1917.56,49.26242,31.60756,1937.203,1937.203,99796
2022-03-16 00:00:00+00:00,39302.8,41693.97,38865.67,41142.76,53.53494,-263.68662,40039.3125,40039.3125,246325978.40102,1920.11,1929.49,1895.01,1924.83,50.5718,26.84137,1939.9945,1939.9945,96954
2022-03-17 00:00:00+00:00,41142.76,41497.24,40449.06,40963.22,52.96615,-141.3763,40125.8915,40125.8915,67907255.31251,1925.74,1949.74,1923.35,1942.56,53.70932,24.21566,1942.21,1942.21,77105
2022-03-18 00:00:00+00:00,40963.22,42362.0,40068.88,41794.37,55.33212,22.36456,40258.277,40258.277,88818184.55196,1942.17,1945.36,1917.97,1920.74,49.54148,20.14188,1943.38,1943.38,76973
2022-03-21 00:00:00+00:00,41293.19,41588.7,40516.86,41043.14,52.27332,250.03081,40217.5255,40217.5255,73036188.24559,1925.11,1941.02,1917.69,1934.91,52.13891,17.85101,1944.9525,1944.9525,86440
2022-03-22 00:00:00+00:00,41018.36,43337.41,40901.13,42393.41,56.56144,368.94524,40140.36,40140.36,100702351.25993,1936.13,1938.35,1910.67,1921.53,49.54542,14.78539,1946.104,1946.104,88165
2022-03-23 00:00:00+00:00,42393.62,43021.73,41779.11,42925.41,58.15661,500.34605,40162.8175,40162.8175,81846889.98802,1921.25,1948.28,1915.51,1944.86,53.8555,14.07614,1947.943,1947.943,81081
2022-03-24 00:00:00+00:00,42912.21,44240.0,42636.54,44025.99,61.32109,685.38901,40405.339,40405.339,95681903.07473,1944.37,1966.2,1937.54,1956.95,55.95529,14.32449,1950.602,1950.602,96144
2022-03-25 00:00:00+00:00,44025.99,45137.12,43616.88,44320.6,62.14635,846.05664,40650.5295,40650.5295,76456207.02091,1958.89,1964.37,1943.2,1957.24,56.007,14.37896,1954.0515,1954.0515,89870
2022-03-28 00:00:00+00:00,46854.96,48234.0,46672.25,47152.38,69.43389,1485.87747,41817.7,41817.7,126931276.32689,1955.63,1958.52,1917.02,1921.82,48.51478,11.43224,1954.7295,1954.7295,135357
2022-03-29 00:00:00+00:00,47152.38,48128.87,46941.84,47459.03,70.15379,1671.49987,42092.6505,42092.6505,81455068.55517,1922.35,1929.36,1890.02,1919.31,48.0245,8.79305,1953.4365,1953.4365,127185
2022-03-30 00:00:00+00:00,47459.03,47721.41,46572.15,47068.08,67.9563,1766.69519,42473.832,42473.832,76605334.36757,1920.13,1938.45,1915.81,1933.13,50.9629,7.72755,1953.7125,1953.7125,99799
2022-03-31 00:00:00+00:00,47086.07,47624.18,45234.0,45517.27,59.93608,1697.4338,42813.206,42813.206,62493623.49228,1933.15,1949.76,1919.1,1936.88,51.75985,7.10385,1953.7255,1953.7255,104316
2022-04-01 00:00:00+00:00,45522.53,46739.81,44244.0,46307.81,62.37387,1686.88823,43187.4955,43187.4955,90449318.81731,1937.15,1939.6,1918.06,1924.09,48.84416,5.51394,1951.443,1951.443,100702
2022-04-04 00:00:00+00:00,46414.88,46891.17,45124.79,46598.2,62.50258,1575.01914,44290.5505,44290.5505,69740801.86748,1924.07,1936.82,1915.5,1932.72,50.85578,4.89389,1948.217,1948.217,94793
2022-04-05 00:00:00+00:00,46514.43,47201.0,45342.33,45502.73,56.71421,1452.92361,44508.549,44508.549,51312993.48203,1932.48,1944.58,1917.97,1923.62,48.68191,3.6264,1941.8905,1941.8905,94998
2022-04-06 00:00:00+00:00,45512.95,45548.77,43086.8,43191.59,46.85533,1156.34273,44619.9675,44619.9675,132751809.34381,1923.02,1933.41,1915.15,1925.61,49.19337,2.75077,1938.5515,1938.5515,114998
2022-04-07 00:00:00+00:00,43172.83,43896.45,42741.52,43454.53,47.96363,931.77638,44702.9755,44702.9755,60040141.07088,1924.08,1937.72,1920.47,1931.25,50.69325,2.4833,1935.3135,1935.3135,99287
2022-04-08 00:00:00+00:00,43467.82,43986.09,42120.0,42290.11,43.62483,652.32734,44705.7155,44705.7155,61479021.6256,1931.72,1948.25,1927.67,1946.4,54.5727,3.45399,1933.3725,1933.3725,98379
2022-04-11 00:00:00+00:00,42159.45,42415.57,39218.15,39524.86,35.26917,-109.72827,44693.111,44693.111,90451820.46049,1947.6,1969.78,1940.0,1954.81,56.61344,4.84603,1933.541,1933.541,118784
2022-04-12 00:00:00+00:00,39545.37,40691.01,39273.65,40097.46,38.01584,-353.02148,44551.7135,44551.7135,84682650.7227,1952.27,1978.68,1949.81,1966.38,59.32091,6.80439,1935.982,1935.982,115214
2022-04-13 00:00:00+00:00,40099.51,41557.61,39584.86,41147.74,42.80939,-455.82976,44407.801,44407.801,64333853.18404,1966.8,1981.59,1962.81,1977.76,61.84308,9.16898,1938.6285,1938.6285,100306
2022-04-14 00:00:00+00:00,41159.29,41504.29,39582.53,39961.53,39.12883,-625.80935,44189.8475,44189.8475,46734762.29482,1977.13,1980.35,1960.38,1973.19,60.22812,10.55254,1940.16,1940.16,103562
2022-04-18 00:00:00+00:00,39660.62,41101.0,38547.12,40814.6,44.3776,-848.29166,42962.511,42962.511,98815487.51337,1972.39,1998.43,1971.66,1978.71,61.53474,11.9566,1943.0585,1943.0585,114851
2022-04-19 00:00:00+00:00,40814.6,41754.05,40578.58,41505.77,47.46601,-766.59471,42684.3955,42684.3955,60478506.24357,1977.54,1982.0,1943.81,1949.19,51.74442,10.56553,1943.7725,1943.7725,122910
2022-04-20 00:00:00+00:00,41476.89,42220.04,40893.21,41375.85,46.93843,-704.21499,42477.3245,42477.3245,56252177.43673,1949.81,1958.33,1939.32,1957.63,53.99796,10.02852,1945.5775,1945.5775,123690
2022-04-21 00:00:00+00:00,41378.77,42978.95,39770.0,40470.76,43.32557,-719.51766,42185.472,42185.472,87550963.8699,1956.03,1957.32,1936.84,1951.74,52.16703,9.02365,1945.9215,1945.9215,121210
2022-04-22 00:00:00+00:00,40497.0,40808.66,39197.64,39726.03,40.55923,-782.71596,41880.7595,41880.7595,84894517.02068,1950.28,1955.63,1926.68,1931.91,46.45586,6.55164,1944.6695,1944.6695,129744
2022-04-25 00:00:00+00:00,39464.67,40602.85,38202.91,40441.11,45.24585,-826.7481,40922.1395,40922.1395,89781044.72946,1932.72,1934.26,1891.43,1897.67,38.59821,1.80883,1941.691,1941.691,155235
2022-04-26 00:00:00+00:00,40452.52,40800.0,37701.0,38137.67,36.67677,-955.34773,40669.4435,40669.4435,110970037.25513,1898.55,1911.27,1895.77,1906.14,41.24566,-1.252,1940.907,1940.907,124374
2022-04-27 00:00:00+00:00,38105.68,39494.73,37885.75,39256.05,42.38245,-955.99977,40459.5195,40459.5195,69444317.7931,1906.03,1907.03,1881.42,1885.53,37.05856,-5.27992,1939.218,1939.218,129658
2022-04-28 00:00:00+00:00,39254.4,40387.0,38880.44,39754.2,44.76959,-905.87758,40332.724,40332.724,73227438.52745,1885.48,1896.72,1872.04,1894.22,39.83205,-7.6823,1937.2725,1937.2725,136446
2022-04-29 00:00:00+00:00,39753.28,39923.61,38174.27,38593.42,40.55336,-948.88251,40124.0005,40124.0005,61784173.92235,1895.11,1919.83,1892.48,1896.42,40.54631,-9.30147,1935.2495,1935.2495,130548
2022-05-02 00:00:00+00:00,38484.46,39153.13,38045.79,38521.01,41.89435,-1029.55821,39768.6495,39768.6495,55243011.21659,1899.29,1899.86,1854.6,1863.21,33.9873,-13.11328,1932.2055,1932.2055,119020
2022-05-03 00:00:00+00:00,38506.38,38641.57,37515.83,37729.95,39.00757,-1068.25946,39597.76,39597.76,43688342.051,1863.44,1878.13,1850.38,1868.01,35.60863,-15.56739,1928.97,1928.97,106594
2022-05-04 00:00:00+00:00,37735.35,40050.19,37665.46,39685.23,48.4608,-930.4303,39583.945,39583.945,91167773.02546,1868.01,1889.81,1861.42,1881.75,40.14079,-16.21666,1926.8765,1926.8765,105352
2022-05-05 00:00:00+00:00,39685.23,39840.37,35579.4,36533.93,38.18785,-1063.22706,39382.4825,39382.4825,136517436.96616,1881.9,1909.77,1872.57,1877.2,39.1579,-16.9035,1924.456,1924.456,147761
2022-05-06 00:00:00+00:00,36542.41,36648.2,35268.69,36019.22,36.81511,-1196.21304,39163.66,39163.66,93453066.83546,1876.3,1892.56,1866.06,1882.37,40.92787,-16.83657,1922.012,1922.012,133092
2022-05-09 00:00:00+00:00,34051.2,34224.35,30015.0,30082.0,24.50661,-1994.19416,38041.626,38041.626,229559401.82636,1883.46,1885.59,1851.63,1854.13,34.94739,-18.84502,1917.3985,1917.3985,144752
2022-05-10 00:00:00+00:00,30066.48,32650.0,29731.03,30999.97,28.60481,-2256.96395,37522.832,37522.832,229471149.63269,1853.22,1865.39,1835.49,1838.24,32.1047,-21.47142,1911.57,1911.57,139335
2022-05-11 00:00:00+00:00,31002.27,32148.15,27757.77,29000.0,25.37306,-2596.6591,36949.294,36949.294,324244616.24081,1838.98,1858.15,1831.97,1852.3,36.98874,-22.16285,1905.866,1905.866,134721
2022-05-12 00:00:00+00:00,28999.99,30090.7,25401.05,28896.19,25.21383,-2841.49161,36407.802,36407.802,479064461.04272,1851.39,1858.77,1821.53,1821.94,31.68801,-24.87389,1898.075,1898.075,150296
2022-05-13 00:00:00+00:00,28932.69,30974.6,28686.37,29238.81,26.84561,-2973.59877,35898.663,35898.663,175733248.98516,1822.63,1828.76,1799.06,1811.66,30.11433,-27.53451,1889.9985,1889.9985,115253
2022-05-16 00:00:00+00:00,31275.27,31275.27,29060.0,29832.45,32.92149,-2832.64224,34554.426,34554.426,92862280.0194,1814.33,1826.89,1786.84,1824.79,34.5829,-28.25785,1882.3025,1882.3025,108353
2022-05-17 00:00:00+00:00,29847.53,30753.96,29400.0,30425.36,35.51258,-2739.40683,34112.8915,34112.8915,65229710.11823,1824.95,1836.05,1812.86,1814.52,32.81544,-29.32181,1875.569,1875.569,105815
2022-05-18 00:00:00+00:00,30423.9,30670.0,28615.23,28681.26,31.64078,-2774.27132,33559.2445,33559.2445,66487619.18015,1814.35,1824.71,1807.32,1817.35,33.81918,-29.59548,1868.555,1868.555,99960
2022-05-19 00:00:00+00:00,28681.15,30505.14,28656.46,30290.33,38.32191,-2641.61232,33144.09,33144.09,76233940.59862,1816.31,1849.15,1810.96,1841.17,41.7126,-27.57246,1863.0265,1863.0265,113657
2022-05-20 00:00:00+00:00,30271.22,30725.56,28690.13,29176.7,35.71987,-2596.40994,32720.935,32720.935,68191001.02551,1841.91,1849.44,1832.38,1845.71,43.10544,-25.31109,1858.7165,1858.7165,93151
2022-05-23 00:00:00+00:00,30264.66,30628.0,28839.29,29081.76,37.13372,-2290.35585,31422.3435,31422.3435,62777354.95001,1847.95,1865.39,1843.32,1853.6,45.54103,-22.62151,1856.513,1856.513,92015
2022-05-24 00:00:00+00:00,29081.76,29810.38,28632.4,29632.15,39.47708,-2173.78312,30919.6895,30919.6895,44158900.60803,1853.3,1869.67,1849.4,1866.14,49.25892,-19.25616,1854.513,1854.513,73881
2022-05-25 00:00:00+00:00,29626.53,30189.7,29313.78,29510.15,39.12891,-2067.41095,30568.5005,30568.5005,46133476.2999,1865.24,1868.05,1842.05,1853.79,45.93304,-17.38522,1852.926,1852.926,76622
2022-05-26 00:00:00+00:00,29511.95,29853.34,28003.0,29183.06,38.15724,-1986.60334,30226.6925,30226.6925,82734127.54122,1852.72,1854.37,1840.78,1850.85,45.15148,-15.9558,1850.7575,1850.7575,85738
2022-05-27 00:00:00+00:00,29183.39,29360.34,28253.57,28589.48,36.39116,-1948.0043,29882.9935,29882.9935,60322144.09784,1850.63,1862.0,1847.96,1852.98,45.87009,-14.48414,1848.5855,1848.5855,71835
2022-05-30 00:00:00+00:00,29454.69,32195.68,29276.15,31731.22,50.96716,-1439.66288,29637.169,29637.169,103365995.6186,1852.24,1863.96,1848.22,1855.1,46.61971,-12.99694,1848.18,1848.18,47890
2022-05-31 00:00:00+00:00,31677.13,32375.81,31181.26,31762.76,51.09188,-1186.71541,29775.307,29775.307,51507206.23617,1856.03,1857.09,1835.1,1838.26,41.68178,-13.02701,1846.6925,1846.6925,85742
2022-06-01 00:00:00+00:00,31777.06,31962.79,29309.84,29787.4,43.61053,-1132.59194,29819.8675,29819.8675,78334959.54269,1836.74,1850.02,1828.5,1846.64,44.81427,-12.23363,1844.937,1844.937,87334
2022-06-02 00:00:00+00:00,29791.96,30688.82,29568.13,30437.18,46.39131,-1025.44618,29879.786,29879.786,37324832.07581,1847.13,1870.37,1844.13,1868.36,52.00944,-9.73996,1844.495,1844.495,72105
2022-06-03 00:00:00+00:00,30437.77,30670.07,29232.99,29669.39,43.65204,-991.06228,29861.5575,29861.5575,34153774.32393,1868.8,1874.09,1847.38,1851.16,46.80515,-9.04732,1842.9345,1842.9345,66445
2022-06-06 00:00:00+00:00,29905.46,31737.31,29868.16,31351.21,51.37656,-713.37159,29838.6005,29838.6005,78193186.00677,1850.56,1857.82,1839.84,1842.14,44.30157,-9.12109,1842.335,1842.335,70512
2022-06-07 00:00:00+00:00,31351.1,31536.11,29184.25,31115.82,50.31929,-590.99536,29960.3285,29960.3285,114266779.31519,1840.79,1855.52,1837.03,1852.01,47.6042,-8.2876,1843.0235,1843.0235,70502
2022-06-08 00:00:00+00:00,31108.3,31310.53,29831.85,30185.58,46.26715,-562.58873,29955.091,29955.091,57644569.09666,1852.56,1859.62,1844.61,1852.83,47.8807,-7.47472,1843.05,1843.05,68381
2022-06-09 00:00:00+00:00,30190.31,30672.56,29920.56,30089.03,45.85441,-541.62356,30000.7075,30000.7075,28702806.25772,1852.74,1855.32,1840.03,1847.94,46.31118,-7.14275,1844.35,1844.35,76864
2022-06-10 00:00:00+00:00,30068.53,30333.81,28832.83,29065.66,41.61669,-600.66186,29982.938,29982.938,73982023.91076,1847.73,1876.0,1825.13,1871.57,54.13511,-4.91624,1847.3455,1847.3455,108740
2022-06-13 00:00:00+00:00,26538.63,26845.63,21910.26,22450.43,24.18023,-1386.52827,29405.333,29405.333,283366704.92963,1878.2,1878.78,1819.06,1819.11,40.14738,-7.30065,1847.0615,1847.0615,135543
2022-06-14 00:00:00+00:00,22407.53,23288.88,20816.35,22097.3,23.59226,-1777.6595,29034.6905,29034.6905,189524133.90918,1815.05,1831.55,1805.17,1809.31,38.16357,-9.86734,1846.801,1846.801,120789
2022-06-15 00:00:00+00:00,22077.83,22756.0,20079.72,22555.27,26.10192,-2027.3099,28703.301,28703.301,304079765.53738,1807.31,1841.82,1807.31,1833.77,45.41363,-9.81461,1847.622,1847.622,149301
2022-06-16 00:00:00+00:00,22563.82,22957.01,20200.0,20382.88,22.35158,-2373.09776,28292.971,28292.971,99654433.98944,1833.07,1857.23,1815.32,1856.47,51.13912,-7.85062,1848.387,1848.387,130649
2022-06-17 00:00:00+00:00,20387.66,21325.06,20220.16,20440.7,22.67005,-2612.35791,27864.465,27864.465,73895119.73925,1853.58,1853.62,1833.94,1840.39,47.35037,-7.50515,1848.121,1848.121,106457
2022-06-20 00:00:00+00:00,20557.2,21036.89,19616.1,20555.44,28.77632,-2954.61612,26220.572,26220.572,105096892.19992,1835.91,1846.03,1834.48,1838.41,46.8897,-7.30691,1847.3615,1847.3615,60392
2022-06-21 00:00:00+00:00,20555.44,21708.76,20332.07,20712.29,29.62235,-2916.38527,25766.8165,25766.8165,73387125.62289,1837.77,1843.63,1828.67,1833.41,45.68109,-7.46718,1845.725,1845.725,85754
2022-06-22 00:00:00+00:00,20710.01,20863.44,19743.99,19963.68,27.91784,-2912.91535,25243.1415,25243.1415,84056982.47208,1832.38,1847.93,1823.48,1838.32,47.12246,-7.11597,1844.9515,1844.9515,104788
2022-06-23 00:00:00+00:00,19977.24,21204.14,19869.63,21093.42,34.08224,-2786.87942,24814.343,24814.343,56486048.92005,1837.17,1846.04,1822.58,1823.25,43.32269,-7.96188,1843.5715,1843.5715,100000
2022-06-24 00:00:00+00:00,21102.75,21538.4,20713.77,21215.42,34.73137,-2646.64182,24382.4385,24382.4385,51866868.41017,1823.83,1831.7,1816.92,1827.42,44.65264,-8.20124,1842.2935,1842.2935,94762
2022-06-27 00:00:00+00:00,21029.19,21516.85,20491.28,20699.72,33.72956,-2272.98308,22925.3985,22925.3985,34125310.66541,1835.82,1841.03,1820.81,1822.75,43.42373,-8.66785,1840.676,1840.676,99949
2022-06-28 00:00:00+00:00,20722.27,21178.73,20176.0,20261.34,32.33023,-2208.77392,22429.1865,22429.1865,41509093.6003,1822.65,1829.48,1818.37,1820.62,42.84455,-9.10457,1839.794,1839.794,82505
2022-06-29 00:00:00+00:00,20253.88,20398.99,19827.0,20093.18,31.78549,-2146.71085,21929.394,21929.394,32256055.29031,1819.14,1833.07,1812.16,1818.25,42.17057,-9.53202,1838.3745,1838.3745,84669
2022-06-30 00:00:00+00:00,20098.0,20131.06,18595.6,19924.89,31.21857,-2087.04685,21472.3555,21472.3555,97788342.30114,1817.97,1825.1,1802.75,1807.16,39.07315,-10.64297,1835.3145,1835.3145,94229
2022-07-01 00:00:00+00:00,19960.61,20895.08,18944.69,19239.47,28.95354,-2071.19491,21014.782,21014.782,85117119.1013,1806.65,1809.32,1784.45,1808.53,39.66274,-11.2828,1833.183,1833.183,120444
2022-07-04 00:00:00+00:00,19296.88,20319.88,19032.44,20209.53,37.0354,-1840.61869,20394.7525,20394.7525,40744069.80091,1809.72,1814.26,1803.99,1807.9,39.47357,-11.70577,1831.471,1831.471,59009
2022-07-05 00:00:00+00:00,20209.02,20720.0,19281.82,20168.63,36.84559,-1713.65649,20275.4205,20275.4205,58130559.29562,1807.58,1812.13,1763.95,1765.99,29.42079,-15.247,1827.17,1827.17,109486
2022-07-06 00:00:00+00:00,20164.65,20648.76,19750.16,20547.45,39.91711,-1564.43657,20283.649,20283.649,43013660.57765,1766.78,1772.86,1732.25,1739.11,25.01972,-19.99199,1821.484,1821.484,124508
2022-07-07 00:00:00+00:00,20546.29,21847.25,20237.58,21643.56,47.82431,-1342.25906,20343.792,20343.792,74076633.67241,1739.9,1749.12,1736.5,1740.02,25.42643,-23.40915,1816.088,1816.088,98634
2022-07-08 00:00:00+00:00,21620.85,22401.0,21164.07,21584.14,47.45968,-1157.63203,20475.159,20475.159,72370489.07198,1740.69,1752.45,1732.95,1742.35,26.52538,-25.63377,1809.627,1809.627,92536
2022-07-11 00:00:00+00:00,20851.14,20858.75,19869.0,19949.71,37.86849,-924.08528,20503.8385,20503.8385,27551317.04158,1740.87,1744.51,1731.37,1733.92,25.08505,-27.75707,1805.3675,1805.3675,91186
2022-07-12 00:00:00+00:00,19948.55,20036.24,19237.42,19321.14,34.85508,-964.90078,20471.7115,20471.7115,33580736.88332,1733.46,1744.2,1723.23,1726.33,23.83038,-29.70977,1801.2185,1801.2185,106211
2022-07-13 00:00:00+00:00,19337.91,20367.88,18905.55,20232.35,42.0538,-913.19361,20428.658,20428.658,64680074.14489,1725.79,1745.42,1707.03,1735.59,28.52725,-30.1624,1796.3095,1796.3095,126986
2022-07-14 00:00:00+00:00,20225.24,20880.0,19608.47,20577.23,44.55127,-834.76373,20396.7485,20396.7485,52981405.11622,1735.81,1736.28,1697.61,1710.69,24.20504,-32.15962,1789.0205,1789.0205,141139
2022-07-15 00:00:00+00:00,20569.17,21186.35,20368.7,20835.39,46.4131,-743.20888,20364.178,20364.178,32958047.65772,1710.89,1716.62,1699.09,1707.11,23.65022,-33.64348,1782.3565,1782.3565,110306
2022-07-18 00:00:00+00:00,20786.76,22760.04,20757.29,22435.04,56.71322,-388.37629,20486.3095,20486.3095,96209458.01009,1706.88,1723.95,1706.38,1708.93,24.59648,-34.27747,1775.8825,1775.8825,108306
2022-07-19 00:00:00+00:00,22439.63,23800.0,21578.45,23405.02,61.46809,-161.83534,20651.9015,20651.9015,109590564.92489,1709.72,1718.42,1705.38,1711.3,25.88464,-34.1945,1769.777,1769.777,98672
2022-07-20 00:00:00+00:00,23392.04,24280.3,22893.95,23208.53,60.02959,1.82387,20816.0835,20816.0835,94056851.94256,1711.12,1714.46,1692.46,1696.66,23.24314,-34.90767,1762.694,1762.694,90724
2022-07-21 00:00:00+00:00,23217.0,23430.33,22340.34,23163.34,59.68365,126.42121,21012.277,21012.277,52522273.23134,1696.56,1720.32,1680.84,1720.26,34.79486,-33.186,1757.5445,1757.5445,108279
2022-07-22 00:00:00+00:00,23166.09,23760.87,22512.42,22682.26,55.98479,184.22276,21184.9775,21184.9775,45944819.72871,1718.16,1739.31,1712.9,1726.93,37.65086,-30.92684,1752.52,1752.52,109201
2022-07-25 00:00:00+00:00,22589.47,22673.68,21250.0,21306.56,46.08385,155.15647,21519.8995,21519.8995,45356982.38291,1725.62,1736.28,1714.77,1719.53,35.7785,-29.39471,1747.359,1747.359,106357
2022-07-26 00:00:00+00:00,21314.26,21344.09,20700.13,21259.78,45.78837,84.27785,21555.516,21555.516,41787755.51353,1718.69,1728.22,1713.66,1717.24,35.19521,-28.04203,1742.19,1742.19,93485
2022-07-27 00:00:00+00:00,21266.14,23112.9,21047.7,22969.04,56.71046,164.13696,21621.79,21621.79,68360200.26223,1717.17,1740.32,1711.52,1734.77,42.87301,-25.26426,1738.016,1738.016,100731
2022-07-28 00:00:00+00:00,22972.22,24198.95,22600.0,23853.11,61.07832,295.35823,21735.2385,21735.2385,82622168.25154,1734.33,1757.11,1734.06,1756.4,50.64326,-21.07456,1735.478,1735.478,123916
2022-07-29 00:00:00+00:00,23856.91,24445.0,23438.5,23785.31,60.57355,389.39247,21845.0865,21845.0865,60331240.6327,1755.3,1767.93,1751.98,1766.02,53.66206,-16.78446,1733.3525,1733.3525,120890
2022-08-01 00:00:00+00:00,23287.38,23511.5,22861.0,23282.92,56.60914,465.12249,22351.2415,22351.2415,30504625.32254,1765.17,1775.23,1758.37,1772.06,55.50229,-12.75017,1731.5605,1731.5605,111349
2022-08-02 00:00:00+00:00,23291.67,23468.33,22665.98,23001.52,54.26923,439.77177,22489.7,22489.7,33156838.7194,1771.8,1788.06,1760.5,1761.41,51.61032,-10.29368,1731.3315,1731.3315,123472
2022-08-03 00:00:00+00:00,22997.07,23642.14,22686.12,22835.88,52.88356,401.685,22602.6325,22602.6325,29830396.39097,1761.99,1772.8,1754.34,1765.94,53.11628,-7.8904,1732.673,1732.673,93782
2022-08-04 00:00:00+00:00,22830.37,23228.77,22400.0,22615.24,51.015,349.66642,22691.625,22691.625,34781476.88351,1765.43,1794.95,1763.14,1791.15,60.48629,-3.90651,1735.2295,1735.2295,85450
2022-08-05 00:00:00+00:00,22630.14,23478.0,22587.94,23326.4,56.36649,361.65703,22798.1705,22798.1705,48294043.12494,1790.7,1794.89,1764.98,1775.31,54.67102,-2.00431,1736.8775,1736.8775,115098
2022-08-08 00:00:00+00:00,23177.72,24246.06,23169.64,23821.68,59.35324,376.37284,22964.3705,22964.3705,43951974.32859,1772.85,1790.01,1771.19,1789.51,58.521,0.64163,1739.657,1739.657,90560
2022-08-09 00:00:00+00:00,23811.29,23927.44,22880.22,23164.78,53.42839,353.63689,22962.183,22962.183,27939311.97536,1788.53,1800.45,1783.23,1794.15,59.72475,3.07749,1743.048,1743.048,85393
2022-08-10 00:00:00+00:00,23151.68,24228.0,22668.57,23964.0,58.81509,395.54921,23002.216,23002.216,53952272.60012,1793.64,1807.87,1787.62,1792.09,58.9074,4.78652,1745.873,1745.873,107089
2022-08-11 00:00:00+00:00,23961.0,24921.0,23867.0,23959.0,58.76929,423.47996,23066.053,23066.053,47060371.31486,1792.72,1799.31,1783.59,1789.63,57.88856,5.87472,1749.82,1749.82,103449
2022-08-12 00:00:00+00:00,23957.0,24459.0,23615.0,24407.0,61.65068,476.27493,23162.9685,23162.9685,30723353.82698,1789.29,1802.11,1784.88,1801.8,61.44154,7.63118,1754.5545,1754.5545,99741
2022-08-15 00:00:00+00:00,24324.0,25212.0,23782.0,24110.0,58.18284,519.15747,23549.161,23549.161,42553198.8294,1801.03,1801.76,1772.98,1778.77,52.42715,7.0832,1758.0465,1758.0465,104004
2022-08-16 00:00:00+00:00,24103.0,24250.0,23673.0,23867.0,55.54534,484.88656,23594.059,23594.059,18181556.06942,1779.4,1783.09,1771.47,1775.88,51.40787,6.34262,1761.2755,1761.2755,89508
2022-08-17 00:00:00+00:00,23866.0,24448.0,23176.0,23340.0,50.22758,410.47047,23568.4035,23568.4035,42350810.49428,1775.86,1782.34,1759.8,1762.26,46.79086,4.60361,1764.5555,1764.5555,114876
2022-08-18 00:00:00+00:00,23348.0,23593.0,23103.0,23201.0,48.89786,336.40123,23539.188,23539.188,20624199.53431,1762.24,1772.4,1755.35,1758.57,45.59606,2.89432,1766.471,1766.471,102543
2022-08-19 00:00:00+00:00,23192.0,23202.0,20785.0,20841.0,32.94871,86.27402,23399.009,23399.009,74161051.53581,1758.95,1759.14,1745.54,1747.01,41.97958,0.59998,1767.475,1767.475,104706
2022-08-22 00:00:00+00:00,21517.0,21530.0,20901.0,21411.0,38.66373,-279.47888,23122.2105,23122.2105,30596098.05903,1745.61,1749.06,1727.77,1735.75,38.75515,-2.10265,1768.286,1768.286,105104
2022-08-23 00:00:00+00:00,21404.0,21672.0,20899.0,21520.0,39.75163,-336.7226,23056.4165,23056.4165,26623585.81361,1735.68,1754.11,1730.82,1748.32,43.9325,-3.1934,1769.84,1769.84,107118
2022-08-24 00:00:00+00:00,21523.0,21892.0,21142.0,21372.0,38.74672,-389.54064,22994.2545,22994.2545,39017917.00594,1747.5,1755.9,1742.46,1752.19,45.46114,-3.70286,1770.711,1770.711,101004
2022-08-25 00:00:00+00:00,21364.0,21813.0,21319.0,21571.0,40.90976,-410.60844,22906.4845,22906.4845,24482301.16185,1751.33,1765.5,1749.98,1758.36,47.90002,-3.56763,1770.809,1770.809,100759
2022-08-26 00:00:00+00:00,21550.0,21870.0,20119.0,20250.0,32.66387,-527.81417,22771.154,22771.154,70512350.40045,1758.2,1758.82,1734.2,1738.35,41.42949,-5.01725,1769.4255,1769.4255,121949
2022-08-29 00:00:00+00:00,19571.0,20415.0,19557.0,20302.0,37.1322,-761.47913,22257.65,22257.65,24901091.32916,1734.51,1745.52,1720.31,1737.76,41.25254,-6.14289,1767.7105,1767.7105,111935
2022-08-30 00:00:00+00:00,20300.0,20575.0,19552.0,19819.0,34.428,-806.76929,22050.4,22050.4,40859408.64831,1737.86,1740.55,1721.18,1724.39,37.35859,-8.02135,1765.8595,1765.8595,109963
2022-08-31 00:00:00+00:00,19836.0,20490.0,19822.0,20059.0,36.88753,-813.91378,21855.4,21855.4,45557309.92251,1723.01,1726.52,1709.57,1710.53,33.79708,-10.5073,1763.089,1763.089,120299
2022-09-01 00:00:00+00:00,20049.0,20202.0,19573.0,20128.0,37.61207,-804.73168,21641.45,21641.45,37068105.26449,1711.11,1711.39,1688.8,1697.3,30.78058,-13.39063,1758.3965,1758.3965,125243
2022-09-02 00:00:00+00:00,20133.0,20440.0,19762.0,19959.0,36.50662,-801.84847,21416.6,21416.6,34021107.65011,1697.22,1717.98,1694.99,1711.89,37.4146,-14.33317,1755.2255,1755.2255,114665
2022-09-05 00:00:00+00:00,20014.0,20051.0,19634.0,19794.0,36.1764,-765.41433,20783.8,20783.8,19318222.08352,1711.46,1715.75,1707.71,1710.07,36.93901,-15.05348,1751.2535,1751.2535,62981
2022-09-06 00:00:00+00:00,19799.0,20181.0,18669.0,18789.0,29.81699,-828.55741,20556.25,20556.25,60443715.95504,1710.66,1726.77,1699.85,1701.58,34.72175,-16.12353,1746.625,1746.625,120872
2022-09-07 00:00:00+00:00,18808.0,19456.0,18540.0,19276.0,35.71429,-829.73724,20360.0,20360.0,37516378.0739,1701.89,1719.22,1691.27,1719.04,42.38149,-15.38533,1742.9725,1742.9725,126877
2022-09-08 00:00:00+00:00,19301.0,19454.0,19023.0,19322.0,36.25911,-817.5364,20284.05,20284.05,33991126.19652,1718.34,1728.2,1703.96,1708.71,39.43334,-15.45568,1738.9265,1738.9265,134448
2022-09-09 00:00:00+00:00,19327.0,21610.0,19303.0,21371.0,54.68261,-635.20769,20295.3,20295.3,85683257.48427,1708.49,1729.41,1708.31,1717.57,43.08997,-14.62789,1734.715,1734.715,111440
2022-09-12 00:00:00+00:00,21836.0,22485.0,21565.0,22401.0,61.33701,-136.62983,20368.45,20368.45,55935005.7133,1718.12,1735.13,1711.95,1724.72,45.92712,-13.24226,1732.0125,1732.0125,109215
2022-09-13 00:00:00+00:00,22396.0,22781.0,19862.0,20177.0,45.10036,-179.43882,20308.7,20308.7,79236693.79497,1724.78,1731.82,1697.11,1702.23,39.29177,-13.79982,1728.33,1728.33,125879
2022-09-14 00:00:00+00:00,20175.0,20526.0,19623.0,20233.0,45.49163,-206.46651,20241.8,20241.8,56529106.27615,1700.93,1707.11,1693.67,1697.03,37.92735,-14.49421,1725.0685,1725.0685,126954
2022-09-15 00:00:00+00:00,20226.0,20432.0,19500.0,19691.0,42.34596,-268.52562,20213.85,20213.85,49849167.76669,1697.63,1698.21,1660.35,1664.2,30.68307,-17.49198,1720.35,1720.35,121218
2022-09-16 00:00:00+00:00,19704.0,19887.0,19330.0,19802.0,43.21202,-305.23261,20201.7,20201.7,49790680.40726,1664.84,1680.34,1654.16,1675.56,35.28896,-18.73512,1716.7775,1716.7775,119346
2022-09-19 00:00:00+00:00,19418.0,19679.0,18271.0,19538.0,42.36993,-385.26735,20171.35,20171.35,66785122.57763,1674.25,1680.0,1659.63,1675.51,35.27785,-19.49957,1713.7655,1713.7655,101125
2022-09-20 00:00:00+00:00,19535.0,19634.0,18717.0,18878.0,38.43868,-454.97597,20112.3,20112.3,48030406.03193,1675.58,1679.46,1660.0,1664.88,32.90574,-20.72426,1709.5935,1709.5935,102473
2022-09-21 00:00:00+00:00,18877.0,19902.0,18157.0,18466.0,36.18183,-537.27217,20029.2,20029.2,98478028.81724,1664.89,1688.03,1653.93,1674.14,36.88693,-20.70891,1705.691,1705.691,136223
2022-09-22 00:00:00+00:00,18458.0,19541.0,18368.0,19403.0,44.20515,-520.88005,20001.4,20001.4,50584431.26346,1671.45,1684.91,1655.67,1671.52,36.23186,-20.66988,1701.349,1701.349,159468
2022-09-23 00:00:00+00:00,19411.0,19491.0,18533.0,19294.0,43.51972,-510.79642,19974.1,19974.1,50032880.13816,1671.25,1675.92,1639.75,1645.09,30.37214,-22.51213,1696.686,1696.686,152534
2022-09-26 00:00:00+00:00,18809.0,19313.0,18690.0,19226.0,44.29472,-514.95408,19892.45,19892.45,60896201.64032,1643.17,1649.76,1621.17,1623.79,26.63374,-25.39809,1690.9875,1690.9875,180506
2022-09-27 00:00:00+00:00,19233.0,20381.0,18822.0,19075.0,43.20855,-499.75102,19882.4,19882.4,84382400.61181,1623.49,1642.45,1623.44,1629.39,29.10445,-26.923,1686.2375,1686.2375,147462
2022-09-28 00:00:00+00:00,19085.0,19770.0,18461.0,19413.0,46.37818,-455.18166,19886.95,19886.95,74111849.59028,1629.72,1662.69,1614.81,1659.92,40.80788,-25.37548,1683.707,1683.707,153249
2022-09-29 00:00:00+00:00,19413.0,19630.0,18852.0,19592.0,48.03235,-400.79619,19798.0,19798.0,35512874.34997,1658.59,1664.87,1641.53,1660.37,40.96258,-23.83795,1681.8605,1681.8605,163573
2022-09-30 00:00:00+00:00,19593.0,20171.0,19152.0,19425.0,46.58836,-366.94095,19685.65,19685.65,46887760.47447,1660.41,1675.36,1659.24,1660.83,41.13195,-22.32499,1679.3075,1679.3075,144765
2022-10-03 00:00:00+00:00,19060.0,19715.0,18975.0,19636.0,49.45772,-294.45405,19364.95,19364.95,21778911.38133,1664.3,1701.51,1659.72,1699.2,53.19421,-17.82435,1678.764,1678.764,148173
2022-10-04 00:00:00+00:00,19633.0,20469.0,19497.0,20343.0,55.73146,-194.98875,19370.45,19370.45,49953109.05602,1698.95,1729.49,1695.24,1726.0,59.44482,-11.95718,1679.985,1679.985,145882
2022-10-05 00:00:00+00:00,20343.0,20366.0,19735.0,20162.0,53.88728,-129.27675,19394.0,19394.0,36086933.96456,1724.75,1727.8,1700.52,1716.45,56.54691,-7.98596,1679.8555,1679.8555,134556
2022-10-06 00:00:00+00:00,20161.0,20447.0,19864.0,19951.0,51.73797,-93.15166,19401.45,19401.45,28707284.91228,1715.85,1725.57,1706.96,1712.82,55.44057,-5.07317,1680.061,1680.061,130260
2022-10-07 00:00:00+00:00,19960.0,20056.0,19335.0,19532.0,47.67176,-97.21147,19372.35,19372.35,25207611.76462,1711.52,1714.83,1690.65,1694.63,50.14607,-4.18431,1678.914,1678.914,130256
2022-10-10 00:00:00+00:00,19436.0,19525.0,19029.0,19131.0,43.76775,-141.59703,19380.4,19380.4,20144618.12291,1696.02,1699.81,1665.71,1668.26,43.63965,-5.54382,1676.091,1676.091,123892
2022-10-11 00:00:00+00:00,19131.0,19265.0,18853.0,19059.0,43.05776,-167.64995,19410.05,19410.05,25404359.62516,1668.37,1683.97,1661.01,1666.31,43.19335,-6.70133,1674.295,1674.295,142522
2022-10-12 00:00:00+00:00,19061.0,19229.0,18967.0,19157.0,44.3803,-178.33357,19397.75,19397.75,16671775.96829,1666.37,1678.38,1661.38,1673.07,45.28251,-6.99259,1673.097,1673.097,136207
2022-10-13 00:00:00+00:00,19156.0,19504.0,18183.0,19377.0,47.33734,-167.12179,19401.9,19401.9,56595994.43857,1673.6,1682.46,1642.46,1665.78,43.42768,-7.72264,1673.176,1673.176,147841
2022-10-14 00:00:00+00:00,19374.0,19947.0,19083.0,19181.0,45.0399,-172.06843,19414.9,19414.9,25200019.16226,1665.53,1671.77,1640.19,1644.49,38.4715,-9.90495,1671.6225,1671.6225,155978
2022-10-17 00:00:00+00:00,19262.0,19672.0,19160.0,19547.0,50.6177,-142.2006,19453.2,19453.2,22315314.60493,1646.04,1668.46,1644.06,1650.64,40.58105,-11.01127,1670.379,1670.379,127034
2022-10-18 00:00:00+00:00,19547.0,19700.0,19099.0,19334.0,47.73573,-132.68701,19449.25,19449.25,29475192.52611,1650.48,1660.93,1645.83,1651.48,40.87921,-11.68554,1669.709,1669.709,130391
2022-10-19 00:00:00+00:00,19329.0,19356.0,19078.0,19126.0,45.03896,-140.31383,19425.95,19425.95,24913438.7408,1652.01,1654.5,1627.68,1628.88,35.69024,-13.8835,1667.446,1667.446,128225
2022-10-20 00:00:00+00:00,19128.0,19340.0,18913.0,19043.0,43.97145,-151.31132,19406.85,19406.85,28405766.94572,1629.27,1645.64,1622.43,1628.13,35.52907,-15.50716,1665.2765,1665.2765,139638
2022-10-21 00:00:00+00:00,19043.0,19245.0,18660.0,19165.0,45.99756,-148.47105,19399.5,19399.5,36862725.89144,1628.06,1657.74,1617.29,1657.03,45.70415,-14.29713,1665.8735,1665.8735,180546
2022-10-24 00:00:00+00:00,19576.0,19588.0,19169.0,19332.0,48.7778,-94.12378,19353.6,19353.6,22345152.88042,1659.8,1670.53,1644.01,1649.49,43.76351,-13.78765,1667.1585,1667.1585,167384
2022-10-25 00:00:00+00:00,19332.0,20418.0,19222.0,20087.0,58.85387,-24.54847,19349.85,19349.85,56334255.56551,1649.99,1662.43,1638.2,1653.09,44.96506,-12.94418,1668.3435,1668.3435,140847
2022-10-26 00:00:00+00:00,20096.0,21012.0,20062.0,20775.0,65.51167,85.12505,19391.05,19391.05,56322459.44353,1652.38,1674.93,1649.68,1664.27,48.63545,-11.24398,1668.561,1668.561,144840
2022-10-27 00:00:00+00:00,20771.0,20872.0,20210.0,20296.0,58.42369,131.87069,19429.25,19429.25,33891965.57794,1664.16,1670.83,1654.88,1662.75,48.16513,-9.90503,1668.68,1668.68,160130
2022-10-28 00:00:00+00:00,20295.0,20750.0,20008.0,20599.0,61.27771,191.1629,19488.2,19488.2,37647016.80504,1662.02,1667.04,1638.05,1645.16,42.98476,-10.14631,1667.8965,1667.8965,151089
2022-10-31 00:00:00+00:00,20631.0,20833.0,20243.0,20498.0,58.41858,293.55611,19703.8,19703.8,38536743.58093,1643.28,1645.65,1631.8,1633.68,39.96372,-11.1355,1664.6205,1664.6205,117806
2022-11-01 00:00:00+00:00,20493.0,20681.0,20334.0,20480.0,58.13925,296.70792,19769.95,19769.95,26146648.26327,1632.58,1657.04,1630.65,1647.8,45.07671,-10.65722,1660.7105,1660.7105,143663
2022-11-02 00:00:00+00:00,20480.0,20802.0,20055.0,20154.0,53.17975,269.7903,19808.8,19808.8,46194627.92214,1646.21,1669.33,1634.74,1635.06,41.6316,-11.17735,1656.641,1656.641,140614
2022-11-03 00:00:00+00:00,20152.0,20387.0,20039.0,20209.0,53.89433,250.01393,19860.2,19860.2,20292239.51235,1634.32,1641.0,1616.72,1629.46,40.17801,-11.90421,1652.473,1652.473,148382
2022-11-04 00:00:00+00:00,20209.0,21290.0,20184.0,21153.0,64.03913,306.9753,19964.55,19964.55,74066708.23804,1629.05,1681.72,1628.77,1680.61,55.47133,-8.25768,1651.772,1651.772,164815
2022-11-07 00:00:00+00:00,20899.0,21070.0,20400.0,20590.0,54.8198,341.05187,20197.2,20197.2,29196530.11909,1675.29,1681.9,1666.9,1675.21,53.90458,-5.73738,1652.1195,1652.1195,144419
2022-11-08 00:00:00+00:00,20591.0,20669.0,17114.0,18550.0,36.12573,154.99885,20168.4,20168.4,223265978.17575,1674.26,1716.88,1664.71,1712.34,61.87766,-0.73546,1654.421,1654.421,132025
2022-11-09 00:00:00+00:00,18546.0,18588.0,15632.0,15877.0,24.38961,-205.76631,20010.1,20010.1,132581927.57979,1711.59,1722.37,1702.2,1707.03,60.27206,2.76821,1656.119,1656.119,138228
2022-11-10 00:00:00+00:00,15900.0,18150.0,15748.0,17551.0,37.97869,-352.53371,19929.4,19929.4,146994134.28418,1705.82,1757.19,1703.71,1754.9,68.26633,9.30039,1660.575,1660.575,152219
2022-11-11 00:00:00+00:00,17548.0,17645.0,16394.0,17007.0,35.73127,-506.90094,19819.45,19819.45,95864302.68631,1753.3,1772.45,1747.3,1769.86,70.27911,15.50561,1666.8435,1666.8435,145930
2022-11-14 00:00:00+00:00,16300.0,17130.0,15784.0,16589.0,35.16601,-848.7988,19354.15,19354.15,132120437.40248,1763.65,1775.09,1753.3,1771.69,70.52539,20.33652,1672.896,1672.896,142507
2022-11-15 00:00:00+00:00,16586.0,17095.0,16511.0,16874.0,37.48553,-874.76066,19159.1,19159.1,95057980.59478,1770.2,1786.57,1767.13,1778.42,71.46196,24.42653,1679.243,1679.243,209063
2022-11-16 00:00:00+00:00,16875.0,16980.0,16371.0,16654.0,36.40287,-902.68222,18977.0,18977.0,67212220.25547,1777.85,1785.06,1770.35,1773.48,69.71095,26.95852,1686.473,1686.473,175063
2022-11-17 00:00:00+00:00,16655.0,16724.0,16412.0,16686.0,36.6893,-911.71841,18781.35,18781.35,41025315.7489,1773.08,1774.88,1754.51,1760.74,65.26923,27.61876,1693.1035,1693.1035,148729
2022-11-18 00:00:00+00:00,16687.0,16971.0,16540.0,16683.0,36.67262,-908.64741,18574.45,18574.45,44598337.24085,1760.36,1767.72,1747.55,1750.14,61.74417,26.97571,1697.759,1697.759,129547
2022-11-21 00:00:00+00:00,16250.0,16269.0,15479.0,15766.0,31.43859,-948.9912,17929.75,17929.75,88817568.68838,1751.45,1752.95,1732.54,1738.51,58.04038,25.23673,1702.21,1702.21,143201
2022-11-22 00:00:00+00:00,15757.0,16281.0,15613.0,16197.0,36.22545,-934.88361,17731.9,17731.9,60229428.19115,1738.8,1749.74,1737.08,1740.02,58.38939,23.70714,1706.5565,1706.5565,128171
2022-11-23 00:00:00+00:00,16199.0,16647.0,16150.0,16603.0,40.4437,-880.78925,17551.6,17551.6,58198381.85864,1739.98,1753.39,1727.31,1749.3,60.56055,22.97886,1710.808,1710.808,140536
2022-11-24 00:00:00+00:00,16594.0,16783.0,16456.0,16591.0,40.35873,-829.32741,17323.5,17323.5,35529368.70406,1748.83,1758.61,1748.67,1754.96,61.86743,22.59792,1715.4185,1715.4185,86334
2022-11-25 00:00:00+00:00,16589.0,16604.0,16339.0,16508.0,39.73688,-786.17836,17083.85,17083.85,33733026.29915,1754.67,1761.24,1746.05,1756.1,62.13956,22.13287,1720.9655,1720.9655,103224
2022-11-28 00:00:00+00:00,16420.0,16477.0,16004.0,16210.0,37.24614,-692.01749,16535.9,16535.9,52758715.82414,1753.12,1763.76,1739.63,1741.13,56.44338,20.3221,1726.338,1726.338,128731
2022-11-29 00:00:00+00:00,16205.0,16529.0,16102.0,16434.0,40.37218,-651.0281,16563.75,16563.75,37976850.65867,1740.84,1759.05,1740.24,1749.92,58.82981,19.37302,1731.444,1731.444,150188
2022-11-30 00:00:00+00:00,16437.0,17223.0,16430.0,17170.0,49.30753,-552.78254,16544.7,16544.7,76276476.07858,1749.03,1769.99,1744.91,1768.32,63.35581,19.87646,1738.107,1738.107,173697
2022-12-01 00:00:00+00:00,17166.0,17250.0,16864.0,16977.0,47.30564,-484.90601,16543.2,16543.2,54450178.30943,1769.78,1804.12,1769.19,1803.1,70.05664,22.81886,1746.789,1746.789,187517
2022-12-02 00:00:00+00:00,16976.0,17102.0,16800.0,17095.0,48.67761,-416.78729,16558.55,16558.55,39814816.57058,1802.18,1804.52,1778.49,1798.56,68.3009,24.50194,1752.6865,1752.6865,164075
2022-12-05 00:00:00+00:00,17113.0,17418.0,16879.0,16968.0,47.47438,-285.35555,16618.3,16618.3,38203784.16591,1795.03,1810.01,1765.85,1768.56,57.9634,23.14822,1757.354,1757.354,155880
2022-12-06 00:00:00+00:00,16968.0,17101.0,16914.0,17087.0,49.04172,-245.1522,16639.95,16639.95,22270704.11713,1767.88,1780.86,1767.27,1771.11,58.53784,22.02722,1760.2925,1760.2925,140292
2022-12-07 00:00:00+00:00,17091.0,17131.0,16736.0,16836.0,45.92865,-230.88287,16647.45,16647.45,19957281.3104,1770.75,1790.52,1768.74,1786.12,61.84317,22.09531,1764.247,1764.247,150129
2022-12-08 00:00:00+00:00,16838.0,17296.0,16734.0,17229.0,51.15661,-185.72163,16674.75,16674.75,29714744.26739,1785.63,1794.83,1781.45,1789.61,62.58993,22.17526,1765.9825,1765.9825,127755
2022-12-09 00:00:00+00:00,17229.0,17353.0,17073.0,17128.0,49.82336,-156.27939,16696.65,16696.65,21011014.34597,1789.75,1806.14,1788.44,1796.8,64.1467,22.55875,1767.3295,1767.3295,130758
2022-12-12 00:00:00+00:00,17089.0,17240.0,16881.0,17209.0,51.11639,-88.59761,16857.1,16857.1,29170227.74389,1796.13,1796.69,1777.63,1781.58,58.58867,21.388,1767.824,1767.824,117386
2022-12-13 00:00:00+00:00,17214.0,18106.0,17093.0,17772.0,58.79178,-23.23094,16915.55,16915.55,68224308.97816,1781.02,1824.52,1780.86,1810.58,64.83989,22.54039,1769.432,1769.432,165126
2022-12-14 00:00:00+00:00,17771.0,18373.0,17667.0,17803.0,59.17192,30.71994,16976.15,16976.15,68307717.32327,1810.65,1814.22,1795.64,1807.34,63.68324,22.92793,1771.125,1771.125,167721
2022-12-15 00:00:00+00:00,17806.0,17853.0,17288.0,17362.0,51.84503,37.45958,17018.85,17018.85,32768547.82972,1806.91,1808.6,1773.75,1776.72,53.89788,20.52765,1771.924,1771.924,172927
2022-12-16 00:00:00+00:00,17361.0,17525.0,16572.0,16633.0,42.48084,-15.84082,17027.8,17027.8,47470055.72622,1776.22,1794.27,1774.25,1793.01,57.62807,19.71264,1774.0675,1774.0675,144937
2022-12-19 00:00:00+00:00,16744.0,16815.0,16293.0,16446.0,40.64062,-114.20315,17073.2,17073.2,35481283.6614,1792.25,1798.73,1783.79,1787.62,56.01314,18.41949,1776.523,1776.523,125274
2022-12-20 00:00:00+00:00,16441.0,17046.0,16402.0,16898.0,47.55539,-110.71469,17059.6,17059.6,35755811.32124,1787.41,1821.12,1784.61,1818.06,62.41836,19.62469,1780.425,1780.425,187076
2022-12-21 00:00:00+00:00,16899.0,16919.0,16719.0,16824.0,46.59833,-112.62299,17051.95,17051.95,27234141.03181,1817.75,1823.84,1811.85,1814.42,61.26943,20.05492,1783.681,1783.681,131435
2022-12-22 00:00:00+00:00,16823.0,16863.0,16570.0,16821.0,46.55743,-113.07397,17038.25,17038.25,32738800.94146,1813.84,1820.43,1784.67,1792.68,54.78344,18.4292,1785.567,1785.567,135277
2022-12-23 00:00:00+00:00,16821.0,16916.0,16750.0,16779.0,45.94926,-115.48913,17032.9,17032.9,35880996.97124,1792.8,1803.22,1791.18,1795.73,55.49525,17.18878,1787.5485,1787.5485,101960
2022-12-27 00:00:00+00:00,16920.0,16961.0,16588.0,16700.0,44.73245,-103.79803,16996.85,16996.85,36818557.88968,1800.6,1833.63,1799.89,1814.1,59.61852,17.48646,1791.197,1791.197,106067
2022-12-28 00:00:00+00:00,16699.0,16772.0,16465.0,16540.0,42.09274,-121.19568,16962.4,16962.4,36731836.27821,1813.13,1814.62,1797.04,1804.06,56.53557,16.71951,1793.904,1793.904,102234
2022-12-29 00:00:00+00:00,16540.0,16650.0,16486.0,16628.0,44.0484,-126.42523,16937.4,16937.4,25946992.49307,1804.47,1820.24,1804.3,1814.74,58.96636,16.78004,1796.225,1796.225,99776
2022-12-30 00:00:00+00:00,16628.0,16650.0,16337.0,16603.0,43.59793,-131.07601,16911.15,16911.15,36919160.36587,1814.17,1826.04,1813.39,1819.48,60.03465,17.01437,1797.044,1797.044,100186
2023-01-03 00:00:00+00:00,16668.0,16766.0,16605.0,16670.0,45.84731,-121.77352,16741.7,16741.7,23139159.67539,1827.53,1849.99,1823.52,1839.38,64.24351,18.59152,1799.085,1799.085,152967
2023-01-04 00:00:00+00:00,16673.0,16984.0,16652.0,16849.0,50.58768,-100.30569,16716.05,16716.05,34338769.53434,1838.4,1865.12,1836.18,1854.45,67.07161,20.81748,1803.3795,1803.3795,159063
2023-01-05 00:00:00+00:00,16847.0,16871.0,16755.0,16826.0,49.98225,-84.17785,16725.7,16725.7,19040628.30725,1854.57,1859.03,1825.11,1833.11,59.85243,20.6219,1806.4795,1806.4795,142593
2023-01-06 00:00:00+00:00,16826.0,17024.0,16669.0,16950.0,53.232,-60.69104,16734.15,16734.15,29468926.80776,1831.71,1869.87,1831.31,1866.44,66.0066,22.89246,1810.4955,1810.4955,134903
2023-01-09 00:00:00+00:00,17124.0,17393.0,17108.0,17179.0,59.00923,14.66776,16791.65,16791.65,38023109.52216,1866.3,1881.58,1866.28,1871.59,66.85212,24.82133,1814.5945,1814.5945,134130
2023-01-10 00:00:00+00:00,17177.0,17490.0,17147.0,17446.0,64.78268,57.47018,16822.75,16822.75,23629475.57753,1870.37,1880.77,1867.72,1877.22,67.79517,26.4988,1818.6155,1818.6155,131819
2023-01-11 00:00:00+00:00,17448.0,17992.0,17318.0,17930.0,72.37769,128.9596,16878.2,16878.2,34146830.02606,1877.08,1886.63,1867.15,1875.92,67.31892,27.40738,1823.3325,1823.3325,125476
2023-01-12 00:00:00+00:00,17948.0,19114.0,17911.0,18853.0,80.8565,257.12983,16981.9,16981.9,96613300.52157,1876.92,1901.61,1875.3,1897.29,70.93363,29.51162,1827.668,1827.668,169713
2023-01-13 00:00:00+00:00,18852.0,19991.0,18720.0,19931.0,86.18874,440.61215,17136.5,17136.5,75045681.26012,1895.68,1921.89,1892.32,1920.53,74.267,32.67784,1833.3275,1833.3275,159316
2023-01-16 00:00:00+00:00,20879.0,21456.0,20634.0,21189.0,88.58582,960.76379,17765.95,17765.95,68587885.56073,1921.91,1928.96,1910.85,1915.45,72.31477,34.38085,1840.264,1840.264,89889
2023-01-17 00:00:00+00:00,21186.0,21594.0,20863.0,21134.0,87.39839,1054.99521,17995.65,17995.65,48658865.83519,1916.35,1919.0,1903.82,1908.38,69.57368,34.75932,1846.0325,1846.0325,139659
2023-01-18 00:00:00+00:00,21136.0,21646.0,20358.0,20670.0,77.91032,1079.78625,18197.75,18197.75,78437621.34948,1908.17,1925.89,1896.59,1904.15,67.91499,34.32229,1851.859,1851.859,180769
2023-01-19 00:00:00+00:00,20678.0,21185.0,20654.0,21086.0,80.00604,1120.08937,18421.9,18421.9,50430768.18705,1903.17,1935.17,1900.98,1931.69,72.51016,35.78568,1857.5405,1857.5405,155763
2023-01-20 00:00:00+00:00,21085.0,22750.0,20869.0,22678.0,85.62621,1265.89848,18729.4,18729.4,66608627.4534,1932.09,1937.54,1920.69,1926.72,70.54656,36.12792,1863.1555,1863.1555,135927
2023-01-23 00:00:00+00:00,22708.0,23167.0,22525.0,22922.0,85.42183,1487.90727,19652.6,19652.6,38945314.12579,1924.21,1935.59,1911.4,1931.55,71.35832,36.36965,1870.099,1870.099,145512
2023-01-24 00:00:00+00:00,22922.0,23162.0,22473.0,22637.0,80.37831,1487.37613,19942.0,19942.0,44226634.11544,1930.96,1942.53,1917.17,1937.27,72.33089,36.60086,1877.176,1877.176,142790
2023-01-25 00:00:00+00:00,22636.0,23815.0,22334.0,23054.0,82.04842,1503.2748,20253.4,20253.4,59528204.47322,1937.34,1948.06,1919.88,1946.26,73.83471,37.08206,1883.784,1883.784,143474
2023-01-26 00:00:00+00:00,23063.0,23282.0,22866.0,23010.0,81.26246,1495.08972,20556.4,20556.4,33887856.54701,1946.42,1949.09,1918.62,1929.09,66.41077,35.66679,1890.0355,1890.0355,145329
2023-01-27 00:00:00+00:00,23011.0,23500.0,22541.0,23083.0,81.57776,1477.46221,20863.3,20863.3,48167445.56358,1928.89,1935.11,1916.59,1928.41,66.12719,34.09726,1895.719,1895.719,119232
2023-01-30 00:00:00+00:00,23748.0,23799.0,22504.0,22831.0,68.6274,1376.9572,21756.6,21756.6,47530094.67055,1926.75,1934.5,1920.69,1923.04,63.80992,32.05062,1900.897,1900.897,145027
2023-01-31 00:00:00+00:00,22831.0,23318.0,22724.0,23127.0,70.47514,1322.85275,22016.45,22016.45,36031509.64577,1922.46,1931.15,1900.82,1928.06,65.04315,30.48234,1905.331,1905.331,163473
2023-02-01 00:00:00+00:00,23134.0,23810.0,22768.0,23735.0,73.87834,1313.8894,22260.55,22260.55,58590379.30095,1927.46,1954.54,1920.54,1950.09,69.89193,30.66363,1910.113,1910.113,170166
2023-02-02 00:00:00+00:00,23736.0,24258.0,23377.0,23498.0,70.46858,1272.98776,22438.9,22438.9,61319970.22438,1952.93,1959.68,1911.3,1912.52,55.70195,27.45918,1914.0835,1914.0835,187315
2023-02-03 00:00:00+00:00,23503.0,23719.0,23212.0,23434.0,69.53526,1221.32991,22562.6,22562.6,40823694.82503,1913.03,1918.6,1861.44,1865.75,43.78444,20.90471,1914.049,1914.049,180164
2023-02-06 00:00:00+00:00,22942.0,23148.0,22643.0,22763.0,59.81664,965.57075,22853.7,22853.7,39416475.55004,1864.25,1881.38,1863.07,1867.64,44.30304,15.68198,1913.8515,1913.8515,151684
2023-02-07 00:00:00+00:00,22761.0,23338.0,22751.0,23252.0,64.02851,915.6953,22982.8,22982.8,64140075.67545,1867.52,1884.4,1864.99,1872.09,45.57607,11.76637,1913.595,1913.595,157514
2023-02-08 00:00:00+00:00,23246.0,23439.0,22686.0,22961.0,59.99822,842.97015,23076.55,23076.55,28388323.7301,1872.76,1886.36,1869.03,1875.78,46.66469,8.85886,1913.588,1913.588,122134
2023-02-09 00:00:00+00:00,22965.0,23003.0,21700.0,21802.0,47.24328,683.92941,23032.75,23032.75,49289636.42971,1874.41,1890.31,1858.91,1861.27,43.02061,5.32244,1911.787,1911.787,126362
2023-02-10 00:00:00+00:00,21803.0,21939.0,21454.0,21639.0,45.76959,538.52793,22975.55,22975.55,32544909.68098,1862.1,1872.23,1852.8,1865.22,44.29588,2.80619,1909.0215,1909.0215,138244
2023-02-13 00:00:00+00:00,21790.0,21897.0,21376.0,21790.0,47.43149,270.53505,22834.1,22834.1,41902985.12925,1863.96,1866.58,1850.47,1853.91,41.43622,-0.09944,1905.9445,1905.9445,108265
2023-02-14 00:00:00+00:00,21790.0,22316.0,21569.0,22211.0,52.28664,242.13616,22791.95,22791.95,45142587.1905,1853.49,1870.66,1843.29,1854.38,41.60493,-2.3373,1903.2445,1903.2445,145835
2023-02-15 00:00:00+00:00,22208.0,24374.0,22064.0,24332.0,68.2143,386.32351,22858.05,22858.05,56358710.3903,1853.5,1860.11,1830.45,1836.08,37.12085,-5.5238,1899.841,1899.841,130104
2023-02-16 00:00:00+00:00,24332.0,25270.0,23520.0,23521.0,59.97071,430.1931,22879.95,22879.95,85494136.66379,1836.47,1845.3,1827.64,1836.25,37.18857,-7.94383,1895.069,1895.069,136199
2023-02-17 00:00:00+00:00,23518.0,25014.0,23369.0,24580.0,65.78524,544.14001,22957.3,22957.3,81817754.99604,1835.29,1843.6,1818.9,1841.86,39.50419,-9.30183,1890.826,1890.826,130134
2023-02-20 00:00:00+00:00,24271.0,25118.0,23862.0,24843.0,65.70706,729.02442,23161.05,23161.05,45426363.34139,1841.2,1847.48,1837.29,1841.26,39.33716,-10.30764,1886.3115,1886.3115,68257
2023-02-21 00:00:00+00:00,24843.0,25250.0,24165.0,24450.0,61.83315,738.59354,23196.8,23196.8,61273102.98525,1842.18,1843.84,1830.23,1834.9,37.52589,-11.48555,1881.193,1881.193,127575
2023-02-22 00:00:00+00:00,24450.0,24474.0,23594.0,24188.0,59.32215,716.7734,23231.3,23231.3,47214001.4604,1834.74,1846.03,1823.55,1825.28,34.90768,-13.04494,1875.144,1875.144,134842
2023-02-23 00:00:00+00:00,24188.0,24590.0,23636.0,23939.0,56.95492,671.64624,23256.55,23256.55,47884755.89892,1825.37,1833.78,1817.46,1822.34,34.12409,-14.35255,1869.8065,1869.8065,122548
2023-02-24 00:00:00+00:00,23939.0,24124.0,22865.0,23189.0,50.42757,568.80706,23249.5,23249.5,64530087.87667,1822.73,1827.82,1808.93,1811.11,31.23946,-16.10931,1863.9415,1863.9415,134980
2023-02-27 00:00:00+00:00,23560.0,23890.0,23126.0,23493.0,52.83972,391.58758,23312.7,23312.7,41538577.91044,1811.96,1820.18,1806.69,1817.22,34.48449,-16.8147,1858.6505,1858.6505,113341
2023-02-28 00:00:00+00:00,23497.0,23594.0,23048.0,23136.0,49.50373,323.78102,23321.45,23321.45,27432462.48973,1817.19,1831.18,1804.69,1827.11,39.4645,-16.38679,1853.603,1853.603,115922
2023-03-01 00:00:00+00:00,23146.0,23990.0,23040.0,23634.0,53.87812,306.6929,23413.05,23413.05,41313339.71825,1826.78,1844.55,1823.08,1836.74,43.93344,-15.09658,1847.9355,1847.9355,124004
2023-03-02 00:00:00+00:00,23632.0,23791.0,23206.0,23466.0,52.23421,276.40799,23504.4,23504.4,25599134.00616,1837.53,1839.01,1829.99,1835.98,43.65951,-13.97432,1844.1085,1844.1085,115034
2023-03-03 00:00:00+00:00,23469.0,23477.0,22000.0,22359.0,42.93758,161.22285,23528.95,23528.95,64349698.27164,1836.15,1856.32,1836.15,1854.66,51.64086,-11.44566,1843.554,1843.554,114629
2023-03-06 00:00:00+00:00,22427.0,22590.0,22263.0,22407.0,43.51675,-53.36937,23598.55,23598.55,25907751.58547,1853.73,1858.27,1845.12,1847.1,48.63783,-9.93716,1842.527,1842.527,107557
2023-03-07 00:00:00+00:00,22414.0,22547.0,21931.0,22200.0,41.68964,-111.85071,23491.95,23491.95,40797435.97841,1846.03,1851.66,1812.69,1813.53,38.05519,-11.31999,1839.599,1839.599,134152
2023-03-08 00:00:00+00:00,22197.0,22275.0,21590.0,21704.0,37.61435,-195.96171,23401.1,23401.1,32060802.17583,1814.0,1824.3,1809.41,1813.59,38.08112,-12.26962,1836.4895,1836.4895,122849
2023-03-09 00:00:00+00:00,21697.0,21824.0,20043.0,20367.0,29.29994,-366.28274,23190.45,23190.45,68700927.85636,1814.42,1835.68,1811.94,1830.91,45.21122,-11.49215,1834.9715,1834.9715,126652
2023-03-10 00:00:00+00:00,20368.0,20368.0,19569.0,20220.0,28.55264,-507.27747,22969.45,22969.45,94937689.18101,1830.88,1870.18,1827.75,1867.28,56.53089,-7.85075,1835.0745,1835.0745,192706
2023-03-13 00:00:00+00:00,22190.0,24618.0,21900.0,24209.0,60.9219,-280.29598,22640.5,22640.5,163126675.37277,1893.72,1914.62,1871.55,1913.97,66.18853,-1.18377,1838.0775,1838.0775,252479
2023-03-14 00:00:00+00:00,24210.0,26533.0,24070.0,24750.0,63.44612,-57.18884,22668.6,22668.6,197159074.98284,1912.21,1914.15,1895.42,1903.67,62.8701,3.23148,1840.542,1840.542,191638
2023-03-15 00:00:00+00:00,24745.0,25273.0,23940.0,24368.0,60.47565,87.789,22690.05,22690.05,106450285.15437,1904.21,1937.36,1885.75,1918.12,65.48454,7.8066,1844.644,1844.644,210492
2023-03-16 00:00:00+00:00,24361.0,25217.0,24229.0,25050.0,63.73971,254.77973,22783.1,22783.1,60892797.3349,1919.03,1933.51,1907.58,1919.72,65.77193,11.42977,1848.8175,1848.8175,194242
2023-03-17 00:00:00+00:00,25051.0,27818.0,24954.0,27466.0,72.42684,575.4388,22998.35,22998.35,141897122.57098,1919.72,1987.76,1918.26,1986.28,75.07107,19.44782,1856.0385,1856.0385,178110
2023-03-20 00:00:00+00:00,28081.0,28567.0,27231.0,27815.0,70.35456,1175.28531,23631.25,23631.25,111206972.9875,1985.88,2009.8,1965.83,1978.79,72.67821,24.91064,1862.915,1862.915,216068
2023-03-21 00:00:00+00:00,27808.0,28497.0,27436.0,28192.0,71.54207,1314.07428,23859.15,23859.15,83310638.33407,1978.6,1985.19,1935.44,1940.39,61.80191,25.8435,1868.1895,1868.1895,149310
2023-03-22 00:00:00+00:00,28184.0,28936.0,26688.0,27320.0,65.0513,1338.27562,24051.85,24051.85,137261428.284,1939.66,1979.19,1934.28,1968.21,65.79556,28.49911,1875.336,1875.336,158264
2023-03-23 00:00:00+00:00,27320.0,28818.0,27187.0,28343.0,68.64532,1423.59262,24351.05,24351.05,90687807.83928,1967.56,2003.33,1964.41,1993.26,68.94409,32.25324,1883.882,1883.882,179926
2023-03-24 00:00:00+00:00,28352.0,29380.0,27043.0,27493.0,62.86092,1406.40687,24608.35,24608.35,76690335.50517,1992.68,2002.96,1975.15,1977.61,64.92325,33.57852,1892.207,1892.207,185486
2023-03-27 00:00:00+00:00,27992.0,28051.0,26541.0,27142.0,58.97476,1296.22354,25388.85,25388.85,61312799.16068,1976.25,1978.74,1944.04,1956.15,59.77522,32.52227,1899.1535,1899.1535,138077
2023-03-28 00:00:00+00:00,27142.0,27514.0,26647.0,27272.0,59.57602,1226.77271,25667.25,25667.25,58281408.58484,1957.21,1975.32,1949.15,1973.94,62.43448,32.74325,1906.495,1906.495,122855
2023-03-29 00:00:00+00:00,27272.0,28650.0,27258.0,28353.0,64.2659,1244.61296,26066.55,26066.55,61293881.88918,1973.91,1974.28,1958.68,1964.43,60.14541,31.7846,1912.8795,1912.8795,112121
2023-03-30 00:00:00+00:00,28353.0,29170.0,27706.0,28039.0,62.01524,1219.35831,26457.5,26457.5,81669921.14279,1963.9,1984.37,1955.22,1980.0,62.56533,31.91336,1920.0805,1920.0805,114518
2023-03-31 00:00:00+00:00,28036.0,28653.0,27533.0,28476.0,63.90958,1220.53648,26850.4,26850.4,65528468.95398,1979.94,1987.63,1966.89,1969.3,59.87475,30.79699,1925.8125,1925.8125,122385
2023-04-03 00:00:00+00:00,28179.0,28506.0,27236.0,27816.0,58.57599,1080.53594,27516.85,27516.85,66569980.78586,1966.26,1990.54,1949.76,1984.07,62.28576,30.74962,1932.661,1932.661,134886
2023-04-04 00:00:00+00:00,27820.0,28447.0,27686.0,28178.0,60.58345,1034.80255,27707.35,27707.35,36479164.43967,1985.3,2025.0,1977.01,2020.22,67.4422,33.24584,1942.9955,1942.9955,130246
2023-04-05 00:00:00+00:00,28179.0,28782.0,27823.0,28183.0,60.61184,987.5778,27864.0,27864.0,44425069.76068,2021.06,2032.26,2009.9,2020.29,67.45148,34.82828,1953.3305,1953.3305,145545
2023-04-06 00:00:00+00:00,28181.0,28199.0,27723.0,28051.0,59.39546,928.79398,27893.25,27893.25,29870951.52689,2021.01,2021.4,2000.84,2007.52,63.87463,34.65249,1962.161,1962.161,137560
2023-04-10 00:00:00+00:00,28353.0,29789.0,28184.0,29652.0,68.81574,854.1537,28035.8,28035.8,80406533.92062,1997.88,2006.29,1981.72,1991.28,59.5498,32.82436,1968.361,1968.361,109236
2023-04-11 00:00:00+00:00,29657.0,30575.0,29617.0,30246.0,71.54271,951.17903,28182.1,28182.1,81343740.45719,1991.17,2007.44,1988.82,2003.4,61.63741,31.98484,1972.8325,1972.8325,124039
2023-04-12 00:00:00+00:00,30255.0,30503.0,29689.0,29903.0,67.85289,988.99456,28260.1,28260.1,57621345.1464,2003.16,2028.35,2001.39,2014.78,63.5401,31.87041,1978.388,1978.388,159603
2023-04-13 00:00:00+00:00,29914.0,30614.0,29889.0,30410.0,70.2919,1047.79596,28405.95,28405.95,45734641.20453,2014.35,2048.67,2013.95,2040.71,67.49598,33.48604,1984.5175,1984.5175,150007
2023-04-14 00:00:00+00:00,30411.0,31035.0,30001.0,30498.0,70.70732,1088.94468,28555.9,28555.9,77469207.84405,2040.16,2047.47,1992.4,2004.58,58.04564,31.48808,1988.7605,1988.7605,175897
2023-04-17 00:00:00+00:00,30328.0,30337.0,29247.0,29448.0,58.73566,999.42725,28940.5,28940.5,61163582.2423,2001.0,2015.05,1981.18,1995.11,55.8388,28.80845,1989.202,1989.202,148394
2023-04-18 00:00:00+00:00,29452.0,30483.0,29122.0,30395.0,64.67503,994.14922,29042.6,29042.6,55545878.13847,1994.7,2011.82,1991.19,2004.73,57.60222,27.14812,1990.499,1990.499,129533
2023-04-19 00:00:00+00:00,30388.0,30423.0,28603.0,28827.0,51.4661,853.60206,29082.0,29082.0,111534446.22927,2005.23,2008.2,1969.18,1994.94,55.18706,24.75695,1993.2265,1993.2265,154579
2023-04-20 00:00:00+00:00,28814.0,29098.0,28005.0,28238.0,47.53848,686.77335,29070.1,29070.1,69184887.44535,1994.1,2012.39,1990.5,2004.77,57.13067,23.38556,1995.0545,1995.0545,147152
2023-04-21 00:00:00+00:00,28240.0,28362.0,27140.0,27254.0,41.79938,469.74489,29009.35,29009.35,66933090.3017,2004.03,2005.53,1971.59,1982.66,51.69931,20.28084,1994.5245,1994.5245,152418
2023-04-24 00:00:00+00:00,27594.0,27998.0,26981.0,27512.0,44.01347,109.45383,28946.6,28946.6,61534852.5988,1982.23,1990.79,1974.13,1988.92,53.05998,18.11662,1995.09,1995.09,139790
2023-04-25 00:00:00+00:00,27515.0,28392.0,27197.0,28300.0,49.84361,87.94743,28952.45,28952.45,53038904.91236,1991.4,2003.85,1976.09,1996.64,54.75283,16.83039,1997.1145,1997.1145,165216
2023-04-26 00:00:00+00:00,28306.0,30022.0,27242.0,28428.0,50.74093,80.30627,28971.3,28971.3,150019873.28683,1996.84,2009.43,1983.37,1989.16,52.76715,15.03417,1997.8755,1997.8755,173676
2023-04-27 00:00:00+00:00,28427.0,29887.0,28389.0,29485.0,57.50235,157.72352,29049.0,29049.0,110527640.98456,1989.44,2003.34,1974.22,1987.69,52.36523,13.33827,1999.0385,1999.0385,159824
2023-04-28 00:00:00+00:00,29486.0,29600.0,28922.0,29333.0,56.30546,204.45528,29117.2,29117.2,71838716.31207,1987.51,1995.04,1976.15,1989.66,52.88318,12.01473,1999.5215,1999.5215,184872
2023-05-01 00:00:00+00:00,29254.0,29344.0,27666.0,28079.0,46.44504,168.71342,29033.35,29033.35,81818354.50213,1989.84,2006.0,1977.09,1982.51,50.72726,10.27047,2000.182,2000.182,128313
2023-05-02 00:00:00+00:00,28079.0,28894.0,27876.0,28680.0,50.92609,151.23301,28972.2,28972.2,55511760.17278,1981.68,2019.41,1978.49,2016.71,59.27874,11.51506,2001.814,2001.814,163652
2023-05-03 00:00:00+00:00,28682.0,29276.0,28138.0,29033.0,53.3928,163.97362,28903.35,28903.35,82408786.10378,2016.03,2039.41,2007.78,2039.01,63.70234,14.13785,2002.7535,2002.7535,162415
2023-05-04 00:00:00+00:00,29043.0,29378.0,28691.0,28851.0,51.9431,157.56842,28821.0,28821.0,47785312.03646,2060.95,2062.9,2030.38,2050.38,65.74555,16.93863,2004.258,2004.258,236239
2023-05-05 00:00:00+00:00,28860.0,29701.0,28832.0,29547.0,56.77633,206.27581,28781.75,28781.75,56823896.43217,2049.19,2053.0,1999.51,2015.83,55.51863,16.18383,2004.6735,2004.6735,171591
2023-05-08 00:00:00+00:00,28485.0,28667.0,27290.0,27690.0,43.21937,40.14513,28526.75,28526.75,81319968.01548,2016.14,2029.42,2014.07,2021.48,56.70468,15.85873,2006.1835,2006.1835,127624
2023-05-09 00:00:00+00:00,27688.0,27841.0,27372.0,27650.0,42.9651,-43.66243,28467.9,28467.9,43508125.64506,2020.72,2037.62,2019.51,2034.45,59.38212,16.45795,2007.736,2007.736,126405
2023-05-10 00:00:00+00:00,27648.0,28328.0,26842.0,27618.0,42.74842,-111.37874,28436.9,28436.9,78682094.60021,2034.15,2048.18,2021.55,2029.97,58.04682,16.38248,2008.4955,2008.4955,156618
2023-05-11 00:00:00+00:00,27624.0,27640.0,26720.0,26991.0,38.63689,-213.18066,28423.75,28423.75,57406377.68412,2029.74,2041.29,2011.04,2015.01,53.70403,14.94327,2007.2105,2007.2105,171611
2023-05-12 00:00:00+00:00,26987.0,27093.0,25800.0,26811.0,37.52119,-304.86956,28373.45,28373.45,129845202.76482,2015.15,2022.59,2000.89,2010.78,52.50781,13.30796,2007.5205,2007.5205,139234
2023-05-15 00:00:00+00:00,26933.0,27666.0,26736.0,27166.0,41.65029,-421.5459,28247.45,28247.45,49038149.74459,2008.45,2022.21,2008.45,2016.0,53.87324,12.29148,2008.565,2008.565,117860
2023-05-16 00:00:00+00:00,27166.0,27300.0,26868.0,27037.0,40.6012,-432.81883,28177.9,28177.9,46783138.60451,2016.28,2018.32,1985.19,1988.64,46.35116,9.17246,2007.7605,2007.7605,130365
2023-05-17 00:00:00+00:00,27037.0,27488.0,26550.0,27404.0,44.85669,-407.44213,28073.85,28073.85,72712886.25684,1988.13,1993.04,1974.98,1981.79,44.66951,6.07781,2007.103,2007.103,119225
2023-05-18 00:00:00+00:00,27413.0,27481.0,26374.0,26818.0,39.93674,-429.66333,27948.1,27948.1,53302834.24319,1982.16,1986.01,1951.98,1957.35,39.20434,1.63434,2004.732,2004.732,121762
2023-05-19 00:00:00+00:00,26824.0,27176.0,26651.0,26893.0,40.83123,-436.19374,27830.4,27830.4,34348620.29761,1958.22,1984.18,1954.02,1977.55,45.1748,-0.25425,2004.4765,2004.4765,137125
2023-05-22 00:00:00+00:00,26753.0,27078.0,26547.0,26856.0,41.6364,-424.16125,27566.75,27566.75,29860485.13371,1978.08,1982.59,1968.87,1971.65,43.82116,-2.20166,2003.613,2003.613,119644
2023-05-23 00:00:00+00:00,26854.0,27478.0,26810.0,27226.0,46.22603,-385.85223,27476.4,27476.4,31974748.95828,1971.64,1977.78,1954.24,1975.16,44.87934,-3.42233,2002.539,2002.539,132916
2023-05-24 00:00:00+00:00,27225.0,27225.0,26076.0,26325.0,38.32287,-423.3155,27350.1,27350.1,58297867.13582,1976.2,1985.29,1956.71,1957.59,40.74235,-5.74128,2000.9605,2000.9605,132332
2023-05-25 00:00:00+00:00,26325.0,26611.0,25878.0,26478.0,40.19277,-435.63784,27196.65,27196.65,43604654.53592,1958.27,1964.77,1938.84,1940.58,37.17004,-8.84962,1998.605,1998.605,131933
2023-05-26 00:00:00+00:00,26486.0,26937.0,26338.0,26718.0,43.10658,-421.18226,27087.0,27087.0,44514923.18445,1941.01,1957.3,1936.76,1946.46,39.15604,-10.71502,1996.445,1996.445,119957
2023-05-29 00:00:00+00:00,28071.0,28452.0,27542.0,27749.0,53.44841,-197.0511,27031.05,27031.05,46748139.0824,1942.99,1949.71,1940.22,1943.15,38.41983,-12.31845,1994.477,1994.477,52903
2023-05-30 00:00:00+00:00,27748.0,28054.0,27570.0,27706.0,53.00329,-140.83862,27035.45,27035.45,43430572.85649,1942.91,1963.55,1932.05,1959.81,44.11527,-12.10532,1991.632,1991.632,124843
2023-05-31 00:00:00+00:00,27701.0,27840.0,26857.0,27219.0,48.11594,-134.0415,27046.85,27046.85,50721960.12142,1958.9,1974.79,1953.68,1963.04,45.17401,-11.54272,1987.8335,1987.8335,135229
2023-06-01 00:00:00+00:00,27220.0,27356.0,26625.0,26826.0,44.54624,-158.53902,27047.6,27047.6,53768886.31829,1963.31,1983.1,1953.39,1977.81,49.85249,-9.79216,1984.205,1984.205,130239
2023-06-02 00:00:00+00:00,26821.0,27300.0,26519.0,27251.0,48.95649,-142.02238,27070.7,27070.7,45548260.36046,1976.96,1983.48,1947.92,1948.17,42.09032,-10.67349,1980.822,1980.822,124711
2023-06-05 00:00:00+00:00,27114.0,27138.0,25389.0,25739.0,36.51521,-239.76199,27010.9,27010.9,98775737.31443,1947.43,1964.03,1938.13,1961.6,46.17941,-10.17102,1977.828,1977.828,127561
2023-06-06 00:00:00+00:00,25730.0,27357.0,25350.0,27236.0,50.21053,-199.3493,27002.5,27002.5,107996503.25798,1961.21,1966.4,1954.39,1962.98,46.5967,-9.55135,1974.2545,1974.2545,109141
2023-06-07 00:00:00+00:00,27252.0,27388.0,26140.0,26348.0,44.12913,-236.25276,26979.0,26979.0,78959816.99729,1963.1,1970.18,1939.81,1940.04,40.91745,-10.78698,1969.758,1969.758,116650
2023-06-08 00:00:00+00:00,26347.0,26809.0,26225.0,26510.0,45.4277,-249.55031,26959.85,26959.85,40571581.1216,1940.07,1970.5,1940.07,1965.36,48.39384,-9.61231,1967.2755,1967.2755,120830
2023-06-09 00:00:00+00:00,26507.0,26778.0,26289.0,26484.0,45.24594,-259.19881,26928.3,26928.3,28067702.6816,1965.97,1973.1,1956.64,1960.53,47.16769,-8.96774,1964.763,1964.763,102318
2023-06-12 00:00:00+00:00,25940.0,26103.0,25634.0,25906.0,41.52796,-370.66225,26771.9,26771.9,45621125.27998,1959.61,1966.97,1949.2,1956.93,46.22754,-8.64772,1961.8095,1961.8095,117623
2023-06-13 00:00:00+00:00,25906.0,26422.0,25718.0,25934.0,41.82748,-383.26062,26752.35,26752.35,49170033.2541,1957.08,1971.13,1940.05,1943.0,42.6824,-9.40966,1959.5275,1959.5275,127102
2023-06-14 00:00:00+00:00,25935.0,26078.0,24819.0,25127.0,36.08946,-453.13956,26684.8,26684.8,69027102.67253,1943.52,1960.27,1939.98,1940.06,41.95116,-10.13392,1957.441,1957.441,124288
2023-06-15 00:00:00+00:00,25125.0,25729.0,24756.0,25573.0,40.91375,-467.14569,26627.55,26627.55,73661553.70541,1943.47,1960.26,1925.89,1958.0,47.82511,-9.15477,1957.4735,1957.4735,144510
2023-06-16 00:00:00+00:00,25567.0,26485.0,25188.0,26333.0,48.10274,-412.16878,26600.6,26600.6,67329278.07519,1957.37,1967.93,1953.28,1957.26,47.6111,-8.34233,1956.459,1956.459,121219
2023-06-19 00:00:00+00:00,26336.0,27050.0,26260.0,26842.0,52.64435,-237.4127,26408.7,26408.7,49093084.9949,1958.32,1958.76,1947.78,1950.48,45.59779,-8.15159,1955.4005,1955.4005,64748
2023-06-20 00:00:00+00:00,26840.0,28441.0,26651.0,28315.0,62.80313,-59.12277,26463.5,26463.5,88442295.03424,1951.25,1956.79,1929.78,1935.58,41.44957,-9.09785,1953.4215,1953.4215,125216
2023-06-21 00:00:00+00:00,28316.0,30755.0,28280.0,30009.0,70.61124,216.37073,26622.65,26622.65,181363687.8027,1936.34,1939.45,1919.19,1932.31,40.57711,-9.99641,1952.1575,1952.1575,117295
2023-06-22 00:00:00+00:00,30010.0,30505.0,29600.0,29889.0,69.49832,420.17481,26754.55,26754.55,112903650.05777,1933.15,1934.82,1912.18,1913.21,35.83276,-12.11013,1950.789,1950.789,112138
2023-06-23 00:00:00+00:00,29891.0,31458.0,29820.0,30716.0,72.69266,641.03357,26936.55,26936.55,134793652.8188,1914.18,1937.47,1909.99,1921.25,39.06264,-12.9868,1949.5285,1949.5285,117563
2023-06-26 00:00:00+00:00,30480.0,30657.0,29941.0,30274.0,68.22746,953.56369,27496.5,27496.5,62427387.02014,1922.83,1933.36,1921.56,1923.03,39.78528,-13.38367,1948.5225,1948.5225,125998
2023-06-27 00:00:00+00:00,30278.0,31025.0,30235.0,30696.0,70.23549,1019.88847,27713.9,27713.9,64079682.35956,1923.71,1930.69,1910.86,1913.1,37.13929,-14.33421,1946.187,1946.187,145372
2023-06-28 00:00:00+00:00,30697.0,30712.0,29868.0,30079.0,63.87878,1011.01029,27892.35,27892.35,56173906.05693,1914.24,1917.14,1902.79,1906.83,35.53238,-15.41576,1943.3765,1943.3765,128131
2023-06-29 00:00:00+00:00,30078.0,30825.0,30041.0,30444.0,65.84796,1021.64978,28090.35,28090.35,58593080.87996,1907.71,1913.13,1892.95,1908.11,36.13983,-15.98534,1939.8915,1939.8915,157943
2023-06-30 00:00:00+00:00,30445.0,31268.0,29508.0,30469.0,65.98474,1020.33713,28320.95,28320.95,150650623.11929,1908.48,1922.8,1900.56,1918.99,41.21064,-15.38151,1938.4325,1938.4325,152010
2023-07-03 00:00:00+00:00,30616.0,31378.0,30587.0,31158.0,70.00758,1028.02991,29050.2,29050.2,48279116.6836,1918.54,1930.98,1909.97,1921.29,42.25452,-14.54965,1936.417,1936.417,117239
2023-07-04 00:00:00+00:00,31165.0,31327.0,30637.0,30771.0,65.21257,1003.02876,29332.4,29332.4,26109947.68706,1921.04,1930.75,1919.74,1925.89,44.3816,-13.36515,1934.5625,1934.5625,59863
2023-07-05 00:00:00+00:00,30767.0,30866.0,30206.0,30501.0,62.02088,950.47197,29578.8,29578.8,35975604.68509,1925.4,1935.05,1914.74,1914.82,40.51397,-13.1679,1933.3015,1933.3015,137502
2023-07-06 00:00:00+00:00,30498.0,31500.0,29868.0,29912.0,55.62507,851.47766,29757.75,29757.75,92357302.11732,1916.19,1927.59,1902.59,1910.61,39.11781,-13.19913,1930.564,1930.564,154914
2023-07-07 00:00:00+00:00,29901.0,30445.0,29722.0,30348.0,58.99593,798.99519,29949.8,29949.8,57250622.46094,1910.75,1934.97,1909.45,1925.04,45.98829,-11.92207,1928.7895,1928.7895,155143
2023-07-10 00:00:00+00:00,30170.0,31037.0,29964.0,30421.0,59.13847,647.4968,30419.0,30419.0,57784248.61271,1925.1,1928.06,1912.69,1925.06,45.99739,-10.78407,1927.196,1927.196,130091
2023-07-11 00:00:00+00:00,30417.0,30804.0,30310.0,30621.0,60.82149,628.20747,30449.6,30449.6,39042351.43818,1925.05,1938.47,1924.35,1932.2,49.28132,-9.2,1926.656,1926.656,140481
2023-07-12 00:00:00+00:00,30631.0,30960.0,30219.0,30382.0,57.75986,586.87016,30474.25,30474.25,52701217.8169,1932.1,1959.7,1932.1,1957.58,58.85848,-5.82946,1927.532,1927.532,182618
2023-07-13 00:00:00+00:00,30383.0,31818.0,30259.0,31471.0,66.12679,634.6672,30512.0,30512.0,95621827.89591,1957.75,1963.65,1952.38,1960.32,59.74229,-2.90372,1927.648,1927.648,174608
2023-07-14 00:00:00+00:00,31474.0,31635.0,29961.0,30331.0,54.05576,573.94218,30501.15,30501.15,81526239.36053,1960.34,1963.78,1950.93,1958.62,58.8969,-0.714,1927.716,1927.716,150427
2023-07-17 00:00:00+00:00,30247.0,30341.0,29675.0,30154.0,52.28403,407.94493,30464.2,30464.2,54597203.89426,1954.83,1959.85,1945.77,1954.84,56.96661,0.7082,1927.934,1927.934,122617
2023-07-18 00:00:00+00:00,30144.0,30244.0,29521.0,29868.0,49.34415,337.00877,30453.65,30453.65,48901892.05466,1954.45,1984.36,1954.45,1978.82,64.8394,3.72732,1930.096,1930.096,166888
2023-07-19 00:00:00+00:00,29862.0,30188.0,29757.0,29919.0,49.88529,281.65982,30427.4,30427.4,43289329.17804,1978.77,1980.93,1969.69,1976.64,63.69851,5.87635,1932.3125,1932.3125,139220
2023-07-20 00:00:00+00:00,29917.0,30414.0,29567.0,29806.0,48.6453,226.07122,30394.25,30394.25,42663174.45934,1978.29,1987.43,1965.36,1969.41,59.93207,6.91634,1935.1225,1935.1225,150651
2023-07-21 00:00:00+00:00,29806.0,30051.0,29735.0,29908.0,49.85691,188.07934,30360.05,30360.05,35821824.11082,1970.44,1973.8,1956.81,1961.84,56.18603,7.04845,1937.152,1937.152,131245
2023-07-24 00:00:00+00:00,30085.0,30099.0,28842.0,29177.0,42.14595,53.9723,30185.35,30185.35,82216063.19166,1962.15,1967.88,1953.47,1954.47,52.73038,6.48372,1938.724,1938.724,128851
2023-07-25 00:00:00+00:00,29176.0,29362.0,29054.0,29224.0,42.75632,-7.30198,30121.5,30121.5,35463069.58755,1955.08,1965.69,1951.74,1964.68,56.70321,6.78185,1941.303,1941.303,114755
2023-07-26 00:00:00+00:00,29224.0,29678.0,29100.0,29354.0,44.50046,-44.85531,30093.6,30093.6,44537106.50138,1964.73,1978.32,1962.0,1972.01,59.34498,7.52287,1944.562,1944.562,151322
2023-07-27 00:00:00+00:00,29353.0,29563.0,29081.0,29219.0,43.0341,-84.5355,30037.15,30037.15,38383355.51106,1971.08,1982.23,1942.57,1944.7,47.67365,5.83913,1946.3915,1946.3915,171479
2023-07-28 00:00:00+00:00,29214.0,29525.0,29121.0,29317.0,44.46471,-106.84293,29988.35,29988.35,36396592.03136,1946.72,1963.56,1945.35,1959.0,52.89738,5.59416,1948.392,1948.392,163704
2023-07-31 00:00:00+00:00,29279.0,29511.0,29115.0,29231.0,43.42363,-148.98368,29821.4,29821.4,26304125.8064,1959.69,1972.39,1950.87,1965.57,55.11445,5.86259,1950.606,1950.606,124167
2023-08-01 00:00:00+00:00,29221.0,29715.0,28574.0,29696.0,50.90801,-121.28728,29787.1,29787.1,68383063.5177,1965.64,1965.98,1941.26,1944.09,47.2791,4.29258,1951.516,1951.516,137650
2023-08-02 00:00:00+00:00,29697.0,30025.0,28929.0,29164.0,43.77334,-140.64437,29671.75,29671.75,58038438.40425,1950.1,1954.84,1932.94,1934.56,44.27189,2.25337,1952.503,1952.503,137843
2023-08-03 00:00:00+00:00,29157.0,29395.0,28925.0,29176.0,43.96411,-153.25014,29614.0,29614.0,39669218.52218,1935.23,1938.88,1929.51,1934.2,44.15763,0.6013,1953.6825,1953.6825,143881
2023-08-04 00:00:00+00:00,29175.0,29306.0,28784.0,29077.0,42.67762,-169.27744,29552.8,29552.8,41598570.24177,1934.68,1946.95,1925.53,1942.65,47.5776,-0.02584,1954.563,1954.563,131349
2023-08-07 00:00:00+00:00,29041.0,29244.0,28671.0,29181.0,44.9914,-184.14303,29402.65,29402.65,42035097.57354,1942.32,1946.72,1931.49,1936.21,45.30053,-1.03062,1955.1205,1955.1205,92575
2023-08-08 00:00:00+00:00,29186.0,30210.0,29107.0,29764.0,54.84145,-130.40142,29394.9,29394.9,75844885.7392,1936.43,1938.06,1922.73,1924.69,41.47646,-2.72507,1954.745,1954.745,116875
2023-08-09 00:00:00+00:00,29776.0,30119.0,29352.0,29565.0,51.45456,-102.68475,29382.85,29382.85,39678647.38075,1924.88,1932.34,1913.98,1914.44,38.37261,-4.83924,1952.588,1952.588,104681
2023-08-10 00:00:00+00:00,29565.0,29703.0,29294.0,29423.0,49.12326,-91.12685,29358.6,29358.6,32108089.75114,1915.32,1930.14,1912.1,1912.39,37.76393,-6.60403,1950.1915,1950.1915,138994
2023-08-11 00:00:00+00:00,29424.0,29525.0,29222.0,29398.0,48.70486,-83.02734,29339.05,29339.05,24682073.86476,1912.5,1920.95,1910.77,1913.66,38.41567,-7.81013,1947.9435,1947.9435,110410
2023-08-14 00:00:00+00:00,29280.0,29659.0,29086.0,29408.0,49.15992,-68.64949,29320.1,29320.1,37674818.68528,1913.77,1916.24,1902.69,1907.1,36.30103,-9.18938,1945.5565,1945.5565,110271
2023-08-15 00:00:00+00:00,29408.0,29455.0,29060.0,29172.0,44.7983,-79.98938,29311.0,29311.0,31535236.61607,1907.09,1911.65,1896.35,1901.57,34.5733,-10.6064,1941.694,1941.694,148964
2023-08-16 00:00:00+00:00,29171.0,29224.0,28693.0,28701.0,37.62378,-125.535,29285.1,29285.1,51606584.19506,1901.75,1907.22,1891.85,1892.47,31.88406,-12.32166,1937.4855,1937.4855,115164
2023-08-17 00:00:00+00:00,28692.0,28757.0,26266.0,26642.0,21.45069,-324.039,29151.35,29151.35,131866147.53097,1894.04,1903.49,1885.04,1888.95,30.88337,-13.80591,1933.4625,1933.4625,132716
2023-08-18 00:00:00+00:00,26632.0,26813.0,25601.0,26051.0,18.93472,-523.01463,28985.9,28985.9,68766518.26052,1889.48,1896.91,1886.76,1889.58,31.29897,-14.76119,1929.8495,1929.8495,110303
2023-08-21 00:00:00+00:00,26193.0,26240.0,25828.0,26125.0,21.08592,-843.11836,28496.3,28496.3,42044390.06536,1889.27,1898.78,1884.81,1894.66,34.70819,-14.93617,1926.859,1926.859,124296
2023-08-22 00:00:00+00:00,26125.0,26137.0,25350.0,26042.0,20.64949,-898.4634,28340.2,28340.2,46495023.32816,1894.5,1904.53,1889.11,1897.32,36.48552,-14.69085,1923.491,1923.491,112253
2023-08-23 00:00:00+00:00,26048.0,26800.0,25805.0,26431.0,28.15492,-900.55467,28202.95,28202.95,65351366.17766,1897.76,1920.38,1897.5,1915.33,47.00433,-12.89454,1920.657,1920.657,130235
2023-08-24 00:00:00+00:00,26429.0,26562.0,25852.0,26168.0,26.34088,-912.91045,28057.5,28057.5,43926341.63593,1916.65,1923.4,1911.77,1916.85,47.79022,-11.21898,1919.2645,1919.2645,123170
2023-08-25 00:00:00+00:00,26169.0,26281.0,25748.0,26048.0,25.53253,-921.76002,27907.45,27907.45,50134792.14501,1916.76,1922.45,1903.78,1913.87,46.33935,-10.01608,1917.008,1917.008,133164
2023-08-28 00:00:00+00:00,26087.0,26223.0,25856.0,26103.0,27.30168,-879.11648,27418.15,27418.15,31645830.60359,1915.66,1926.07,1912.77,1920.04,49.74149,-8.4673,1914.7315,1914.7315,88244
2023-08-29 00:00:00+00:00,26103.0,28142.0,25913.0,27726.0,52.703,-720.10038,27326.2,27326.2,127030054.27861,1920.16,1938.2,1914.44,1937.56,57.90315,-5.75977,1914.405,1914.405,126501
2023-08-30 00:00:00+00:00,27722.0,27757.0,27006.0,27300.0,47.96562,-621.29176,27220.05,27220.05,56910799.86583,1937.0,1949.07,1934.95,1942.37,59.83177,-3.18915,1914.7955,1914.7955,119671
2023-08-31 00:00:00+00:00,27302.0,27537.0,25683.0,25932.0,36.59098,-645.92555,27046.75,27046.75,72861964.11572,1943.79,1947.91,1939.07,1939.87,58.33584,-1.33821,1915.079,1915.079,102490
2023-09-01 00:00:00+00:00,25927.0,26134.0,25333.0,25798.0,35.69798,-668.55401,26865.9,26865.9,50839835.30184,1939.97,1953.02,1934.4,1939.86,58.32955,0.1264,1914.9395,1914.9395,139380
2023-09-04 00:00:00+00:00,25972.0,26081.0,25646.0,25819.0,36.67042,-655.63402,26355.65,26355.65,27980160.01216,1940.03,1946.28,1936.76,1938.47,57.40417,1.16157,1915.0525,1915.0525,49788
2023-09-05 00:00:00+00:00,25827.0,25862.0,25547.0,25783.0,36.37054,-647.06858,26209.75,26209.75,25955227.44969,1938.57,1938.99,1925.36,1925.83,49.68493,0.95105,1915.1095,1915.1095,114240
2023-09-06 00:00:00+00:00,25779.0,26000.0,25386.0,25748.0,36.06177,-635.77578,26165.05,26165.05,32911311.73319,1926.27,1929.19,1915.31,1916.19,44.74326,0.00626,1915.197,1915.197,117051
2023-09-07 00:00:00+00:00,25750.0,26417.0,25600.0,26245.0,43.40865,-580.03612,26174.75,26174.75,43234752.71116,1917.26,1923.54,1916.25,1919.53,46.72052,-0.46759,1915.554,1915.554,100188
2023-09-08 00:00:00+00:00,26256.0,26429.0,25652.0,25908.0,40.0483,-556.63854,26165.3,26165.3,42734669.54545,1919.28,1929.7,1917.35,1918.99,46.43124,-0.87658,1915.8205,1915.8205,98110
2023-09-11 00:00:00+00:00,25839.0,25881.0,24920.0,25155.0,32.97812,-545.82307,26091.85,26091.85,50714558.47187,1919.64,1930.77,1916.47,1922.36,48.57136,-0.9182,1916.5835,1916.5835,101675
2023-09-12 00:00:00+00:00,25157.0,26529.0,25129.0,25844.0,42.97459,-510.46011,26062.5,26062.5,83151583.65134,1922.7,1924.48,1907.59,1913.26,43.51579,-1.66627,1917.168,1917.168,103719
2023-09-13 00:00:00+00:00,25842.0,26395.0,25762.0,26226.0,47.63772,-446.46394,26065.4,26065.4,41077192.55738,1913.19,1915.77,1905.51,1908.13,40.92945,-2.64261,1917.951,1917.951,127049
2023-09-14 00:00:00+00:00,26229.0,26849.0,26143.0,26529.0,51.05648,-367.06564,26089.45,26089.45,55366713.44216,1909.13,1912.91,1901.02,1910.39,42.54943,-3.19714,1919.023,1919.023,151532
2023-09-15 00:00:00+00:00,26529.0,26878.0,26228.0,26607.0,51.92662,-294.45369,26119.4,26119.4,36952041.17874,1910.68,1930.43,1909.71,1923.62,51.01801,-2.53979,1920.725,1920.725,122430
2023-09-18 00:00:00+00:00,26533.0,27422.0,26382.0,26770.0,54.01192,-136.27696,26117.25,26117.25,53963760.17756,1923.91,1934.23,1922.52,1933.56,56.23752,-1.20289,1922.67,1922.67,98677
2023-09-19 00:00:00+00:00,26766.0,27486.0,26682.0,27214.0,59.13723,-55.41287,26112.95,26112.95,51345486.44199,1933.56,1937.41,1929.75,1931.23,54.76437,-0.32762,1924.3655,1924.3655,87422
2023-09-20 00:00:00+00:00,27220.0,27389.0,26852.0,27128.0,57.79367,1.71328,26172.75,26172.75,61440538.59768,1932.25,1947.42,1927.95,1929.31,53.52024,0.2087,1925.0645,1925.0645,136348
2023-09-21 00:00:00+00:00,27124.0,27177.0,26376.0,26563.0,49.79029,1.37948,26211.0,26211.0,41360067.74448,1929.81,1931.6,1913.9,1919.82,47.74646,-0.13052,1925.213,1925.213,145044
2023-09-22 00:00:00+00:00,26568.0,26733.0,26479.0,26581.0,50.02772,2.53813,26246.55,26246.55,18168087.80787,1919.63,1929.12,1919.63,1925.07,50.90207,0.024,1925.773,1925.773,96529
2023-09-25 00:00:00+00:00,26215.0,26436.0,25977.0,26297.0,46.20683,-38.54237,26324.35,26324.35,34380332.521,1926.04,1927.22,1915.11,1915.9,45.70965,-0.58672,1925.566,1925.566,87557
2023-09-26 00:00:00+00:00,26298.0,26386.0,26085.0,26208.0,44.94341,-57.87013,26347.35,26347.35,23183122.3343,1916.08,1916.71,1899.12,1900.3,38.51228,-2.30296,1923.703,1923.703,98639
2023-09-27 00:00:00+00:00,26203.0,26823.0,26095.0,26361.0,47.59613,-60.14835,26353.15,26353.15,48654373.92245,1900.71,1903.92,1872.55,1875.08,30.22612,-5.6332,1920.3385,1920.3385,115362
2023-09-28 00:00:00+00:00,26361.0,27297.0,26325.0,27026.0,57.2397,-8.19939,26409.05,26409.05,74689273.36895,1876.53,1879.58,1857.66,1865.24,27.72011,-8.96313,1916.607,1916.607,148178
2023-09-29 00:00:00+00:00,27029.0,27235.0,26682.0,26911.0,55.343,23.42101,26459.65,26459.65,41351848.95583,1865.03,1879.88,1846.33,1848.99,24.15801,-12.7662,1912.0635,1912.0635,148067
2023-10-02 00:00:00+00:00,27995.0,28592.0,27333.0,27507.0,59.50733,197.31236,26741.3,26741.3,70912307.44035,1847.39,1848.93,1827.14,1828.02,20.4975,-17.27315,1906.541,1906.541,153863
2023-10-03 00:00:00+00:00,27509.0,27670.0,27170.0,27435.0,58.44593,221.34057,26801.75,26801.75,35780256.81101,1828.98,1833.38,1815.25,1823.21,19.75798,-20.99109,1901.41,1901.41,192005
2023-10-04 00:00:00+00:00,27431.0,27831.0,27221.0,27790.0,62.04098,265.96278,26864.8,26864.8,35432557.3121,1823.73,1830.79,1816.58,1820.77,19.37608,-23.85944,1896.639,1896.639,181864
2023-10-05 00:00:00+00:00,27787.0,28125.0,27369.0,27417.0,56.50907,268.1373,26905.3,26905.3,42100952.08612,1821.7,1829.2,1813.01,1820.15,19.27413,-25.88428,1891.67,1891.67,163465
2023-10-06 00:00:00+00:00,27420.0,28301.0,27185.0,27948.0,61.73929,309.14426,26974.15,26974.15,48035724.14441,1820.64,1834.9,1810.47,1831.49,26.85457,-26.27109,1887.295,1887.295,200816
2023-10-09 00:00:00+00:00,27930.0,27996.0,27280.0,27594.0,56.0515,338.70371,27123.1,27123.1,32746476.25725,1854.3,1863.49,1844.23,1861.31,42.21983,-23.89597,1884.2425,1884.2425,154617
2023-10-10 00:00:00+00:00,27598.0,27733.0,27294.0,27395.0,53.15255,305.00155,27136.45,27136.45,32424275.69518,1861.13,1865.37,1853.0,1860.02,41.81066,-21.8657,1881.5805,1881.5805,206185
2023-10-11 00:00:00+00:00,27394.0,27474.0,26533.0,26874.0,46.38815,233.55967,27152.0,27152.0,54897599.48614,1860.27,1877.2,1858.61,1873.64,47.58638,-18.93936,1879.856,1879.856,192900
2023-10-12 00:00:00+00:00,26870.0,26933.0,26545.0,26756.0,44.99157,165.51194,27160.75,27160.75,29430796.40361,1874.36,1885.12,1867.91,1868.82,45.85188,-16.81531,1877.7775,1877.7775,190711
2023-10-13 00:00:00+00:00,26744.0,27108.0,26675.0,26867.0,46.61962,119.16671,27174.95,27174.95,34715599.40538,1869.2,1930.79,1869.16,1929.6,63.78011,-10.11099,1878.0765,1878.0765,213016
2023-10-16 00:00:00+00:00,27161.0,29900.0,27123.0,28518.0,65.33128,176.67787,27364.65,27364.65,136470591.61188,1927.12,1927.33,1908.2,1919.76,60.29926,-5.52806,1877.3865,1877.3865,157802
2023-10-17 00:00:00+00:00,28520.0,28627.0,28081.0,28408.0,63.70943,245.70191,27467.0,27467.0,52977543.44245,1919.76,1931.57,1912.41,1922.95,61.04156,-1.61996,1876.9725,1876.9725,161180
2023-10-18 00:00:00+00:00,28408.0,28984.0,28156.0,28328.0,62.49433,290.59879,27532.1,27532.1,40029627.72805,1923.28,1962.67,1923.27,1947.69,66.30366,3.43395,1877.8915,1877.8915,189675
2023-10-19 00:00:00+00:00,28327.0,28916.0,28138.0,28733.0,66.02692,354.77043,27623.2,27623.2,44442473.20945,1947.43,1977.73,1945.25,1974.15,70.84014,9.46521,1880.608,1880.608,208013
2023-10-20 00:00:00+00:00,28734.0,30233.0,28595.0,29688.0,72.58427,477.18672,27759.3,27759.3,82277110.87083,1972.95,1997.21,1972.04,1980.3,71.79073,14.57329,1883.3695,1883.3695,200791
2023-10-23 00:00:00+00:00,30007.0,34283.0,29898.0,33074.0,85.1411,975.93157,28262.6,28262.6,169562663.74862,1974.01,1982.81,1964.38,1972.61,68.77177,17.79582,1886.205,1886.205,173228
2023-10-24 00:00:00+00:00,33090.0,35198.0,32852.0,33917.0,86.78277,1270.30518,28568.95,28568.95,186647799.98499,1973.26,1980.87,1953.49,1971.01,68.12982,19.99015,1889.7405,1889.7405,169733
2023-10-25 00:00:00+00:00,33928.0,35138.0,33686.0,34498.0,87.78448,1532.81094,28923.0,28923.0,86756880.54676,1969.97,1987.28,1962.96,1979.52,69.74735,22.16042,1894.9625,1894.9625,162510
2023-10-26 00:00:00+00:00,34494.0,34834.0,33738.0,34165.0,83.86149,1694.44581,29233.85,29233.85,70986879.52636,1980.68,1993.44,1971.63,1984.51,70.68682,24.00629,1900.926,1900.926,190119
2023-10-27 00:00:00+00:00,34148.0,34245.0,33407.0,33906.0,80.83567,1781.11193,29530.6,29530.6,71000443.71178,1983.77,2009.47,1976.78,2005.58,74.314,26.8597,1908.7555,1908.7555,179835
2023-10-30 00:00:00+00:00,34549.0,34860.0,34095.0,34495.0,82.0196,1931.57627,30540.7,30540.7,63579692.62213,2003.35,2006.74,1990.96,1996.35,70.21518,28.0529,1917.172,1917.172,160759
2023-10-31 00:00:00+00:00,34489.0,34730.0,34061.0,34661.0,82.51082,1942.07577,30930.05,30930.05,54254434.35349,1995.96,2007.93,1978.84,1983.79,64.96427,27.66611,1925.201,1925.201,176431
2023-11-01 00:00:00+00:00,34667.0,35612.0,34102.0,35440.0,84.63253,1990.3124,31364.25,31364.25,74359009.57762,1983.65,1992.03,1969.88,1981.4,63.98373,26.85713,1933.2325,1933.2325,184859
2023-11-02 00:00:00+00:00,35440.0,35968.0,34320.0,34937.0,78.04842,1965.29765,31767.75,31767.75,57183398.88874,1982.19,1991.08,1978.84,1985.34,64.92364,26.23155,1941.492,1941.492,154123
2023-11-03 00:00:00+00:00,34947.0,34947.0,34132.0,34727.0,75.4107,1906.55051,32161.35,32161.35,46757363.34226,1985.85,2004.11,1983.17,1992.36,66.59631,26.00249,1949.5355,1949.5355,188117
2023-11-06 00:00:00+00:00,35043.0,35290.0,34766.0,35042.0,76.25834,1748.09827,33215.0,33215.0,37460589.42527,1991.44,1993.16,1977.42,1978.1,60.30533,24.38915,1955.375,1955.375,141214
2023-11-07 00:00:00+00:00,35061.0,35891.0,34530.0,35414.0,77.91932,1707.60148,33569.3,33569.3,63248136.48796,1978.17,1978.27,1956.71,1968.76,56.5381,22.10213,1960.812,1960.812,160002
2023-11-08 00:00:00+00:00,35417.0,36150.0,35111.0,35640.0,78.88576,1674.44187,33914.65,33914.65,48625635.47149,1969.06,1971.04,1947.44,1950.25,49.88695,18.58185,1964.6425,1964.6425,154454
2023-11-09 00:00:00+00:00,35633.0,37978.0,35578.0,36693.0,82.68784,1713.38017,34264.9,34264.9,110676451.05392,1950.89,1965.64,1944.51,1958.5,52.5654,16.27015,1969.1265,1969.1265,174725
2023-11-10 00:00:00+00:00,36700.0,37558.0,36343.0,37319.0,84.47738,1774.299,34634.5,34634.5,60555243.97296,1958.16,1960.81,1933.06,1937.78,45.92623,12.6207,1969.5355,1969.5355,159274
2023-11-13 00:00:00+00:00,37085.0,37421.0,36355.0,36485.0,72.43281,1694.40955,35321.0,35321.0,55111292.35053,1940.52,1949.22,1931.6,1946.03,48.7043,10.27574,1970.849,1970.849,126563
2023-11-14 00:00:00+00:00,36474.0,36749.0,35002.0,35564.0,61.6244,1539.30893,35374.3,35374.3,61064995.85129,1945.92,1970.87,1943.71,1963.08,53.96779,9.68153,1972.8555,1972.8555,138428
2023-11-15 00:00:00+00:00,35558.0,37975.0,35378.0,37877.0,72.65873,1584.7622,35559.9,35559.9,94459966.44315,1962.57,1975.34,1955.37,1959.34,52.69059,8.8073,1973.438,1973.438,144804
2023-11-16 00:00:00+00:00,37886.0,37960.0,35539.0,36165.0,59.11086,1465.74396,35672.85,35672.85,75041583.79226,1960.45,1987.91,1956.41,1981.19,58.82191,9.76502,1973.79,1973.79,132632
2023-11-17 00:00:00+00:00,36167.0,36800.0,35891.0,36625.0,61.20405,1392.48758,35799.55,35799.55,69480570.7949,1981.04,1993.36,1978.53,1980.16,58.43744,10.32192,1973.783,1973.783,132298
2023-11-20 00:00:00+00:00,37426.0,37769.0,36716.0,37480.0,64.97371,1291.73797,36189.65,36189.65,92460275.46012,1977.45,1985.15,1965.4,1977.33,57.32869,10.41485,1974.019,1974.019,147844
2023-11-21 00:00:00+00:00,37473.0,37664.0,35758.0,35758.0,52.81452,1126.49212,36205.55,36205.55,94234608.91423,1978.42,2007.53,1978.28,1998.52,62.99085,12.05935,1975.3945,1975.3945,164573
2023-11-22 00:00:00+00:00,35762.0,37865.0,35651.0,37424.0,60.51363,1117.08876,36329.9,36329.9,77474128.87374,1998.47,2006.43,1986.86,1989.89,59.5265,12.52191,1975.913,1975.913,144419
2023-11-23 00:00:00+00:00,37432.0,37649.0,36886.0,37301.0,59.73863,1087.17914,36458.6,36458.6,38136788.07334,1989.81,1998.52,1988.83,1992.78,60.31365,12.97215,1976.3265,1976.3265,39510
2023-11-24 00:00:00+00:00,37312.0,38437.0,37266.0,37746.0,61.65214,1086.85474,36591.6,36591.6,68019490.39134,1993.07,2003.58,1991.45,2002.33,62.88259,13.9389,1976.164,1976.164,53647
2023-11-27 00:00:00+00:00,37467.0,37574.0,36727.0,37240.0,57.76578,967.68956,36942.0,36942.0,54419115.53616,2000.89,2018.12,2000.38,2013.95,65.78474,15.46443,1977.044,1977.044,78978
2023-11-28 00:00:00+00:00,37256.0,38420.0,36883.0,37839.0,60.88295,953.17008,37051.95,37051.95,110837220.10214,2012.84,2042.98,2011.49,2041.11,71.41132,18.65002,1979.91,1979.91,76105
2023-11-29 00:00:00+00:00,37842.0,38457.0,37597.0,37863.0,61.00713,932.84662,37110.45,37110.45,60466296.33632,2040.92,2051.99,2035.42,2044.08,71.95444,21.17024,1983.044,1983.044,91294
2023-11-30 00:00:00+00:00,37864.0,38173.0,37510.0,37719.0,59.78087,894.80577,37130.45,37130.45,46714820.91249,2044.73,2047.25,2031.01,2035.99,68.15616,22.25816,1985.5765,1985.5765,82496
2023-12-01 00:00:00+00:00,37731.0,39000.0,37628.0,38707.0,64.98174,933.61929,37208.2,37208.2,61340698.36018,2037.45,2075.36,2033.91,2071.35,74.49376,25.67761,1989.526,1989.526,64670
2023-12-04 00:00:00+00:00,39988.0,42404.0,39988.0,41985.0,76.84854,1326.94663,37823.85,37823.85,103163134.61117,2074.03,2134.57,2020.13,2028.93,59.25729,24.68011,1992.0675,1992.0675,83059
2023-12-05 00:00:00+00:00,41979.0,44490.0,41415.0,44075.0,81.37829,1650.46285,38133.75,38133.75,104974257.05717,2029.53,2041.17,2009.8,2019.16,56.39625,22.83796,1994.5875,1994.5875,74576
2023-12-06 00:00:00+00:00,44087.0,44282.0,43419.0,43764.0,78.90431,1860.31216,38513.7,38513.7,69623939.39933,2019.29,2035.86,2017.21,2025.34,57.7847,21.62741,1998.342,1998.342,64203
2023-12-07 00:00:00+00:00,43764.0,44044.0,42849.0,43291.0,75.16175,1965.79168,38847.0,38847.0,66563236.42497,2025.82,2039.94,2020.18,2028.52,58.51669,20.68619,2001.843,2001.843,63350
2023-12-08 00:00:00+00:00,43296.0,44729.0,43078.0,44193.0,77.36646,2097.98456,39227.15,39227.15,75581529.54052,2028.72,2033.98,1994.58,2003.89,51.12285,17.74823,2005.1485,2005.1485,67601
2023-12-11 00:00:00+00:00,43786.0,43801.0,40181.0,41242.0,57.0011,1936.54252,40130.95,40130.95,175752178.20917,2005.55,2007.71,1975.78,1981.73,45.54666,13.47641,2006.9335,2006.9335,59875
2023-12-12 00:00:00+00:00,41232.0,42071.0,40649.0,41458.0,57.87877,1761.99787,40332.65,40332.65,66770630.2293,1982.41,1996.68,1977.21,1979.31,44.9698,9.78291,2007.745,2007.745,50265
2023-12-13 00:00:00+00:00,41483.0,43440.0,40589.0,42888.0,63.22981,1719.24069,40612.0,40612.0,113431745.26703,1979.87,2027.36,1973.0,2026.29,56.49059,10.52535,2011.0925,2011.0925,56296
2023-12-14 00:00:00+00:00,42899.0,43409.0,41509.0,43031.0,63.72608,1677.55639,40876.25,40876.25,86151410.80366,2025.0,2047.9,2024.45,2035.83,58.39536,11.74812,2013.8245,2013.8245,74024
2023-12-15 00:00:00+00:00,43047.0,43082.0,41664.0,41925.0,57.28625,1537.55239,41082.05,41082.05,73533038.49525,2036.41,2044.95,2015.48,2018.39,53.76178,11.18102,2015.736,2015.736,341130
2023-12-18 00:00:00+00:00,41337.0,42732.0,40513.0,42650.0,59.04237,1226.25362,41767.15,41767.15,99385837.40469,2019.59,2033.77,2015.86,2027.11,55.65641,11.3049,2018.225,2018.225,286998
2023-12-19 00:00:00+00:00,42664.0,43456.0,41794.0,42258.0,56.8943,1148.21993,41986.9,41986.9,96178064.58811,2027.73,2047.03,2021.62,2040.5,58.47044,12.34128,2020.324,2020.324,311737
2023-12-20 00:00:00+00:00,42257.0,44291.0,42207.0,43665.0,62.20887,1186.23661,42284.2,42284.2,111529260.0794,2039.95,2043.56,2027.27,2030.78,55.70683,12.23723,2022.3685,2022.3685,313819
2023-12-21 00:00:00+00:00,43667.0,44240.0,43305.0,43873.0,62.93637,1219.09599,42542.5,42542.5,80858037.63703,2032.44,2046.12,2031.39,2045.87,58.95063,13.22001,2025.023,2025.023,334884
2023-12-22 00:00:00+00:00,43871.0,44409.0,43430.0,44002.0,63.40687,1241.23828,42768.9,42768.9,55560915.04615,2047.3,2070.7,2046.78,2053.08,60.44133,14.4145,2027.5605,2027.5605,383757
2023-12-26 00:00:00+00:00,43587.0,43605.0,41639.0,42510.0,53.2287,978.83374,42921.6,42921.6,105293508.17447,2058.03,2069.05,2053.39,2067.23,63.26111,16.31486,2030.2245,2030.2245,202692
2023-12-27 00:00:00+00:00,42511.0,43698.0,42121.0,43473.0,57.63415,945.99559,42930.7,42930.7,88222963.73565,2067.75,2084.51,2061.32,2077.16,65.13908,18.40996,2032.027,2032.027,285861
2023-12-28 00:00:00+00:00,43468.0,43812.0,42288.0,42583.0,52.6942,838.48997,42850.2,42850.2,60067657.10305,2078.01,2088.51,2064.37,2065.61,61.21924,18.92025,2033.1035,2033.1035,328644
2023-12-29 00:00:00+00:00,42587.0,43128.0,41306.0,42072.0,50.04208,703.94294,42768.2,42768.2,115277718.99061,2066.76,2074.87,2058.07,2062.74,60.24904,18.87549,2034.441,2034.441,317983
2024-01-02 00:00:00+00:00,44187.0,45922.0,44167.0,44970.0,63.31094,719.26642,42977.65,42977.65,177571198.64457,2064.98,2078.99,2055.82,2058.89,58.90052,18.3182,2033.818,2033.818,376652
2024-01-03 00:00:00+00:00,44972.0,45510.0,41454.0,42865.0,51.8706,638.09798,42969.35,42969.35,170638194.62473,2058.97,2066.05,2030.49,2041.04,52.97974,16.24888,2034.4235,2034.4235,441873
2024-01-04 00:00:00+00:00,42863.0,44795.0,42656.0,44186.0,57.10861,672.61161,43082.4,43082.4,128940021.56331,2042.14,2051.04,2036.1,2043.5,53.67093,14.63869,2035.6405,2035.6405,324177
2024-01-05 00:00:00+00:00,44195.0,44366.0,42500.0,44184.0,57.09847,691.82758,43179.3,43179.3,139421126.67796,2043.43,2064.07,2024.34,2045.06,54.13139,13.33477,2036.6265,2036.6265,479243
2024-01-08 00:00:00+00:00,43936.0,47281.0,43213.0,46995.0,66.77249,887.70178,43613.55,43613.55,170914282.7044,2044.75,2046.55,2016.61,2027.92,48.43528,10.79392,2036.5965,2036.5965,386657
2024-01-09 00:00:00+00:00,47012.0,47897.0,44903.0,46124.0,62.0367,981.71438,43736.5,43736.5,186021543.20293,2028.37,2042.09,2025.95,2030.02,49.14141,8.84774,2037.903,2037.903,376717
2024-01-10 00:00:00+00:00,46103.0,47751.0,44304.0,46681.0,63.80465,1088.61639,43876.9,43876.9,188663711.83471,2030.7,2040.37,2020.31,2024.09,47.17678,6.74908,2040.021,2040.021,399655
2024-01-11 00:00:00+00:00,46678.0,49048.0,45600.0,46360.0,62.01232,1134.35881,43994.8,43994.8,207369365.31078,2025.02,2045.8,2013.16,2028.63,48.8624,5.39008,2042.487,2042.487,539869
2024-01-12 00:00:00+00:00,46343.0,46516.0,41509.0,42778.0,46.36175,871.52613,43947.05,43947.05,222740373.27436,2029.29,2062.33,2029.15,2048.76,55.6241,5.86972,2043.6105,2043.6105,562612
2024-01-15 00:00:00+00:00,41701.0,43324.0,41680.0,42493.0,46.07305,250.09522,43842.9,43842.9,61869181.44539,2048.46,2058.66,2045.68,2054.6,57.3846,6.64449,2044.549,2044.549,249053
2024-01-16 00:00:00+00:00,42483.0,43566.0,42056.0,43131.0,48.73249,182.03454,43825.8,43825.8,102168295.48644,2055.07,2055.59,2024.19,2028.21,48.09853,5.07059,2045.04,2045.04,464060
2024-01-17 00:00:00+00:00,43128.0,43187.0,42172.0,42738.0,47.18873,95.28575,43833.55,43833.55,71360410.32263,2027.75,2033.0,2001.68,2006.2,41.99478,2.02392,2043.9945,2043.9945,562103
2024-01-18 00:00:00+00:00,42738.0,42871.0,40600.0,41283.0,41.89699,-89.83408,43794.1,43794.1,92210750.72306,2006.87,2023.31,2005.65,2022.84,47.42664,0.94126,2043.1115,2043.1115,435793
2024-01-19 00:00:00+00:00,41250.0,42152.0,40258.0,41628.0,43.51447,-206.32587,43768.1,43768.1,109809602.29454,2024.17,2039.5,2020.26,2029.33,49.41626,0.60002,2043.039,2043.039,410860
2024-01-22 00:00:00+00:00,41555.0,41649.0,39437.0,39528.0,36.00966,-578.97771,43335.4,43335.4,119879814.22963,2028.53,2032.19,2016.42,2021.15,47.00185,-0.3267,2041.803,2041.803,425457
2024-01-23 00:00:00+00:00,39515.0,40133.0,38505.0,39868.0,37.88943,-713.53352,43185.55,43185.55,109295863.84698,2021.71,2037.98,2019.51,2029.05,49.56476,-0.41885,2040.6015,2040.6015,435946
2024-01-24 00:00:00+00:00,39849.0,40515.0,39461.0,40074.0,39.05753,-794.39026,42979.95,42979.95,106134443.18873,2029.59,2036.78,2011.06,2014.21,45.148,-1.67008,2037.9505,2037.9505,546589
2024-01-25 00:00:00+00:00,40074.0,40278.0,39531.0,39916.0,38.46008,-861.29066,42766.55,42766.55,91640429.41826,2015.98,2025.44,2009.47,2019.92,47.10128,-2.17587,2035.0885,2035.0885,443338
2024-01-26 00:00:00+00:00,39929.0,42233.0,39808.0,41818.0,48.64422,-752.16373,42657.5,42657.5,147436980.90424,2020.29,2026.75,2015.81,2018.34,46.60671,-2.67338,2032.725,2032.725,355391
2024-01-29 00:00:00+00:00,42027.0,43305.0,41804.0,43305.0,55.54783,-360.99429,42177.1,42177.1,99823854.47269,2023.75,2037.46,2019.18,2031.72,51.27274,-1.96535,2031.174,2031.174,288179
2024-01-30 00:00:00+00:00,43302.0,43853.0,42692.0,42946.0,53.63423,-244.1333,41990.35,41990.35,98413645.47539,2032.77,2048.64,2028.96,2036.39,52.82241,-1.0157,2030.049,2030.049,414128
2024-01-31 00:00:00+00:00,42945.0,43738.0,42264.0,42558.0,51.56658,-180.74497,41800.25,41800.25,139866006.32105,2036.44,2056.07,2030.79,2038.75,53.62508,-0.07183,2029.9345,2029.9345,569048
2024-02-01 00:00:00+00:00,42548.0,43263.0,41859.0,43071.0,54.08682,-88.0989,41814.9,41814.9,80565208.80396,2039.78,2065.54,2029.93,2054.62,58.71216,1.93447,2030.4905,2030.4905,591935
2024-02-02 00:00:00+00:00,43075.0,43451.0,42538.0,43183.0,54.64175,-5.57449,41831.9,41831.9,81904123.66056,2054.46,2057.73,2027.73,2039.44,52.75143,2.27337,2030.2095,2030.2095,383513
2024-02-05 00:00:00+00:00,42568.0,43515.0,42244.0,42659.0,51.3707,58.76057,41876.1,41876.1,86559032.47934,2041.8,2042.29,2014.76,2024.74,47.70099,1.34033,2030.0505,2030.0505,397738
2024-02-06 00:00:00+00:00,42657.0,43366.0,42521.0,43092.0,54.0287,100.56451,41893.8,41893.8,66441499.1095,2025.3,2038.96,2022.77,2035.86,51.48493,1.48112,2030.3425,2030.3425,191843
2024-02-07 00:00:00+00:00,43093.0,44389.0,42764.0,44346.0,60.72412,232.20505,42046.95,42046.95,73915301.61101,2035.68,2044.64,2030.5,2034.76,51.09113,1.48679,2030.876,2030.876,142465
2024-02-08 00:00:00+00:00,44342.0,45587.0,44325.0,45300.0,64.91106,408.79857,42230.55,42230.55,140509985.86753,2035.68,2038.7,2020.08,2033.97,50.79067,1.41126,2031.143,2031.143,151331
2024-02-09 00:00:00+00:00,45299.0,48201.0,45252.0,47161.0,71.33143,690.95249,42504.95,42504.95,154112381.17761,2034.85,2037.28,2020.2,2023.79,46.95833,0.52393,2029.8945,2029.8945,137919
2024-02-12 00:00:00+00:00,48313.0,50333.0,47720.0,49937.0,78.37684,1492.36665,43758.15,43758.15,129590357.64166,2026.07,2027.59,2011.75,2019.87,45.5336,-0.48995,2028.158,2028.158,139042
2024-02-13 00:00:00+00:00,49937.0,50385.0,48325.0,49720.0,76.71632,1694.73594,44240.45,44240.45,105774226.74522,2019.76,2031.91,1989.97,1992.85,37.16363,-3.43416,2026.39,2026.39,153666
2024-02-14 00:00:00+00:00,49728.0,52093.0,49267.0,51844.0,80.96687,2003.41004,44836.85,44836.85,128057911.59775,1992.09,1996.12,1984.03,1992.03,36.94169,-5.76715,2025.6815,2025.6815,145695
2024-02-15 00:00:00+00:00,51841.0,52884.0,51364.0,51942.0,81.13796,2230.23551,45343.05,45343.05,134038755.7767,1993.26,2008.38,1990.09,2004.14,42.4113,-6.56323,2024.7465,2024.7465,138883
2024-02-16 00:00:00+00:00,51935.0,52600.0,51615.0,52161.0,81.53738,2400.00207,45844.9,45844.9,92135592.06386,2004.56,2015.24,1995.19,2013.58,46.32006,-6.3591,2023.959,2023.959,134063
2024-02-19 00:00:00+00:00,52155.0,52496.0,51694.0,51789.0,75.76299,2518.43076,47210.2,47210.2,58180302.69557,2012.06,2023.04,2011.38,2017.91,48.06143,-5.78128,2023.797,2023.797,99424
2024-02-20 00:00:00+00:00,51776.0,53015.0,50770.0,52275.0,77.03074,2521.94139,47696.05,47696.05,128808168.65968,2016.88,2030.94,2014.87,2023.74,50.39474,-4.79763,2023.5315,2023.5315,130543
2024-02-21 00:00:00+00:00,52272.0,52397.0,50611.0,51843.0,73.35764,2461.49027,48134.65,48134.65,116797503.12434,2024.15,2032.27,2020.05,2025.64,51.16473,-3.82071,2024.103,2024.103,140852
2024-02-22 00:00:00+00:00,51857.0,52049.0,50921.0,51253.0,68.55002,2339.01159,48538.15,48538.15,103799920.61541,2026.22,2034.86,2019.48,2024.43,50.62578,-3.10831,2024.3285,2024.3285,148581
2024-02-23 00:00:00+00:00,51252.0,51507.0,50519.0,50743.0,64.60839,2175.71335,48925.6,48925.6,97613534.24729,2024.29,2041.39,2015.92,2035.69,55.34022,-1.6165,2025.196,2025.196,150657
2024-02-26 00:00:00+00:00,51738.0,54969.0,50909.0,54524.0,76.63811,2147.13382,50399.95,50399.95,139936285.67009,2033.22,2037.1,2024.94,2030.83,52.98846,-0.81698,2025.1515,2025.1515,137193
2024-02-27 00:00:00+00:00,54534.0,57615.0,54500.0,57068.0,81.37992,2433.98621,51036.05,51036.05,239524121.58335,2030.85,2039.51,2028.63,2030.22,52.68582,-0.22992,2024.843,2024.843,130031
2024-02-28 00:00:00+00:00,57065.0,64000.0,56724.0,62512.0,87.31393,3065.26958,51896.65,51896.65,374509999.29595,2029.84,2037.94,2024.38,2034.86,54.80053,0.60279,2024.6485,2024.6485,130050
2024-02-29 00:00:00+00:00,62512.0,63684.0,60365.0,61161.0,80.46103,3417.16088,52596.65,52596.65,269001995.14903,2035.24,2050.78,2027.97,2043.75,58.61689,1.9575,2024.105,2024.105,145893
2024-03-01 00:00:00+00:00,61161.0,63265.0,60801.0,62444.0,81.91286,3756.26477,53330.35,53330.35,132138174.81447,2043.47,2088.38,2038.92,2083.31,70.53803,6.15236,2026.2985,2026.2985,163914
2024-03-04 00:00:00+00:00,63140.0,68577.0,62376.0,68359.0,86.05021,4658.95879,55609.0,55609.0,302367996.66312,2082.62,2119.94,2079.37,2114.94,76.39341,11.89201,2030.8085,2030.8085,143599
2024-03-05 00:00:00+00:00,68359.0,69210.0,59313.0,63796.0,69.35246,4648.98254,56206.6,56206.6,471545211.65197,2113.84,2141.81,2110.43,2127.57,78.25207,17.26088,2035.394,2035.394,174269
2024-03-06 00:00:00+00:00,63815.0,67645.0,62843.0,66120.0,72.30059,4773.57684,56915.5,56915.5,280039895.00678,2127.37,2152.27,2123.59,2148.24,80.90223,22.91945,2041.068,2041.068,158416
2024-03-07 00:00:00+00:00,66124.0,68061.0,65623.0,66941.0,73.27851,4882.2866,57654.5,57654.5,224581710.92191,2147.72,2164.76,2144.2,2159.39,82.16479,27.98107,2047.339,2047.339,164964
2024-03-08 00:00:00+00:00,66928.0,70184.0,66264.0,68285.0,74.84422,5019.03315,58485.55,58485.55,302028471.12904,2158.85,2195.22,2153.96,2178.5,84.1044,33.1523,2055.0745,2055.0745,175889
2024-03-11 00:00:00+00:00,69013.0,72910.0,67120.0,72118.0,79.12705,5337.88572,61156.2,61156.2,362634568.22415,2179.67,2189.03,2174.72,2182.56,84.49032,37.1499,2063.209,2063.209,146060
2024-03-12 00:00:00+00:00,72105.0,73054.0,68636.0,71473.0,76.71936,5395.98971,62137.7,62137.7,289591338.92849,2181.74,2184.76,2150.5,2158.57,73.18406,37.94483,2071.495,2071.495,94035
2024-03-13 00:00:00+00:00,71473.0,73679.0,71340.0,73121.0,78.51796,5511.4844,63231.1,63231.1,266715579.90329,2158.26,2179.85,2155.72,2174.5,75.52605,39.40599,2080.6185,2080.6185,62082
2024-03-14 00:00:00+00:00,73130.0,73794.0,68555.0,71371.0,72.14406,5399.56162,64262.5,64262.5,295788191.37381,2173.97,2176.97,2152.75,2161.7,70.21931,39.08062,2088.4965,2088.4965,61521
2024-03-15 00:00:00+00:00,71387.0,72415.0,65569.0,69516.0,66.02564,5102.36215,65160.2,65160.2,344271740.34129,2162.22,2172.71,2155.17,2156.08,67.9614,37.93202,2095.6215,2095.6215,58694
2024-03-18 00:00:00+00:00,68344.0,68902.0,66585.0,67613.0,58.21361,3832.78795,67055.15,67055.15,195514359.86056,2154.24,2163.58,2146.08,2160.1,68.73581,36.92053,2102.731,2102.731,53688
2024-03-19 00:00:00+00:00,67603.0,68123.0,61447.0,61897.0,46.64277,3066.72038,67024.4,67024.4,329176030.07326,2159.78,2162.77,2147.14,2157.57,67.62791,35.50548,2109.4225,2109.4225,59381
2024-03-20 00:00:00+00:00,61919.0,68168.0,60760.0,67872.0,56.39873,2908.21478,67359.95,67359.95,338674804.47026,2157.54,2188.77,2149.61,2185.57,72.84462,36.22582,2117.419,2117.419,62699
2024-03-21 00:00:00+00:00,67842.0,68249.0,64537.0,65485.0,52.28572,2560.47148,67512.0,67512.0,192251157.21232,2187.74,2222.65,2166.43,2181.06,70.86376,36.01758,2125.2505,2125.2505,90892
2024-03-22 00:00:00+00:00,65477.0,66631.0,62332.0,63807.0,49.55009,2124.98632,67600.25,67600.25,154448567.41817,2182.02,2186.03,2157.09,2165.52,64.36861,34.20432,2131.742,2131.742,78823
2024-03-25 00:00:00+00:00,67208.0,71213.0,66407.0,69898.0,58.89358,1899.84307,67889.75,67889.75,213132400.47152,2167.75,2181.26,2163.5,2171.19,65.60726,32.84619,2138.76,2138.76,70299
2024-03-26 00:00:00+00:00,69889.0,71572.0,69257.0,69997.0,59.03218,2015.32271,68083.6,68083.6,173588919.69612,2171.42,2200.03,2167.57,2177.77,67.03925,31.93272,2146.1375,2146.1375,63728
2024-03-27 00:00:00+00:00,69999.0,71754.0,68362.0,69421.0,57.81088,2036.88285,68207.6,68207.6,160110527.74308,2178.37,2197.55,2172.87,2194.74,70.45579,32.20685,2154.1315,2154.1315,64431
2024-03-28 00:00:00+00:00,69406.0,71587.0,68863.0,70803.0,59.95173,2140.80738,68333.5,68333.5,151953808.58132,2191.31,2236.18,2187.27,2232.62,76.349,35.07637,2163.575,2163.575,79290
2024-04-01 00:00:00+00:00,71296.0,71296.0,68073.0,69699.0,56.21169,2029.82074,68304.5,68304.5,141681724.49146,2240.87,2265.61,2228.51,2249.68,78.4353,38.28575,2171.8935,2171.8935,83935
2024-04-02 00:00:00+00:00,69694.0,69706.0,64545.0,65469.0,47.35515,1590.17439,67921.9,67921.9,231211665.69629,2249.34,2281.01,2246.67,2280.02,81.55202,42.7842,2180.1475,2180.1475,88347
2024-04-03 00:00:00+00:00,65471.0,66942.0,64511.0,65988.0,48.42879,1269.00218,67652.75,67652.75,123801584.96912,2281.33,2300.01,2265.42,2300.01,83.26789,47.4157,2188.7695,2188.7695,94706
2024-04-04 00:00:00+00:00,65984.0,69328.0,65100.0,68538.0,53.45176,1206.32878,67603.85,67603.85,159855793.04569,2299.02,2305.56,2279.95,2290.37,79.43103,49.73502,2195.876,2195.876,84214
2024-04-05 00:00:00+00:00,68522.0,68767.0,65999.0,67857.0,51.99527,1089.15356,67734.3,67734.3,149352870.89638,2291.42,2330.44,2267.75,2328.09,82.77548,53.99437,2204.311,2204.311,91337
2024-04-08 00:00:00+00:00,69336.0,72756.0,69073.0,71613.0,59.27782,1250.64465,68335.6,68335.6,160984287.37616,2326.01,2353.84,2302.9,2338.46,83.56659,57.54338,2212.309,2212.309,108686
2024-04-09 00:00:00+00:00,71623.0,71748.0,68217.0,69135.0,53.25316,1174.69585,68398.75,68398.75,160398178.7992,2337.44,2365.28,2337.04,2352.89,84.62481,60.8193,2220.8255,2220.8255,104273
2024-04-10 00:00:00+00:00,69100.0,71150.0,67482.0,70630.0,56.14881,1221.06421,68656.0,68656.0,176173585.46343,2352.41,2360.03,2319.43,2331.79,76.83364,61.00961,2229.4865,2229.4865,100677
2024-04-11 00:00:00+00:00,70638.0,71287.0,69555.0,70015.0,54.64914,1194.41761,68966.4,68966.4,138359028.994,2333.8,2377.64,2325.85,2374.59,80.71267,63.87769,2239.491,2239.491,102200
2024-04-12 00:00:00+00:00,70019.0,71236.0,65230.0,67150.0,48.19168,931.38204,69123.85,69123.85,191735414.30794,2373.85,2431.44,2333.86,2344.58,71.65311,63.00285,2248.635,2248.635,127474
2024-04-15 00:00:00+00:00,65748.0,66900.0,62340.0,63438.0,42.08879,-135.55898,68431.75,68431.75,166176441.71916,2359.72,2387.51,2323.98,2381.16,75.29344,64.51752,2259.889,2259.889,113850
2024-04-16 00:00:00+00:00,63467.0,64376.0,61654.0,63830.0,43.01519,-392.5353,68152.2,68152.2,171400981.17832,2382.29,2398.18,2362.99,2378.66,74.58844,64.76955,2270.817,2270.817,114166
2024-04-17 00:00:00+00:00,63821.0,64636.0,59672.0,61278.0,38.67734,-792.97503,67675.95,67675.95,197755883.35033,2383.4,2395.53,2354.54,2361.34,69.71801,62.84724,2281.0055,2281.0055,103675
2024-04-18 00:00:00+00:00,61256.0,64182.0,60830.0,63515.0,44.00764,-919.22297,67356.55,67356.55,149460469.78518,2364.36,2392.76,2362.98,2376.97,71.525,61.87179,2290.5755,2290.5755,117665
2024-04-19 00:00:00+00:00,63512.0,65506.0,59629.0,63821.0,44.71554,-983.24944,67066.95,67066.95,239732366.68204,2379.3,2417.83,2372.91,2390.36,73.01082,61.47061,2301.0405,2301.0405,146102
2024-04-22 00:00:00+00:00,64951.0,67241.0,64545.0,66855.0,51.85347,-677.9135,66584.05,66584.05,135019527.74179,2384.0,2388.38,2324.47,2325.64,57.41604,55.29292,2309.0465,2309.0465,80592
2024-04-23 00:00:00+00:00,66845.0,67201.0,65837.0,66421.0,50.79032,-547.24759,66605.7,66605.7,79728196.55294,2329.92,2334.34,2291.39,2321.51,56.58544,49.49327,2316.5625,2316.5625,78895
2024-04-24 00:00:00+00:00,66413.0,67057.0,63554.0,64259.0,45.75734,-611.10481,66391.75,66391.75,133160631.95523,2321.91,2337.19,2311.78,2315.04,55.23731,43.86924,2323.426,2323.426,71283
2024-04-25 00:00:00+00:00,64254.0,65286.0,62785.0,64493.0,46.3767,-635.50457,66223.55,66223.55,119421305.39596,2317.29,2344.8,2305.05,2331.24,57.93939,40.25532,2330.251,2330.251,68535
2024-04-26 00:00:00+00:00,64488.0,64793.0,63306.0,63745.0,44.62271,-707.04849,65964.95,65964.95,77377475.70607,2331.84,2352.5,2326.17,2337.37,58.94918,37.45415,2335.4885,2335.4885,64963
2024-04-29 00:00:00+00:00,63106.0,64181.0,61764.0,63832.0,45.4842,-845.4757,64977.6,64977.6,95524685.44338,2333.5,2346.63,2320.04,2336.35,58.69666,34.75131,2339.822,2339.822,70057
2024-04-30 00:00:00+00:00,63849.0,64714.0,59068.0,60632.0,37.87335,-1083.55699,64477.7,64477.7,166152755.83114,2335.67,2336.23,2285.04,2285.57,47.73386,28.18685,2340.0995,2340.0995,71735
2024-05-01 00:00:00+00:00,60611.0,60786.0,56500.0,58256.0,33.40394,-1447.27816,63889.75,63889.75,205253420.84577,2287.72,2328.2,2281.63,2318.09,53.69803,25.31672,2341.0035,2341.0035,69663
2024-05-02 00:00:00+00:00,58272.0,59623.0,56932.0,59099.0,36.27721,-1648.50382,63487.2,63487.2,100473944.89417,2319.33,2326.43,2285.5,2302.94,50.79028,21.57099,2341.632,2341.632,68516
2024-05-03 00:00:00+00:00,59076.0,63340.0,58829.0,62915.0,47.35076,-1482.96263,63430.25,63430.25,161064980.83433,2304.97,2320.59,2277.38,2300.95,50.40419,18.23173,2340.275,2340.275,67072
2024-05-06 00:00:00+00:00,64024.0,65513.0,62720.0,63164.0,47.86905,-956.73595,63333.6,63333.6,103787115.08661,2302.1,2331.99,2291.79,2324.31,54.75239,17.27121,2339.5675,2339.5675,71355
2024-05-07 00:00:00+00:00,63159.0,64389.0,62278.0,62320.0,45.72673,-934.25543,63385.7,63385.7,84575842.50716,2325.07,2329.88,2310.01,2313.76,52.51317,15.48024,2337.611,2337.611,65002
2024-05-08 00:00:00+00:00,62310.0,62996.0,60873.0,61181.0,42.93419,-996.8561,63269.0,63269.0,89887254.00008,2314.99,2321.32,2303.72,2308.63,51.41211,13.49142,2336.453,2336.453,66905
2024-05-09 00:00:00+00:00,61143.0,63409.0,60634.0,63075.0,48.55983,-883.4537,63231.7,63231.7,87431706.10859,2309.55,2347.17,2306.73,2345.1,58.13286,14.68877,2334.9785,2334.9785,67129
2024-05-10 00:00:00+00:00,63072.0,63876.0,60176.0,60793.0,43.0528,-966.57771,63021.85,63021.85,135541692.85314,2345.71,2378.32,2344.53,2360.77,60.65133,16.70949,2335.788,2335.788,72563
2024-05-13 00:00:00+00:00,61446.0,63444.0,60758.0,62934.0,49.59668,-850.50126,62371.15,62371.15,115288103.1668,2361.39,2364.42,2332.11,2336.45,55.11047,16.1622,2333.5525,2333.5525,66058
2024-05-14 00:00:00+00:00,62917.0,63075.0,61108.0,61543.0,45.82544,-837.25487,62235.35,62235.35,96054216.55299,2337.22,2359.61,2334.84,2357.82,58.68236,17.25396,2332.5105,2332.5105,66147
2024-05-15 00:00:00+00:00,61552.0,66471.0,61322.0,66242.0,57.5643,-442.48627,62322.8,62322.8,251362732.3106,2356.99,2390.23,2351.84,2387.21,63.03833,20.2572,2333.804,2333.804,69471
2024-05-16 00:00:00+00:00,66234.0,66766.0,64598.0,65252.0,54.86684,-207.12642,62398.15,62398.15,114848362.40508,2387.61,2397.25,2371.02,2376.11,60.44637,21.49385,2333.761,2333.761,80347
2024-05-17 00:00:00+00:00,65252.0,67482.0,65129.0,67053.0,58.66187,123.30226,62579.35,62579.35,114257304.22492,2377.85,2422.74,2374.05,2414.26,65.67084,25.26109,2334.956,2334.956,79735
2024-05-20 00:00:00+00:00,66255.0,71500.0,66074.0,71401.0,66.05657,1019.4227,63431.55,63431.55,191448747.46808,2423.02,2450.07,2407.4,2425.06,66.99973,28.7863,2339.927,2339.927,100493
2024-05-21 00:00:00+00:00,71435.0,71958.0,69156.0,70136.0,62.36115,1307.16584,64025.55,64025.55,138087006.6252,2427.0,2433.96,2406.43,2420.71,65.89332,30.87315,2344.887,2344.887,91548
2024-05-22 00:00:00+00:00,70155.0,70649.0,68879.0,69118.0,59.4775,1436.50116,64526.5,64526.5,106251699.4155,2421.23,2426.59,2375.06,2378.07,56.11174,28.75484,2348.0385,2348.0385,92511
2024-05-23 00:00:00+00:00,69151.0,70024.0,66343.0,67945.0,56.24987,1427.88923,64778.0,64778.0,146814404.0727,2379.4,2383.66,2326.68,2328.56,47.32686,22.81799,2347.9045,2347.9045,91889
2024-05-24 00:00:00+00:00,67915.0,69254.0,66623.0,68548.0,57.52589,1452.9723,65010.45,65010.45,77658796.53797,2328.71,2347.37,2325.46,2333.18,48.14274,18.27512,2347.695,2347.695,77499
2024-05-27 00:00:00+00:00,68471.0,70601.0,68225.0,69392.0,58.74811,1511.96734,65893.0,65893.0,97600588.59653,2335.59,2358.52,2331.68,2350.08,51.12504,15.85578,2348.3815,2348.3815,60048
2024-05-28 00:00:00+00:00,69363.0,69513.0,67193.0,68327.0,55.37235,1433.2846,66250.3,66250.3,156135240.58351,2352.38,2364.14,2340.32,2360.6,52.93936,14.6188,2352.133,2352.133,77999
2024-05-29 00:00:00+00:00,68347.0,68852.0,67096.0,67564.0,53.02169,1294.43875,66474.75,66474.75,86014773.3484,2360.08,2361.37,2334.61,2338.04,48.75921,11.68339,2353.1305,2353.1305,84994
2024-05-30 00:00:00+00:00,67566.0,69524.0,67105.0,68338.0,55.10382,1232.64854,66852.0,66852.0,120104411.76243,2338.57,2351.77,2322.74,2342.61,49.62692,9.61499,2355.114,2355.114,89526
2024-05-31 00:00:00+00:00,68330.0,69010.0,66624.0,67477.0,52.32557,1101.50637,67185.05,67185.05,126860745.06881,2343.47,2359.8,2320.6,2326.44,46.61878,6.59496,2356.3885,2356.3885,86108
2024-06-03 00:00:00+00:00,67744.0,70268.0,67590.0,68801.0,56.43004,929.00219,68101.9,68101.9,164529054.9657,2328.11,2354.76,2314.77,2350.9,51.41615,6.10491,2357.718,2357.718,86476
2024-06-04 00:00:00+00:00,68798.0,71074.0,68553.0,70564.0,61.33662,1064.75711,68318.0,68318.0,144771467.02363,2351.39,2352.83,2315.62,2326.81,46.94171,3.72968,2358.3705,2358.3705,85805
2024-06-05 00:00:00+00:00,70546.0,71759.0,69600.0,71119.0,62.75844,1203.25731,68611.35,68611.35,145919824.25774,2328.19,2357.41,2325.92,2354.82,52.15527,4.06067,2360.68,2360.68,80231
2024-06-06 00:00:00+00:00,71109.0,71629.0,70116.0,70775.0,61.25483,1270.61494,68797.45,68797.45,118460425.41571,2355.66,2378.5,2353.44,2375.96,55.69379,5.96009,2362.223,2362.223,78712
2024-06-07 00:00:00+00:00,70771.0,71949.0,68450.0,69326.0,55.25013,1193.31833,68917.25,68917.25,217750974.37494,2376.33,2387.69,2286.71,2292.78,42.40458,0.74488,2358.8235,2358.8235,93455
2024-06-10 00:00:00+00:00,69649.0,70167.0,69173.0,69501.0,55.67662,1013.20977,68949.0,68949.0,57696577.92446,2289.88,2313.84,2287.78,2310.47,45.38904,-1.93844,2357.5245,2357.5245,74902
2024-06-11 00:00:00+00:00,69506.0,69548.0,66011.0,67306.0,46.70218,780.40872,68858.4,68858.4,164003335.2062,2310.47,2319.94,2297.75,2316.37,46.38687,-3.548,2355.452,2355.452,84809
2024-06-12 00:00:00+00:00,67306.0,70007.0,66911.0,68243.0,50.37914,663.86763,68873.3,68873.3,167061261.24829,2316.6,2341.66,2310.75,2324.23,47.75639,-4.14161,2352.303,2352.303,80907
2024-06-13 00:00:00+00:00,68240.0,68433.0,66242.0,66733.0,44.99224,444.53923,68782.55,68782.55,133242543.79542,2324.25,2326.67,2295.67,2303.98,44.59574,-6.17488,2348.6965,2348.6965,81083
2024-06-14 00:00:00+00:00,66765.0,67314.0,64936.0,65996.0,42.59808,208.84274,68618.6,68618.6,157827514.769,2303.72,2336.59,2301.62,2332.43,49.63868,-5.42801,2344.605,2344.605,80829
2024-06-17 00:00:00+00:00,66622.0,67260.0,65066.0,66475.0,44.83414,-153.13259,68272.15,68272.15,163739269.32436,2330.96,2331.41,2310.03,2318.71,47.39811,-5.87548,2339.2875,2339.2875,77194
2024-06-18 00:00:00+00:00,66475.0,66559.0,64032.0,65145.0,39.98302,-327.63233,68151.2,68151.2,144016508.20293,2320.15,2333.11,2306.64,2329.26,49.29344,-5.3175,2334.715,2334.715,76015
2024-06-19 00:00:00+00:00,65141.0,65702.0,64664.0,64946.0,39.29786,-476.48959,67981.6,67981.6,60242580.04043,2328.93,2335.06,2323.92,2327.98,49.06246,-4.92185,2332.2105,2332.2105,52075
2024-06-20 00:00:00+00:00,64947.0,66455.0,64516.0,64845.0,38.9332,-595.74255,67850.0,67850.0,141707310.24784,2328.83,2365.46,2327.81,2359.2,54.64485,-2.06529,2333.7425,2333.7425,74883
2024-06-21 00:00:00+00:00,64841.0,65004.0,63356.0,64102.0,36.26707,-741.65593,67668.95,67668.95,106178566.81783,2359.5,2368.73,2316.7,2321.07,47.76041,-2.84542,2333.137,2333.137,80013
2024-06-24 00:00:00+00:00,63152.0,63302.0,58456.0,60252.0,25.68885,-1327.13441,66695.05,66695.05,238920100.89345,2320.99,2334.68,2317.73,2333.68,50.00372,-2.41828,2332.317,2332.317,80697
2024-06-25 00:00:00+00:00,60250.0,62395.0,60223.0,61789.0,34.25495,-1454.81787,66228.55,66228.55,164514960.55962,2333.66,2337.13,2315.54,2319.26,47.49214,-3.20638,2330.25,2330.25,71297
2024-06-26 00:00:00+00:00,61798.0,62458.0,60675.0,60807.0,31.73769,-1616.61183,65730.15,65730.15,84685584.07995,2319.78,2323.72,2293.67,2297.78,43.95082,-5.50081,2328.237,2328.237,81245
2024-06-27 00:00:00+00:00,60820.0,62323.0,60561.0,61622.0,35.94485,-1659.93631,65344.95,65344.95,98665836.174,2298.36,2330.91,2296.54,2327.83,49.61152,-4.83859,2327.498,2327.498,73266
2024-06-28 00:00:00+00:00,61609.0,62151.0,59923.0,60315.0,32.4869,-1779.22545,64895.4,64895.4,105099176.18207,2327.0,2339.75,2319.06,2326.29,49.33652,-4.38747,2327.4905,2327.4905,73741
2024-07-01 00:00:00+00:00,62676.0,63794.0,62465.0,62829.0,44.30399,-1523.22915,63892.25,63892.25,121679573.65996,2323.21,2338.53,2318.5,2331.72,50.3809,-3.55087,2326.5315,2326.5315,75224
2024-07-02 00:00:00+00:00,62822.0,63211.0,61731.0,62033.0,41.59952,-1457.85737,63581.75,63581.75,70081122.11837,2331.46,2334.32,2323.36,2331.32,50.29865,-2.88685,2326.757,2326.757,27289
2024-07-03 00:00:00+00:00,62046.0,62196.0,59334.0,60142.0,35.98039,-1540.87541,63252.2,63252.2,122272508.31278,2329.8,2364.92,2326.82,2355.92,55.14858,-0.37132,2326.812,2326.812,70069
2024-07-04 00:00:00+00:00,60165.0,60430.0,56748.0,57045.0,29.05769,-1835.41233,62804.65,62804.65,138234464.49624,2355.7,2362.52,2350.64,2356.1,55.18305,1.61813,2325.819,2325.819,44797
2024-07-05 00:00:00+00:00,57030.0,57500.0,53550.0,56632.0,28.27638,-2078.20437,62327.15,62327.15,183160831.98548,2356.84,2392.91,2352.3,2390.97,61.37452,5.94003,2330.7285,2330.7285,78136
2024-07-08 00:00:00+00:00,55852.0,58200.0,54296.0,56710.0,34.20363,-2372.76766,60954.55,60954.55,181408399.49455,2389.67,2391.13,2351.14,2358.47,53.9004,6.66584,2333.1285,2333.1285,74869
2024-07-09 00:00:00+00:00,56697.0,58278.0,56300.0,58033.0,39.34071,-2286.24576,60608.9,60608.9,139563300.0234,2358.82,2371.33,2349.29,2363.74,54.86034,7.57894,2335.497,2335.497,74298
2024-07-10 00:00:00+00:00,58028.0,59459.0,57152.0,57733.0,38.60468,-2216.33549,60253.3,60253.3,107477501.11285,2362.5,2386.61,2362.19,2371.5,56.30322,8.82699,2337.8605,2337.8605,68113
2024-07-11 00:00:00+00:00,57700.0,59516.0,57072.0,57348.0,37.63163,-2167.01735,59915.6,59915.6,119595768.86684,2370.75,2424.54,2370.44,2414.3,63.27577,13.11845,2343.3765,2343.3765,75900
2024-07-12 00:00:00+00:00,57345.0,58539.0,56551.0,57889.0,39.92315,-2060.52573,59598.4,59598.4,123830348.23016,2413.01,2418.17,2391.44,2411.41,62.54998,16.10068,2347.3255,2347.3255,81405
2024-07-15 00:00:00+00:00,60827.0,64926.0,60685.0,64769.0,61.44686,-951.55449,59579.55,59579.55,242185514.06125,2410.9,2439.67,2401.32,2421.71,64.12918,19.07535,2352.4755,2352.4755,84081
2024-07-16 00:00:00+00:00,64759.0,65403.0,62446.0,65081.0,62.13933,-461.69621,59793.25,59793.25,208200564.35085,2421.9,2469.65,2420.01,2468.82,70.29833,24.94661,2359.4535,2359.4535,85361
2024-07-17 00:00:00+00:00,65081.0,66129.0,63890.0,64091.0,58.54598,-151.61697,59916.7,59916.7,120522542.90384,2467.62,2483.74,2451.51,2459.24,67.74675,28.49809,2366.0165,2366.0165,99076
2024-07-18 00:00:00+00:00,64104.0,65108.0,63227.0,63964.0,58.08197,82.91938,60099.15,60099.15,97635131.00458,2457.56,2474.92,2440.3,2445.34,64.1107,29.84699,2370.3235,2370.3235,86555
2024-07-19 00:00:00+00:00,63977.0,67466.0,63303.0,66705.0,64.60262,484.38324,60390.45,60390.45,207604998.97445,2444.57,2445.16,2393.77,2398.2,53.60338,26.80323,2374.18,2374.18,87990
2024-08-01 00:00:00+00:00,64612.0,65568.0,62233.0,65293.0,51.90246,1058.91414,65579.15,65579.15,188736405.90541,2448.53,2462.17,2430.12,2446.3,60.68399,27.95011,2379.811,2379.811,227718
2024-08-02 00:00:00+00:00,65293.0,65548.0,61169.0,61421.0,40.32998,624.13277,65688.9,65688.9,213686536.8613,2446.24,2477.61,2410.72,2441.38,59.68071,28.13766,2385.917,2385.917,238833
2024-08-05 00:00:00+00:00,58137.0,58280.0,49577.0,54014.0,26.66793,-1042.92864,64796.65,64796.65,445014438.76584,2444.61,2458.65,2364.06,2409.96,53.5876,25.4575,2391.526,2391.526,303106
2024-08-06 00:00:00+00:00,54040.0,57058.0,53977.0,56053.0,33.60182,-1445.02501,64394.75,64394.75,211304394.49284,2410.23,2418.23,2381.48,2389.85,50.06449,21.46334,2394.627,2394.627,248749
2024-08-07 00:00:00+00:00,56048.0,57737.0,54568.0,55136.0,32.1304,-1816.74125,63953.35,63953.35,220200317.06882,2391.58,2406.9,2378.94,2383.06,48.8956,17.54776,2397.4655,2397.4655,211353
2024-08-08 00:00:00+00:00,55132.0,62729.0,54748.0,61699.0,49.25687,-1563.72416,63703.05,63703.05,239186787.12425,2381.01,2427.53,2380.95,2427.18,56.07241,17.79956,2402.2385,2402.2385,214274
2024-08-09 00:00:00+00:00,61733.0,61740.0,59571.0,60860.0,47.60311,-1414.59996,63388.3,63388.3,136406171.2475,2427.07,2436.93,2416.78,2431.07,56.65045,18.10432,2407.226,2407.226,176072
2024-08-12 00:00:00+00:00,58718.0,60700.0,57681.0,59362.0,44.93085,-1303.26521,62257.05,62257.05,202576427.22447,2429.26,2473.16,2423.75,2472.03,62.27901,21.40423,2413.0315,2413.0315,154564
2024-08-13 00:00:00+00:00,59361.0,61600.0,58455.0,60620.0,48.02052,-1169.05876,62019.25,62019.25,174278326.53184,2471.08,2476.82,2458.4,2464.98,60.81535,23.18332,2418.4755,2418.4755,166903
2024-08-14 00:00:00+00:00,60607.0,61809.0,58456.0,58697.0,43.96032,-1203.99035,61664.3,61664.3,177733909.20391,2465.65,2479.7,2437.98,2447.92,57.30565,22.95208,2421.323,2421.323,187574
2024-08-15 00:00:00+00:00,58694.0,59851.0,56138.0,57557.0,41.70889,-1308.57789,61146.1,61146.1,186504446.07817,2447.5,2469.95,2432.09,2456.24,58.56165,23.17305,2426.2115,2426.2115,176316
2024-08-16 00:00:00+00:00,57556.0,59841.0,57104.0,58883.0,45.22303,-1269.82935,60695.65,60695.65,173420640.55563,2455.96,2509.61,2450.64,2507.46,65.32466,27.16802,2433.3975,2433.3975,180403
2024-08-19 00:00:00+00:00,58440.0,59631.0,57844.0,59497.0,47.33347,-1074.80842,59505.6,59505.6,121677188.12846,2508.41,2510.06,2485.54,2504.23,64.60855,29.73072,2440.034,2440.034,183561
2024-08-20 00:00:00+00:00,59462.0,61424.0,58553.0,59012.0,46.13926,-1022.86685,59225.6,59225.6,151624179.20218,2503.42,2531.53,2497.23,2514.01,65.82997,32.17989,2445.0195,2445.0195,177578
2024-08-21 00:00:00+00:00,59012.0,61838.0,58816.0,61159.0,51.92199,-799.24463,59018.9,59018.9,153387666.31644,2513.79,2519.84,2493.81,2512.3,65.40494,33.59562,2450.064,2450.064,178292
2024-08-22 00:00:00+00:00,61169.0,61416.0,59774.0,60383.0,49.8392,-676.83697,58967.0,58967.0,116497300.69403,2511.93,2514.56,2470.73,2484.73,58.81191,32.12263,2453.215,2453.215,182512
2024-08-23 00:00:00+00:00,60383.0,64988.0,60348.0,64085.0,58.41035,-277.90405,59137.65,59137.65,222379515.24109,2484.81,2518.23,2484.33,2511.93,62.79643,32.77232,2455.3705,2455.3705,178967
2024-08-26 00:00:00+00:00,64248.0,64502.0,62826.0,62852.0,54.40457,391.65798,60291.6,60291.6,91810111.80905,2511.56,2526.7,2508.63,2517.91,63.62948,33.3849,2458.304,2458.304,172547
2024-08-27 00:00:00+00:00,62822.0,63236.0,58090.0,59427.0,45.52668,182.38096,60506.15,60506.15,150980279.38085,2518.06,2525.84,2503.45,2524.59,64.58349,34.01726,2462.2665,2462.2665,166644
2024-08-28 00:00:00+00:00,59433.0,60212.0,57866.0,59033.0,44.62455,-15.09114,60372.85,60372.85,164257959.64409,2524.56,2528.9,2493.55,2504.67,59.56587,32.53598,2467.59,2467.59,167110
2024-08-29 00:00:00+00:00,59033.0,61182.0,58701.0,59365.0,45.6027,-143.14943,60298.1,60298.1,149078805.80717,2504.55,2528.6,2503.55,2521.09,62.17459,32.31451,2471.3295,2471.3295,173193
2024-08-30 00:00:00+00:00,59363.0,59905.0,57721.0,59113.0,44.95362,-261.95124,60206.15,60206.15,120575636.70975,2521.13,2526.75,2494.06,2503.35,57.83326,30.35757,2474.428,2474.428,174801
2024-09-02 00:00:00+00:00,57278.0,59411.0,57131.0,59133.0,46.39861,-582.26875,60041.3,60041.3,97150353.96603,2502.34,2507.18,2489.94,2499.46,56.89513,28.1681,2478.903,2478.903,110467
2024-09-03 00:00:00+00:00,59123.0,59803.0,57402.0,57493.0,42.18086,-714.94386,59981.1,59981.1,84913386.86627,2499.89,2506.18,2473.39,2492.86,55.25734,25.6052,2484.0535,2484.0535,185141
2024-09-04 00:00:00+00:00,57506.0,58518.0,55602.0,57956.0,43.73586,-773.80961,60001.05,60001.05,120420200.08876,2493.05,2500.15,2471.77,2495.44,55.79305,23.51124,2489.6725,2489.6725,173118
2024-09-05 00:00:00+00:00,57974.0,58315.0,55649.0,56158.0,39.31406,-954.54136,59864.8,59864.8,83433516.10786,2495.24,2523.31,2493.72,2516.63,60.02637,23.29311,2494.145,2494.145,171151
2024-09-06 00:00:00+00:00,56179.0,56984.0,52546.0,53955.0,34.6867,-1261.00023,59588.2,59588.2,158541273.59148,2516.84,2529.08,2485.02,2497.61,54.94069,21.3395,2497.472,2497.472,194614
2024-09-09 00:00:00+00:00,54876.0,58070.0,54587.0,57059.0,45.66009,-1440.4923,59044.85,59044.85,150870844.41062,2497.09,2507.04,2485.44,2506.22,56.72797,20.25255,2499.1815,2499.1815,175640
2024-09-10 00:00:00+00:00,57056.0,58042.0,56406.0,57659.0,47.54196,-1280.89846,58869.85,58869.85,108315977.24136,2506.19,2518.32,2500.02,2516.54,58.83558,19.99339,2501.7595,2501.7595,162060
2024-09-11 00:00:00+00:00,57646.0,58000.0,55554.0,57342.0,46.62328,-1166.55117,58717.8,58717.8,173422762.42511,2516.55,2528.93,2500.85,2511.35,57.32345,19.14849,2504.931,2504.931,192814
2024-09-12 00:00:00+00:00,57342.0,58560.0,57335.0,58139.0,49.27714,-1000.09045,58420.5,58420.5,139069584.00096,2511.97,2559.98,2510.9,2558.6,65.91276,22.03755,2510.049,2510.049,187663
2024-09-13 00:00:00+00:00,58139.0,60670.0,57640.0,60545.0,56.33511,-666.34385,58239.05,58239.05,158766034.37835,2558.54,2585.92,2556.61,2578.38,68.7484,25.6278,2513.595,2513.595,191691
2024-09-16 00:00:00+00:00,59121.0,59209.0,57488.0,58212.0,48.62071,-309.25738,57779.7,57779.7,98501734.58981,2579.39,2589.56,2575.17,2582.42,69.30996,28.4709,2517.5045,2517.5045,149290
2024-09-17 00:00:00+00:00,58208.0,61331.0,57627.0,60316.0,54.98005,-123.49721,57843.85,57843.85,161477920.38886,2582.09,2586.82,2560.69,2569.45,65.25593,29.33931,2520.2765,2520.2765,168290
2024-09-18 00:00:00+00:00,60318.0,61787.0,59189.0,61757.0,58.74615,138.40033,57963.45,57963.45,199958719.51937,2569.64,2600.04,2546.71,2559.27,62.18163,28.87325,2522.625,2522.625,196306
2024-09-19 00:00:00+00:00,61765.0,63882.0,61584.0,62940.0,61.58713,436.38386,58154.8,58154.8,192018360.85078,2558.73,2594.76,2550.94,2586.61,66.71674,30.36003,2527.719,2527.719,212431
2024-09-20 00:00:00+00:00,62950.0,64121.0,62353.0,63211.0,62.22883,686.49194,58367.0,58367.0,104091138.63302,2586.85,2625.65,2584.71,2622.26,71.5137,34.02278,2533.2355,2533.2355,192171
2024-09-23 00:00:00+00:00,63577.0,64730.0,62585.0,63325.0,62.01854,1146.09945,59182.8,59182.8,70485697.15932,2619.54,2634.74,2613.78,2628.39,72.25419,36.99374,2538.7595,2538.7595,170980
2024-09-24 00:00:00+00:00,63360.0,64677.0,62720.0,64260.0,64.647,1283.26657,59498.0,59498.0,104197739.35052,2628.64,2664.24,2622.56,2656.99,75.45944,41.18131,2545.3795,2545.3795,203370
2024-09-25 00:00:00+00:00,64291.0,64795.0,62941.0,63147.0,59.37917,1287.32325,59847.45,59847.45,74056544.89482,2657.43,2670.39,2649.61,2657.02,75.46264,43.99526,2552.997,2552.997,189847
2024-09-26 00:00:00+00:00,63121.0,65851.0,62675.0,65175.0,64.97894,1437.60899,60408.45,60408.45,114628108.86171,2656.47,2685.44,2654.7,2672.23,77.09449,46.91189,2560.554,2560.554,204851
2024-09-27 00:00:00+00:00,65171.0,66508.0,64840.0,65781.0,66.46655,1587.3131,60990.15,60990.15,83003481.03172,2672.24,2674.2,2643.04,2659.81,72.83489,47.67162,2568.377,2568.377,216031
2024-09-30 00:00:00+00:00,65605.0,65634.0,62859.0,63302.0,54.58548,1566.55357,62249.9,62249.9,111392991.21658,2658.25,2665.9,2624.59,2634.53,64.96667,45.70694,2575.1305,2575.1305,207306
2024-10-01 00:00:00+00:00,63331.0,64122.0,60164.0,60807.0,45.82695,1216.51508,62423.15,62423.15,170136593.45707,2634.35,2673.04,2632.13,2663.37,69.07153,45.94741,2583.656,2583.656,178322
2024-10-02 00:00:00+00:00,60760.0,62350.0,59972.0,60634.0,45.28437,914.60441,62547.9,62547.9,147809025.50513,2663.25,2663.26,2641.02,2658.67,67.67978,45.23727,2591.8175,2591.8175,167809
2024-10-03 00:00:00+00:00,60627.0,61461.0,59860.0,60745.0,45.72836,676.49657,62557.9,62557.9,85808610.9571,2658.51,2662.79,2636.9,2656.01,66.85869,43.95318,2598.7865,2598.7865,186642
2024-10-04 00:00:00+00:00,60747.0,62473.0,60474.0,62081.0,50.89339,588.81097,62661.35,62661.35,86570590.52269,2656.25,2670.15,2631.91,2653.57,66.0669,42.25158,2606.5845,2606.5845,129072
2024-10-07 00:00:00+00:00,62831.0,64444.0,62130.0,62212.0,51.11778,447.24164,63132.9,63132.9,112931475.96011,2649.56,2659.61,2637.74,2642.51,62.45632,39.55465,2613.399,2613.399,85860
2024-10-08 00:00:00+00:00,62211.0,63172.0,61839.0,62133.0,50.77371,389.93772,63151.7,63151.7,69359240.84658,2644.69,2652.96,2604.77,2621.85,56.27004,35.34281,2618.6645,2618.6645,98279
2024-10-09 00:00:00+00:00,62114.0,62503.0,60268.0,60582.0,44.44812,216.87127,63033.8,63033.8,82083123.27788,2621.6,2624.34,2605.21,2607.68,52.43394,30.5098,2623.481,2623.481,87211
2024-10-10 00:00:00+00:00,60589.0,61246.0,58867.0,60278.0,43.30921,54.55571,62887.15,62887.15,108469494.8401,2607.68,2631.52,2605.89,2630.05,57.37437,28.16006,2627.0535,2627.0535,87430
2024-10-11 00:00:00+00:00,60278.0,63409.0,60041.0,62452.0,52.65256,100.18818,62841.55,62841.55,98843097.85726,2629.75,2661.4,2628.02,2656.38,62.33336,28.09858,2630.9535,2630.9535,80192
2024-10-14 00:00:00+00:00,62850.0,66479.0,62450.0,66070.0,63.90791,526.26851,62889.8,62889.8,157933026.72311,2655.69,2666.77,2643.17,2648.52,60.0861,27.1032,2634.2585,2634.2585,79898
2024-10-15 00:00:00+00:00,66070.0,67922.0,64802.0,67061.0,66.34431,825.37406,63085.5,63085.5,166914278.40572,2648.48,2668.96,2638.33,2662.64,62.68849,27.14085,2638.918,2638.918,85041
2024-10-16 00:00:00+00:00,67061.0,68388.0,66744.0,67622.0,67.67463,1095.06218,63207.85,63207.85,116104248.70289,2662.43,2685.24,2658.73,2673.64,64.6236,27.73855,2644.6365,2644.6365,81811
2024-10-17 00:00:00+00:00,67608.0,67914.0,66631.0,67392.0,66.51383,1275.52938,63288.4,63288.4,87489740.83045,2673.91,2696.74,2673.15,2692.83,67.76456,29.42155,2649.9475,2649.9475,87494
2024-10-18 00:00:00+00:00,67392.0,68998.0,67176.0,68420.0,69.06767,1484.39081,63415.6,63415.6,98136945.47151,2692.69,2722.6,2691.82,2721.91,71.84419,32.72462,2654.93,2654.93,87565
2024-10-21 00:00:00+00:00,69011.0,69487.0,66815.0,67340.0,61.42224,1730.69121,64165.6,64165.6,118028201.3838,2720.16,2740.56,2714.27,2719.5,71.04176,34.74731,2659.4855,2659.4855,94372
2024-10-22 00:00:00+00:00,67345.0,67784.0,66559.0,67382.0,61.55476,1682.84302,64503.0,64503.0,109621056.63982,2719.49,2748.86,2718.93,2748.81,74.73731,38.27419,2664.0765,2664.0765,87044
2024-10-23 00:00:00+00:00,67382.0,67409.0,65000.0,66601.0,57.59272,1563.87543,64795.8,64795.8,128396185.69641,2748.27,2758.47,2708.78,2715.57,64.65943,37.94961,2667.004,2667.004,92031
2024-10-24 00:00:00+00:00,66602.0,68800.0,66455.0,68155.0,62.73279,1576.81108,65099.5,65099.5,145857710.22618,2715.39,2743.19,2715.09,2735.84,67.5344,38.87982,2670.1845,2670.1845,90227
2024-10-25 00:00:00+00:00,68155.0,68726.0,65521.0,66578.0,55.39502,1443.17591,65325.25,65325.25,181812109.85415,2735.83,2747.55,2717.02,2747.39,69.07801,40.0869,2674.5635,2674.5635,84877
2024-10-28 00:00:00+00:00,67937.0,70218.0,67541.0,69918.0,65.63037,1482.09364,66210.25,66210.25,144301195.92729,2732.7,2745.92,2724.72,2742.24,67.53609,40.16497,2679.949,2679.949,87422
2024-10-29 00:00:00+00:00,69918.0,73600.0,69716.0,72729.0,71.73753,1795.50935,66817.6,66817.6,289147972.78126,2741.97,2774.75,2739.8,2774.44,71.77785,42.33707,2685.5025,2685.5025,92516
2024-10-30 00:00:00+00:00,72727.0,72928.0,71313.0,72331.0,69.84516,1988.85204,67420.25,67420.25,163734494.55922,2774.11,2790.05,2770.87,2787.21,73.26951,44.57508,2691.9295,2691.9295,92262
2024-10-31 00:00:00+00:00,72330.0,72660.0,69591.0,70231.0,60.74056,1950.14501,67809.2,67809.2,124758991.35989,2787.85,2790.09,2731.64,2743.77,61.38395,42.35523,2696.3175,2696.3175,91037
2024-11-01 00:00:00+00:00,70202.0,71596.0,68768.0,69490.0,57.87381,1838.484,68124.0,68124.0,188837114.8921,2743.91,2762.26,2733.17,2735.84,59.48687,39.50075,2700.431,2700.431,95509
2024-11-04 00:00:00+00:00,68738.0,69444.0,66798.0,67818.0,51.31146,1337.6884,68619.3,68619.3,172145196.52428,2738.13,2748.16,2730.55,2736.46,59.59202,36.86365,2705.1285,2705.1285,96948
2024-11-05 00:00:00+00:00,67817.0,70538.0,67443.0,69386.0,56.49311,1276.85,68707.5,68707.5,164493749.82278,2736.84,2749.88,2724.71,2743.72,60.87263,34.95659,2711.222,2711.222,89174
2024-11-06 00:00:00+00:00,69396.0,76481.0,69284.0,75637.0,70.13753,1713.28886,69119.75,69119.75,584825381.86974,2743.32,2749.69,2652.44,2658.94,43.52533,26.30101,2713.785,2713.785,119755
2024-11-07 00:00:00+00:00,75638.0,76990.0,74479.0,75921.0,70.58883,2058.35875,69494.8,69494.8,247914982.28738,2659.18,2710.27,2643.33,2706.24,51.78146,22.99307,2717.5945,2717.5945,104394
2024-11-08 00:00:00+00:00,75918.0,77270.0,75665.0,76561.0,71.62936,2356.3097,69904.9,69904.9,188839676.50411,2705.81,2710.35,2680.35,2684.15,48.23493,18.37718,2718.983,2718.983,97232
2024-11-11 00:00:00+00:00,80426.0,89643.0,80280.0,88770.0,84.43861,3988.18187,72014.1,72014.1,594329061.62872,2682.96,2686.22,2610.59,2619.3,39.64943,9.3781,2717.522,2717.522,96185
2024-11-12 00:00:00+00:00,88771.0,90243.0,85121.0,88031.0,81.96821,4647.26598,73085.6,73085.6,707550441.97072,2619.5,2627.13,2589.81,2597.98,37.29893,0.51992,2714.289,2714.289,101759
2024-11-13 00:00:00+00:00,88038.0,93483.0,86263.0,90521.0,83.69877,5309.31459,74203.9,74203.9,664245788.98113,2598.53,2618.81,2572.65,2572.7,34.67408,-8.44281,2709.242,2709.242,97489
2024-11-14 00:00:00+00:00,90498.0,91804.0,86685.0,87333.0,73.91742,5513.19525,75241.65,75241.65,332368581.38472,2574.82,2581.29,2536.77,2564.53,33.84512,-16.02042,2702.827,2702.827,109662
2024-11-15 00:00:00+00:00,87298.0,91909.0,87119.0,91070.0,77.2706,5908.21064,76445.0,76445.0,409009127.86567,2565.12,2576.05,2554.58,2561.78,33.55433,-21.99409,2694.8205,2694.8205,100256
2024-11-18 00:00:00+00:00,89865.0,92624.0,89392.0,90512.0,74.48913,6151.75003,79464.8,79464.8,387046347.83918,2564.94,2615.02,2564.79,2611.72,43.11286,-22.43986,2689.4315,2689.4315,97519
2024-11-19 00:00:00+00:00,90514.0,94057.0,90407.0,92424.0,76.42921,6239.37953,80469.45,80469.45,359056391.67477,2611.74,2639.4,2610.23,2632.11,46.49706,-20.90683,2683.5965,2683.5965,96397
2024-11-20 00:00:00+00:00,92434.0,94942.0,91407.0,94373.0,78.24537,6392.40686,81676.55,81676.55,877099858.36503,2632.0,2655.35,2618.91,2650.08,49.3565,-18.03398,2680.322,2680.322,94155
2024-11-21 00:00:00+00:00,94374.0,99121.0,94106.0,98451.0,81.46366,6764.76267,83124.6,83124.6,716799046.15489,2649.8,2673.47,2648.63,2669.41,52.30911,-14.03566,2677.0005,2677.0005,94033
2024-11-22 00:00:00+00:00,98451.0,99800.0,97236.0,99013.0,81.86189,7024.23503,84608.75,84608.75,460023759.17022,2669.66,2715.5,2668.21,2715.34,58.50035,-7.07919,2675.398,2675.398,102746
2024-11-25 00:00:00+00:00,98021.0,98966.0,92584.0,93035.0,63.82854,6496.20834,88752.5,88752.5,276271936.82023,2692.25,2721.31,2615.6,2625.46,45.93359,-8.71821,2669.559,2669.559,105609
2024-11-26 00:00:00+00:00,93006.0,94999.0,90742.0,91928.0,61.14839,5934.39623,89567.05,89567.05,328651556.61582,2625.01,2641.9,2604.86,2633.02,46.96556,-9.29991,2662.488,2662.488,100386
2024-11-27 00:00:00+00:00,91929.0,97353.0,91760.0,95978.0,66.66353,5749.67852,90569.9,90569.9,287850898.2146,2630.47,2658.2,2627.0,2635.95,47.38472,-9.41594,2654.925,2654.925,89383
2024-11-28 00:00:00+00:00,95945.0,96658.0,94670.0,95661.0,65.87529,5514.14551,91524.9,91524.9,198044171.96635,2637.8,2649.57,2620.92,2637.07,47.55535,-9.3102,2649.59,2649.59,64090
2024-11-29 00:00:00+00:00,95670.0,98745.0,95410.0,97512.0,68.23699,5414.42996,92564.4,92564.4,235086022.95386,2637.58,2666.37,2634.03,2650.33,49.63774,-8.06348,2645.3145,2645.3145,86260
2024-12-02 00:00:00+00:00,97260.0,98200.0,94403.0,95859.0,62.71309,4718.41006,94182.65,94182.65,309147289.6015,2652.01,2652.69,2621.86,2638.62,47.83151,-7.92894,2640.4225,2640.4225,103110
2024-12-03 00:00:00+00:00,95858.0,96301.0,93590.0,95926.0,62.82232,4432.63888,94452.9,94452.9,334293392.71324,2639.23,2655.56,2634.11,2643.5,48.66978,-7.34389,2635.4115,2635.4115,91928
2024-12-04 00:00:00+00:00,95926.0,99250.0,94661.0,98773.0,67.21699,4385.3408,95024.9,95024.9,425706171.39609,2643.29,2656.99,2632.31,2649.88,49.80535,-6.29288,2634.9585,2634.9585,93798
2024-12-05 00:00:00+00:00,98751.0,103647.0,92092.0,97057.0,62.42704,4161.41961,95324.25,95324.25,723118343.84625,2649.6,2655.54,2623.52,2631.66,46.63253,-6.85117,2631.2295,2631.2295,87579
2024-12-06 00:00:00+00:00,96968.0,102098.0,96463.0,99898.0,66.6627,4165.19167,95788.75,95788.75,261054557.69967,2631.76,2645.6,2612.32,2632.67,46.83472,-7.12993,2628.6555,2628.6555,91127
2024-12-09 00:00:00+00:00,101188.0,101271.0,94249.0,97468.0,58.35635,3816.74371,97078.95,97078.95,240628300.38682,2643.88,2676.32,2627.57,2660.18,52.15208,-5.07255,2630.6995,2630.6995,98808
2024-12-10 00:00:00+00:00,97318.0,98300.0,94306.0,96648.0,56.37487,3450.70169,97192.7,97192.7,202235673.36943,2660.85,2695.46,2657.93,2693.8,57.71775,-0.7209,2635.4905,2635.4905,92398
2024-12-11 00:00:00+00:00,96658.0,101961.0,95725.0,101201.0,63.73742,3487.79467,97330.2,97330.2,222255751.3415,2693.98,2721.07,2674.85,2717.95,61.20832,4.62322,2642.753,2642.753,100382
2024-12-12 00:00:00+00:00,101238.0,102582.0,99309.0,100068.0,60.97943,3386.72741,97382.95,97382.95,139414079.34369,2717.58,2726.15,2675.03,2680.55,53.80089,5.77405,2648.554,2648.554,97260
2024-12-13 00:00:00+00:00,99998.0,101918.0,99250.0,101435.0,63.05654,3377.99691,97565.95,97565.95,104528180.65085,2681.0,2692.77,2645.68,2648.8,48.44132,4.07713,2652.905,2652.905,96541
2024-12-16 00:00:00+00:00,104476.0,107821.0,103322.0,106073.0,69.5311,3716.22602,99011.55,99011.55,230366438.9298,2650.72,2664.23,2643.52,2652.62,49.09834,3.00591,2654.95,2654.95,74306
2024-12-17 00:00:00+00:00,106109.0,108364.0,105363.0,106187.0,69.67952,3856.62707,99522.0,99522.0,149292445.19402,2652.65,2658.57,2633.03,2646.4,48.0252,1.63619,2655.6645,2655.6645,82723
2024-12-18 00:00:00+00:00,106214.0,106523.0,99997.0,100153.0,54.53668,3441.333,99746.6,99746.6,256120079.94073,2646.32,2651.7,2583.62,2585.31,39.00741,-4.32888,2652.426,2652.426,82407
2024-12-19 00:00:00+00:00,100133.0,102747.0,95537.0,97375.0,49.23198,2855.13585,99739.75,99739.75,333558212.93464,2585.48,2626.42,2582.92,2594.39,40.78711,-8.2287,2648.675,2648.675,90171
2024-12-20 00:00:00+00:00,97416.0,98123.0,92118.0,97760.0,49.95845,2394.03967,99805.7,99805.7,264562162.90458,2594.75,2631.82,2589.69,2623.03,46.12679,-8.90566,2644.0595,2644.0595,84572
2024-12-23 00:00:00+00:00,95100.0,96420.0,92389.0,94750.0,44.24188,973.0274,99704.85,99704.85,230110254.08222,2620.78,2633.22,2608.13,2612.77,44.57598,-10.15303,2643.425,2643.425,77618
2024-12-24 00:00:00+00:00,94750.0,99419.0,93461.0,98596.0,52.35448,909.09614,99696.0,99696.0,142425440.88237,2613.12,2621.46,2610.02,2616.59,45.31319,-10.70987,2642.6035,2642.6035,56605
2024-12-26 00:00:00+00:00,99357.0,99881.0,95111.0,95687.0,46.52358,607.47658,99601.3,99601.3,143661377.44247,2616.14,2639.14,2614.12,2633.53,48.57953,-9.67275,2642.4825,2642.4825,63754
2024-12-27 00:00:00+00:00,95666.0,97337.0,93282.0,94168.0,43.88447,241.80382,99313.25,99313.25,227532707.02047,2635.7,2638.34,2611.69,2621.54,46.46415,-9.70643,2641.706,2641.706,69633
2024-12-30 00:00:00+00:00,93564.0,94891.0,91315.0,92628.0,41.52367,-562.72968,98613.45,98613.45,170532138.77734,2621.03,2628.13,2596.09,2605.96,43.79547,-10.86506,2639.4875,2639.4875,69847
2024-12-31 00:00:00+00:00,92637.0,96117.0,91900.0,93381.0,43.3843,-731.49876,98222.45,98222.45,105411081.56352,2605.71,2627.58,2602.59,2624.61,47.67006,-10.16124,2638.787,2638.787,69268
2025-01-02 00:00:00+00:00,94380.0,97745.0,94205.0,96907.0,51.58038,-599.40822,97712.05,97712.05,118148404.60689,2624.48,2660.46,2621.48,2657.98,53.80625,-6.83203,2639.511,2639.511,83419
2025-01-03 00:00:00+00:00,96895.0,98951.0,96042.0,98133.0,54.11927,-357.15898,97549.6,97549.6,113777274.33913,2658.34,2665.15,2636.51,2639.98,50.37491,-5.58171,2639.016,2639.016,74593
2025-01-06 00:00:00+00:00,98389.0,102514.0,97919.0,102280.0,62.40868,457.33523,96656.05,96656.05,178234446.5866,2641.45,2649.45,2614.45,2635.77,49.57853,-4.87435,2639.2215,2639.2215,83848
2025-01-07 00:00:00+00:00,102278.0,102760.0,96130.0,96946.0,49.87073,376.61368,96495.7,96495.7,144507704.42211,2636.09,2664.33,2632.98,2648.42,52.03237,-3.25548,2640.009,2640.009,70702
2025-01-08 00:00:00+00:00,96922.0,97248.0,92502.0,95065.0,46.33552,159.02713,96380.2,96380.2,197834507.51329,2648.45,2670.0,2645.25,2661.44,54.48746,-0.91141,2640.072,2640.072,80604
2025-01-09 00:00:00+00:00,95034.0,95333.0,91215.0,92542.0,42.03164,-214.5239,96119.3,96119.3,173775422.07855,2661.31,2678.23,2655.51,2670.34,56.13999,1.64548,2638.899,2638.899,67495
2025-01-10 00:00:00+00:00,92545.0,95797.0,92227.0,94702.0,46.60434,-332.43968,95993.85,95993.85,170366056.19659,2670.34,2698.01,2663.96,2688.96,59.45675,5.11534,2637.4495,2637.4495,89266
2025-01-13 00:00:00+00:00,94498.0,95846.0,89164.0,94505.0,46.24121,-565.33054,95750.15,95750.15,200904619.24527,2690.19,2693.27,2656.84,2662.98,53.39009,5.70312,2636.571,2636.571,93434
2025-01-14 00:00:00+00:00,94537.0,97339.0,94345.0,96523.0,51.05169,-441.0574,95607.6,95607.6,142642600.89178,2663.55,2678.38,2659.86,2677.37,56.06417,7.24656,2637.9995,2637.9995,88452
2025-01-15 00:00:00+00:00,96560.0,100715.0,96474.0,100512.0,58.88381,-20.45528,95848.85,95848.85,182109356.93277,2678.38,2697.55,2669.39,2696.28,59.3635,9.88171,2640.1825,2640.1825,81616
2025-01-16 00:00:00+00:00,100512.0,100860.0,97319.0,99975.0,57.54884,266.47179,96139.2,96139.2,181732016.20886,2695.01,2724.76,2690.03,2714.26,62.26508,13.26798,2643.5755,2643.5755,86394
2025-01-17 00:00:00+00:00,99975.0,105932.0,99944.0,104119.0,64.27907,818.81099,96588.2,96588.2,321456696.64228,2714.44,2717.38,2698.47,2702.92,59.38501,14.86522,2649.456,2649.456,80490
2025-01-20 00:00:00+00:00,101191.0,109356.0,99462.0,102141.0,58.34163,1470.33392,98000.6,98000.6,400583628.55834,2703.09,2713.76,2689.26,2706.7,60.04838,16.24876,2655.0715,2655.0715,69969
2025-01-21 00:00:00+00:00,102155.0,107265.0,100087.0,106149.0,64.45929,1868.03539,98588.65,98588.65,324647198.57136,2708.28,2746.02,2702.81,2744.69,66.05004,20.17809,2661.1545,2661.1545,92790
2025-01-22 00:00:00+00:00,106149.0,106370.0,103322.0,103632.0,58.63576,1957.55039,98924.9,98924.9,177578995.8228,2745.17,2763.45,2741.1,2756.18,67.63371,23.94327,2668.325,2668.325,84738
2025-01-23 00:00:00+00:00,103659.0,106848.0,101233.0,103933.0,59.1115,2029.38635,99214.9,99214.9,393924054.75548,2756.17,2758.92,2735.58,2754.52,67.14638,26.48791,2675.2215,2675.2215,85621
2025-01-24 00:00:00+00:00,103922.0,107149.0,102754.0,104855.0,60.6061,2136.09104,99547.2,99547.2,180899379.56632,2754.64,2785.94,2753.49,2771.48,69.55967,29.53265,2682.119,2682.119,87370
2025-01-27 00:00:00+00:00,102573.0,103186.0,97750.0,102090.0,53.70709,1841.69193,100139.6,100139.6,327721789.2923,2769.76,2772.53,2730.48,2740.7,60.82694,29.12619,2688.077,2688.077,99704
2025-01-28 00:00:00+00:00,102065.0,103745.0,100225.0,101292.0,51.75544,1611.46082,100450.95,100450.95,174391723.01725,2739.91,2765.11,2734.81,2763.17,64.34595,30.2683,2695.9375,2695.9375,83114
2025-01-29 00:00:00+00:00,101291.0,104769.0,101288.0,103747.0,56.93965,1608.55656,101011.2,101011.2,159348301.86051,2763.23,2766.2,2744.76,2759.68,63.39341,30.53977,2702.691,2702.691,83303
2025-01-30 00:00:00+00:00,103768.0,106447.0,103313.0,104738.0,58.86137,1667.00414,101513.0,101513.0,161625324.20764,2759.61,2798.49,2758.23,2794.06,68.36204,33.14699,2709.495,2709.495,83835
2025-01-31 00:00:00+00:00,104737.0,106046.0,101303.0,102412.0,52.89453,1508.24935,101905.2,101905.2,206515063.72629,2795.08,2817.23,2791.02,2799.23,69.04251,35.22437,2717.4575,2717.4575,91164
2025-02-03 00:00:00+00:00,97670.0,102569.0,91530.0,101457.0,51.06783,676.27337,102617.45,102617.45,414135707.09526,2794.53,2795.01,2794.21,2794.41,67.58309,36.06602,2725.3895,2725.3895,1631
