timestamp,open,high,low,close,RSI,MACD,MA_20,Trendline,volume
2004-06-11 00:00:00+00:00,384.0,384.8,382.8,384.1,,,,,272
2004-06-14 00:00:00+00:00,384.3,385.8,381.8,382.8,,,,,1902
2004-06-15 00:00:00+00:00,382.8,388.8,381.1,388.6,,,,,1951
2004-06-16 00:00:00+00:00,387.1,389.8,382.6,383.8,,,,,2014
2004-06-17 00:00:00+00:00,383.6,389.3,383.0,387.6,,,,,1568
2004-06-18 00:00:00+00:00,388.6,395.8,385.8,394.3,,,,,2257
2004-06-21 00:00:00+00:00,394.3,396.8,392.1,393.1,,,,,1674
2004-06-22 00:00:00+00:00,392.8,396.3,392.3,394.1,,,,,1407
2004-06-23 00:00:00+00:00,394.0,396.6,392.3,395.6,,,,,1829
2004-06-24 00:00:00+00:00,394.0,402.8,393.1,401.1,,,,,1991
2004-06-25 00:00:00+00:00,402.0,402.8,400.1,401.1,,,,,1608
2004-06-28 00:00:00+00:00,401.8,404.6,398.8,399.8,,,,,2124
2004-06-29 00:00:00+00:00,399.8,400.5,390.3,391.3,,,,,2175
2004-06-30 00:00:00+00:00,391.5,396.3,391.1,393.3,56.02086,,,,2131
2004-07-01 00:00:00+00:00,391.6,395.8,391.5,395.0,58.67228,,,,1736
2004-07-02 00:00:00+00:00,395.1,399.8,391.3,397.8,62.66477,,,,1516
2004-07-06 00:00:00+00:00,397.8,398.8,388.5,392.1,51.71259,,,,1008
2004-07-07 00:00:00+00:00,394.1,403.1,394.1,401.8,63.42698,,,,792
2004-07-08 00:00:00+00:00,401.8,408.6,399.3,407.3,68.14575,,,,914
2004-07-09 00:00:00+00:00,407.3,407.8,405.0,407.1,67.80316,,394.585,394.585,793
2004-07-12 00:00:00+00:00,407.3,408.3,405.0,406.6,66.8977,,395.71,395.71,866
2004-07-13 00:00:00+00:00,407.1,407.3,399.6,403.1,60.77908,,396.725,396.725,1589
2004-07-14 00:00:00+00:00,400.8,405.8,400.8,404.8,62.56981,,397.535,397.535,990
2004-07-15 00:00:00+00:00,404.3,405.1,400.8,403.1,59.63746,,398.5,398.5,1900
2004-07-16 00:00:00+00:00,403.1,407.1,401.8,406.1,62.93836,,399.425,399.425,882
2004-07-19 00:00:00+00:00,405.5,407.5,403.8,404.8,60.62464,4.41277,399.95,399.95,858
2004-07-20 00:00:00+00:00,405.0,406.3,398.6,400.8,54.04163,3.9508,400.335,400.335,1707
2004-07-21 00:00:00+00:00,399.3,401.6,393.8,396.1,47.51315,3.16891,400.435,400.435,1908
2004-07-22 00:00:00+00:00,396.0,397.8,392.8,393.3,44.09554,2.29684,400.32,400.32,1907
2004-07-23 00:00:00+00:00,394.3,395.0,386.5,389.3,39.70205,1.26833,399.73,399.73,1899
2004-07-26 00:00:00+00:00,389.3,392.1,388.1,389.8,40.5001,0.48795,399.165,399.165,1992
2004-07-27 00:00:00+00:00,390.5,393.1,385.1,386.6,37.11453,-0.38429,398.505,398.505,3054
2004-07-28 00:00:00+00:00,386.1,389.6,384.5,387.3,38.32901,-1.00745,398.305,398.305,3205
2004-07-29 00:00:00+00:00,387.3,390.8,385.3,387.1,38.10259,-1.50015,397.995,397.995,2521
2004-07-30 00:00:00+00:00,387.1,391.8,386.3,390.5,44.14334,-1.59785,397.77,397.77,2803
2004-08-02 00:00:00+00:00,390.3,393.8,390.3,391.1,45.16045,-1.60832,397.435,397.435,1926
2004-08-03 00:00:00+00:00,391.3,394.3,388.1,393.1,48.5252,-1.43866,397.485,397.485,3214
2004-08-04 00:00:00+00:00,393.8,393.8,389.6,391.8,46.5269,-1.39304,396.985,396.985,3037
2004-08-05 00:00:00+00:00,391.3,393.0,389.8,391.8,46.5269,-1.34142,396.21,396.21,1900
2004-08-06 00:00:00+00:00,391.8,400.3,390.8,398.8,57.46544,-0.72728,395.795,395.795,1878
2004-08-09 00:00:00+00:00,399.1,400.3,397.1,399.8,58.7632,-0.15807,395.455,395.455,1449
2004-08-10 00:00:00+00:00,399.6,400.6,397.3,399.1,57.44201,0.23386,395.255,395.255,1442
2004-08-11 00:00:00+00:00,398.1,399.1,392.3,394.6,49.70521,0.17929,394.745,394.745,1523
2004-08-12 00:00:00+00:00,395.1,397.3,392.8,393.3,47.70616,0.03079,394.255,394.255,1730
2004-08-13 00:00:00+00:00,393.5,399.1,391.8,398.1,54.91599,0.297,393.855,393.855,2692
2004-08-16 00:00:00+00:00,398.3,403.1,397.6,401.3,58.97667,0.75745,393.68,393.68,1423
2004-08-17 00:00:00+00:00,402.1,404.8,399.6,404.8,62.91144,1.38877,393.88,393.88,1031
2004-08-18 00:00:00+00:00,403.8,404.8,401.1,403.8,61.108,1.7878,394.265,394.265,641
2004-08-19 00:00:00+00:00,403.8,407.5,403.1,406.1,63.68642,2.26353,394.905,394.905,1445
2004-08-20 00:00:00+00:00,406.1,413.8,404.6,412.2,69.46789,3.09707,396.05,396.05,1898
2004-08-23 00:00:00+00:00,411.8,411.8,407.8,409.3,64.23219,3.48349,397.025,397.025,1919
2004-08-24 00:00:00+00:00,409.6,409.6,401.6,401.6,52.84381,3.1323,397.775,397.775,1996
2004-08-25 00:00:00+00:00,401.8,407.6,401.6,406.8,58.22988,3.23628,398.75,398.75,3058
2004-08-26 00:00:00+00:00,406.3,408.8,404.1,406.3,57.54923,3.24097,399.71,399.71,1680
2004-08-27 00:00:00+00:00,406.5,408.5,400.8,402.3,52.28395,2.88862,400.3,400.3,2561
2004-08-30 00:00:00+00:00,402.3,408.6,402.1,408.1,58.24885,3.04233,401.15,401.15,940
2004-08-31 00:00:00+00:00,406.8,410.8,406.3,409.3,59.38025,3.22381,401.96,401.96,1100
2004-09-01 00:00:00+00:00,409.6,409.8,405.8,407.8,57.29036,3.20959,402.76,402.76,1866
2004-09-02 00:00:00+00:00,407.8,408.3,404.8,405.6,54.27332,2.98638,403.45,403.45,1236
2004-09-03 00:00:00+00:00,405.1,406.3,398.6,399.8,47.21402,2.31479,403.5,403.5,1547
2004-09-07 00:00:00+00:00,400.6,401.6,396.3,397.8,45.03858,1.6027,403.4,403.4,1421
2004-09-08 00:00:00+00:00,397.8,399.8,394.3,399.1,46.75588,1.13022,403.4,403.4,2418
2004-09-09 00:00:00+00:00,398.3,400.3,396.6,397.6,45.00839,0.62751,403.55,403.55,2887
2004-09-10 00:00:00+00:00,397.8,402.3,397.5,402.3,51.16699,0.60143,404.0,404.0,2744
2004-09-13 00:00:00+00:00,401.1,404.3,398.1,403.3,52.38874,0.65391,404.26,404.26,2562
2004-09-14 00:00:00+00:00,403.3,406.6,401.6,405.6,55.16704,0.87106,404.475,404.475,1495
2004-09-15 00:00:00+00:00,405.3,405.5,402.1,404.6,53.69981,0.95149,404.465,404.465,2017
2004-09-16 00:00:00+00:00,403.3,405.3,401.6,403.8,52.49691,0.93984,404.465,404.465,2710
2004-09-17 00:00:00+00:00,403.8,406.6,402.5,405.0,54.15579,1.01573,404.41,404.41,2792
2004-09-20 00:00:00+00:00,404.8,405.3,402.8,404.3,52.99323,1.00777,404.015,404.015,1873
2004-09-21 00:00:00+00:00,404.5,409.7,403.5,409.3,59.65536,1.38891,404.015,404.015,1498
2004-09-22 00:00:00+00:00,408.3,409.3,403.5,406.3,54.6506,1.43238,404.25,404.25,2461
2004-09-23 00:00:00+00:00,406.3,411.6,405.6,410.1,59.30748,1.75325,404.415,404.415,2355
2004-09-24 00:00:00+00:00,410.1,411.0,405.8,407.1,54.54533,1.74535,404.455,404.455,1891
2004-09-27 00:00:00+00:00,407.3,409.6,406.6,408.8,56.66861,1.85488,404.78,404.78,988
2004-09-28 00:00:00+00:00,408.3,412.6,408.0,411.6,59.98417,2.14292,404.955,404.955,2444
2004-09-29 00:00:00+00:00,411.7,413.7,410.2,412.1,60.56445,2.38405,405.095,405.095,3798
2004-09-30 00:00:00+00:00,412.2,418.6,410.5,417.8,66.52418,3.00051,405.595,405.595,4044
2004-10-01 00:00:00+00:00,417.8,419.3,416.3,419.0,67.63318,3.54502,406.265,406.265,1356
2004-10-04 00:00:00+00:00,418.3,418.8,411.3,418.8,67.2334,3.91528,407.215,407.215,936
2004-10-05 00:00:00+00:00,413.6,419.3,412.3,418.3,66.1802,4.12086,408.24,408.24,869
2004-10-06 00:00:00+00:00,418.6,419.8,415.6,417.3,64.02019,4.1552,409.15,409.15,1059
2004-10-07 00:00:00+00:00,418.1,419.7,416.7,417.1,63.57328,4.11879,410.125,410.125,3365
2004-10-08 00:00:00+00:00,417.3,423.3,416.8,422.3,69.52913,4.45815,411.125,411.125,713
2004-10-11 00:00:00+00:00,422.5,422.6,420.6,421.6,67.91924,4.61738,412.04,412.04,748
2004-10-12 00:00:00+00:00,421.3,422.1,412.6,414.8,54.67533,4.14706,412.5,412.5,909
2004-10-13 00:00:00+00:00,414.8,416.1,409.1,415.3,55.36454,3.7712,413.035,413.035,1355
2004-10-14 00:00:00+00:00,415.1,418.5,413.8,417.3,58.10854,3.5933,413.71,413.71,1467
2004-10-15 00:00:00+00:00,417.3,420.8,417.2,418.3,59.45082,3.49274,414.375,414.375,1030
2004-10-18 00:00:00+00:00,418.1,419.8,415.3,415.3,53.87383,3.13483,414.925,414.925,1128
2004-10-19 00:00:00+00:00,415.3,420.2,414.3,419.3,59.34943,3.13778,415.425,415.425,1286
2004-10-20 00:00:00+00:00,419.3,425.5,419.3,423.1,63.75174,3.40747,416.265,416.265,1002
2004-10-21 00:00:00+00:00,423.1,425.8,421.5,423.3,63.97288,3.59589,416.925,416.925,1274
2004-10-22 00:00:00+00:00,423.8,424.7,421.5,423.7,64.44014,3.73444,417.755,417.755,1034
2004-10-25 00:00:00+00:00,426.0,430.2,426.0,427.8,68.89354,4.12749,418.705,418.705,1206
2004-10-26 00:00:00+00:00,428.3,428.6,424.3,426.3,65.65399,4.26875,419.44,419.44,1015
2004-10-27 00:00:00+00:00,426.1,428.3,422.8,423.8,60.5441,4.13135,420.025,420.025,1267
2004-10-28 00:00:00+00:00,423.3,426.8,420.3,423.8,60.5441,3.97661,420.325,420.325,1450
2004-10-29 00:00:00+00:00,424.3,428.3,423.3,428.1,65.84662,4.15308,420.78,420.78,1388
2004-11-01 00:00:00+00:00,429.6,430.1,425.7,426.8,63.08627,4.14031,421.18,421.18,1246
2004-11-02 00:00:00+00:00,426.6,427.0,416.8,421.1,52.66202,3.62842,421.32,421.32,1255
2004-11-03 00:00:00+00:00,420.7,426.8,418.8,426.3,59.27352,3.60083,421.77,421.77,1257
2004-11-04 00:00:00+00:00,426.6,432.6,425.3,429.1,62.32482,3.76155,422.37,422.37,1230
2004-11-05 00:00:00+00:00,429.1,433.6,424.5,433.1,66.2186,4.16368,422.91,422.91,1493
2004-11-08 00:00:00+00:00,433.6,434.8,430.7,431.6,63.5655,4.31164,423.41,423.41,1067
2004-11-09 00:00:00+00:00,432.1,436.2,430.8,434.8,66.63656,4.63369,424.41,424.41,1311
2004-11-10 00:00:00+00:00,434.3,437.6,432.0,433.3,63.91689,4.71355,425.31,425.31,1338
2004-11-11 00:00:00+00:00,432.3,435.1,431.6,434.1,64.74336,4.78622,426.15,426.15,869
2004-11-12 00:00:00+00:00,433.8,438.5,433.8,437.3,67.9096,5.04388,427.1,427.1,1318
2004-11-15 00:00:00+00:00,438.3,439.8,435.2,436.0,65.34231,5.08457,428.135,428.135,1315
2004-11-16 00:00:00+00:00,435.8,440.3,434.8,439.3,68.5886,5.32175,429.135,429.135,2127
2004-11-17 00:00:00+00:00,438.1,444.6,438.0,444.1,72.6077,5.82984,430.185,430.185,2145
2004-11-18 00:00:00+00:00,444.6,445.7,439.7,441.6,67.74579,5.96204,431.1,431.1,1204
2004-11-19 00:00:00+00:00,441.8,447.8,441.3,446.6,71.81129,6.39654,432.245,432.245,1412
2004-11-22 00:00:00+00:00,446.3,448.5,445.6,448.3,73.05486,6.79968,433.27,433.27,811
2004-11-23 00:00:00+00:00,448.3,449.2,445.5,447.1,70.68438,6.94231,434.31,434.31,1004
2004-11-24 00:00:00+00:00,446.8,449.1,446.7,448.8,72.06717,7.11055,435.56,435.56,1362
2004-11-26 00:00:00+00:00,453.6,454.8,449.0,451.3,74.00876,7.36077,436.935,436.935,349
2004-11-29 00:00:00+00:00,451.3,454.3,449.0,452.8,75.12595,7.59258,438.17,438.17,1042
2004-11-30 00:00:00+00:00,452.6,453.3,447.6,450.3,69.74515,7.48824,439.345,439.345,1587
2004-12-01 00:00:00+00:00,450.7,455.2,449.8,453.8,72.69385,7.60036,440.98,440.98,1294
2004-12-02 00:00:00+00:00,454.3,456.3,446.6,448.3,62.4016,7.16285,442.08,442.08,1264
2004-12-06 00:00:00+00:00,455.1,455.8,450.5,451.8,65.72708,7.01764,443.215,443.215,940
2004-12-07 00:00:00+00:00,451.6,454.6,449.8,450.3,63.14921,6.70424,444.075,444.075,1473
2004-12-08 00:00:00+00:00,449.8,450.1,432.8,439.7,48.63318,5.53671,444.48,444.48,2677
2004-12-09 00:00:00+00:00,439.3,440.8,431.5,436.8,45.54837,4.32755,444.58,444.58,4025
2004-12-10 00:00:00+00:00,437.0,437.0,431.5,433.7,42.44874,3.08359,444.6,444.6,1189
2004-12-13 00:00:00+00:00,434.3,439.6,434.1,438.8,48.64097,2.48067,444.835,444.835,951
2004-12-14 00:00:00+00:00,438.6,439.1,434.5,435.0,44.77526,1.6769,444.72,444.72,1188
2004-12-15 00:00:00+00:00,435.6,441.0,434.8,440.8,51.15595,1.49073,444.96,444.96,1047
2004-12-16 00:00:00+00:00,440.6,442.3,435.1,436.6,46.92762,0.99284,444.825,444.825,1645
2004-12-17 00:00:00+00:00,436.8,441.5,436.8,441.0,51.4546,0.94244,444.67,444.67,1236
2004-12-20 00:00:00+00:00,441.3,443.6,440.3,442.1,52.54441,0.97996,444.695,444.695,704
2004-12-21 00:00:00+00:00,441.8,443.1,440.1,441.1,51.41441,0.91841,444.42,444.42,769
2004-12-22 00:00:00+00:00,441.2,442.6,438.3,439.2,49.24733,0.70816,443.965,443.965,829
2004-12-23 00:00:00+00:00,439.3,442.1,439.2,441.8,52.21545,0.74277,443.7,443.7,701
2004-12-27 00:00:00+00:00,442.6,445.1,441.8,443.8,54.42348,0.92097,443.45,443.45,546
2004-12-28 00:00:00+00:00,444.3,445.1,442.3,443.3,53.75474,1.0102,443.05,443.05,626
2004-12-29 00:00:00+00:00,443.1,443.6,433.1,435.8,44.85188,0.47031,442.2,442.2,1873
2004-12-30 00:00:00+00:00,435.7,438.3,433.3,437.0,46.38201,0.13768,441.535,441.535,925
2005-01-03 00:00:00+00:00,437.1,437.3,426.7,428.5,38.28002,-0.80255,440.27,440.27,1308
2005-01-04 00:00:00+00:00,429.3,429.5,423.7,426.8,36.89202,-1.66567,439.195,439.195,1579
2005-01-05 00:00:00+00:00,425.3,428.0,424.8,426.1,36.30823,-2.37876,437.91,437.91,1327
2005-01-06 00:00:00+00:00,426.1,427.1,420.0,420.8,32.15882,-3.33314,436.435,436.435,1174
2005-01-07 00:00:00+00:00,421.7,424.5,416.5,418.6,30.59576,-4.21838,435.38,435.38,1473
2005-01-10 00:00:00+00:00,419.1,421.3,418.3,419.3,31.73273,-4.80803,434.505,434.505,1079
2005-01-11 00:00:00+00:00,419.5,422.3,419.0,421.6,35.47311,-5.03174,433.9,433.9,1742
2005-01-12 00:00:00+00:00,422.0,427.3,420.1,425.8,41.74949,-4.81463,433.25,433.25,2358
2005-01-13 00:00:00+00:00,425.8,426.5,422.7,424.5,40.43837,-4.69336,432.725,432.725,1651
2005-01-14 00:00:00+00:00,425.1,425.2,420.1,422.6,38.53368,-4.69644,431.815,431.815,1711
2005-01-17 00:00:00+00:00,421.8,422.6,421.0,421.2,37.14534,-4.757,431.045,431.045,107
2005-01-18 00:00:00+00:00,421.3,423.3,420.8,422.5,39.33119,-4.64654,430.12,430.12,779
2005-01-19 00:00:00+00:00,422.7,426.6,421.5,422.6,39.50547,-4.49907,429.145,429.145,1998
2005-01-20 00:00:00+00:00,422.3,422.7,419.6,421.7,38.43535,-4.40405,428.175,428.175,1628
2005-01-21 00:00:00+00:00,421.5,427.8,420.6,426.7,47.0213,-3.88056,427.55,427.55,2070
2005-01-24 00:00:00+00:00,426.5,427.6,426.0,426.8,47.17996,-3.41821,426.8,426.8,1143
2005-01-25 00:00:00+00:00,426.8,427.3,420.3,421.6,40.40386,-3.43184,425.69,425.69,2104
2005-01-26 00:00:00+00:00,421.5,427.3,420.8,426.1,47.4391,-3.04443,424.83,424.83,1828
2005-01-27 00:00:00+00:00,426.0,427.6,423.6,426.0,47.30546,-2.71419,424.34,424.34,1573
2005-01-28 00:00:00+00:00,426.1,427.2,423.5,426.5,48.09285,-2.38463,423.815,423.815,1711
2005-01-31 00:00:00+00:00,425.5,425.5,419.2,422.1,42.12724,-2.45026,423.495,423.495,2276
2005-02-01 00:00:00+00:00,422.1,422.1,419.1,420.5,40.17565,-2.60138,423.18,423.18,1747
2005-02-02 00:00:00+00:00,420.8,422.3,419.6,421.3,41.63164,-2.62632,422.94,422.94,1294
2005-02-03 00:00:00+00:00,420.8,421.2,414.2,416.8,36.28249,-2.97491,422.74,422.74,1960
2005-02-04 00:00:00+00:00,416.7,417.3,413.3,414.2,33.59652,-3.42152,422.52,422.52,1761
2005-02-07 00:00:00+00:00,413.8,415.7,412.2,413.0,32.40419,-3.82817,422.205,422.205,1850
2005-02-08 00:00:00+00:00,412.7,413.8,410.2,412.3,31.6975,-4.15898,421.74,421.74,1915
2005-02-09 00:00:00+00:00,412.2,413.3,409.8,412.8,32.82443,-4.33088,421.09,421.09,1579
2005-02-10 00:00:00+00:00,413.1,418.3,411.3,417.2,41.90776,-4.06521,420.725,420.725,2231
2005-02-11 00:00:00+00:00,416.8,421.6,415.8,420.3,47.31319,-3.56344,420.61,420.61,1894
2005-02-14 00:00:00+00:00,420.5,425.8,420.5,425.3,54.64381,-2.73085,420.815,420.815,2289
2005-02-15 00:00:00+00:00,424.7,426.8,423.2,424.8,53.83712,-2.0873,420.93,420.93,2146
2005-02-16 00:00:00+00:00,424.8,425.5,421.6,424.7,53.66648,-1.56728,421.035,421.035,2130
2005-02-17 00:00:00+00:00,424.1,428.1,423.7,426.6,56.4884,-0.99044,421.28,421.28,1903
2005-02-18 00:00:00+00:00,426.2,427.7,425.3,426.8,56.78675,-0.51125,421.285,421.285,1485
2005-02-22 00:00:00+00:00,430.1,435.5,429.8,434.8,66.64023,0.50819,421.685,421.685,2003
2005-02-23 00:00:00+00:00,434.3,435.3,431.2,433.3,63.707,1.18144,422.27,422.27,2065
2005-02-24 00:00:00+00:00,433.1,436.3,431.8,433.2,63.50631,1.68748,422.625,422.625,2008
2005-02-25 00:00:00+00:00,432.8,435.2,430.6,434.8,65.38519,2.19235,423.065,423.065,1926
2005-02-28 00:00:00+00:00,434.6,437.7,434.5,435.0,65.62344,2.57887,423.49,423.49,2174
2005-03-01 00:00:00+00:00,435.0,435.1,430.3,431.8,58.66575,2.59705,423.975,423.975,2032
2005-03-02 00:00:00+00:00,432.1,433.2,428.3,432.6,59.81289,2.64551,424.58,424.58,1164
2005-03-03 00:00:00+00:00,431.8,433.1,428.6,429.2,53.07159,2.3821,424.975,424.975,1575
2005-03-04 00:00:00+00:00,429.2,434.8,428.7,433.8,59.69094,2.51554,425.825,425.825,2059
2005-03-07 00:00:00+00:00,433.8,434.8,431.8,434.0,59.95541,2.60736,426.815,426.815,1385
2005-03-08 00:00:00+00:00,434.3,440.3,433.8,440.0,66.95921,3.12823,428.165,428.165,711
2005-03-09 00:00:00+00:00,439.8,442.1,438.5,440.1,67.06261,3.50864,429.555,429.555,1325
2005-03-10 00:00:00+00:00,439.7,442.3,439.5,441.6,68.64754,3.88636,430.995,430.995,1021
2005-03-11 00:00:00+00:00,441.8,446.6,439.6,444.3,71.32251,4.35339,432.35,432.35,896
2005-03-14 00:00:00+00:00,444.8,444.8,439.6,440.0,62.21807,4.32666,433.335,433.335,984
2005-03-15 00:00:00+00:00,440.1,443.8,439.2,440.2,62.45811,4.27237,434.08,434.08,879
2005-03-16 00:00:00+00:00,440.1,443.5,439.3,442.7,65.41595,4.38058,434.975,434.975,976
2005-03-17 00:00:00+00:00,442.6,443.6,437.1,438.3,56.91644,4.06444,435.655,435.655,969
2005-03-18 00:00:00+00:00,438.5,439.3,435.5,438.8,57.59077,3.81031,436.265,436.265,867
2005-03-21 00:00:00+00:00,439.2,439.2,428.7,430.8,45.35811,2.92962,436.465,436.465,959
2005-03-22 00:00:00+00:00,431.1,432.1,425.6,426.3,40.18724,1.84725,436.04,436.04,1225
2005-03-23 00:00:00+00:00,425.8,428.2,423.5,424.8,38.6073,0.85854,435.615,435.615,1455
2005-03-24 00:00:00+00:00,424.7,426.0,423.6,423.8,37.54749,-0.00565,435.145,435.145,1424
2005-03-28 00:00:00+00:00,424.3,426.1,423.1,425.8,41.03388,-0.52312,434.695,434.695,479
2005-03-29 00:00:00+00:00,425.5,427.3,425.1,425.3,40.42628,-0.96246,434.21,434.21,1028
2005-03-30 00:00:00+00:00,425.2,427.6,424.8,425.3,40.42628,-1.29571,433.885,433.885,1789
2005-03-31 00:00:00+00:00,425.3,428.5,425.2,427.8,45.13703,-1.34261,433.645,433.645,1479
2005-04-01 00:00:00+00:00,427.7,428.3,424.0,425.1,41.33543,-1.57943,433.44,433.44,1624
2005-04-04 00:00:00+00:00,425.1,426.2,421.8,423.3,38.97848,-1.89057,432.915,432.915,1620
2005-04-05 00:00:00+00:00,423.3,425.1,422.0,424.0,40.4017,-2.05696,432.415,432.415,1478
2005-04-06 00:00:00+00:00,424.1,426.8,423.3,426.3,44.94529,-1.9804,431.73,431.73,1533
2005-04-07 00:00:00+00:00,425.7,428.0,424.7,425.3,43.39621,-1.97762,430.99,430.99,1679
2005-04-08 00:00:00+00:00,424.8,427.0,423.8,426.1,45.02852,-1.88909,430.215,430.215,1297
2005-04-11 00:00:00+00:00,425.8,429.3,425.3,427.5,47.86208,-1.68651,429.375,429.375,1542
2005-04-12 00:00:00+00:00,427.8,429.6,425.7,427.7,48.27229,-1.49263,428.76,428.76,1522
2005-04-13 00:00:00+00:00,427.8,429.0,426.3,428.1,49.13426,-1.29181,428.155,428.155,1791
2005-04-14 00:00:00+00:00,428.3,428.8,421.8,423.8,41.18847,-1.46277,427.21,427.21,1785
2005-04-15 00:00:00+00:00,422.8,425.3,421.7,423.8,41.18847,-1.58004,426.485,426.485,1695
2005-04-18 00:00:00+00:00,424.0,427.6,422.8,426.5,47.38472,-1.43853,425.87,425.87,1126
2005-04-19 00:00:00+00:00,426.3,433.5,425.7,433.1,58.8091,-0.78477,425.985,425.985,1788
2005-04-20 00:00:00+00:00,433.1,435.2,431.0,433.5,59.38469,-0.23171,426.345,426.345,1566
2005-04-21 00:00:00+00:00,433.6,434.7,431.2,431.8,55.81497,0.06862,426.695,426.695,1629
2005-04-22 00:00:00+00:00,432.5,435.0,431.2,433.7,58.79614,0.45471,427.19,427.19,1352
2005-04-25 00:00:00+00:00,433.7,434.3,431.7,433.8,58.95312,0.76,427.59,427.59,1463
2005-04-26 00:00:00+00:00,433.6,437.2,433.5,436.1,62.49241,1.174,428.13,428.13,1557
2005-04-27 00:00:00+00:00,436.3,436.3,431.1,431.8,53.24825,1.14196,428.455,428.455,1643
2005-04-28 00:00:00+00:00,431.8,433.3,429.8,430.6,50.98177,1.00812,428.595,428.595,1634
2005-04-29 00:00:00+00:00,430.8,436.3,430.3,434.0,56.61628,1.16299,429.04,429.04,1646
2005-05-02 00:00:00+00:00,433.8,434.1,427.8,428.7,47.45843,0.84828,429.31,429.31,1478
2005-05-03 00:00:00+00:00,428.3,429.6,425.3,426.8,44.66896,0.44049,429.45,429.45,1712
2005-05-04 00:00:00+00:00,426.0,429.3,425.8,428.3,47.30239,0.23562,429.55,429.55,1706
2005-05-05 00:00:00+00:00,429.5,430.8,427.3,429.6,49.54371,0.17614,429.765,429.765,2019
2005-05-06 00:00:00+00:00,429.8,430.7,423.2,425.3,43.02523,-0.21549,429.725,429.725,1643
2005-05-09 00:00:00+00:00,425.3,425.8,423.8,425.3,43.02523,-0.51987,429.615,429.615,2212
2005-05-10 00:00:00+00:00,425.5,427.5,425.3,425.8,44.01851,-0.71254,429.52,429.52,1866
2005-05-11 00:00:00+00:00,425.8,428.0,424.6,426.6,45.65114,-0.79154,429.445,429.445,3002
2005-05-12 00:00:00+00:00,426.6,426.7,420.0,420.8,37.18427,-1.3071,429.295,429.295,1919
2005-05-13 00:00:00+00:00,420.8,422.1,418.2,419.3,35.35783,-1.81579,429.07,429.07,1834
2005-05-16 00:00:00+00:00,419.8,420.2,417.6,418.7,34.6252,-2.24151,428.68,428.68,1596
2005-05-17 00:00:00+00:00,419.0,420.8,417.7,417.8,33.50379,-2.6213,427.915,427.915,1712
2005-05-18 00:00:00+00:00,418.3,421.3,418.0,420.8,40.42957,-2.64967,427.28,427.28,2207
2005-05-19 00:00:00+00:00,420.6,422.8,418.7,420.1,39.39844,-2.69754,426.695,426.695,1512
2005-05-20 00:00:00+00:00,420.3,420.7,416.3,417.1,35.24918,-2.94362,425.865,425.865,747
2005-05-23 00:00:00+00:00,417.2,417.8,415.8,416.3,34.21439,-3.16669,424.99,424.99,1251
2005-05-24 00:00:00+00:00,417.0,418.8,415.3,417.7,37.66322,-3.19369,424.07,424.07,1551
2005-05-25 00:00:00+00:00,417.3,419.1,416.2,418.3,39.1359,-3.13059,423.395,423.395,1447
2005-05-26 00:00:00+00:00,418.1,419.6,416.1,417.0,37.09128,-3.14917,422.715,422.715,1619
2005-05-27 00:00:00+00:00,417.1,419.8,416.8,419.6,43.45416,-2.92044,421.995,421.995,956
2005-05-31 00:00:00+00:00,417.1,417.3,413.3,416.8,38.89198,-2.93131,421.4,421.4,525
2005-06-01 00:00:00+00:00,416.6,417.3,414.2,414.5,35.58687,-3.0899,420.785,420.785,791
2005-06-02 00:00:00+00:00,416.1,423.1,415.8,421.3,49.30404,-2.63649,420.435,420.435,987
2005-06-03 00:00:00+00:00,421.5,424.3,421.2,421.8,50.14475,-2.21132,420.045,420.045,808
2005-06-06 00:00:00+00:00,422.3,426.8,422.1,425.6,56.10285,-1.54988,420.06,420.06,962
2005-06-07 00:00:00+00:00,425.6,427.1,423.8,424.1,53.39046,-1.13365,420.0,420.0,667
2005-06-08 00:00:00+00:00,424.1,426.1,422.6,423.2,51.77309,-0.86642,419.87,419.87,657
2005-06-09 00:00:00+00:00,423.0,424.5,420.6,423.2,51.77309,-0.64718,419.7,419.7,671
2005-06-10 00:00:00+00:00,423.3,427.8,421.7,426.6,57.42396,-0.19681,419.99,419.99,892
2005-06-13 00:00:00+00:00,425.8,430.2,423.5,428.2,59.81048,0.28592,420.435,420.435,966
2005-06-14 00:00:00+00:00,427.7,427.7,426.0,426.3,55.80985,0.50931,420.815,420.815,595
2005-06-15 00:00:00+00:00,426.6,429.5,425.5,428.3,58.92441,0.83806,421.34,421.34,672
2005-06-16 00:00:00+00:00,428.1,435.8,427.8,435.1,67.35026,1.62854,422.055,422.055,924
2005-06-17 00:00:00+00:00,435.3,438.8,435.0,437.1,69.3422,2.38884,422.905,422.905,982
2005-06-20 00:00:00+00:00,437.0,440.8,436.8,437.6,69.83764,2.99718,423.93,423.93,683
2005-06-21 00:00:00+00:00,437.3,438.5,433.6,438.0,70.25181,3.47155,425.015,425.015,806
2005-06-22 00:00:00+00:00,438.1,438.6,435.8,437.7,69.48121,3.77972,426.015,426.015,589
2005-06-23 00:00:00+00:00,437.8,441.8,435.3,440.6,72.60902,4.20942,427.13,427.13,981
2005-06-24 00:00:00+00:00,440.3,443.2,437.8,439.3,69.18591,4.39441,428.245,428.245,916
2005-06-27 00:00:00+00:00,439.3,439.8,438.1,439.3,69.18591,4.48927,429.23,429.23,579
2005-06-28 00:00:00+00:00,439.1,439.5,434.8,435.1,58.79921,4.17738,430.145,430.145,693
2005-06-29 00:00:00+00:00,435.3,437.8,433.5,436.6,61.04833,4.00508,431.25,431.25,658
2005-06-30 00:00:00+00:00,436.8,438.3,434.3,434.5,56.40591,3.65692,431.91,431.91,803
2005-07-01 00:00:00+00:00,434.2,436.2,426.3,426.8,43.37982,2.72823,432.16,432.16,787
2005-07-04 00:00:00+00:00,427.2,427.6,425.8,426.5,42.96352,1.9456,432.205,432.205,114
2005-07-05 00:00:00+00:00,426.5,426.5,421.3,423.2,38.57788,1.04701,432.16,432.16,655
2005-07-06 00:00:00+00:00,423.3,424.3,422.8,423.2,38.57788,0.33105,432.16,432.16,560
2005-07-07 00:00:00+00:00,423.2,428.3,421.5,424.0,40.2915,-0.16984,432.2,432.2,837
2005-07-08 00:00:00+00:00,424.1,424.5,421.6,422.6,38.27884,-0.67202,432.0,432.0,617
2005-07-11 00:00:00+00:00,423.3,426.1,423.2,425.3,44.08037,-0.84242,431.855,431.855,603
2005-07-12 00:00:00+00:00,425.8,427.3,424.5,426.3,46.1011,-0.88656,431.855,431.855,845
2005-07-13 00:00:00+00:00,426.3,427.1,422.8,423.6,41.71768,-1.12641,431.62,431.62,663
2005-07-14 00:00:00+00:00,423.6,424.2,418.6,419.2,35.75181,-1.6525,430.825,430.825,965
2005-07-15 00:00:00+00:00,419.2,421.1,417.8,421.1,39.75806,-1.89428,430.025,430.025,752
2005-07-18 00:00:00+00:00,421.3,422.3,419.8,420.6,39.06767,-2.102,429.175,429.175,506
2005-07-19 00:00:00+00:00,420.8,421.6,418.5,419.6,37.65917,-2.32056,428.255,428.255,655
2005-07-20 00:00:00+00:00,419.8,422.8,419.6,422.8,44.54863,-2.21009,427.51,427.51,624
2005-07-21 00:00:00+00:00,422.5,425.3,422.5,425.3,49.26587,-1.89892,426.745,426.745,623
2005-07-22 00:00:00+00:00,425.8,426.5,423.8,424.5,47.86271,-1.6973,426.005,426.005,570
2005-07-25 00:00:00+00:00,424.7,426.5,423.8,425.3,49.41429,-1.45618,425.305,425.305,681
2005-07-26 00:00:00+00:00,425.3,425.6,422.0,422.8,44.91587,-1.4501,424.69,424.69,854
2005-07-27 00:00:00+00:00,423.0,425.3,421.5,425.1,49.47312,-1.24534,424.115,424.115,657
2005-07-28 00:00:00+00:00,424.5,428.8,424.1,427.6,53.9343,-0.87129,423.77,423.77,836
2005-07-29 00:00:00+00:00,427.5,430.3,426.8,429.3,56.73193,-0.43269,423.895,423.895,822
2005-08-01 00:00:00+00:00,429.2,432.1,428.6,431.3,59.8233,0.07542,424.135,424.135,893
2005-08-02 00:00:00+00:00,431.3,432.8,430.6,431.6,60.28171,0.49658,424.555,424.555,783
2005-08-03 00:00:00+00:00,432.45,437.1,431.1,436.2,66.57855,1.18785,425.205,425.205,1083
2005-08-04 00:00:00+00:00,436.3,438.8,435.1,437.0,67.5423,1.77971,425.855,425.855,1190
2005-08-05 00:00:00+00:00,437.0,438.8,436.5,436.8,67.02197,2.20719,426.565,426.565,856
2005-08-08 00:00:00+00:00,436.7,437.3,433.8,434.6,61.417,2.34146,427.03,427.03,914
2005-08-09 00:00:00+00:00,434.3,435.3,432.6,434.6,61.417,2.41997,427.445,427.445,691
2005-08-10 00:00:00+00:00,434.5,437.1,434.0,436.8,64.82829,2.62941,428.105,428.105,650
2005-08-11 00:00:00+00:00,437.0,446.8,436.8,445.3,74.28739,3.44159,429.41,429.41,1103
2005-08-12 00:00:00+00:00,446.0,449.1,443.5,445.7,74.63313,4.0706,430.64,430.64,934
2005-08-15 00:00:00+00:00,445.7,445.7,440.8,442.3,66.45366,4.24581,431.725,431.725,661
2005-08-16 00:00:00+00:00,441.8,446.5,440.0,445.8,70.0879,4.61389,433.035,433.035,934
2005-08-17 00:00:00+00:00,445.3,445.7,437.8,440.3,59.22906,4.41095,433.91,433.91,1022
2005-08-18 00:00:00+00:00,439.8,442.0,437.5,439.3,57.48518,4.12191,434.61,434.61,884
2005-08-19 00:00:00+00:00,438.2,440.2,435.6,435.8,51.74287,3.56928,435.175,435.175,817
2005-08-22 00:00:00+00:00,436.1,440.2,435.5,437.6,54.27272,3.23922,435.79,435.79,774
2005-08-23 00:00:00+00:00,437.7,440.0,437.5,438.7,55.79777,3.03147,436.585,436.585,875
2005-08-24 00:00:00+00:00,439.2,440.3,435.3,437.0,52.86347,2.69853,437.18,437.18,948
2005-08-25 00:00:00+00:00,437.1,439.5,436.8,437.8,54.08709,2.47076,437.69,437.69,690
2005-08-26 00:00:00+00:00,438.0,439.6,436.0,437.2,52.97634,2.21628,438.085,438.085,648
2005-08-29 00:00:00+00:00,438.1,440.2,436.0,436.1,50.91205,1.90389,438.325,438.325,662
2005-08-30 00:00:00+00:00,436.2,437.1,429.0,431.2,42.89392,1.24657,438.305,438.305,989
2005-08-31 00:00:00+00:00,431.0,435.0,430.6,434.6,48.9068,0.98859,438.225,438.225,703
2005-09-01 00:00:00+00:00,434.8,444.8,434.3,442.8,59.87897,1.42933,438.515,438.515,887
2005-09-02 00:00:00+00:00,442.5,446.8,441.6,443.8,60.97948,1.83813,438.865,438.865,611
2005-09-06 00:00:00+00:00,444.2,445.7,442.5,443.3,60.09193,2.09758,439.3,439.3,781
2005-09-07 00:00:00+00:00,443.3,445.6,442.3,444.3,61.30498,2.35671,439.785,439.785,1141
2005-09-08 00:00:00+00:00,444.2,449.3,443.3,446.7,64.12351,2.72434,440.28,440.28,752
2005-09-09 00:00:00+00:00,446.5,449.3,445.6,448.3,65.90644,3.10895,440.43,440.43,1560
2005-09-12 00:00:00+00:00,449.8,451.3,446.6,449.2,66.90281,3.44666,440.605,440.605,2565
2005-09-13 00:00:00+00:00,448.5,449.3,444.5,445.8,59.79354,3.40073,440.78,440.78,1358
2005-09-14 00:00:00+00:00,446.1,450.3,446.0,450.3,65.0822,3.68497,441.005,441.005,794
2005-09-15 00:00:00+00:00,449.6,455.3,448.1,455.3,69.83071,4.26454,441.755,441.755,971
2005-09-16 00:00:00+00:00,454.8,459.8,453.8,459.3,72.9947,4.9891,442.755,442.755,952
2005-09-19 00:00:00+00:00,458.8,468.1,458.2,463.8,76.03914,5.85889,444.155,444.155,1021
2005-09-20 00:00:00+00:00,463.6,470.6,463.3,464.1,76.23152,6.49752,445.48,445.48,1126
2005-09-21 00:00:00+00:00,465.1,472.3,463.6,471.6,80.45614,7.52211,447.125,447.125,1373
2005-09-22 00:00:00+00:00,472.3,475.0,462.8,465.2,69.15968,7.7286,448.535,448.535,1713
2005-09-23 00:00:00+00:00,465.3,466.1,460.5,462.8,65.44861,7.61084,449.785,449.785,1132
2005-09-26 00:00:00+00:00,462.2,467.1,458.6,466.1,67.99189,7.6951,451.23,451.23,1180
2005-09-27 00:00:00+00:00,466.1,466.1,457.6,462.7,62.85809,7.40219,452.56,452.56,1378
2005-09-28 00:00:00+00:00,462.8,469.8,460.8,468.7,67.51898,7.56698,454.435,454.435,1033
2005-09-29 00:00:00+00:00,469.0,473.3,467.8,471.3,69.31588,7.81727,456.27,456.27,1124
2005-09-30 00:00:00+00:00,471.3,474.1,467.3,468.8,65.56021,7.72484,457.57,457.57,1217
2005-10-03 00:00:00+00:00,467.3,468.3,463.6,465.3,60.60908,7.2852,458.645,458.645,794
2005-10-04 00:00:00+00:00,465.1,469.1,464.1,465.8,61.06149,6.89761,459.77,459.77,1045
2005-10-05 00:00:00+00:00,466.1,466.6,462.8,464.8,59.58747,6.43557,460.795,460.795,987
2005-10-06 00:00:00+00:00,464.6,473.6,464.1,473.3,66.90138,6.67829,462.125,462.125,1319
2005-10-07 00:00:00+00:00,473.1,475.6,469.6,474.3,67.64331,6.87212,463.425,463.425,1182
2005-10-10 00:00:00+00:00,473.8,478.3,472.1,475.1,68.25635,7.00949,464.72,464.72,794
2005-10-11 00:00:00+00:00,474.8,478.2,474.1,475.3,68.41745,7.05319,466.195,466.195,1286
2005-10-12 00:00:00+00:00,475.3,480.0,469.7,470.8,60.92538,6.64807,467.22,467.22,1622
2005-10-13 00:00:00+00:00,471.7,473.8,467.3,471.2,61.33073,6.28682,468.015,468.015,1347
2005-10-14 00:00:00+00:00,471.2,471.6,465.3,469.2,58.0861,5.7726,468.51,468.51,1553
2005-10-17 00:00:00+00:00,469.0,475.0,468.8,473.6,62.7545,5.65493,469.0,469.0,1011
2005-10-18 00:00:00+00:00,473.8,474.2,470.3,471.1,58.75051,5.29887,469.35,469.35,957
2005-10-19 00:00:00+00:00,470.8,471.3,461.6,464.0,49.15774,4.39313,468.97,468.97,1427
2005-10-20 00:00:00+00:00,464.1,464.6,459.5,460.8,45.54799,3.37818,468.75,468.75,1244
2005-10-21 00:00:00+00:00,460.8,466.8,460.3,466.3,52.06351,2.98323,468.925,468.925,1021
2005-10-24 00:00:00+00:00,465.6,468.3,462.8,464.5,49.95671,2.49622,468.845,468.845,937
2005-10-25 00:00:00+00:00,465.2,473.2,464.0,472.1,57.73368,2.69247,469.315,469.315,1105
2005-10-26 00:00:00+00:00,472.2,474.0,470.1,470.6,55.88763,2.69589,469.41,469.41,1148
2005-10-27 00:00:00+00:00,470.2,475.5,469.8,473.1,58.28189,2.86728,469.5,469.5,1077
2005-10-28 00:00:00+00:00,473.3,474.3,469.3,472.1,56.95036,2.88911,469.665,469.665,1165
2005-10-31 00:00:00+00:00,472.3,472.8,464.6,465.2,48.68523,2.32286,469.66,469.66,1089
2005-11-01 00:00:00+00:00,465.6,466.3,457.7,459.0,42.68999,1.35816,469.32,469.32,1179
2005-11-02 00:00:00+00:00,459.7,463.5,459.3,462.6,46.78749,0.87404,469.21,469.21,967
2005-11-03 00:00:00+00:00,462.7,464.8,458.5,460.7,44.96042,0.33322,468.58,468.58,1068
2005-11-04 00:00:00+00:00,460.8,464.0,454.8,456.3,40.97037,-0.44529,467.68,467.68,1109
2005-11-07 00:00:00+00:00,456.7,459.3,455.8,458.8,44.01073,-0.85074,466.865,466.865,910
2005-11-08 00:00:00+00:00,458.8,462.2,456.2,460.7,46.27551,-1.00713,466.135,466.135,981
2005-11-09 00:00:00+00:00,460.2,467.6,460.1,466.1,52.1942,-0.68741,465.9,465.9,1247
2005-11-10 00:00:00+00:00,466.8,469.6,465.1,465.8,51.85243,-0.45302,465.63,465.63,1065
2005-11-11 00:00:00+00:00,465.3,468.6,464.6,468.2,54.42358,-0.07276,465.58,465.58,749
2005-11-14 00:00:00+00:00,468.7,470.3,466.3,467.2,53.14999,0.14621,465.26,465.26,867
2005-11-15 00:00:00+00:00,467.3,469.5,466.1,468.3,54.41372,0.40386,465.12,465.12,945
2005-11-16 00:00:00+00:00,468.6,478.8,467.8,478.7,64.23606,1.43075,465.855,465.855,1063
2005-11-17 00:00:00+00:00,479.6,486.7,477.5,485.1,68.70484,2.72953,467.07,467.07,1660
2005-11-18 00:00:00+00:00,485.2,488.6,482.8,484.8,68.27419,3.69205,467.995,467.995,2021
2005-11-21 00:00:00+00:00,484.8,491.5,484.3,490.8,72.0479,4.88272,469.31,469.31,1019
2005-11-22 00:00:00+00:00,491.3,495.0,489.3,493.2,73.41033,5.9514,470.365,470.365,1318
2005-11-23 00:00:00+00:00,491.6,493.1,487.1,491.6,70.92827,6.59322,471.415,471.415,942
2005-11-28 00:00:00+00:00,498.1,498.8,492.8,498.3,74.77449,7.55541,472.675,472.675,751
2005-11-29 00:00:00+00:00,498.7,502.2,494.3,498.5,74.88132,8.23911,473.995,473.995,1280
2005-12-01 00:00:00+00:00,491.5,504.2,490.3,503.8,77.58986,9.10367,475.925,475.925,1391
2005-12-02 00:00:00+00:00,504.3,506.3,499.8,502.8,75.9263,9.59752,478.115,478.115,1353
2005-12-05 00:00:00+00:00,503.8,509.6,503.5,508.5,78.72618,10.32977,480.41,480.41,1135
2005-12-06 00:00:00+00:00,510.3,511.2,503.8,510.7,79.70718,10.96124,482.91,482.91,1251
2005-12-07 00:00:00+00:00,508.8,516.2,508.3,514.7,81.38772,11.65016,485.83,485.83,1216
2005-12-08 00:00:00+00:00,514.7,520.7,512.2,520.2,83.4208,12.4959,488.9,488.9,1187
2005-12-09 00:00:00+00:00,520.7,530.2,519.2,525.7,85.16584,13.45485,492.15,492.15,1205
2005-12-12 00:00:00+00:00,528.2,540.5,526.2,527.2,85.61067,14.1725,495.205,495.205,1723
2005-12-13 00:00:00+00:00,526.2,529.2,517.1,517.1,70.32004,13.76755,497.77,497.77,1784
2005-12-14 00:00:00+00:00,513.7,516.0,504.6,505.1,57.23921,12.33612,499.615,499.615,1861
2005-12-15 00:00:00+00:00,502.5,508.8,499.5,501.2,53.74036,10.76293,501.315,501.315,1384
2005-12-16 00:00:00+00:00,497.7,507.0,492.8,502.7,54.88267,9.52738,503.035,503.035,1798
2005-12-19 00:00:00+00:00,501.3,508.8,500.8,503.5,55.51362,8.51461,504.275,504.275,1213
2005-12-20 00:00:00+00:00,503.6,507.8,491.3,492.1,45.70489,6.71468,504.625,504.625,1736
2005-12-21 00:00:00+00:00,490.5,494.8,489.3,494.3,47.62804,5.40347,505.1,505.1,1338
2005-12-22 00:00:00+00:00,495.0,504.2,493.2,504.0,55.16811,5.08837,505.76,505.76,1444
2005-12-23 00:00:00+00:00,502.6,505.8,499.7,502.3,53.70868,4.6479,506.215,506.215,851
2005-12-27 00:00:00+00:00,505.8,508.0,504.8,507.1,57.15511,4.63274,506.99,506.99,736
2005-12-28 00:00:00+00:00,508.5,517.6,508.2,516.5,62.96948,5.31793,507.9,507.9,1180
2005-12-29 00:00:00+00:00,516.7,517.5,510.3,515.5,62.00545,5.71438,508.75,508.75,1207
2005-12-30 00:00:00+00:00,513.7,517.1,511.6,514.6,61.09884,5.88808,509.29,509.29,658
2006-01-02 00:00:00+00:00,516.8,516.8,516.3,516.3,62.22245,6.09267,509.965,509.965,2
2006-01-03 00:00:00+00:00,519.2,534.6,518.5,533.6,71.30551,7.56359,511.22,511.22,980
2006-01-04 00:00:00+00:00,534.6,535.2,525.1,533.6,71.30551,8.62983,512.365,512.365,1689
2006-01-05 00:00:00+00:00,534.0,534.0,522.1,524.7,62.35977,8.65689,512.865,512.865,1538
2006-01-06 00:00:00+00:00,524.0,539.7,522.7,539.2,69.15034,9.73612,513.815,513.815,1246
2006-01-09 00:00:00+00:00,539.2,551.1,535.0,547.7,72.3046,11.14879,514.915,514.915,1755
2006-01-10 00:00:00+00:00,548.0,548.5,539.0,542.0,67.33279,11.67382,515.655,515.655,2360
2006-01-11 00:00:00+00:00,542.2,549.2,539.2,548.2,69.7679,12.44673,517.21,517.21,2025
2006-01-12 00:00:00+00:00,549.2,549.2,541.7,545.0,66.9922,12.65517,519.205,519.205,1912
2006-01-13 00:00:00+00:00,544.2,557.2,544.2,556.7,71.46265,13.60759,521.98,521.98,1504
2006-01-17 00:00:00+00:00,558.2,560.1,551.6,554.2,69.3028,13.99929,524.555,524.555,1675
2006-01-18 00:00:00+00:00,555.7,557.0,542.1,542.5,60.14162,13.2133,526.505,526.505,2562
2006-01-19 00:00:00+00:00,540.5,558.7,540.2,557.2,66.18909,13.61957,529.76,529.76,3163
2006-01-20 00:00:00+00:00,560.7,567.6,552.1,554.0,63.91567,13.5274,532.745,532.745,2399
2006-01-23 00:00:00+00:00,551.5,560.2,549.0,558.6,65.73749,13.66797,535.475,535.475,1773
2006-01-24 00:00:00+00:00,559.0,559.2,552.7,558.0,65.27456,13.57449,538.26,538.26,1655
2006-01-25 00:00:00+00:00,557.7,566.1,556.7,562.7,67.22177,13.72148,541.04,541.04,1491
2006-01-26 00:00:00+00:00,562.5,562.5,554.2,559.7,64.72685,13.44095,543.2,543.2,1211
2006-01-27 00:00:00+00:00,557.7,564.2,555.1,559.0,64.12877,13.01216,545.375,545.375,1021
2006-01-30 00:00:00+00:00,557.7,568.7,557.5,568.1,68.23759,13.25384,548.05,548.05,974
2006-01-31 00:00:00+00:00,568.5,572.2,565.7,568.7,68.49384,13.34002,550.67,550.67,1365
2006-02-01 00:00:00+00:00,569.2,571.2,563.0,569.5,68.85464,13.31934,552.465,552.465,1515
2006-02-02 00:00:00+00:00,567.7,574.7,567.7,571.7,69.87627,13.32684,554.37,554.37,1294
2006-02-03 00:00:00+00:00,571.6,573.6,564.7,568.2,66.15822,12.90164,556.545,556.545,1123
2006-02-06 00:00:00+00:00,568.2,573.2,567.7,568.6,66.3784,12.45339,558.015,558.015,893
2006-02-07 00:00:00+00:00,568.2,571.2,546.2,548.7,49.22087,10.37282,558.065,558.065,1821
2006-02-08 00:00:00+00:00,548.7,552.6,544.7,549.6,49.8522,8.69632,558.445,558.445,1741
2006-02-09 00:00:00+00:00,552.5,566.5,552.5,564.7,59.051,8.48828,559.27,559.27,1708
2006-02-10 00:00:00+00:00,567.7,568.2,546.2,550.5,49.79971,7.0958,559.545,559.545,1704
2006-02-13 00:00:00+00:00,548.6,551.2,538.1,540.0,44.27602,5.08634,558.71,558.71,1409
2006-02-14 00:00:00+00:00,537.6,547.5,534.6,547.0,48.38621,4.01243,558.35,558.35,1413
2006-02-15 00:00:00+00:00,547.2,547.6,535.7,539.5,44.59117,2.52702,558.2,558.2,1544
2006-02-16 00:00:00+00:00,537.7,549.0,535.2,548.7,49.79315,2.06835,557.775,557.775,1581
2006-02-17 00:00:00+00:00,547.6,554.0,543.7,551.6,51.34383,1.91676,557.655,557.655,960
2006-02-21 00:00:00+00:00,552.2,555.7,551.0,553.7,52.4882,1.94367,557.41,557.41,761
2006-02-22 00:00:00+00:00,553.7,555.6,547.1,555.5,53.49778,2.08619,557.285,557.285,989
2006-02-23 00:00:00+00:00,554.1,554.5,547.6,549.1,49.47251,1.66354,556.605,556.605,1039
2006-02-24 00:00:00+00:00,547.0,559.5,547.0,558.5,54.84635,2.0633,556.545,556.545,822
2006-02-27 00:00:00+00:00,558.5,558.5,551.7,553.1,51.4604,1.92222,556.25,556.25,892
2006-02-28 00:00:00+00:00,552.7,562.2,552.6,562.0,56.25391,2.49976,555.945,555.945,829
2006-03-01 00:00:00+00:00,562.1,566.1,559.7,562.5,56.51373,2.96364,555.635,555.635,885
2006-03-02 00:00:00+00:00,561.7,570.7,561.2,569.2,59.94664,3.82778,555.62,555.62,907
2006-03-03 00:00:00+00:00,568.7,570.2,564.2,564.7,56.7086,4.10222,555.27,555.27,668
2006-03-06 00:00:00+00:00,566.1,568.0,551.5,554.5,50.10245,3.45681,554.585,554.585,855
2006-03-07 00:00:00+00:00,553.7,558.2,548.1,552.1,48.6659,2.7203,553.76,553.76,948
2006-03-08 00:00:00+00:00,553.0,553.7,538.0,542.5,43.3159,1.34645,553.45,553.45,1107
2006-03-09 00:00:00+00:00,538.2,550.0,538.0,545.5,45.33821,0.49404,553.245,553.245,791
2006-03-10 00:00:00+00:00,544.7,546.6,533.7,540.5,42.60969,-0.57829,552.035,552.035,762
2006-03-13 00:00:00+00:00,540.0,546.2,540.0,545.2,45.90526,-1.03691,551.77,551.77,705
2006-03-14 00:00:00+00:00,546.2,552.0,538.2,550.5,49.43168,-0.96163,552.295,552.295,776
2006-03-15 00:00:00+00:00,550.6,556.7,549.7,552.6,50.80026,-0.72416,552.575,552.575,776
2006-03-16 00:00:00+00:00,552.1,556.2,547.0,554.7,52.19361,-0.36234,553.335,553.335,904
2006-03-17 00:00:00+00:00,554.5,557.1,551.6,553.6,51.3729,-0.16248,553.58,553.58,598
2006-03-20 00:00:00+00:00,554.2,556.0,550.0,553.5,51.29393,-0.01202,553.675,553.675,608
2006-03-21 00:00:00+00:00,553.6,556.0,546.7,551.7,49.80981,-0.03759,553.575,553.575,839
2006-03-22 00:00:00+00:00,551.7,553.1,546.7,550.2,48.54918,-0.17686,553.31,553.31,694
2006-03-23 00:00:00+00:00,550.5,551.0,544.7,549.6,48.02559,-0.33181,553.335,553.335,652
2006-03-24 00:00:00+00:00,549.2,560.7,548.2,559.6,56.45474,0.34828,553.39,553.39,573
2006-03-27 00:00:00+00:00,559.5,568.2,558.2,566.7,61.25882,1.44353,554.07,554.07,702
2006-03-28 00:00:00+00:00,566.5,569.0,562.0,563.6,58.23774,2.03789,554.15,554.15,824
2006-03-29 00:00:00+00:00,563.2,573.7,560.0,572.7,63.87048,3.20626,554.66,554.66,850
2006-03-30 00:00:00+00:00,573.0,589.1,571.0,588.0,70.96197,5.30562,555.6,555.6,1397
2006-03-31 00:00:00+00:00,587.5,588.6,578.6,583.5,66.80849,6.53098,556.54,556.54,1208
2006-04-03 00:00:00+00:00,572.2,591.2,572.2,587.7,68.65269,7.75164,558.2,558.2,791
2006-04-04 00:00:00+00:00,587.6,589.7,584.2,585.6,66.65839,8.45214,559.875,559.875,948
2006-04-05 00:00:00+00:00,585.6,589.2,581.7,588.5,68.03914,9.13598,562.175,562.175,889
2006-04-06 00:00:00+00:00,588.0,596.5,587.0,595.6,71.18535,10.13402,564.68,564.68,1030
2006-04-07 00:00:00+00:00,595.1,597.7,584.7,588.3,64.18889,10.21814,567.07,567.07,1005
2006-04-10 00:00:00+00:00,588.3,599.7,588.0,599.7,69.26858,11.07699,569.795,569.795,947
2006-04-11 00:00:00+00:00,599.6,603.7,592.5,593.2,63.71875,11.10514,571.93,571.93,1172
2006-04-12 00:00:00+00:00,593.7,599.7,593.2,597.7,65.76384,11.35961,574.185,574.185,1061
2006-04-13 00:00:00+00:00,597.5,598.2,590.2,596.0,64.28952,11.29391,576.25,576.25,833
2006-04-17 00:00:00+00:00,605.5,615.2,603.2,613.5,71.39797,12.50975,579.245,579.245,883
2006-04-18 00:00:00+00:00,613.2,622.2,612.0,621.2,73.86326,13.93401,582.63,582.63,1112
2006-04-19 00:00:00+00:00,621.6,642.1,621.0,639.0,78.4808,16.31103,586.995,586.995,1636
2006-04-20 00:00:00+00:00,639.2,645.2,607.5,613.2,61.51651,15.92937,590.145,590.145,1692
2006-04-21 00:00:00+00:00,613.1,634.2,610.1,633.5,67.47401,17.06819,594.34,594.34,1109
2006-04-24 00:00:00+00:00,638.5,639.5,619.0,619.6,60.56073,16.65709,597.34,597.34,1190
2006-04-25 00:00:00+00:00,619.7,634.6,618.2,630.2,63.62174,16.99076,600.515,600.515,939
2006-04-26 00:00:00+00:00,629.0,640.7,628.0,638.7,65.90682,17.73662,604.27,604.27,954
2006-04-27 00:00:00+00:00,639.6,643.2,627.5,633.2,63.14298,17.68011,607.295,607.295,1264
2006-04-28 00:00:00+00:00,633.6,655.5,633.6,653.7,68.45322,19.06968,610.58,610.58,1264
2006-05-01 00:00:00+00:00,654.1,661.1,650.7,654.5,68.64308,20.00487,614.13,614.13,1802
2006-05-02 00:00:00+00:00,654.2,669.1,652.5,668.7,71.87839,21.64236,618.18,618.18,1083
2006-05-03 00:00:00+00:00,668.7,677.0,657.7,664.0,69.32869,22.30373,622.1,622.1,1429
2006-05-04 00:00:00+00:00,662.7,680.2,660.7,679.7,72.79967,23.82015,626.66,626.66,1619
2006-05-05 00:00:00+00:00,678.7,684.2,674.7,683.2,73.51912,25.01597,631.04,631.04,1110
2006-05-08 00:00:00+00:00,680.7,686.1,670.5,678.2,70.64441,25.26892,635.535,635.535,1364
2006-05-09 00:00:00+00:00,679.7,700.6,677.7,699.7,75.14493,26.89424,640.535,640.535,1315
2006-05-10 00:00:00+00:00,700.5,709.2,693.2,708.7,76.75169,28.5791,646.31,646.31,1495
2006-05-11 00:00:00+00:00,707.5,726.2,704.2,713.7,77.61738,29.97232,652.11,652.11,1753
2006-05-12 00:00:00+00:00,712.6,729.7,707.7,714.2,77.70678,30.76219,658.02,658.02,1673
2006-05-15 00:00:00+00:00,712.7,719.7,676.1,679.5,59.84301,28.26238,661.32,661.32,3968
2006-05-16 00:00:00+00:00,678.1,692.7,674.5,687.7,62.06249,26.63589,664.645,664.645,2912
2006-05-17 00:00:00+00:00,686.1,716.5,684.7,686.7,61.61524,24.97827,667.03,667.03,2937
2006-05-18 00:00:00+00:00,687.7,694.1,678.2,684.7,60.67349,23.23536,670.605,670.605,3413
2006-05-19 00:00:00+00:00,683.0,688.2,650.6,657.2,49.47585,19.41131,671.79,671.79,3077
2006-05-22 00:00:00+00:00,655.1,660.6,636.1,655.3,48.80565,16.04248,673.575,673.575,2015
2006-05-23 00:00:00+00:00,656.7,674.5,650.7,666.1,52.72569,14.0818,675.37,675.37,2431
2006-05-24 00:00:00+00:00,665.7,669.6,635.6,642.1,44.56011,10.47065,675.54,675.54,2457
2006-05-25 00:00:00+00:00,642.1,651.2,638.0,649.6,47.30647,8.12037,676.36,676.36,2017
2006-05-26 00:00:00+00:00,651.1,655.0,640.0,651.2,47.89942,6.31408,676.235,676.235,1395
2006-05-30 00:00:00+00:00,651.5,664.6,650.7,652.5,48.40741,4.93064,676.135,676.135,1272
2006-05-31 00:00:00+00:00,652.2,659.5,638.2,642.7,44.85674,3.00879,674.835,674.835,3179
2006-06-01 00:00:00+00:00,643.1,645.2,620.7,628.5,40.24983,0.33602,673.06,673.06,2254
2006-06-02 00:00:00+00:00,629.1,638.7,618.7,637.7,44.24513,-1.02796,670.96,670.96,1460
2006-06-05 00:00:00+00:00,638.5,645.1,634.5,634.7,43.23001,-2.3242,668.535,668.535,2558
2006-06-06 00:00:00+00:00,634.7,639.0,625.2,629.6,41.48741,-3.72013,666.105,666.105,3050
2006-06-07 00:00:00+00:00,629.6,630.7,616.5,626.7,40.48799,-5.00275,662.455,662.455,3420
2006-06-08 00:00:00+00:00,626.6,626.7,607.1,613.2,36.12518,-7.02756,657.68,657.68,3180
2006-06-09 00:00:00+00:00,613.5,617.1,600.6,607.1,34.32534,-9.02048,652.35,652.35,2907
2006-06-12 00:00:00+00:00,604.7,611.2,602.2,604.2,33.47155,-10.71042,646.85,646.85,1405
2006-06-13 00:00:00+00:00,604.1,604.1,560.5,565.5,24.65735,-14.99958,641.15,641.15,1944
2006-06-14 00:00:00+00:00,564.5,570.7,542.5,558.2,23.40531,-18.77142,634.675,634.675,3561
2006-06-15 00:00:00+00:00,559.7,578.2,553.7,576.2,32.50594,-20.07676,629.15,629.15,3512
2006-06-16 00:00:00+00:00,574.5,584.2,566.6,580.6,34.55298,-20.51966,623.945,623.945,3732
2006-06-19 00:00:00+00:00,579.0,579.0,563.7,565.5,31.07028,-21.83739,619.36,619.36,2524
2006-06-20 00:00:00+00:00,564.7,577.2,560.7,575.0,35.47663,-21.8631,615.345,615.345,1286
2006-06-21 00:00:00+00:00,574.7,590.2,570.5,586.5,40.4401,-20.71671,611.365,611.365,1381
2006-06-22 00:00:00+00:00,588.1,594.7,578.7,580.6,38.7914,-20.05311,608.29,608.29,1255
2006-06-23 00:00:00+00:00,580.6,586.0,571.7,583.0,39.86538,-19.11322,604.96,604.96,1359
2006-06-26 00:00:00+00:00,584.0,587.5,577.5,585.0,40.79763,-17.99947,601.65,601.65,1072
2006-06-27 00:00:00+00:00,584.2,595.5,578.2,579.2,38.91359,-17.38444,597.985,597.985,1411
2006-06-28 00:00:00+00:00,579.7,586.0,576.7,579.5,39.07033,-16.68053,594.825,594.825,1072
2006-06-29 00:00:00+00:00,580.5,600.0,579.7,598.7,48.22603,-14.40732,593.335,593.335,1076
2006-06-30 00:00:00+00:00,598.1,616.0,596.7,615.2,54.54712,-11.14589,592.21,592.21,973
2006-07-03 00:00:00+00:00,617.0,624.7,614.1,623.0,57.20692,-7.8414,591.625,591.625,412
2006-07-04 00:00:00+00:00,623.5,623.6,620.7,620.7,56.16326,-5.34652,591.18,591.18,17
2006-07-05 00:00:00+00:00,626.0,629.2,617.7,627.1,58.43557,-2.82038,591.2,591.2,934
2006-07-06 00:00:00+00:00,627.7,634.6,622.0,633.0,60.46987,-0.33841,592.19,592.19,958
2006-07-07 00:00:00+00:00,633.2,637.0,627.2,628.7,58.23289,1.26699,593.27,593.27,1051
2006-07-10 00:00:00+00:00,628.5,632.0,620.2,623.2,55.4094,2.0716,594.22,594.22,908
2006-07-11 00:00:00+00:00,623.1,643.2,621.2,640.2,61.60598,4.03451,597.955,597.955,1016
2006-07-12 00:00:00+00:00,640.5,655.0,639.2,650.2,64.71244,6.32414,602.555,602.555,1266
2006-07-13 00:00:00+00:00,650.7,665.2,644.6,663.8,68.45106,9.13084,606.935,606.935,1251
2006-07-14 00:00:00+00:00,665.0,667.2,659.0,663.6,68.3364,11.20982,611.085,611.085,1101
2006-07-17 00:00:00+00:00,670.1,676.0,640.6,642.6,57.45386,11.03568,614.94,614.94,1263
2006-07-18 00:00:00+00:00,643.5,654.0,627.6,630.5,52.28705,9.80825,617.715,617.715,1271
2006-07-19 00:00:00+00:00,632.5,645.6,617.2,642.2,56.37258,9.66814,620.5,620.5,1238
2006-07-20 00:00:00+00:00,643.2,644.7,627.2,628.6,50.91505,8.36329,622.9,622.9,1160
2006-07-21 00:00:00+00:00,629.5,636.6,615.7,619.2,47.49267,6.49581,624.71,624.71,1597
2006-07-24 00:00:00+00:00,618.1,620.2,602.1,615.0,46.00471,4.62361,626.21,626.21,1247
2006-07-25 00:00:00+00:00,616.0,623.7,609.7,618.6,47.52238,3.39128,628.18,628.18,961
2006-07-26 00:00:00+00:00,618.6,627.2,613.1,623.0,49.39458,2.73812,630.355,630.355,969
2006-07-27 00:00:00+00:00,624.2,640.2,623.5,634.1,53.86608,3.08066,632.125,632.125,1035
2006-07-28 00:00:00+00:00,633.7,637.2,626.2,634.2,53.90559,3.3219,633.075,633.075,919
2006-07-31 00:00:00+00:00,637.0,639.1,629.0,635.7,54.53467,3.59271,633.71,633.71,873
2006-08-01 00:00:00+00:00,635.2,648.0,630.2,647.5,59.24654,4.70525,635.05,635.05,1037
2006-08-02 00:00:00+00:00,646.1,655.5,644.7,651.2,60.62452,5.81843,636.255,636.255,993
2006-08-03 00:00:00+00:00,651.0,652.6,639.2,644.7,56.97955,6.10576,636.84,636.84,888
2006-08-04 00:00:00+00:00,646.2,653.7,643.2,646.0,57.52953,6.36499,637.705,637.705,963
2006-08-07 00:00:00+00:00,646.0,651.6,645.2,648.2,58.49652,6.67106,638.955,638.955,822
2006-08-08 00:00:00+00:00,647.6,648.7,640.5,642.0,54.71559,6.34025,639.045,639.045,809
2006-08-09 00:00:00+00:00,641.2,654.6,635.1,650.5,58.66057,6.68687,639.06,639.06,1017
2006-08-10 00:00:00+00:00,651.0,653.5,633.7,637.2,51.15171,5.82127,637.73,637.73,1106
2006-08-11 00:00:00+00:00,636.2,644.7,626.2,632.0,48.53578,4.66194,636.15,636.15,982
2006-08-14 00:00:00+00:00,628.7,632.7,623.2,626.2,45.72681,3.23783,635.33,635.33,1107
2006-08-15 00:00:00+00:00,626.1,628.0,621.2,624.5,44.90646,1.94956,635.03,635.03,821
2006-08-16 00:00:00+00:00,624.6,632.2,623.5,628.5,47.30208,1.2371,634.345,634.345,831
2006-08-17 00:00:00+00:00,629.1,631.6,612.7,613.2,40.11658,-0.5557,633.575,633.575,847
2006-08-18 00:00:00+00:00,614.7,618.7,607.0,614.2,40.7501,-1.87421,633.325,633.325,1048
2006-08-21 00:00:00+00:00,614.7,629.2,613.2,627.5,48.54662,-1.82491,633.95,633.95,855
2006-08-22 00:00:00+00:00,627.7,628.2,620.6,623.0,46.32547,-2.12446,634.17,634.17,910
2006-08-23 00:00:00+00:00,624.1,630.0,620.5,621.1,45.38136,-2.48651,634.075,634.075,944
2006-08-24 00:00:00+00:00,621.2,626.2,618.2,620.7,45.17263,-2.77373,633.405,633.405,950
2006-08-25 00:00:00+00:00,620.0,623.7,617.5,622.0,46.04124,-2.86345,632.795,632.795,923
2006-08-28 00:00:00+00:00,623.0,623.5,612.6,613.7,41.51865,-3.56323,631.695,631.695,813
2006-08-29 00:00:00+00:00,613.2,617.6,607.2,614.0,41.7414,-4.04694,630.02,630.02,1099
2006-08-30 00:00:00+00:00,614.2,620.2,612.2,618.7,45.25929,-4.00487,628.395,628.395,853
2006-08-31 00:00:00+00:00,618.1,627.1,618.1,624.6,49.39065,-3.45562,627.39,627.39,1000
2006-09-01 00:00:00+00:00,626.0,627.5,619.7,624.7,49.46027,-2.97793,626.325,626.325,744
2006-09-05 00:00:00+00:00,628.7,640.2,627.2,638.1,57.83158,-1.5008,625.82,625.82,2140
2006-09-06 00:00:00+00:00,639.5,640.0,632.2,633.2,54.29031,-0.71728,625.38,625.38,1562
2006-09-07 00:00:00+00:00,633.5,635.7,614.0,616.7,44.42532,-1.41147,623.69,623.69,1275
2006-09-08 00:00:00+00:00,617.6,619.0,606.2,610.2,41.24575,-2.45779,622.34,622.34,1112
2006-09-11 00:00:00+00:00,608.7,608.7,583.0,588.7,32.86657,-4.96465,620.175,620.175,1061
2006-09-12 00:00:00+00:00,590.1,599.2,584.2,585.7,31.89296,-7.11145,618.15,618.15,3455
2006-09-13 00:00:00+00:00,586.6,593.2,578.6,589.7,34.67175,-8.39328,616.41,616.41,3906
2006-09-14 00:00:00+00:00,589.5,594.7,574.1,575.0,29.85148,-10.47457,613.735,613.735,3651
2006-09-15 00:00:00+00:00,575.6,581.6,570.2,578.7,32.399,-11.69068,612.01,612.01,3978
2006-09-18 00:00:00+00:00,582.2,587.7,577.2,586.7,37.66973,-11.87207,610.635,610.635,3181
2006-09-19 00:00:00+00:00,588.5,588.7,571.7,571.7,32.54585,-13.07548,607.845,607.845,3268
2006-09-20 00:00:00+00:00,573.2,586.2,572.2,576.2,35.38536,-13.51033,605.505,605.505,3422
2006-09-21 00:00:00+00:00,576.1,585.0,574.2,583.7,39.92442,-13.09877,603.635,603.635,3439
2006-09-22 00:00:00+00:00,584.2,592.2,583.7,589.1,43.02767,-12.19628,602.055,602.055,3654
2006-09-25 00:00:00+00:00,588.6,591.7,581.7,589.1,43.02767,-11.35022,600.41,600.41,1605
2006-09-26 00:00:00+00:00,590.1,593.2,585.7,591.2,44.32477,-10.39048,599.285,599.285,1808
2006-09-28 00:00:00+00:00,602.6,606.5,599.7,600.7,49.88356,-8.7623,598.62,598.62,3202
2006-09-29 00:00:00+00:00,600.6,603.2,593.7,597.7,48.2454,-7.62612,597.57,597.57,2627
2006-10-02 00:00:00+00:00,598.2,603.6,578.1,594.7,46.59745,-6.88836,596.075,596.075,3024
2006-10-03 00:00:00+00:00,595.2,597.7,573.6,574.1,37.2008,-7.87515,593.545,593.545,4275
2006-10-04 00:00:00+00:00,575.0,580.6,559.2,567.2,34.67828,-9.10896,590.0,590.0,4387
2006-10-05 00:00:00+00:00,567.0,574.1,562.2,572.7,38.27136,-9.53306,586.975,586.975,4229
2006-10-06 00:00:00+00:00,572.6,573.7,560.2,573.2,38.602,-9.71682,584.8,584.8,2361
2006-10-09 00:00:00+00:00,574.6,580.5,571.2,576.2,40.65592,-9.51073,583.1,583.1,2291
2006-10-10 00:00:00+00:00,576.5,581.0,568.7,572.5,38.92635,-9.53604,582.29,582.29,2820
2006-10-11 00:00:00+00:00,572.1,578.6,570.1,572.6,39.00188,-9.43922,581.635,581.635,2860
2006-10-12 00:00:00+00:00,572.6,579.0,570.7,579.0,43.79277,-8.74526,581.1,581.1,2470
2006-10-13 00:00:00+00:00,578.7,589.7,576.7,589.6,50.69935,-7.2563,581.83,581.83,2604
2006-10-16 00:00:00+00:00,592.7,596.2,589.7,596.2,54.45219,-5.48056,582.705,582.705,2195
2006-10-17 00:00:00+00:00,596.6,597.2,585.7,589.5,50.26886,-4.56132,582.845,582.845,2276
2006-10-18 00:00:00+00:00,589.0,594.7,587.0,589.2,50.08332,-3.81307,583.72,583.72,1783
2006-10-19 00:00:00+00:00,589.5,600.5,586.5,599.7,56.17956,-2.34577,584.895,584.895,2629
2006-10-20 00:00:00+00:00,599.2,602.0,590.5,591.1,50.71623,-1.85549,585.265,585.265,2758
2006-10-23 00:00:00+00:00,590.5,592.6,579.2,580.7,45.01515,-2.27985,584.845,584.845,3093
2006-10-24 00:00:00+00:00,581.5,586.7,572.2,585.2,47.75196,-2.22737,584.65,584.65,3262
2006-10-25 00:00:00+00:00,584.6,591.5,579.5,591.2,51.23705,-1.68224,584.65,584.65,2720
2006-10-26 00:00:00+00:00,591.7,598.2,589.6,596.0,53.88703,-0.85306,584.415,584.415,3248
2006-10-27 00:00:00+00:00,596.2,599.7,591.5,599.2,55.61863,0.06157,584.49,584.49,2508
2006-10-30 00:00:00+00:00,598.2,610.6,598.2,603.6,57.95644,1.12846,584.935,584.935,4032
2006-10-31 00:00:00+00:00,603.6,607.2,597.6,606.1,59.26926,2.15091,586.535,586.535,3466
2006-11-01 00:00:00+00:00,606.0,619.2,605.1,616.7,64.35192,3.77304,589.01,589.01,2152
2006-11-02 00:00:00+00:00,616.0,625.6,613.7,624.2,67.44718,5.59924,591.585,591.585,3445
2006-11-03 00:00:00+00:00,623.6,629.0,617.1,626.9,68.50731,7.1816,594.27,594.27,2891
2006-11-06 00:00:00+00:00,628.2,629.3,622.2,623.0,65.20414,8.02838,596.61,596.61,3386
2006-11-07 00:00:00+00:00,624.1,628.7,621.2,624.0,65.66133,8.6801,599.185,599.185,3494
2006-11-08 00:00:00+00:00,624.1,626.5,612.7,615.7,58.76027,8.42968,601.34,601.34,4262
2006-11-09 00:00:00+00:00,615.6,635.2,614.6,634.7,67.24664,9.65308,604.125,604.125,3681
2006-11-10 00:00:00+00:00,634.0,636.2,624.7,628.2,62.50767,9.98307,606.055,606.055,4426
2006-11-13 00:00:00+00:00,628.2,632.2,620.1,624.6,59.98629,9.84065,607.475,607.475,3630
2006-11-14 00:00:00+00:00,626.5,628.7,618.7,620.7,57.2902,9.30582,609.035,609.035,3517
2006-11-15 00:00:00+00:00,621.6,624.2,615.0,622.2,58.07077,8.9004,610.685,610.685,4159
2006-11-16 00:00:00+00:00,623.0,627.7,617.5,618.2,55.17491,8.16225,611.61,611.61,3395
2006-11-17 00:00:00+00:00,617.5,622.1,614.2,621.2,56.91046,7.73022,613.115,613.115,3062
2006-11-20 00:00:00+00:00,620.7,626.7,619.7,622.2,57.50115,7.38342,615.19,615.19,2933
2006-11-21 00:00:00+00:00,623.2,628.7,621.7,627.7,60.69272,7.46631,617.315,617.315,2867
2006-11-22 00:00:00+00:00,627.2,634.2,625.7,627.9,60.80798,7.46212,619.15,619.15,2239
2006-11-27 00:00:00+00:00,640.5,641.6,636.2,640.5,67.31121,8.37893,621.375,621.375,2843
2006-11-28 00:00:00+00:00,640.7,640.7,632.5,639.7,66.55608,8.93793,623.4,623.4,2601
2006-11-29 00:00:00+00:00,638.7,645.7,634.2,636.6,63.57955,9.02673,625.05,625.05,2720
2006-11-30 00:00:00+00:00,636.2,648.2,636.2,647.2,68.72932,9.83903,627.105,627.105,1995
2006-12-01 00:00:00+00:00,646.1,649.6,643.2,645.0,66.62374,10.18782,628.52,628.52,2566
2006-12-04 00:00:00+00:00,647.0,647.6,640.1,645.7,66.97047,10.40082,629.595,629.595,2406
2006-12-05 00:00:00+00:00,645.6,648.2,638.2,641.2,62.47706,10.09021,630.31,630.31,3180
2006-12-06 00:00:00+00:00,639.1,640.6,627.2,630.7,53.46324,8.89425,630.695,630.695,4017
2006-12-07 00:00:00+00:00,629.2,633.6,624.5,632.2,54.47374,7.97555,631.105,631.105,3434
2006-12-08 00:00:00+00:00,631.7,637.7,622.7,624.6,48.70334,6.55861,631.55,631.55,3121
2006-12-11 00:00:00+00:00,625.0,630.2,622.7,629.2,52.01648,5.74068,631.275,631.275,2571
2006-12-12 00:00:00+00:00,629.6,630.7,626.2,629.0,51.85965,5.01848,631.315,631.315,2040
2006-12-13 00:00:00+00:00,629.1,630.1,623.1,628.2,51.19473,4.33165,631.495,631.495,2427
2006-12-14 00:00:00+00:00,628.0,628.7,624.7,628.5,51.44614,3.76809,631.885,631.885,1955
2006-12-15 00:00:00+00:00,625.5,628.7,614.1,614.7,40.98695,2.18277,631.51,631.51,2529
2006-12-18 00:00:00+00:00,615.6,617.7,611.1,614.7,40.98695,0.91583,631.335,631.335,2573
2006-12-19 00:00:00+00:00,616.2,622.7,614.7,622.2,47.69012,0.51107,631.385,631.385,1925
2006-12-20 00:00:00+00:00,621.7,624.2,618.2,621.1,46.84959,0.10038,631.33,631.33,2008
2006-12-21 00:00:00+00:00,620.2,622.1,617.5,618.1,44.54377,-0.46185,630.85,630.85,2147
2006-12-22 00:00:00+00:00,618.7,621.5,618.0,619.2,45.60099,-0.80933,630.415,630.415,1338
2006-12-26 00:00:00+00:00,624.5,629.1,623.2,624.1,50.15916,-0.68147,629.595,629.595,867
2006-12-27 00:00:00+00:00,624.2,628.7,623.6,627.2,52.85084,-0.32623,628.97,628.97,1734
2006-12-28 00:00:00+00:00,626.6,635.5,626.2,633.7,57.97563,0.47432,628.825,628.825,1685
2006-12-29 00:00:00+00:00,634.0,636.2,631.6,636.2,59.78609,1.29556,628.275,628.275,1094
2007-01-02 00:00:00+00:00,638.2,640.7,636.6,640.2,62.56498,2.24331,628.035,628.035,1044
2007-01-03 00:00:00+00:00,640.0,644.7,624.7,627.1,50.30472,1.91527,627.105,627.105,3025
2007-01-04 00:00:00+00:00,627.2,630.2,620.2,621.7,46.27887,1.20566,626.13,626.13,3451
2007-01-05 00:00:00+00:00,622.6,625.7,601.5,606.7,37.33961,-0.56062,624.93,624.93,3630
2007-01-08 00:00:00+00:00,608.2,610.5,603.2,608.5,38.86567,-1.79448,623.745,623.745,2689
2007-01-09 00:00:00+00:00,609.7,615.2,605.6,613.5,43.01715,-2.34187,623.19,623.19,3236
2007-01-10 00:00:00+00:00,612.6,613.2,605.2,611.0,41.49969,-2.94348,622.28,622.28,3036
2007-01-11 00:00:00+00:00,610.5,615.7,608.6,611.5,41.94081,-3.3414,621.405,621.405,2885
2007-01-12 00:00:00+00:00,611.5,627.2,609.2,626.5,53.31429,-2.4185,621.32,621.32,3118
2007-01-15 00:00:00+00:00,625.6,627.7,623.7,626.1,53.01603,-1.69977,621.2,621.2,834
2007-01-16 00:00:00+00:00,626.2,627.7,622.5,624.6,51.84476,-1.23696,621.695,621.695,2743
2007-01-17 00:00:00+00:00,623.2,633.2,619.7,632.2,57.02527,-0.25399,622.57,622.57,2928
2007-01-18 00:00:00+00:00,632.6,636.2,626.2,627.1,52.91167,0.1122,622.815,622.815,2852
2007-01-19 00:00:00+00:00,627.7,636.1,627.0,634.7,57.79733,1.00409,623.495,623.495,2080
2007-01-22 00:00:00+00:00,635.2,639.5,631.6,632.7,56.14638,1.53188,624.225,624.225,2587
2007-01-23 00:00:00+00:00,633.5,647.5,633.2,645.6,63.40691,2.95699,625.545,625.545,2472
2007-01-24 00:00:00+00:00,645.6,648.7,638.5,647.7,64.43908,4.20735,626.725,626.725,2660
2007-01-25 00:00:00+00:00,647.0,654.2,644.7,645.6,62.53936,4.97151,627.645,627.645,3273
2007-01-26 00:00:00+00:00,645.1,647.7,640.6,645.5,62.44495,5.50558,628.235,628.235,3051
2007-01-29 00:00:00+00:00,647.1,647.6,640.7,643.0,60.00619,5.66184,628.575,628.575,2238
2007-01-30 00:00:00+00:00,642.1,647.2,640.7,646.0,61.92772,5.95906,628.865,628.865,1969
2007-01-31 00:00:00+00:00,646.6,654.2,641.7,652.7,65.87148,6.65849,630.145,630.145,2707
2007-02-01 00:00:00+00:00,652.5,661.0,651.5,657.0,68.15164,7.47361,631.91,631.91,2789
2007-02-02 00:00:00+00:00,656.6,659.2,642.7,647.2,58.55052,7.2453,633.935,633.935,2618
2007-02-05 00:00:00+00:00,648.6,651.7,645.7,647.7,58.8689,7.02375,635.895,635.895,2312
2007-02-06 00:00:00+00:00,647.7,658.1,647.6,652.7,62.01132,7.16899,637.855,637.855,2486
2007-02-07 00:00:00+00:00,653.1,656.2,649.7,651.5,60.81052,7.10535,639.88,639.88,2607
2007-02-08 00:00:00+00:00,651.2,660.7,647.5,659.2,65.43562,7.58877,642.265,642.265,1840
2007-02-09 00:00:00+00:00,660.1,668.6,656.7,666.2,69.01564,8.43943,644.25,644.25,2683
2007-02-12 00:00:00+00:00,666.6,666.7,659.6,660.6,63.36162,8.56301,645.975,645.975,2846
2007-02-13 00:00:00+00:00,660.6,668.7,660.2,663.7,65.06768,8.80954,647.93,647.93,3633
2007-02-14 00:00:00+00:00,663.7,671.5,663.7,668.3,67.48703,9.26925,649.735,649.735,3907
2007-02-15 00:00:00+00:00,668.5,670.1,662.0,669.2,67.95466,9.59558,651.84,651.84,4324
2007-02-16 00:00:00+00:00,668.2,669.5,662.5,668.5,67.14574,9.68606,653.53,653.53,3074
2007-02-19 00:00:00+00:00,667.7,672.8,667.2,670.1,68.08102,9.7742,655.4,655.4,1415
2007-02-20 00:00:00+00:00,670.6,671.6,655.3,657.2,54.58816,8.70282,655.98,655.98,3615
2007-02-21 00:00:00+00:00,659.3,682.1,656.7,678.2,66.29794,9.43944,657.505,657.505,3359
2007-02-22 00:00:00+00:00,677.8,680.7,674.7,676.8,65.09288,9.79732,659.065,659.065,3413
2007-02-23 00:00:00+00:00,673.8,688.0,672.3,682.0,67.4588,10.38088,660.89,660.89,3917
2007-02-26 00:00:00+00:00,683.3,687.7,682.1,686.1,69.22966,11.04684,663.045,663.045,2833
2007-02-27 00:00:00+00:00,686.3,688.1,657.7,664.6,52.95545,9.72762,663.975,663.975,3741
2007-02-28 00:00:00+00:00,665.7,677.2,660.8,669.1,55.32275,8.94216,664.795,664.795,5185
2007-03-01 00:00:00+00:00,673.2,677.0,661.2,664.0,52.12162,7.81803,665.145,665.145,7160
2007-03-02 00:00:00+00:00,659.3,663.8,639.1,642.0,41.0793,5.09322,664.885,664.885,7470
2007-03-05 00:00:00+00:00,643.2,644.6,632.8,635.8,38.59756,2.40576,664.29,664.29,5818
2007-03-06 00:00:00+00:00,632.7,647.5,632.5,646.3,44.69161,1.1104,663.97,663.97,4882
2007-03-07 00:00:00+00:00,647.5,651.2,642.3,649.2,46.27749,0.3142,663.855,663.855,4550
2007-03-08 00:00:00+00:00,647.2,655.5,647.2,652.1,47.8867,-0.08184,663.5,663.5,4836
2007-03-09 00:00:00+00:00,652.3,657.7,647.2,648.7,46.14162,-0.66243,662.625,662.625,4085
2007-03-12 00:00:00+00:00,650.1,653.5,645.2,649.8,46.81689,-1.022,662.085,662.085,3863
2007-03-13 00:00:00+00:00,649.2,651.8,641.2,643.3,43.35758,-1.8106,661.065,661.065,3165
2007-03-14 00:00:00+00:00,642.7,645.6,636.5,643.7,43.6336,-2.37589,659.835,659.835,4251
2007-03-15 00:00:00+00:00,646.1,649.8,643.3,646.5,45.63084,-2.56835,658.7,658.7,3304
2007-03-16 00:00:00+00:00,648.0,655.1,645.6,652.7,49.86683,-2.19529,657.91,657.91,3383
2007-03-19 00:00:00+00:00,653.7,655.8,651.7,654.1,50.79901,-1.7663,657.11,657.11,2741
2007-03-20 00:00:00+00:00,654.7,660.7,652.2,657.7,53.20836,-1.12289,657.135,657.135,3021
2007-03-21 00:00:00+00:00,658.1,664.4,656.6,663.3,56.75586,-0.15927,656.39,656.39,3382
2007-03-22 00:00:00+00:00,663.8,666.3,661.6,662.8,56.34511,0.55763,655.69,655.69,3211
2007-03-23 00:00:00+00:00,663.3,664.3,654.7,656.9,51.59963,0.64229,654.435,654.435,3346
2007-03-26 00:00:00+00:00,657.2,664.8,656.7,663.2,55.87328,1.20386,653.29,653.29,3260
2007-03-27 00:00:00+00:00,663.6,665.2,661.3,664.2,56.52941,1.7099,653.27,653.27,2906
2007-03-28 00:00:00+00:00,668.3,669.0,663.1,665.1,57.14699,2.15867,653.07,653.07,3656
2007-03-29 00:00:00+00:00,665.1,665.6,655.0,661.3,53.67935,2.18254,652.935,652.935,3306
2007-03-30 00:00:00+00:00,660.8,667.3,660.5,663.2,55.14492,2.32794,653.995,653.995,3322
2007-04-02 00:00:00+00:00,664.5,665.9,655.9,663.4,55.30523,2.43128,655.375,655.375,3786
2007-04-03 00:00:00+00:00,663.5,667.1,661.5,664.0,55.8154,2.5324,656.26,656.26,4258
2007-04-04 00:00:00+00:00,663.8,675.3,663.3,673.6,63.07739,3.34858,657.48,657.48,5916
2007-04-05 00:00:00+00:00,674.1,675.3,671.3,673.8,63.21304,3.96583,658.565,658.565,3661
2007-04-06 00:00:00+00:00,673.6,674.3,672.6,673.9,63.28568,4.41221,659.825,659.825,104
2007-04-09 00:00:00+00:00,670.6,677.4,670.3,670.7,59.25406,4.45639,660.87,660.87,3823
2007-04-10 00:00:00+00:00,671.1,681.2,670.8,676.7,63.89804,4.91885,662.54,662.54,3544
2007-04-11 00:00:00+00:00,676.7,680.4,674.0,676.8,63.97174,5.23309,664.195,664.195,3827
2007-04-12 00:00:00+00:00,676.7,679.4,670.9,675.5,62.19416,5.31596,665.645,665.645,3675
2007-04-13 00:00:00+00:00,676.1,685.4,675.9,684.6,68.74184,6.04623,667.24,667.24,3529
2007-04-16 00:00:00+00:00,686.6,690.7,682.6,690.0,71.85672,6.98024,669.035,669.035,4172
2007-04-17 00:00:00+00:00,689.5,690.5,685.5,687.3,68.1974,7.41709,670.515,670.515,3830
2007-04-18 00:00:00+00:00,686.6,690.5,685.1,689.5,69.55776,7.85032,671.825,671.825,3989
2007-04-19 00:00:00+00:00,689.5,691.2,678.7,682.2,60.33531,7.51795,672.795,672.795,4689
2007-04-20 00:00:00+00:00,683.4,693.2,682.9,691.3,66.3286,7.89779,674.515,674.515,3596
2007-04-23 00:00:00+00:00,692.8,693.3,686.5,688.7,63.38185,7.89798,675.79,675.79,4575
2007-04-24 00:00:00+00:00,688.9,691.4,680.5,682.8,57.17448,7.33747,676.72,676.72,4644
2007-04-25 00:00:00+00:00,684.3,686.4,681.7,685.2,58.93624,7.00616,677.725,677.725,3701
2007-04-26 00:00:00+00:00,684.5,686.4,671.0,674.4,49.13971,5.8052,678.38,678.38,4063
2007-04-27 00:00:00+00:00,674.1,681.3,670.4,680.9,54.0863,5.31664,679.265,679.265,4103
2007-04-30 00:00:00+00:00,681.0,681.0,675.5,677.7,51.43414,4.61801,679.98,679.98,3156
2007-05-01 00:00:00+00:00,677.9,678.8,671.5,672.8,47.58623,3.62714,680.42,680.42,3325
2007-05-02 00:00:00+00:00,673.4,674.7,667.2,672.3,47.1982,2.76959,680.355,680.355,3691
2007-05-03 00:00:00+00:00,672.1,681.9,671.6,681.7,54.68005,2.81602,680.75,680.75,3188
2007-05-04 00:00:00+00:00,681.6,690.2,679.9,688.3,59.06582,3.3468,681.47,681.47,3103
2007-05-07 00:00:00+00:00,688.5,690.4,686.1,688.0,58.78734,3.70059,682.335,682.335,2602
2007-05-08 00:00:00+00:00,687.9,688.4,681.7,684.9,55.85667,3.6883,682.745,682.745,3470
2007-05-09 00:00:00+00:00,684.6,686.3,675.4,680.3,51.73522,3.26969,682.92,682.92,3746
2007-05-10 00:00:00+00:00,680.1,680.7,664.0,666.0,41.48697,1.76372,682.445,682.445,4462
2007-05-11 00:00:00+00:00,665.9,672.5,664.3,670.5,45.16791,0.9227,681.74,681.74,3960
2007-05-14 00:00:00+00:00,671.1,674.7,666.1,668.9,44.1055,0.12563,680.685,680.685,3785
2007-05-15 00:00:00+00:00,668.8,673.1,664.7,671.6,46.3968,-0.2849,679.9,679.9,3512
2007-05-16 00:00:00+00:00,672.2,673.0,659.4,661.6,39.87673,-1.40101,678.505,678.505,3791
2007-05-17 00:00:00+00:00,662.1,664.3,653.3,657.2,37.38716,-2.61049,677.255,677.255,4071
2007-05-18 00:00:00+00:00,657.7,662.7,655.5,661.2,40.99373,-3.20925,675.75,675.75,3667
2007-05-22 00:00:00+00:00,662.8,664.9,657.9,658.7,39.46372,-3.84122,674.25,674.25,3024
2007-05-23 00:00:00+00:00,658.6,664.3,657.1,660.9,41.53179,-4.11709,673.155,673.155,3314
2007-05-24 00:00:00+00:00,660.9,662.5,651.5,654.1,37.29121,-4.82875,671.6,671.6,3449
2007-05-25 00:00:00+00:00,653.5,656.5,653.1,655.5,38.67941,-5.21961,670.655,670.655,2628
2007-05-28 00:00:00+00:00,655.2,656.4,654.6,655.2,38.48282,-5.49029,669.37,669.37,566
2007-05-29 00:00:00+00:00,655.1,661.7,654.4,656.1,39.47667,-5.568,668.29,668.29,2447
2007-05-30 00:00:00+00:00,656.5,658.3,651.6,653.2,37.38104,-5.79677,667.31,667.31,2901
2007-05-31 00:00:00+00:00,653.8,661.5,653.8,660.5,45.25873,-5.3276,666.72,666.72,3171
2007-06-01 00:00:00+00:00,661.2,671.3,660.2,671.2,54.32829,-4.04575,666.195,666.195,3168
2007-06-04 00:00:00+00:00,670.9,673.6,668.2,670.8,53.96831,-3.02726,665.32,665.32,2909
2007-06-05 00:00:00+00:00,670.9,673.0,668.7,669.6,52.83724,-2.29052,664.4,664.4,2656
2007-06-06 00:00:00+00:00,669.5,671.7,664.8,670.5,53.62231,-1.6154,663.68,663.68,3517
2007-06-07 00:00:00+00:00,669.7,672.7,657.8,658.8,43.48778,-2.00139,662.605,662.605,3433
2007-06-08 00:00:00+00:00,658.3,661.1,643.6,648.2,36.71712,-3.12658,661.715,661.715,4024
2007-06-11 00:00:00+00:00,649.1,654.7,648.8,653.1,41.26915,-3.58162,660.845,660.845,3110
2007-06-12 00:00:00+00:00,653.3,654.3,645.5,646.8,37.53115,-4.39989,659.74,659.74,2192
2007-06-13 00:00:00+00:00,646.7,652.2,642.7,650.9,41.26001,-4.66377,658.705,658.705,3477
2007-06-14 00:00:00+00:00,651.2,653.8,645.6,650.8,41.19542,-4.82534,658.165,658.165,3030
2007-06-15 00:00:00+00:00,653.3,655.5,649.7,654.8,44.91032,-4.57786,658.045,658.045,3119
2007-06-18 00:00:00+00:00,656.0,658.8,654.3,655.7,45.7409,-4.25999,657.77,657.77,2740
2007-06-19 00:00:00+00:00,655.7,661.8,653.4,661.1,50.55752,-3.53164,657.89,657.89,3038
2007-06-20 00:00:00+00:00,661.1,661.4,652.2,654.6,45.34009,-3.43926,657.575,657.575,2953
2007-06-21 00:00:00+00:00,654.4,656.3,647.5,651.4,42.98807,-3.58296,657.44,657.44,3410
2007-06-22 00:00:00+00:00,651.4,656.0,650.3,653.6,45.09676,-3.47922,657.345,657.345,3118
2007-06-25 00:00:00+00:00,653.5,653.7,648.5,650.5,42.70014,-3.60558,657.11,657.11,3224
2007-06-26 00:00:00+00:00,651.0,651.6,640.0,640.2,35.8777,-4.48515,656.315,656.315,3538
2007-06-27 00:00:00+00:00,639.8,644.4,639.8,642.9,38.64509,-4.90777,655.8,655.8,3520
2007-06-28 00:00:00+00:00,643.2,649.6,642.6,648.7,44.21477,-4.72028,655.21,655.21,2736
2007-06-29 00:00:00+00:00,648.4,652.1,646.2,649.1,44.58836,-4.48768,654.105,654.105,2560
2007-07-02 00:00:00+00:00,650.1,658.3,648.3,657.0,51.4971,-3.6241,653.415,653.415,3459
2007-07-03 00:00:00+00:00,657.1,657.8,651.7,652.9,48.1423,-3.23328,652.58,652.58,2149
2007-07-04 00:00:00+00:00,652.6,654.8,652.6,654.2,49.27076,-2.78652,651.765,651.765,713
2007-07-05 00:00:00+00:00,654.4,656.2,645.4,649.3,45.27188,-2.79563,651.29,651.29,2500
2007-07-06 00:00:00+00:00,648.2,655.6,645.0,655.3,50.56293,-2.29228,651.645,651.645,3778
2007-07-09 00:00:00+00:00,656.0,662.9,653.3,660.2,54.43705,-1.4809,652.0,652.0,4020
2007-07-10 00:00:00+00:00,660.0,664.6,658.4,663.2,56.67558,-0.58902,652.82,652.82,3843
2007-07-11 00:00:00+00:00,663.6,665.6,659.5,660.3,53.91789,-0.11488,653.29,653.29,3655
2007-07-12 00:00:00+00:00,661.1,668.8,660.5,667.1,58.96041,0.80036,654.105,654.105,4218
2007-07-13 00:00:00+00:00,666.8,668.5,663.1,666.4,58.25374,1.45247,654.685,654.685,3848
2007-07-16 00:00:00+00:00,666.8,668.4,663.2,665.2,56.99267,1.8511,655.16,655.16,3015
2007-07-17 00:00:00+00:00,665.0,667.1,662.3,664.8,56.5532,2.11041,655.345,655.345,3012
2007-07-18 00:00:00+00:00,664.6,673.8,664.2,672.7,62.67487,2.91972,656.25,656.25,4101
2007-07-19 00:00:00+00:00,673.2,677.4,671.0,677.4,65.7654,3.89546,657.55,657.55,3601
2007-07-20 00:00:00+00:00,676.8,686.4,674.9,682.7,68.89327,5.03832,659.005,659.005,4156
2007-07-23 00:00:00+00:00,683.2,684.5,679.8,680.9,66.66552,5.73272,660.525,660.525,3127
2007-07-24 00:00:00+00:00,680.7,687.5,680.4,681.1,66.79401,6.22739,662.57,662.57,3867
2007-07-25 00:00:00+00:00,680.6,681.7,670.8,674.8,59.07041,6.04142,664.165,664.165,4630
2007-07-26 00:00:00+00:00,675.1,676.6,659.7,662.0,47.14284,4.80579,664.83,664.83,5325
2007-07-27 00:00:00+00:00,662.9,666.5,656.5,660.6,46.04765,3.67125,665.405,665.405,4928
2007-07-30 00:00:00+00:00,660.8,665.3,659.6,664.7,49.73079,3.0676,665.79,665.79,3000
2007-07-31 00:00:00+00:00,665.0,668.5,662.9,663.5,48.68325,2.46396,666.32,666.32,3670
2007-08-01 00:00:00+00:00,663.4,666.8,658.8,666.5,51.43731,2.20227,666.935,666.935,4443
2007-08-02 00:00:00+00:00,666.1,666.6,662.3,664.5,49.52892,1.81259,667.695,667.695,3416
2007-08-03 00:00:00+00:00,665.7,675.1,664.6,672.5,56.48371,2.12482,668.555,668.555,4133
2007-08-06 00:00:00+00:00,673.3,674.8,668.7,671.8,55.75968,2.28938,669.135,669.135,4045
2007-08-07 00:00:00+00:00,670.7,672.2,665.8,671.9,55.84676,2.4002,669.57,669.57,3321
2007-08-08 00:00:00+00:00,671.2,676.4,669.3,674.3,57.98409,2.65112,670.27,670.27,3190
2007-08-09 00:00:00+00:00,674.1,674.1,658.9,661.1,45.06352,1.76451,669.97,669.97,4881
2007-08-10 00:00:00+00:00,661.5,675.9,657.7,672.4,54.42579,1.95119,670.27,670.27,5210
2007-08-13 00:00:00+00:00,671.8,671.8,668.1,669.2,51.73687,1.81994,670.47,670.47,3160
2007-08-14 00:00:00+00:00,668.7,671.0,665.2,668.6,51.22584,1.6485,670.66,670.66,3499
2007-08-15 00:00:00+00:00,669.5,670.6,661.7,667.0,49.81285,1.36777,670.375,670.375,4972
2007-08-16 00:00:00+00:00,667.0,667.6,641.6,652.1,39.01893,-0.05637,669.11,669.11,7849
2007-08-17 00:00:00+00:00,652.5,663.9,645.3,657.2,43.52947,-0.76467,667.835,667.835,6268
2007-08-20 00:00:00+00:00,656.0,660.4,652.7,657.9,44.14019,-1.25505,666.685,666.685,5368
2007-08-21 00:00:00+00:00,657.5,659.7,653.9,657.0,43.48897,-1.69675,665.48,665.48,5756
2007-08-22 00:00:00+00:00,656.8,661.4,654.2,660.1,46.42117,-1.77617,664.745,664.745,4180
2007-08-23 00:00:00+00:00,660.3,664.5,658.2,659.5,45.92449,-1.86602,664.62,664.62,4746
2007-08-24 00:00:00+00:00,659.3,668.6,657.2,668.0,53.51286,-1.23709,664.99,664.99,4250
2007-08-27 00:00:00+00:00,667.7,668.2,665.3,667.0,52.57806,-0.81001,665.105,665.105,2867
2007-08-28 00:00:00+00:00,666.1,668.0,661.8,662.1,48.14043,-0.85706,665.035,665.035,4738
2007-08-29 00:00:00+00:00,662.8,668.8,660.7,666.6,52.13581,-0.52518,665.04,665.04,4092
2007-08-30 00:00:00+00:00,666.5,667.6,663.1,665.0,50.64188,-0.38681,665.065,665.065,4268
2007-08-31 00:00:00+00:00,664.8,674.5,664.3,672.8,57.09619,0.34823,665.08,665.08,4570
2007-09-03 00:00:00+00:00,672.5,673.3,671.1,672.3,56.58539,0.88026,665.105,665.105,719
2007-09-04 00:00:00+00:00,671.8,682.9,671.0,681.4,63.06239,2.01299,665.58,665.58,4345
2007-09-05 00:00:00+00:00,681.4,682.6,678.0,681.0,62.62015,2.84561,665.915,665.915,4149
2007-09-06 00:00:00+00:00,682.2,697.4,680.6,695.2,70.52296,4.59828,667.62,667.62,5237
2007-09-07 00:00:00+00:00,694.6,706.6,691.8,700.2,72.71073,6.31791,669.01,669.01,5706
2007-09-10 00:00:00+00:00,699.6,706.5,698.7,702.8,73.7997,7.80061,670.69,670.69,4847
2007-09-11 00:00:00+00:00,702.6,713.9,702.1,712.1,77.29048,9.61525,672.865,672.865,5005
2007-09-12 00:00:00+00:00,711.1,714.0,705.3,711.7,76.81642,10.8955,675.1,675.1,5140
2007-09-13 00:00:00+00:00,710.5,712.0,703.0,707.9,72.28079,11.47124,677.89,677.89,5549
2007-09-14 00:00:00+00:00,707.5,717.0,703.7,707.0,71.20839,11.7198,680.38,680.38,6133
2007-09-17 00:00:00+00:00,706.6,719.7,706.6,717.1,75.58601,12.58668,683.34,683.34,5906
2007-09-18 00:00:00+00:00,716.1,726.8,711.3,723.8,77.97803,13.65689,686.68,686.68,7306
2007-09-19 00:00:00+00:00,725.2,725.4,719.3,721.4,75.1381,14.14829,689.745,689.745,6917
2007-09-20 00:00:00+00:00,721.8,738.2,720.8,734.1,79.41121,15.38516,693.475,693.475,7291
2007-09-21 00:00:00+00:00,732.9,739.1,726.3,730.8,75.76715,15.91564,696.615,696.615,7996
2007-09-24 00:00:00+00:00,729.9,735.9,725.5,729.9,74.75956,16.07809,699.76,699.76,6433
2007-09-25 00:00:00+00:00,728.8,733.2,721.6,731.1,75.2325,16.11787,703.21,703.21,7390
2007-09-26 00:00:00+00:00,731.2,736.4,726.1,727.8,71.2772,15.7021,706.27,706.27,4287
2007-09-27 00:00:00+00:00,727.4,735.6,726.9,734.1,74.079,15.69998,709.725,709.725,4352
2007-09-28 00:00:00+00:00,734.0,745.4,733.0,742.9,77.39585,16.2214,713.23,713.23,6053
2007-10-01 00:00:00+00:00,743.7,747.4,740.8,747.1,78.79077,16.7801,716.97,716.97,4703
2007-10-02 00:00:00+00:00,746.4,746.9,724.2,731.1,62.87303,15.75025,719.455,719.455,5892
2007-10-03 00:00:00+00:00,731.8,735.7,725.9,727.0,59.55288,14.43683,721.755,721.755,5836
2007-10-04 00:00:00+00:00,728.0,738.2,720.3,736.8,64.39299,14.02505,723.835,723.835,6295
2007-10-05 00:00:00+00:00,736.1,744.0,726.5,742.2,66.75381,13.97336,725.935,725.935,5379
2007-10-08 00:00:00+00:00,740.6,741.9,730.8,732.9,59.44396,13.03174,727.44,727.44,4644
2007-10-09 00:00:00+00:00,733.1,740.2,726.3,737.7,61.77082,12.52841,728.72,728.72,6991
2007-10-10 00:00:00+00:00,737.9,745.7,737.1,740.7,63.19223,12.2306,730.17,730.17,6239
2007-10-11 00:00:00+00:00,740.9,753.4,740.4,747.4,66.2136,12.39236,732.145,732.145,7538
2007-10-12 00:00:00+00:00,747.8,752.1,744.6,749.3,67.03986,12.52945,734.26,734.26,7118
2007-10-15 00:00:00+00:00,747.3,759.8,747.3,758.8,70.87511,13.2519,736.345,736.345,6462
2007-10-16 00:00:00+00:00,758.4,766.7,753.3,760.5,71.51389,13.80251,738.18,738.18,9920
2007-10-17 00:00:00+00:00,761.4,764.6,751.3,754.6,66.09581,13.60596,739.84,739.84,10229
2007-10-18 00:00:00+00:00,755.7,768.7,754.8,767.3,71.16076,14.31001,741.5,741.5,8506
2007-10-19 00:00:00+00:00,767.5,771.4,757.9,764.8,68.97631,14.49912,743.2,743.2,7347
2007-10-22 00:00:00+00:00,766.4,768.2,745.0,753.8,60.21719,13.60455,744.395,744.395,9739
2007-10-23 00:00:00+00:00,753.8,760.8,752.4,759.2,62.71997,13.17941,745.8,745.8,5727
2007-10-24 00:00:00+00:00,758.6,763.7,753.7,763.3,64.54384,13.0232,747.575,747.575,6097
2007-10-25 00:00:00+00:00,763.3,769.1,761.4,768.7,66.84457,13.18316,749.305,749.305,5424
2007-10-26 00:00:00+00:00,768.6,785.5,768.5,784.7,72.53196,14.43461,751.395,751.395,8032
2007-10-29 00:00:00+00:00,788.4,793.9,784.4,791.8,74.61306,15.81698,753.63,753.63,8837
2007-10-30 00:00:00+00:00,790.0,790.0,778.8,779.3,65.24126,15.72262,756.04,756.04,7896
2007-10-31 00:00:00+00:00,777.7,797.0,776.5,796.1,70.58829,16.8097,759.495,759.495,9911
2007-11-01 00:00:00+00:00,797.9,798.9,783.5,788.4,65.60675,16.85558,762.075,762.075,10359
2007-11-02 00:00:00+00:00,790.0,807.6,787.6,806.3,70.77084,18.12737,765.28,765.28,9872
2007-11-05 00:00:00+00:00,804.2,811.3,800.6,806.0,70.57957,18.89327,768.935,768.935,8483
2007-11-06 00:00:00+00:00,806.9,824.7,805.8,823.9,74.93287,20.70595,773.245,773.245,9536
2007-11-07 00:00:00+00:00,824.3,845.4,822.2,829.1,76.04194,22.30498,777.665,777.665,17349
2007-11-08 00:00:00+00:00,823.8,845.3,823.3,832.9,76.84807,23.60674,781.94,781.94,15900
2007-11-09 00:00:00+00:00,834.7,838.2,826.4,831.6,75.90709,24.25391,786.055,786.055,13024
2007-11-12 00:00:00+00:00,829.1,831.2,791.2,793.4,54.70853,21.43725,787.785,787.785,15204
2007-11-13 00:00:00+00:00,790.5,808.8,790.5,801.1,57.29729,19.60042,789.815,789.815,14724
2007-11-14 00:00:00+00:00,802.7,815.6,800.4,812.2,60.77766,18.82341,792.695,792.695,10629
2007-11-15 00:00:00+00:00,812.2,817.8,782.2,787.6,50.88036,16.03774,793.71,793.71,13904
2007-11-16 00:00:00+00:00,786.3,797.2,783.4,785.7,50.2004,13.52089,794.755,794.755,11454
2007-11-19 00:00:00+00:00,790.0,793.8,774.7,780.9,48.43922,11.01202,796.11,796.11,6066
2007-11-20 00:00:00+00:00,778.9,805.4,772.5,802.0,55.78287,10.60408,798.25,798.25,9655
2007-11-21 00:00:00+00:00,801.9,806.9,794.1,799.3,54.70908,9.94823,800.05,800.05,7763
2007-11-22 00:00:00+00:00,799.1,805.2,799.1,803.7,56.18912,9.67202,801.8,801.8,1329
2007-11-23 00:00:00+00:00,803.1,825.2,802.4,823.3,62.12638,10.90893,803.73,803.73,6035
2007-11-26 00:00:00+00:00,824.8,836.6,820.7,823.0,61.98791,11.72976,805.29,805.29,12418
2007-11-27 00:00:00+00:00,823.8,828.8,807.2,812.6,57.22606,11.40957,806.955,806.955,11501
2007-11-28 00:00:00+00:00,814.4,815.0,791.0,804.8,53.88284,10.40645,807.39,807.39,12636
2007-11-29 00:00:00+00:00,804.0,807.7,792.0,792.9,49.1638,8.55266,807.615,807.615,11061
2007-11-30 00:00:00+00:00,794.8,799.2,778.7,782.7,45.48654,6.18912,806.435,806.435,11041
2007-12-03 00:00:00+00:00,784.6,794.5,776.8,794.3,50.0612,5.19216,805.85,805.85,9876
2007-12-04 00:00:00+00:00,790.0,805.0,786.2,800.6,52.39763,4.85447,804.685,804.685,9532
2007-12-05 00:00:00+00:00,802.1,806.5,790.8,794.8,50.07486,4.07189,802.97,802.97,10814
2007-12-06 00:00:00+00:00,793.5,805.3,784.7,800.8,52.42442,3.89099,801.365,801.365,10636
2007-12-07 00:00:00+00:00,802.6,805.0,790.9,794.4,49.73568,3.19438,799.505,799.505,9534
2007-12-10 00:00:00+00:00,795.2,811.8,793.9,808.2,55.0849,3.71305,800.245,800.245,7391
2007-12-11 00:00:00+00:00,806.9,813.2,795.5,796.1,50.0549,3.11186,799.995,799.995,8822
2007-12-12 00:00:00+00:00,801.4,816.9,800.6,813.0,56.08634,3.95353,800.035,800.035,10567
2007-12-13 00:00:00+00:00,811.3,812.1,792.0,796.0,49.59793,3.21177,800.455,800.455,9942
2007-12-14 00:00:00+00:00,799.8,803.1,787.4,794.4,49.0231,2.46639,800.89,800.89,10064
2007-12-17 00:00:00+00:00,795.1,798.5,784.8,793.5,48.68132,1.7825,801.52,801.52,7780
2007-12-18 00:00:00+00:00,795.8,806.2,790.0,801.8,52.00457,1.88848,801.51,801.51,8134
2007-12-19 00:00:00+00:00,799.8,804.3,797.5,802.3,52.20536,1.98988,801.66,801.66,6856
2007-12-20 00:00:00+00:00,802.3,802.3,793.1,795.7,49.27495,1.52015,801.26,801.26,5698
2007-12-21 00:00:00+00:00,797.2,812.0,796.4,811.2,55.58097,2.37128,800.655,800.655,6050
2007-12-24 00:00:00+00:00,810.4,815.2,807.9,812.4,56.03665,3.10681,800.125,800.125,3482
2007-12-26 00:00:00+00:00,812.4,824.8,812.3,822.9,59.91187,4.48529,800.64,800.64,1728
2007-12-28 00:00:00+00:00,823.7,839.4,823.6,839.1,65.0331,6.80649,802.355,802.355,3454
2007-12-31 00:00:00+00:00,841.1,841.8,828.5,831.8,61.23678,7.96519,804.3,804.3,1620
2008-01-02 00:00:00+00:00,841.0,861.0,839.5,857.2,68.19396,10.80844,808.025,808.025,7298
2008-01-03 00:00:00+00:00,856.2,869.0,853.0,863.5,69.64901,13.41545,811.485,811.485,11609
2008-01-04 00:00:00+00:00,864.2,868.5,853.9,859.2,67.38316,14.96207,814.415,814.415,10650
2008-01-07 00:00:00+00:00,861.5,864.7,854.8,857.2,66.30273,15.84377,817.535,817.535,9230
2008-01-08 00:00:00+00:00,857.2,880.6,857.0,877.9,71.41194,18.00528,821.39,821.39,10093
2008-01-09 00:00:00+00:00,882.9,891.1,871.6,878.4,71.52425,19.53347,825.59,825.59,13977
2008-01-10 00:00:00+00:00,879.6,894.8,865.8,894.3,74.90102,21.77654,829.895,829.895,14348
2008-01-11 00:00:00+00:00,894.2,897.8,886.9,894.9,75.02139,23.33363,834.835,834.835,12959
2008-01-14 00:00:00+00:00,896.9,914.0,891.0,904.4,76.90966,25.0455,839.405,839.405,12685
2008-01-15 00:00:00+00:00,904.9,913.8,887.0,887.7,67.281,24.76909,843.99,843.99,12351
2008-01-16 00:00:00+00:00,892.3,899.3,874.3,875.5,61.24835,23.29704,848.045,848.045,16159
2008-01-17 00:00:00+00:00,877.6,890.0,875.5,877.2,61.76284,22.01385,852.23,852.23,13800
2008-01-18 00:00:00+00:00,879.6,888.1,869.8,882.7,63.4534,21.19638,856.275,856.275,12888
2008-01-21 00:00:00+00:00,881.9,882.7,860.6,863.7,54.49063,18.79868,859.345,859.345,6997
2008-01-22 00:00:00+00:00,860.9,894.2,849.6,891.0,62.65331,18.88369,864.11,864.11,13645
2008-01-23 00:00:00+00:00,889.2,895.4,876.1,890.4,62.38846,18.68723,868.07,868.07,16295
2008-01-24 00:00:00+00:00,891.6,913.2,888.8,912.4,67.76868,20.07534,873.07,873.07,10570
2008-01-25 00:00:00+00:00,913.1,923.3,905.7,913.5,68.01504,21.02186,877.6,877.6,12453
2008-01-28 00:00:00+00:00,916.3,929.1,914.1,928.3,71.20425,22.70449,882.06,882.06,10311
2008-01-29 00:00:00+00:00,926.4,932.9,919.5,923.1,68.61552,23.34924,886.625,886.625,9511
2008-01-30 00:00:00+00:00,922.7,936.7,915.5,927.1,69.53312,23.90739,890.12,890.12,10209
2008-01-31 00:00:00+00:00,925.8,928.3,918.0,924.5,68.13859,23.86483,893.17,893.17,12310
2008-02-01 00:00:00+00:00,923.9,936.5,903.5,905.0,58.63972,22.00396,895.46,895.46,12582
2008-02-04 00:00:00+00:00,909.7,912.5,891.8,903.3,57.88215,20.15964,897.765,897.765,8094
2008-02-05 00:00:00+00:00,905.1,906.3,883.9,887.9,51.40357,17.25644,898.265,898.265,9892
2008-02-06 00:00:00+00:00,887.1,907.1,885.6,900.7,55.82892,15.80628,899.38,899.38,9887
2008-02-07 00:00:00+00:00,898.6,911.3,895.8,911.1,59.08874,15.31961,900.22,900.22,10420
2008-02-08 00:00:00+00:00,909.6,922.4,907.1,922.1,62.26115,15.64123,901.58,901.58,9773
2008-02-11 00:00:00+00:00,922.9,926.7,915.6,922.4,62.3469,15.7389,902.48,902.48,9686
2008-02-12 00:00:00+00:00,921.9,924.5,902.4,905.9,54.95095,14.31981,903.39,903.39,9952
2008-02-13 00:00:00+00:00,906.6,910.4,895.8,904.7,54.44511,12.94908,904.85,904.85,10947
2008-02-14 00:00:00+00:00,906.6,913.6,901.3,907.1,55.33077,11.91903,906.345,906.345,9118
2008-02-15 00:00:00+00:00,908.5,915.1,897.3,902.0,52.97388,10.56935,907.31,907.31,8352
2008-02-18 00:00:00+00:00,904.0,907.2,899.9,905.2,54.28957,9.64672,909.385,909.385,3911
2008-02-19 00:00:00+00:00,906.4,930.3,905.5,927.0,62.0742,10.55297,911.185,911.185,9021
2008-02-20 00:00:00+00:00,927.5,945.3,912.9,943.7,66.74625,12.47492,913.85,913.85,12358
2008-02-21 00:00:00+00:00,940.7,953.4,937.5,945.5,67.21506,13.98215,915.505,915.505,11768
2008-02-22 00:00:00+00:00,942.8,949.6,935.3,944.7,66.76455,14.93986,917.065,917.065,9482
2008-02-25 00:00:00+00:00,946.5,951.7,932.7,938.0,62.95868,14.98549,917.55,917.55,7823
2008-02-26 00:00:00+00:00,937.5,949.9,926.0,948.0,66.06775,15.64817,918.795,918.795,9820
2008-02-27 00:00:00+00:00,949.8,964.7,948.9,958.4,68.98353,16.81868,920.36,920.36,10159
2008-02-28 00:00:00+00:00,958.5,972.0,952.8,969.4,71.74872,18.42157,922.605,922.605,9811
2008-02-29 00:00:00+00:00,968.8,975.8,964.1,973.5,72.72478,19.79452,926.03,926.03,10049
2008-03-03 00:00:00+00:00,976.1,989.1,975.2,983.2,74.93146,21.41841,930.025,930.025,8844
2008-03-04 00:00:00+00:00,985.2,987.6,956.1,964.4,64.10612,20.94689,933.85,933.85,10835
2008-03-05 00:00:00+00:00,967.2,992.5,958.7,988.8,70.13638,22.28519,938.255,938.255,11382
2008-03-06 00:00:00+00:00,986.4,991.8,964.7,974.6,63.45502,21.947,941.43,941.43,12578
2008-03-07 00:00:00+00:00,978.0,988.4,969.2,972.5,62.50668,21.2644,943.95,943.95,11054
2008-03-10 00:00:00+00:00,973.6,980.3,960.6,972.7,62.56406,20.50322,946.465,946.465,10645
2008-03-11 00:00:00+00:00,973.8,985.0,964.6,973.4,62.77878,19.72904,949.84,949.84,8556
2008-03-12 00:00:00+00:00,972.4,983.7,967.8,982.0,65.40416,19.5837,953.705,953.705,9673
2008-03-13 00:00:00+00:00,983.1,999.2,981.1,993.6,68.61935,20.17201,958.03,958.03,11409
2008-03-14 00:00:00+00:00,995.1,1006.7,990.2,1002.5,70.8572,21.11303,963.055,963.055,7472
2008-03-17 00:00:00+00:00,1017.0,1032.2,993.7,1004.1,71.25409,21.73732,968.0,968.0,10856
2008-03-18 00:00:00+00:00,1002.2,1011.7,976.2,983.0,59.70635,20.29553,970.8,970.8,8115
2008-03-19 00:00:00+00:00,984.8,996.8,937.4,942.7,44.77937,15.71982,970.75,970.75,8818
2008-03-20 00:00:00+00:00,938.8,939.1,904.4,909.6,36.67026,9.31526,968.955,968.955,10368
2008-03-21 00:00:00+00:00,911.4,917.6,909.5,917.6,39.52093,4.82947,967.6,967.6,60
2008-03-24 00:00:00+00:00,914.0,926.5,906.1,912.5,38.33621,0.85308,966.325,966.325,7689
2008-03-25 00:00:00+00:00,917.1,940.7,916.1,938.9,47.16544,-0.16606,965.87,965.87,6771
2008-03-26 00:00:00+00:00,938.0,954.7,934.3,954.5,51.57754,0.2818,965.675,965.675,7323
2008-03-27 00:00:00+00:00,952.1,954.6,940.0,949.1,50.0204,0.19871,964.66,964.66,7416
2008-03-28 00:00:00+00:00,949.7,949.7,922.9,931.2,45.154,-1.29657,962.545,962.545,7593
2008-03-31 00:00:00+00:00,928.2,940.5,912.1,915.8,41.42041,-3.6818,959.175,959.175,8165
2008-04-01 00:00:00+00:00,915.4,920.5,871.8,883.3,34.86795,-8.10121,955.12,955.12,10500
2008-04-02 00:00:00+00:00,885.3,905.7,880.8,903.4,41.07632,-9.86797,950.85,950.85,10215
2008-04-03 00:00:00+00:00,902.5,908.6,887.7,902.8,40.95083,-11.18759,947.26,947.26,8884
2008-04-04 00:00:00+00:00,904.4,914.3,899.0,913.4,44.19431,-11.2484,944.305,944.305,6123
2008-04-07 00:00:00+00:00,915.5,929.0,910.4,919.9,46.14773,-10.64934,941.665,941.665,7244
2008-04-08 00:00:00+00:00,920.3,925.4,907.9,914.46,44.73634,-10.49259,938.718,938.718,6666
2008-04-09 00:00:00+00:00,916.6,935.2,902.7,933.8,50.52913,-8.70742,936.308,936.308,7483
2008-04-10 00:00:00+00:00,932.7,939.3,921.8,928.5,49.01291,-7.63234,933.053,933.053,7442
2008-04-11 00:00:00+00:00,928.1,931.7,917.0,924.7,47.90303,-7.00619,929.163,929.163,6314
2008-04-14 00:00:00+00:00,920.1,931.2,914.0,923.6,47.56724,-6.52353,925.138,925.138,6668
2008-04-15 00:00:00+00:00,923.8,935.9,923.1,927.5,48.934,-5.75993,922.363,922.363,5787
2008-04-16 00:00:00+00:00,926.6,948.6,924.1,944.6,54.53061,-3.73192,922.458,922.458,5940
2008-04-17 00:00:00+00:00,944.2,952.4,937.1,938.5,52.32747,-2.5871,923.903,923.903,5817
2008-04-18 00:00:00+00:00,941.8,946.2,904.4,916.2,45.14647,-3.4396,923.833,923.833,5943
2008-04-21 00:00:00+00:00,917.6,928.4,910.8,916.2,45.14647,-4.06831,924.018,924.018,6319
2008-04-22 00:00:00+00:00,914.9,925.1,911.3,915.4,44.89017,-4.57835,922.843,922.843,6227
2008-04-23 00:00:00+00:00,916.7,922.4,896.6,903.7,41.2057,-5.85911,920.303,920.303,6366
2008-04-24 00:00:00+00:00,904.3,906.4,882.8,887.8,36.78682,-8.06416,917.238,917.238,6446
2008-04-25 00:00:00+00:00,887.6,896.1,877.5,885.8,36.26008,-9.85941,914.968,914.968,6659
2008-04-28 00:00:00+00:00,887.1,895.4,886.9,893.2,39.70048,-10.56327,913.838,913.838,6008
2008-04-29 00:00:00+00:00,892.3,892.6,868.5,870.6,33.7152,-12.7972,913.203,913.203,6610
2008-04-30 00:00:00+00:00,872.4,878.3,862.2,876.7,36.498,-13.91499,911.868,911.868,8424
2008-05-01 00:00:00+00:00,875.3,881.4,847.0,852.2,30.88892,-16.58658,909.338,909.338,8873
2008-05-02 00:00:00+00:00,853.2,858.8,844.9,855.9,32.57419,-18.19553,906.463,906.463,7195
2008-05-05 00:00:00+00:00,861.6,874.0,860.2,873.7,40.13699,-17.82881,904.153,904.153,5275
2008-05-06 00:00:00+00:00,873.2,882.4,871.2,875.4,40.81972,-17.2027,902.2,902.2,5658
2008-05-07 00:00:00+00:00,875.6,880.7,863.4,867.9,38.72156,-17.11441,898.905,898.905,6599
2008-05-08 00:00:00+00:00,867.4,885.1,865.2,882.6,44.71924,-15.67755,896.61,896.61,6812
2008-05-09 00:00:00+00:00,882.7,889.3,870.4,884.3,45.38498,-14.23753,894.59,894.59,6316
2008-05-12 00:00:00+00:00,885.1,889.4,877.5,882.4,44.73652,-13.09862,892.53,892.53,6764
2008-05-13 00:00:00+00:00,882.4,885.2,860.5,866.1,39.51975,-13.35733,889.46,889.46,7651
2008-05-14 00:00:00+00:00,865.9,870.6,859.6,864.5,39.03852,-13.53544,885.455,885.455,7369
2008-05-15 00:00:00+00:00,864.7,887.2,861.9,881.2,46.37793,-12.18854,882.59,882.59,6590
2008-05-16 00:00:00+00:00,882.5,904.4,879.8,902.1,53.86409,-9.32714,881.885,881.885,6640
2008-05-19 00:00:00+00:00,905.1,913.5,900.5,904.7,54.71116,-6.7716,881.31,881.31,5912
2008-05-20 00:00:00+00:00,905.5,923.1,902.5,919.0,59.15322,-3.55149,881.49,881.49,5728
2008-05-21 00:00:00+00:00,919.0,932.3,916.0,931.0,62.47903,-0.03087,882.855,882.855,5791
2008-05-22 00:00:00+00:00,934.2,934.9,917.0,920.9,58.18491,1.9221,884.51,884.51,7097
2008-05-23 00:00:00+00:00,921.1,928.8,914.7,924.5,59.25971,3.71749,886.445,886.445,5449
2008-05-26 00:00:00+00:00,923.9,928.8,923.2,928.6,60.50482,5.40883,888.215,888.215,1705
2008-05-27 00:00:00+00:00,927.9,930.5,904.0,905.0,50.86787,4.78969,889.935,889.935,6341
2008-05-28 00:00:00+00:00,906.3,909.5,889.0,900.7,49.32628,3.90701,891.135,891.135,6445
2008-05-29 00:00:00+00:00,902.5,902.9,873.2,876.9,41.7792,1.27235,892.37,892.37,7756
2008-05-30 00:00:00+00:00,878.3,888.8,870.4,886.3,45.3366,-0.05649,893.89,893.89,6293
2008-06-02 00:00:00+00:00,886.8,897.0,880.8,890.0,46.71668,-0.8018,894.705,894.705,6328
2008-06-03 00:00:00+00:00,891.2,896.4,875.0,878.8,43.16419,-2.27004,894.875,894.875,6466
2008-06-04 00:00:00+00:00,881.2,886.3,875.7,878.1,42.94439,-3.45034,895.385,895.385,6768
2008-06-05 00:00:00+00:00,877.5,879.4,864.6,877.9,42.87721,-4.35171,895.15,895.15,5976
2008-06-06 00:00:00+00:00,877.4,901.9,877.3,901.8,52.45017,-3.10177,896.025,896.025,7456
2008-06-09 00:00:00+00:00,903.4,908.8,890.8,892.3,48.93937,-2.84496,896.52,896.52,8912
2008-06-10 00:00:00+00:00,892.7,894.6,863.8,866.7,40.97919,-4.6535,896.55,896.55,7882
2008-06-11 00:00:00+00:00,868.4,882.5,867.0,880.0,45.9023,-4.95645,897.325,897.325,6750
2008-06-12 00:00:00+00:00,880.8,881.9,857.1,868.8,42.67417,-6.03076,896.705,896.705,6791
2008-06-16 00:00:00+00:00,872.0,894.3,866.3,881.7,47.27357,-5.77467,895.685,895.685,6342
2008-06-17 00:00:00+00:00,882.5,888.2,873.8,882.1,47.41446,-5.47632,894.555,894.555,6982
2008-06-18 00:00:00+00:00,881.8,895.4,880.0,893.7,51.46473,-4.2548,893.29,893.29,6778
2008-06-19 00:00:00+00:00,895.0,908.3,886.5,898.1,52.9452,-2.89828,891.645,891.645,7101
2008-06-20 00:00:00+00:00,898.0,907.4,895.6,901.6,54.14345,-1.52326,890.68,890.68,6796
2008-06-23 00:00:00+00:00,903.6,907.1,875.8,883.4,47.38605,-1.88045,888.625,888.625,6448
2008-06-24 00:00:00+00:00,883.0,893.7,882.5,889.4,49.61844,-1.66024,886.665,886.665,5737
2008-06-25 00:00:00+00:00,888.6,890.3,873.2,885.8,48.2944,-1.75597,885.705,885.705,7430
2008-06-26 00:00:00+00:00,885.9,917.8,884.5,916.5,58.47152,0.63805,886.495,886.495,7171
2008-06-27 00:00:00+00:00,914.8,930.4,910.0,927.3,61.35336,3.36796,889.015,889.015,7686
2008-06-30 00:00:00+00:00,929.3,934.9,918.2,924.6,60.22811,5.25302,890.93,890.93,7472
2008-07-01 00:00:00+00:00,925.4,945.6,921.7,939.3,64.0897,7.84271,893.395,893.395,7949
2008-07-02 00:00:00+00:00,939.6,945.3,931.4,944.8,65.44169,10.22103,896.695,896.695,7045
2008-07-03 00:00:00+00:00,943.4,946.2,927.5,933.5,60.40947,11.06649,899.465,899.465,8013
2008-07-04 00:00:00+00:00,933.8,936.0,928.7,933.6,60.43847,11.61075,902.25,902.25,2515
2008-07-07 00:00:00+00:00,932.0,932.1,914.7,926.0,57.02084,11.29858,903.46,903.46,9163
2008-07-08 00:00:00+00:00,924.3,932.8,912.4,919.6,54.23936,10.4147,904.825,904.825,8339
2008-07-09 00:00:00+00:00,917.2,928.5,915.7,928.0,57.19099,10.2736,907.89,907.89,7281
2008-07-10 00:00:00+00:00,927.8,947.4,925.2,946.6,62.89774,11.52974,911.22,911.22,7939
2008-07-11 00:00:00+00:00,945.6,967.4,941.3,963.7,67.22369,13.7466,915.965,915.965,9682
2008-07-14 00:00:00+00:00,963.7,974.9,953.7,972.2,69.14924,16.00486,920.49,920.49,8959
2008-07-15 00:00:00+00:00,970.8,988.0,968.0,977.0,70.21343,17.97467,925.235,925.235,10055
2008-07-16 00:00:00+00:00,977.5,980.9,957.3,960.0,62.04971,17.957,928.55,928.55,9609
2008-07-17 00:00:00+00:00,961.4,978.4,952.7,958.1,61.19334,17.58696,931.55,931.55,10515
2008-07-18 00:00:00+00:00,959.0,964.3,949.5,954.5,59.51725,16.80943,934.195,934.195,8204
2008-07-21 00:00:00+00:00,956.1,968.0,955.7,966.3,63.08625,16.95001,938.34,938.34,6228
2008-07-22 00:00:00+00:00,967.0,975.7,943.3,945.7,54.11658,15.22369,941.155,941.155,7546
2008-07-23 00:00:00+00:00,947.0,948.7,917.6,920.2,45.49372,11.66347,942.875,942.875,8866
2008-07-24 00:00:00+00:00,921.2,930.8,916.5,927.0,47.87873,9.28367,943.4,943.4,6209
2008-07-25 00:00:00+00:00,928.2,934.8,918.4,929.1,48.62634,7.48087,943.49,943.49,7612
2008-07-28 00:00:00+00:00,928.1,932.5,922.4,930.4,49.11295,6.08687,943.78,943.78,6874
2008-07-29 00:00:00+00:00,931.4,932.9,913.9,917.3,44.53518,3.88033,942.68,942.68,6897
2008-07-30 00:00:00+00:00,918.9,919.3,893.6,905.8,40.92859,1.18996,940.73,940.73,7187
2008-07-31 00:00:00+00:00,907.4,925.1,906.6,913.3,44.10761,-0.33315,939.72,939.72,7300
2008-08-01 00:00:00+00:00,913.7,916.7,901.7,910.3,43.10826,-1.76199,938.555,938.555,6841
2008-08-04 00:00:00+00:00,912.7,915.1,893.6,894.7,38.25449,-4.10582,936.99,936.99,8815
2008-08-05 00:00:00+00:00,894.7,895.3,872.3,873.7,32.88646,-7.57057,934.695,934.695,8584
2008-08-06 00:00:00+00:00,873.5,886.0,872.5,879.1,35.39688,-9.76808,932.25,932.25,7225
2008-08-07 00:00:00+00:00,879.6,884.5,867.5,872.8,33.80801,-11.88102,928.56,928.56,8739
2008-08-08 00:00:00+00:00,873.3,873.4,850.5,856.2,29.98834,-14.72528,923.185,923.185,9447
2008-08-11 00:00:00+00:00,861.3,865.6,818.1,822.6,24.06236,-19.46622,915.705,915.705,9343
2008-08-12 00:00:00+00:00,825.6,826.6,801.8,811.3,22.45524,-23.86022,907.42,907.42,13202
2008-08-13 00:00:00+00:00,815.0,829.4,804.9,826.1,29.13149,-25.85028,900.725,900.725,10073
2008-08-14 00:00:00+00:00,826.4,836.3,804.4,806.0,25.87347,-28.71826,893.12,893.12,9178
2008-08-15 00:00:00+00:00,804.9,804.9,772.6,787.1,23.24136,-32.14568,884.75,884.75,11347
2008-08-18 00:00:00+00:00,793.1,803.7,789.3,799.5,28.38861,-33.47547,876.41,876.41,9202
2008-08-19 00:00:00+00:00,794.3,816.4,781.9,813.6,33.82284,-33.01106,869.805,869.805,8817
2008-08-20 00:00:00+00:00,814.2,818.0,799.7,813.1,33.72511,-32.3109,864.45,864.45,10182
2008-08-21 00:00:00+00:00,813.9,838.8,811.3,835.9,41.96089,-29.57531,859.895,859.895,8666
2008-08-22 00:00:00+00:00,832.2,837.7,820.9,822.7,38.94361,-28.148,854.575,854.575,6181
2008-08-25 00:00:00+00:00,822.1,825.7,815.8,821.1,38.58146,-26.8366,849.11,849.11,8712
2008-08-26 00:00:00+00:00,821.9,830.2,806.6,824.1,39.71348,-25.264,844.45,844.45,7816
2008-08-27 00:00:00+00:00,822.6,834.6,822.1,826.4,40.61713,-23.56052,840.48,840.48,8990
2008-08-28 00:00:00+00:00,828.3,843.7,825.0,833.7,43.51131,-21.37506,836.5,836.5,8269
2008-08-29 00:00:00+00:00,833.0,838.4,829.1,830.7,42.59259,-19.65852,832.52,832.52,7272
2008-09-01 00:00:00+00:00,833.8,835.1,815.4,817.6,38.74548,-19.13465,828.665,828.665,3800
2008-09-02 00:00:00+00:00,816.1,819.6,790.4,804.5,35.31076,-19.55116,825.205,825.205,9526
2008-09-03 00:00:00+00:00,803.6,808.0,789.1,802.3,34.75357,-19.83018,821.365,821.365,9640
2008-09-04 00:00:00+00:00,801.3,814.4,793.0,793.0,32.42432,-20.56468,817.375,817.375,8820
2008-09-05 00:00:00+00:00,792.9,818.8,790.2,803.3,37.42635,-20.08413,814.73,814.73,9241
2008-09-08 00:00:00+00:00,812.3,817.8,796.6,801.8,36.99685,-19.59842,813.69,813.69,7560
2008-09-09 00:00:00+00:00,802.8,804.6,775.6,775.8,30.46979,-21.0686,811.915,811.915,10010
2008-09-10 00:00:00+00:00,777.1,783.4,751.3,752.1,25.97183,-23.87095,808.215,808.215,11622
2008-09-11 00:00:00+00:00,754.6,757.7,735.9,747.3,25.16168,-26.1774,805.28,805.28,10297
2008-09-12 00:00:00+00:00,748.9,766.2,745.9,764.9,33.36887,-26.28214,804.17,804.17,8534
2008-09-15 00:00:00+00:00,778.6,787.3,764.2,787.3,42.07554,-24.2778,803.56,803.56,9478
2008-09-16 00:00:00+00:00,783.6,789.5,771.9,778.0,39.75299,-23.17265,801.78,801.78,9397
2008-09-17 00:00:00+00:00,778.5,868.1,777.0,863.5,61.04338,-15.22221,804.3,804.3,10531
2008-09-18 00:00:00+00:00,867.0,909.7,835.9,851.7,57.9972,-9.76107,805.09,805.09,12753
2008-09-19 00:00:00+00:00,852.7,877.1,824.1,872.8,61.67961,-3.68797,807.595,807.595,12019
2008-09-22 00:00:00+00:00,878.5,908.4,861.7,897.6,65.50729,3.09054,811.42,811.42,11444
2008-09-23 00:00:00+00:00,904.3,909.3,880.2,891.3,63.76484,7.86354,814.78,814.78,11808
2008-09-24 00:00:00+00:00,886.4,900.6,875.0,881.0,60.91214,10.69182,817.51,817.51,8981
2008-09-25 00:00:00+00:00,881.4,897.1,863.4,876.3,59.60182,12.41093,819.64,819.64,12207
2008-09-26 00:00:00+00:00,876.4,911.2,865.6,877.8,59.89831,13.73603,821.995,821.995,10961
2008-09-29 00:00:00+00:00,871.5,923.9,866.8,905.7,65.03812,16.84332,826.4,826.4,16437
2008-09-30 00:00:00+00:00,907.9,914.4,856.7,870.9,55.48548,16.30979,829.72,829.72,14682
2008-10-01 00:00:00+00:00,872.4,893.1,864.4,869.9,55.23443,15.62615,833.1,833.1,13326
2008-10-02 00:00:00+00:00,871.1,876.0,829.7,835.8,47.3643,12.19223,835.24,835.24,13161
2008-10-03 00:00:00+00:00,834.0,847.1,819.0,835.3,47.25798,9.323,836.84,836.84,11381
2008-10-06 00:00:00+00:00,829.0,875.8,825.4,858.6,52.59822,8.82748,839.68,839.68,10465
2008-10-07 00:00:00+00:00,860.6,891.1,859.1,888.0,58.33133,10.68395,845.29,845.29,9706
2008-10-08 00:00:00+00:00,885.4,920.9,877.5,908.1,61.73848,13.62011,853.09,853.09,9353
2008-10-09 00:00:00+00:00,905.7,924.2,881.2,913.0,62.54257,16.1562,861.375,861.375,9540
2008-10-10 00:00:00+00:00,915.9,931.1,826.6,849.6,48.37638,12.90149,865.61,865.61,17232
2008-10-13 00:00:00+00:00,862.5,871.9,822.6,831.6,45.24311,8.76858,867.825,867.825,10799
2008-10-14 00:00:00+00:00,835.2,853.7,831.9,836.2,46.20206,5.79757,870.735,870.735,10152
2008-10-15 00:00:00+00:00,840.6,856.5,831.2,847.5,48.58418,4.30522,869.935,869.935,9464
2008-10-16 00:00:00+00:00,848.8,849.9,785.1,805.5,41.26969,-0.2635,867.625,867.625,10041
2008-10-17 00:00:00+00:00,800.2,814.8,772.4,782.8,37.94462,-5.6508,863.125,863.125,10648
2008-10-20 00:00:00+00:00,786.1,809.7,784.4,796.0,40.92522,-8.75423,858.045,858.045,12979
2008-10-21 00:00:00+00:00,796.6,803.3,765.3,771.5,37.3403,-13.04035,852.055,852.055,12684
2008-10-22 00:00:00+00:00,775.3,775.9,720.2,729.2,32.1104,-19.62417,844.465,844.465,13837
2008-10-23 00:00:00+00:00,723.2,735.0,698.4,723.9,31.51481,-24.98159,836.845,836.845,13159
2008-10-24 00:00:00+00:00,725.1,747.5,681.4,733.2,33.83397,-28.15242,829.615,829.615,15402
2008-10-27 00:00:00+00:00,736.7,746.7,706.6,730.5,33.4795,-30.53126,820.855,820.855,11028
2008-10-28 00:00:00+00:00,734.0,755.4,723.8,748.9,38.22902,-30.57927,814.755,814.755,10293
2008-10-29 00:00:00+00:00,755.9,774.2,737.3,757.5,40.37196,-29.58237,809.135,809.135,9870
2008-10-30 00:00:00+00:00,759.5,777.2,732.6,738.4,37.27877,-29.98785,804.265,804.265,13862
2008-10-31 00:00:00+00:00,734.8,740.9,717.1,723.7,35.0528,-31.13644,798.685,798.685,12116
2008-11-03 00:00:00+00:00,728.2,738.9,721.6,722.6,34.88494,-31.76925,791.885,791.885,10453
2008-11-04 00:00:00+00:00,726.9,767.5,721.4,762.7,45.18955,-28.70414,785.62,785.62,10219
2008-11-05 00:00:00+00:00,764.2,764.7,736.2,738.8,41.02266,-27.88214,777.155,777.155,13180
2008-11-06 00:00:00+00:00,743.0,760.1,729.1,731.6,39.8311,-27.49473,768.085,768.085,12798
2008-11-07 00:00:00+00:00,732.6,744.6,725.3,735.8,40.90933,-26.54284,762.395,762.395,10966
2008-11-10 00:00:00+00:00,750.6,767.9,741.1,744.7,43.23088,-24.7846,758.05,758.05,11769
2008-11-11 00:00:00+00:00,747.9,749.9,726.6,731.6,40.69645,-24.16963,752.82,752.82,10675
2008-11-12 00:00:00+00:00,731.5,738.7,708.9,710.6,36.95614,-25.08759,745.975,745.975,11263
2008-11-13 00:00:00+00:00,713.2,739.1,699.7,736.0,43.69653,-23.49468,742.5,742.5,15442
2008-11-14 00:00:00+00:00,732.0,753.7,725.0,741.2,44.99315,-21.56412,740.42,740.42,13897
2008-11-17 00:00:00+00:00,739.4,749.1,730.6,736.5,44.00669,-20.18075,737.445,737.445,11755
2008-11-18 00:00:00+00:00,738.0,745.8,731.2,737.6,44.31441,-18.77919,735.75,735.75,11435
2008-11-19 00:00:00+00:00,738.7,761.6,731.5,735.2,43.74949,-17.65854,736.05,736.05,14258
2008-11-20 00:00:00+00:00,735.4,752.1,734.1,745.0,46.73545,-15.79754,737.105,737.105,13724
2008-11-21 00:00:00+00:00,743.9,801.3,742.2,800.0,59.67352,-9.77199,740.445,740.445,14055
2008-11-24 00:00:00+00:00,801.7,829.3,785.9,821.0,63.33552,-3.26455,744.97,744.97,18580
2008-11-25 00:00:00+00:00,816.9,830.5,803.1,820.4,63.15904,1.82321,748.545,748.545,13102
2008-11-26 00:00:00+00:00,816.0,822.9,808.5,810.5,60.1795,4.99883,751.195,751.195,11474
2008-11-27 00:00:00+00:00,811.5,816.9,811.2,816.0,61.27256,7.86863,755.075,755.075,4301
2008-12-01 00:00:00+00:00,815.1,815.2,767.2,768.7,48.85285,6.25416,757.325,757.325,16186
2008-12-02 00:00:00+00:00,770.8,785.7,762.1,781.8,51.76873,5.963,760.285,760.285,18922
2008-12-03 00:00:00+00:00,777.1,783.0,764.1,773.9,49.92045,5.03673,760.845,760.845,16823
2008-12-04 00:00:00+00:00,774.9,782.0,762.3,766.3,48.13982,3.64736,762.22,762.22,18482
2008-12-05 00:00:00+00:00,767.1,772.5,741.1,755.7,45.69182,1.67167,763.425,763.425,10781
2008-12-08 00:00:00+00:00,758.4,781.8,758.3,771.9,49.88611,1.39702,765.23,765.23,16492
2008-12-09 00:00:00+00:00,772.4,779.9,762.5,776.2,50.96856,1.50894,766.805,766.805,9147
2008-12-10 00:00:00+00:00,774.9,812.9,774.8,809.3,58.41472,4.21988,770.69,770.69,11753
2008-12-11 00:00:00+00:00,803.9,834.3,801.6,819.9,60.48433,7.14134,776.155,776.155,12715
2008-12-12 00:00:00+00:00,819.4,828.5,807.6,821.3,60.76209,9.46052,780.42,780.42,6262
2008-12-15 00:00:00+00:00,827.8,841.9,822.1,836.6,63.76007,12.39025,785.19,785.19,10452
2008-12-16 00:00:00+00:00,836.3,859.1,830.0,856.7,67.29533,16.14784,791.2,791.2,13115
2008-12-17 00:00:00+00:00,852.7,881.5,846.1,867.3,69.01214,19.75338,797.685,797.685,15086
2008-12-18 00:00:00+00:00,864.6,878.1,848.4,852.2,63.86869,21.14857,803.535,803.535,13737
2008-12-19 00:00:00+00:00,850.2,853.3,829.6,837.5,59.23988,20.82801,808.16,808.16,13452
2008-12-22 00:00:00+00:00,839.7,851.1,839.5,847.0,61.19709,21.09733,810.51,810.51,16945
2008-12-23 00:00:00+00:00,845.6,847.5,829.9,839.7,58.85829,20.48558,811.445,811.445,14641
2008-12-24 00:00:00+00:00,836.4,848.3,834.4,847.4,60.57004,20.38708,812.795,812.795,7498
2008-12-26 00:00:00+00:00,842.9,871.1,842.6,867.0,64.60676,21.64111,815.62,815.62,4033
2008-12-29 00:00:00+00:00,875.1,887.8,872.4,877.9,66.65148,23.2465,818.715,818.715,3726
2008-12-30 00:00:00+00:00,878.6,879.3,862.7,871.4,64.26711,23.72085,823.85,823.85,8245
2008-12-31 00:00:00+00:00,870.3,870.8,855.3,866.8,62.56142,23.45522,828.1,828.1,4682
2009-01-02 00:00:00+00:00,874.2,879.8,867.3,874.6,64.29202,23.60203,833.135,833.135,7562
2009-01-05 00:00:00+00:00,882.6,884.0,844.8,857.8,58.06615,22.10791,837.71,837.71,18091
2009-01-06 00:00:00+00:00,854.9,869.8,839.0,863.0,59.37741,21.10018,843.075,843.075,18601
2009-01-07 00:00:00+00:00,860.5,866.6,836.3,842.0,52.26904,18.39498,846.58,846.58,17291
2009-01-08 00:00:00+00:00,837.0,863.7,837.0,856.1,56.07162,17.19067,850.575,850.575,18893
2009-01-09 00:00:00+00:00,855.3,868.0,844.4,853.0,55.03353,15.80393,852.76,852.76,16769
2009-01-12 00:00:00+00:00,852.7,853.6,814.9,820.1,45.42232,11.91284,852.77,852.77,5180
2009-01-13 00:00:00+00:00,822.1,830.1,813.6,820.7,45.60888,8.77638,852.74,852.74,16001
2009-01-14 00:00:00+00:00,821.5,828.9,806.5,811.0,43.04704,5.44523,851.46,851.46,16994
2009-01-15 00:00:00+00:00,812.3,820.8,801.9,816.7,45.002,3.228,849.46,849.46,18989
2009-01-16 00:00:00+00:00,816.0,842.7,815.0,841.7,52.67495,3.44837,848.18,848.18,10451
2009-01-19 00:00:00+00:00,840.6,842.5,831.9,834.8,50.57761,3.0313,847.31,847.31,9046
2009-01-20 00:00:00+00:00,834.0,865.8,823.2,855.8,56.28281,4.34521,848.225,848.225,16973
2009-01-21 00:00:00+00:00,853.3,863.8,843.4,853.4,55.49436,5.13365,848.545,848.545,14340
2009-01-22 00:00:00+00:00,852.3,862.5,844.0,856.5,56.34504,5.94017,849.385,849.385,15912
2009-01-23 00:00:00+00:00,855.1,902.7,852.2,898.7,65.90019,9.87074,851.95,851.95,19106
2009-01-26 00:00:00+00:00,896.4,915.4,888.8,903.5,66.79058,13.22067,853.775,853.775,13471
2009-01-27 00:00:00+00:00,904.2,907.3,892.1,897.6,64.55916,15.22394,854.76,854.76,16449
2009-01-28 00:00:00+00:00,898.9,902.5,881.9,887.4,60.77866,15.80628,855.56,855.56,16035
2009-01-29 00:00:00+00:00,885.3,908.9,874.2,908.8,65.36163,17.78953,857.66,857.66,19001
2009-01-30 00:00:00+00:00,905.6,929.2,900.6,926.5,68.62695,20.55259,860.255,860.255,19044
2009-02-02 00:00:00+00:00,923.7,924.8,900.8,903.8,60.72116,20.67234,862.555,862.555,12757
2009-02-03 00:00:00+00:00,900.0,912.3,888.9,900.0,59.48576,20.22744,864.405,864.405,12031
2009-02-04 00:00:00+00:00,897.3,908.9,895.2,904.9,60.59896,20.03925,867.55,867.55,10204
2009-02-05 00:00:00+00:00,903.7,923.9,901.8,914.1,62.67275,20.39734,870.45,870.45,10791
2009-02-06 00:00:00+00:00,909.0,919.4,904.1,910.7,61.38685,20.17422,873.335,873.335,7404
2009-02-09 00:00:00+00:00,906.3,907.7,890.4,894.4,55.50693,18.46922,877.05,877.05,10001
2009-02-10 00:00:00+00:00,894.1,917.6,890.8,914.1,60.43897,18.49443,881.72,881.72,10355
2009-02-11 00:00:00+00:00,915.5,946.7,910.3,938.4,65.51668,20.24188,888.09,888.09,5498
2009-02-12 00:00:00+00:00,937.6,952.2,934.6,946.4,67.01758,22.01847,894.575,894.575,14880
2009-02-13 00:00:00+00:00,942.3,943.8,932.2,941.0,64.9622,22.72869,899.54,899.54,16191
2009-02-16 00:00:00+00:00,940.6,943.8,935.7,941.1,64.98362,23.03409,904.855,904.855,3377
2009-02-17 00:00:00+00:00,940.7,973.3,939.9,968.7,70.36744,25.21257,910.5,910.5,5829
2009-02-18 00:00:00+00:00,968.5,986.8,960.9,983.1,72.7238,27.78076,916.985,916.985,6406
2009-02-19 00:00:00+00:00,980.5,985.8,968.5,973.2,68.68026,28.68654,922.82,922.82,6707
2009-02-20 00:00:00+00:00,976.0,1005.9,970.0,992.1,71.89324,30.57697,927.49,927.49,7518
2009-02-23 00:00:00+00:00,995.2,997.7,975.6,991.2,71.517,31.63783,931.875,931.875,6170
2009-02-24 00:00:00+00:00,985.7,994.5,959.3,962.8,60.71863,29.84292,935.135,935.135,7749
2009-02-25 00:00:00+00:00,960.2,978.0,944.0,952.2,57.24443,27.25097,938.375,938.375,13826
2009-02-26 00:00:00+00:00,953.2,956.4,931.9,944.9,54.9141,24.32736,940.18,940.18,14973
2009-02-27 00:00:00+00:00,943.1,962.6,927.5,941.6,53.84696,21.49629,940.935,940.935,15258
2009-03-02 00:00:00+00:00,947.5,957.9,921.4,925.0,48.71825,17.70903,941.995,941.995,13879
2009-03-03 00:00:00+00:00,926.8,932.0,905.0,914.7,45.80313,13.71834,942.73,942.73,8517
2009-03-04 00:00:00+00:00,913.8,922.4,899.5,905.2,43.23358,9.67757,942.745,942.745,32556
2009-03-05 00:00:00+00:00,910.1,936.2,907.1,932.1,51.52604,8.5473,943.645,943.645,34818
2009-03-06 00:00:00+00:00,930.3,944.7,930.2,938.6,53.30122,8.08287,945.04,945.04,31937
2009-03-09 00:00:00+00:00,937.4,940.3,911.1,920.0,47.89595,6.14313,946.32,946.32,21319
2009-03-10 00:00:00+00:00,920.6,921.5,890.8,895.6,41.89398,2.60695,945.395,945.395,23885
2009-03-11 00:00:00+00:00,895.1,912.9,891.9,908.4,45.7356,0.82781,943.895,943.895,23236
2009-03-12 00:00:00+00:00,908.7,930.5,906.8,925.1,50.34795,0.75665,942.83,942.83,28671
2009-03-13 00:00:00+00:00,924.2,938.3,919.3,929.0,51.38713,1.00339,942.23,942.23,21245
2009-03-16 00:00:00+00:00,925.1,929.4,915.3,923.6,49.83197,0.75451,941.355,941.355,21643
2009-03-17 00:00:00+00:00,922.0,923.6,912.0,915.1,47.40026,-0.12715,938.675,938.675,20058
2009-03-18 00:00:00+00:00,913.5,948.6,883.0,937.2,53.72328,0.9465,936.38,936.38,31769
2009-03-19 00:00:00+00:00,935.0,961.7,925.1,954.2,57.91427,3.13302,935.43,935.43,38129
2009-03-20 00:00:00+00:00,952.9,966.7,946.2,951.4,56.99866,4.58704,933.395,933.395,29634
2009-03-23 00:00:00+00:00,950.6,956.7,935.3,937.7,52.61549,4.58108,930.72,930.72,25171
2009-03-24 00:00:00+00:00,941.1,943.6,916.8,928.6,49.8721,3.79828,929.01,929.01,30707
2009-03-25 00:00:00+00:00,929.3,940.3,916.1,932.4,51.02056,3.44482,928.02,928.02,29510
2009-03-26 00:00:00+00:00,934.2,944.7,931.2,934.0,51.52415,3.25627,927.475,927.475,15200
2009-03-27 00:00:00+00:00,933.9,935.6,918.8,922.4,47.69533,2.14608,926.515,926.515,5016
2009-03-30 00:00:00+00:00,923.8,931.8,908.6,915.1,45.40846,0.66948,926.02,926.02,22900
2009-03-31 00:00:00+00:00,915.2,924.5,911.3,917.4,46.28238,-0.31155,926.155,926.155,29206
2009-04-01 00:00:00+00:00,916.9,932.6,916.3,926.2,49.60638,-0.37462,927.205,927.205,24307
2009-04-02 00:00:00+00:00,926.6,928.9,894.6,903.8,42.41214,-2.20666,925.79,925.79,30649
2009-04-03 00:00:00+00:00,905.9,908.6,890.3,892.4,39.28922,-4.52627,923.48,923.48,17345
2009-04-06 00:00:00+00:00,892.3,893.6,865.1,869.2,33.82988,-8.14276,920.94,920.94,32238
2009-04-07 00:00:00+00:00,872.0,884.8,870.5,880.5,38.32509,-9.98198,920.185,920.185,30688
2009-04-08 00:00:00+00:00,883.1,890.0,878.1,880.1,38.22609,-11.34111,918.77,918.77,28874
2009-04-09 00:00:00+00:00,880.8,886.3,874.7,878.9,37.90973,-12.37244,916.46,916.46,25296
2009-04-10 00:00:00+00:00,878.71,885.53,877.75,881.15,38.93029,-12.85998,914.0675,914.0675,3251
2009-04-13 00:00:00+00:00,883.95,899.73,882.4,893.3,44.25842,-12.12617,912.5525,912.5525,30056
2009-04-14 00:00:00+00:00,895.12,898.26,885.95,889.9,43.12455,-11.68429,911.2925,911.2925,48492
2009-04-15 00:00:00+00:00,889.78,899.38,,890.6,43.4458,-11.14909,908.9625,908.9625,50977
2009-04-16 00:00:00+00:00,890.24,893.5,871.65,875.15,38.30345,-11.83519,905.01,905.01,50278
2009-04-17 00:00:00+00:00,,876.63,864.78,868.25,36.24039,-12.78829,900.8525,900.8525,46081
2009-04-20 00:00:00+00:00,868.51,888.33,864.54,884.53,43.91584,-12.0906,898.194,898.194,44756
2009-04-21 00:00:00+00:00,882.98,894.99,878.7,883.2,43.4556,-11.51229,895.924,895.924,43597
2009-04-22 00:00:00+00:00,882.8,893.38,881.63,889.9,46.49751,-10.39352,893.799,893.799,25205
2009-04-23 00:00:00+00:00,890.55,908.66,889.58,903.45,52.10879,-8.31765,892.2715,892.2715,30795
2009-04-24 00:00:00+00:00,903.9,913.73,903.85,912.5,55.46813,-5.87452,891.7765,891.7765,29537
2009-04-27 00:00:00+00:00,915.6,918.1,904.98,906.2,52.69698,-4.39601,891.3315,891.3315,27442
2009-04-28 00:00:00+00:00,905.2,906.46,884.24,892.22,47.07652,-4.30274,890.0725,890.0725,30919
2009-04-29 00:00:00+00:00,891.1,902.7,887.42,898.1,49.51545,-3.71158,888.6675,888.6675,27068
2009-04-30 00:00:00+00:00,895.6,899.78,880.7,886.2,44.99606,-4.15541,887.7875,887.7875,28384
2009-05-01 00:00:00+00:00,885.9,889.58,880.03,886.05,44.94038,-4.46775,887.47,887.47,25337
2009-05-04 00:00:00+00:00,886.7,907.1,885.1,902.85,52.09109,-3.32138,889.1525,889.1525,24348
2009-05-05 00:00:00+00:00,903.85,915.73,,896.3,49.39747,-2.90788,889.9425,889.9425,31411
2009-05-06 00:00:00+00:00,896.4,,895.55,910.53,54.85876,-1.41561,891.464,891.464,31702
2009-05-07 00:00:00+00:00,910.8,925.28,908.67,909.75,54.51148,-0.29255,893.0065,893.0065,25593
2009-05-08 00:00:00+00:00,911.4,919.58,905.14,915.9,56.8319,1.08127,894.744,894.744,30640
2009-05-12 00:00:00+00:00,,923.66,911.5,922.35,59.18354,2.65984,896.1965,896.1965,18098
2009-05-13 00:00:00+00:00,924.35,930.53,,925.95,60.47767,4.15347,897.999,897.999,6335
2009-05-14 00:00:00+00:00,926.75,,920.34,925.05,59.96579,5.20457,899.7215,899.7215,17572
2009-05-15 00:00:00+00:00,925.51,933.98,,931.15,62.29519,6.45538,902.5215,902.5215,25260
2009-05-18 00:00:00+00:00,930.97,933.38,,918.2,54.98124,6.32875,905.019,905.019,27463
2009-05-20 00:00:00+00:00,925.71,940.26,924.76,937.38,62.08202,7.68744,907.6615,907.6615,30054
2009-05-21 00:00:00+00:00,937.55,955.88,935.73,951.83,66.38395,9.81704,911.093,911.093,24167
2009-05-22 00:00:00+00:00,953.25,960.92,949.87,956.95,67.77886,11.78209,914.4455,914.4455,24087
2009-05-25 00:00:00+00:00,956.88,959.4,952.33,958.45,68.19525,13.30704,917.1955,917.1955,2097
2009-05-26 00:00:00+00:00,955.4,957.15,941.11,951.75,64.20419,13.81569,919.158,919.158,24335
2009-05-27 00:00:00+00:00,952.2,959.21,946.66,948.4,62.24274,13.78952,921.268,921.268,27173
2009-05-28 00:00:00+00:00,945.08,964.75,,957.89,65.46174,14.36891,924.5515,924.5515,28912
2009-06-01 00:00:00+00:00,976.74,988.37,973.25,974.45,70.23111,15.98013,928.369,928.369,29995
2009-06-02 00:00:00+00:00,974.23,986.62,969.39,982.9,72.33073,17.73444,933.204,933.204,29958
2009-06-03 00:00:00+00:00,982.37,989.63,960.3,962.58,61.15968,17.28583,937.0305,937.0305,34082
2009-06-04 00:00:00+00:00,964.23,,,979.6,65.909,18.09509,940.868,940.868,39914
2009-06-05 00:00:00+00:00,,983.61,952.4,954.79,55.29485,16.54377,943.7925,943.7925,40917
2009-06-08 00:00:00+00:00,954.39,,943.29,950.03,53.51421,14.76009,945.7675,945.7675,29594
2009-06-09 00:00:00+00:00,952.65,961.53,947.09,954.25,54.90081,13.53106,947.9925,947.9925,33329
2009-06-10 00:00:00+00:00,955.17,965.02,,954.25,54.90081,12.41394,949.91,949.91,34600
2009-06-11 00:00:00+00:00,955.12,961.67,942.88,954.5,54.99304,11.41718,951.5175,951.5175,18906
2009-06-12 00:00:00+00:00,954.75,957.78,936.23,938.8,48.31076,9.25371,952.16,952.16,9995
2009-06-15 00:00:00+00:00,935.4,938.65,925.23,926.5,43.81851,6.47203,952.2325,952.2325,3955
2009-06-16 00:00:00+00:00,928.35,938.98,928.15,934.6,47.29422,4.86505,952.405,952.405,4113
2009-06-17 00:00:00+00:00,933.45,939.92,927.74,938.63,48.98525,3.87206,953.4265,953.4265,25806
2009-06-18 00:00:00+00:00,941.3,941.65,,932.85,46.67233,2.58887,953.2,953.2,29918
2009-06-19 00:00:00+00:00,931.77,938.74,930.48,933.48,46.96626,1.60428,952.2825,952.2825,26942
2009-06-22 00:00:00+00:00,933.65,,917.78,922.1,42.41817,-0.09322,950.54,950.54,27428
2009-06-23 00:00:00+00:00,922.28,926.67,912.88,925.65,44.23241,-1.13891,948.9,948.9,31107
2009-06-24 00:00:00+00:00,925.98,940.65,922.13,932.0,47.42346,-1.43866,947.9125,947.9125,31892
2009-06-25 00:00:00+00:00,931.29,939.78,929.72,938.65,50.61071,-1.12662,947.425,947.425,29094
2009-06-26 00:00:00+00:00,938.58,948.15,936.23,939.1,50.82794,-0.83341,946.4855,946.4855,28896
2009-06-30 00:00:00+00:00,938.16,944.72,923.54,926.35,44.81372,-1.61128,944.0805,944.0805,26489
2009-07-01 00:00:00+00:00,927.49,,927.28,940.48,51.64269,-1.07519,941.9595,941.9595,23352
2009-07-02 00:00:00+00:00,940.85,941.25,926.38,929.15,46.65713,-1.54673,940.288,940.288,24211
2009-07-03 00:00:00+00:00,929.89,,927.83,931.5,47.78313,-1.71109,937.883,937.883,12733
2009-07-06 00:00:00+00:00,929.75,931.23,920.58,922.88,44.10541,-2.50799,936.2875,936.2875,7425
2009-07-07 00:00:00+00:00,924.7,931.33,921.08,923.4,44.3835,-3.06228,934.956,934.956,27299
2009-07-08 00:00:00+00:00,922.96,,904.78,909.0,38.64894,-4.61038,932.6935,932.6935,29214
2009-07-09 00:00:00+00:00,908.5,918.34,906.15,911.24,39.94872,-5.59204,930.543,930.543,15110
2009-07-10 00:00:00+00:00,,915.17,907.11,912.58,40.75731,-6.19053,928.447,928.447,8963
2009-07-13 00:00:00+00:00,913.77,923.0,907.73,920.5,45.43391,-5.95709,927.532,927.532,9424
2009-07-14 00:00:00+00:00,920.2,927.47,917.65,925.1,48.00138,-5.33936,927.462,927.462,9420
2009-07-15 00:00:00+00:00,926.2,941.78,924.3,938.95,54.88449,-3.68969,927.6795,927.6795,24074
2009-07-16 00:00:00+00:00,939.61,,932.6,936.86,53.7287,-2.52189,927.591,927.591,23955
2009-07-17 00:00:00+00:00,935.4,939.62,931.79,936.95,53.77384,-1.57102,927.796,927.796,22866
2009-07-20 00:00:00+00:00,938.33,,937.95,949.2,59.55752,0.16906,928.582,928.582,22297
2009-07-21 00:00:00+00:00,950.48,953.6,,948.53,59.12182,1.47701,929.9035,929.9035,26268
2009-07-22 00:00:00+00:00,948.17,954.41,944.58,950.95,60.25287,2.67797,931.1685,931.1685,25173
2009-07-23 00:00:00+00:00,950.4,957.15,947.09,947.45,57.76355,3.30917,931.941,931.941,27932
2009-07-24 00:00:00+00:00,948.04,953.91,946.95,950.92,59.54794,4.0428,932.5545,932.5545,24018
2009-07-27 00:00:00+00:00,949.62,,947.65,953.1,60.67207,4.74541,933.2545,933.2545,21834
2009-07-28 00:00:00+00:00,952.63,956.48,934.14,937.16,49.77925,3.97024,933.795,933.795,25260
2009-07-29 00:00:00+00:00,937.62,940.54,925.48,929.4,45.49682,2.69864,933.241,933.241,32915
2009-07-30 00:00:00+00:00,929.17,936.78,928.3,933.92,48.28743,2.03219,933.4795,933.4795,34194
2009-07-31 00:00:00+00:00,934.37,956.4,932.28,953.5,58.25782,3.04882,934.5795,934.5795,35229
2009-08-03 00:00:00+00:00,952.97,962.09,951.63,956.3,59.4615,4.03394,936.2505,936.2505,38492
2009-08-04 00:00:00+00:00,956.33,,951.0,967.25,63.85154,5.63329,938.443,938.443,38575
2009-08-05 00:00:00+00:00,966.21,967.8,958.76,962.6,60.83852,6.45121,941.123,941.123,37833
2009-08-06 00:00:00+00:00,963.17,971.46,955.97,962.83,60.93671,7.03686,943.7025,943.7025,39748
2009-08-07 00:00:00+00:00,962.67,965.12,953.09,954.45,55.47877,6.74702,945.796,945.796,39046
2009-08-10 00:00:00+00:00,953.95,956.59,942.96,945.65,50.37609,5.74105,947.0535,947.0535,37158
2009-08-11 00:00:00+00:00,945.03,949.58,941.96,945.97,50.55419,4.913,948.097,948.097,35305
2009-08-12 00:00:00+00:00,946.23,951.96,939.88,947.05,51.19087,4.29441,948.502,948.502,36804
2009-08-13 00:00:00+00:00,948.36,960.36,948.15,954.5,55.45211,4.35512,949.384,949.384,35244
2009-08-14 00:00:00+00:00,955.62,958.9,943.25,948.05,51.27809,3.83853,949.939,949.939,35707
2009-08-17 00:00:00+00:00,947.59,948.04,930.08,933.8,43.48947,2.25329,949.169,949.169,28795
2009-08-18 00:00:00+00:00,935.65,,934.13,938.25,46.23579,1.34061,948.655,948.655,24281
2009-08-19 00:00:00+00:00,938.28,944.79,931.78,941.55,48.2445,0.87351,948.185,948.185,33789
2009-08-20 00:00:00+00:00,943.48,,937.04,940.35,47.54881,0.40187,947.83,947.83,29118
2009-08-21 00:00:00+00:00,,957.65,,953.24,55.0474,1.05603,947.946,947.946,30808
2009-08-24 00:00:00+00:00,953.28,956.59,939.66,942.15,48.60866,0.67185,947.3985,947.3985,36142
2009-08-25 00:00:00+00:00,942.6,954.2,,944.71,50.06076,0.56741,947.776,947.776,40070
2009-08-26 00:00:00+00:00,945.03,949.8,940.01,945.2,50.34995,0.5182,948.566,948.566,34424
2009-08-27 00:00:00+00:00,945.27,950.27,941.48,947.75,51.9106,0.67716,949.2575,949.2575,32984
2009-08-28 00:00:00+00:00,,961.39,948.33,954.42,55.82225,1.32607,949.3035,949.3035,32043
2009-08-31 00:00:00+00:00,955.92,,,950.65,53.18876,1.51862,949.021,949.021,25968
2009-09-01 00:00:00+00:00,952.34,956.85,946.23,956.85,56.79836,2.14676,948.501,948.501,34537
2009-09-02 00:00:00+00:00,955.45,,951.27,977.6,66.19378,4.2697,949.251,949.251,39046
2009-09-03 00:00:00+00:00,,997.16,974.13,991.1,70.6639,6.96123,950.6645,950.6645,44548
2009-09-04 00:00:00+00:00,993.96,,985.36,993.37,71.3499,9.17174,952.6105,952.6105,36736
2009-09-07 00:00:00+00:00,994.25,996.52,990.75,994.5,71.70461,10.88924,955.053,955.053,20939
2009-09-09 00:00:00+00:00,1000.46,1002.89,987.05,992.15,69.77001,11.9233,957.362,957.362,39863
2009-09-10 00:00:00+00:00,993.02,998.15,,994.58,70.65177,12.79143,959.7385,959.7385,36748
2009-09-11 00:00:00+00:00,996.05,1011.57,994.3,1004.71,74.04989,14.13391,962.249,962.249,37514
2009-09-14 00:00:00+00:00,1006.86,1008.65,993.16,999.55,69.62744,14.61301,964.824,964.824,33903
2009-09-15 00:00:00+00:00,998.65,1009.37,992.12,1006.25,71.96841,15.35632,968.4465,968.4465,35575
2009-09-16 00:00:00+00:00,1007.86,1020.4,1005.95,1017.2,75.31683,16.63719,972.394,972.394,41692
2009-09-17 00:00:00+00:00,1017.1,1023.87,1010.03,1013.03,71.79945,17.11847,975.968,975.968,36748
2009-09-18 00:00:00+00:00,1013.43,1017.62,1005.8,1007.13,67.0297,16.82981,979.307,979.307,32322
2009-09-21 00:00:00+00:00,1003.16,1006.48,,1003.2,63.98076,16.09835,981.805,981.805,45517
2009-09-22 00:00:00+00:00,1003.44,1019.67,1003.2,1014.4,68.39314,16.23526,985.4175,985.4175,44517
2009-09-23 00:00:00+00:00,1014.74,1018.42,1005.9,1007.65,63.35587,15.61905,988.5645,988.5645,50720
2009-09-24 00:00:00+00:00,1008.41,1018.83,990.59,994.45,54.84837,13.90527,991.027,991.027,39334
2009-09-25 00:00:00+00:00,993.8,998.99,985.0,990.6,52.6286,12.09699,993.1695,993.1695,48734
2009-09-28 00:00:00+00:00,994.37,996.5,985.88,990.55,52.59883,10.53839,994.976,994.976,38965
2009-09-29 00:00:00+00:00,,995.71,984.99,991.9,53.36591,9.30487,997.0385,997.0385,28416
2009-09-30 00:00:00+00:00,993.26,1008.95,991.5,1007.3,61.09952,9.46088,999.561,999.561,42677
2009-10-01 00:00:00+00:00,1009.4,1009.57,997.7,999.12,55.80564,8.82276,1000.637,1000.637,27484
2009-10-02 00:00:00+00:00,1001.7,1007.28,986.55,1002.37,57.38547,8.48153,1001.2005,1001.2005,35777
2009-10-05 00:00:00+00:00,1003.03,1017.67,1000.85,1017.67,63.92365,9.33803,1002.4155,1002.4155,50133
2009-10-06 00:00:00+00:00,1016.49,1043.35,1015.32,1041.4,71.28287,11.79566,1004.7605,1004.7605,40891
2009-10-07 00:00:00+00:00,1039.95,1048.48,1036.54,1044.37,72.05131,13.82365,1007.3715,1007.3715,33457
2009-10-08 00:00:00+00:00,1046.1,1061.35,1042.82,1054.75,74.60863,16.08304,1010.38,1010.38,34859
2009-10-09 00:00:00+00:00,1052.2,1052.45,1043.63,1048.8,70.61973,17.19528,1012.5845,1012.5845,29905
2009-10-12 00:00:00+00:00,1052.29,1058.9,1046.94,1055.65,72.44616,18.41718,1015.3895,1015.3895,44879
2009-10-13 00:00:00+00:00,1056.12,1068.63,1050.77,1064.37,74.60999,19.86024,1018.2955,1018.2955,49490
2009-10-14 00:00:00+00:00,1064.85,1070.58,1056.0,1062.5,73.28094,20.61534,1020.5605,1020.5605,63865
2009-10-15 00:00:00+00:00,1063.1,1065.56,1046.36,1050.52,65.26056,20.01634,1022.435,1022.435,60768
2009-10-16 00:00:00+00:00,1051.42,1056.73,1043.16,1053.15,66.13679,19.52873,1024.736,1024.736,50574
2009-10-19 00:00:00+00:00,1054.72,1064.49,1047.89,1063.37,69.3699,19.73942,1027.7445,1027.7445,55649
2009-10-20 00:00:00+00:00,1063.77,1067.75,1052.06,1054.61,63.7514,18.98074,1029.755,1029.755,57313
2009-10-21 00:00:00+00:00,1055.01,1064.73,1047.66,1059.1,65.30262,18.5282,1032.3275,1032.3275,62008
2009-10-22 00:00:00+00:00,1059.11,1061.41,1051.45,1060.0,65.62021,18.0343,1035.605,1035.605,61519
2009-10-23 00:00:00+00:00,1060.97,1067.24,1050.17,1055.07,62.25852,17.04854,1038.8285,1038.8285,60477
2009-10-26 00:00:00+00:00,1052.59,1059.54,1036.7,1037.92,52.23379,14.71385,1041.197,1041.197,52843
2009-10-27 00:00:00+00:00,1038.23,1043.37,1032.32,1040.15,53.28705,12.89488,1043.6095,1043.6095,58604
2009-10-28 00:00:00+00:00,1040.49,1041.65,1026.4,1027.31,46.87753,10.29854,1044.61,1044.61,53984
2009-10-29 00:00:00+00:00,1029.67,1047.57,1028.47,1046.44,55.47121,9.67305,1046.976,1046.976,58552
2009-10-30 00:00:00+00:00,1044.88,1048.75,1034.94,1044.96,54.7335,8.9547,1049.1055,1049.1055,49960
2009-11-02 00:00:00+00:00,1044.12,1062.37,1042.84,1058.95,60.13102,9.40585,1051.1695,1051.1695,57547
2009-11-04 00:00:00+00:00,1081.83,1097.31,1079.87,1092.05,69.42134,12.29259,1053.702,1053.702,55414
2009-11-05 00:00:00+00:00,1090.49,1094.01,1083.81,1089.8,68.25699,14.2347,1055.9735,1055.9735,61625
2009-11-06 00:00:00+00:00,1088.57,1100.94,1086.71,1094.72,69.46308,15.98655,1057.972,1057.972,50882
2009-11-09 00:00:00+00:00,1096.22,1110.97,1095.49,1103.0,71.43046,17.83742,1060.682,1060.682,46619
2009-11-10 00:00:00+00:00,1105.0,1109.04,1096.83,1105.98,72.12648,19.32198,1063.1985,1063.1985,53069
2009-11-11 00:00:00+00:00,1106.7,1118.43,1105.5,1116.85,74.56102,21.13202,1065.8225,1065.8225,55519
2009-11-12 00:00:00+00:00,1115.29,1122.7,1102.26,1103.55,66.86555,21.24835,1067.875,1067.875,57860
2009-11-13 00:00:00+00:00,1104.57,1118.99,1100.94,1118.29,70.49953,22.27319,1071.2635,1071.2635,47448
2009-11-16 00:00:00+00:00,1124.11,1143.3,1122.98,1139.75,74.82803,24.53421,1075.5935,1075.5935,51959
2009-11-17 00:00:00+00:00,1137.0,1141.74,1127.69,1140.63,74.99009,26.09628,1079.4565,1079.4565,55088
2009-11-18 00:00:00+00:00,1140.84,1152.78,1135.97,1141.45,75.15062,27.08813,1083.7985,1083.7985,50353
2009-11-19 00:00:00+00:00,1142.44,1145.77,1129.7,1144.37,75.74761,27.78947,1088.062,1088.062,54014
2009-11-20 00:00:00+00:00,1143.59,1150.85,1132.7,1150.2,76.93887,28.48733,1092.572,1092.572,51777
2009-11-23 00:00:00+00:00,1159.16,1173.55,1158.84,1162.28,79.21682,29.67309,1097.9325,1097.9325,49468
2009-11-24 00:00:00+00:00,1160.79,1171.19,1157.94,1168.4,80.27961,30.75215,1104.4565,1104.4565,41013
2009-11-25 00:00:00+00:00,1167.4,1192.53,1166.61,1192.2,83.75805,33.1457,1112.059,1112.059,33025
2009-11-26 00:00:00+00:00,1187.92,1194.95,1180.36,1191.8,83.4915,34.61135,1120.2835,1120.2835,20040
2009-11-27 00:00:00+00:00,1186.33,1191.3,1137.58,1177.28,74.25382,34.20692,1126.8255,1126.8255,35882
2009-11-30 00:00:00+00:00,1169.2,1181.78,1163.75,1179.32,74.67773,33.66298,1133.5435,1133.5435,37769
2009-12-01 00:00:00+00:00,1179.66,1201.32,1175.23,1195.3,77.76595,34.12795,1140.361,1140.361,32010
2009-12-02 00:00:00+00:00,1196.68,1216.9,1196.58,1215.1,80.87779,35.6828,1146.5135,1146.5135,35429
2009-12-03 00:00:00+00:00,1220.17,1226.37,1204.28,1207.6,76.50966,35.89606,1152.4035,1152.4035,37003
2009-12-04 00:00:00+00:00,1205.68,1212.24,1147.32,1160.82,56.14212,31.92234,1155.7085,1155.7085,39303
2009-12-07 00:00:00+00:00,1156.87,1164.62,1135.53,1157.7,55.08879,28.19634,1158.4435,1158.4435,39423
2009-12-08 00:00:00+00:00,1157.26,1168.47,1124.35,1128.1,46.22748,22.59454,1159.5495,1159.5495,41097
2009-12-09 00:00:00+00:00,1130.78,1146.85,1116.75,1128.2,46.25893,17.95615,1160.117,1160.117,42337
2009-12-10 00:00:00+00:00,1133.04,1136.49,1120.9,1129.9,46.82829,14.25307,1161.4345,1161.4345,42589
2009-12-11 00:00:00+00:00,1134.59,1142.13,1109.36,1115.05,42.58413,10.00475,1161.2725,1161.2725,40729
2009-12-14 00:00:00+00:00,1113.48,1127.33,1113.29,1126.8,46.7004,7.4996,1160.625,1160.625,34669
2009-12-15 00:00:00+00:00,1127.31,1128.99,1111.32,1123.1,45.59197,5.15626,1159.7485,1159.7485,36047
2009-12-16 00:00:00+00:00,1123.02,1141.02,1121.33,1137.84,50.62022,4.43738,1159.568,1159.568,37197
2009-12-17 00:00:00+00:00,1139.32,1141.51,1094.71,1097.29,39.73956,0.58884,1157.214,1157.214,39721
2009-12-18 00:00:00+00:00,1103.93,1116.4,1096.83,1112.98,44.69322,-1.18149,1155.353,1155.353,31105
2009-12-21 00:00:00+00:00,1114.13,1117.9,1090.0,1091.9,39.94248,-4.23663,1151.834,1151.834,13637
2009-12-22 00:00:00+00:00,1095.9,1097.14,1074.48,1083.4,38.18014,-7.26004,1147.584,1147.584,25528
2009-12-23 00:00:00+00:00,1085.5,1095.67,1079.15,1087.77,39.65431,-9.19747,1142.3625,1142.3625,44002
2009-12-24 00:00:00+00:00,1091.4,1105.67,1090.25,1105.15,45.24654,-9.22415,1138.03,1138.03,36743
2009-12-28 00:00:00+00:00,1108.24,1113.4,1101.2,1108.29,46.21628,-8.88945,1134.5805,1134.5805,36564
2009-12-29 00:00:00+00:00,1105.19,1108.09,1096.3,1097.26,43.31424,-9.4058,1130.4775,1130.4775,48347
2009-12-30 00:00:00+00:00,1094.37,1096.36,1085.99,1093.91,42.44254,-9.97039,1125.408,1125.408,52111
2009-12-31 00:00:00+00:00,1093.22,1106.72,1093.05,1097.51,43.75257,-10.01194,1119.5285,1119.5285,39189
2010-01-04 00:00:00+00:00,1094.61,1124.0,1093.08,1121.05,51.52233,-8.05256,1115.201,1115.201,32157
2010-01-05 00:00:00+00:00,1121.4,1128.85,1115.4,1117.65,50.43859,-6.69689,1113.0425,1113.0425,18068
2010-01-06 00:00:00+00:00,1119.2,1140.65,1117.3,1137.15,56.13717,-4.00288,1112.015,1112.015,20033
2010-01-07 00:00:00+00:00,1136.6,1139.2,1128.6,1131.45,54.17626,-2.30127,1112.1825,1112.1825,19126
2010-01-08 00:00:00+00:00,1127.65,1139.7,1119.8,1138.25,56.14437,-0.39943,1112.685,1112.685,19989
2010-01-11 00:00:00+00:00,1153.6,1161.63,1148.76,1149.55,59.27463,1.99659,1113.6675,1113.6675,61229
2010-01-12 00:00:00+00:00,1148.48,1158.03,1125.43,1128.18,51.75166,2.14634,1114.324,1114.324,75774
2010-01-13 00:00:00+00:00,1130.1,1138.65,1118.82,1137.86,54.56466,3.01139,1114.877,1114.877,78554
2010-01-14 00:00:00+00:00,1138.53,1145.99,1130.94,1141.69,55.66603,3.96035,1115.8065,1115.8065,79324
2010-01-15 00:00:00+00:00,1143.98,1145.63,1126.71,1130.9,51.8526,3.79796,1115.4595,1115.4595,69044
2010-01-18 00:00:00+00:00,1132.54,1137.13,1129.21,1133.2,52.59804,3.81093,1117.255,1117.255,46509
2010-01-19 00:00:00+00:00,1135.52,1140.57,1128.65,1138.11,54.22728,4.16934,1118.5115,1118.5115,73469
2010-01-20 00:00:00+00:00,1138.59,1141.3,1107.03,1111.75,45.23772,2.29984,1119.504,1119.504,81703
2010-01-21 00:00:00+00:00,1115.33,1117.43,1088.45,1093.05,40.15246,-0.68281,1119.9865,1119.9865,84637
2010-01-22 00:00:00+00:00,1094.55,1098.46,1082.15,1092.76,40.07722,-3.035,1120.236,1120.236,86171
2010-01-25 00:00:00+00:00,1094.72,1103.89,1092.73,1102.39,43.84057,-4.07509,1120.098,1120.098,77764
2010-01-26 00:00:00+00:00,1100.73,1103.29,1085.52,1097.9,42.50034,-5.20171,1119.5785,1119.5785,78153
2010-01-27 00:00:00+00:00,1098.76,1102.24,1083.39,1088.27,39.6973,-6.79332,1119.129,1119.129,79684
2010-01-28 00:00:00+00:00,1088.62,1095.96,1074.01,1085.92,39.02096,-8.15036,1118.7295,1118.7295,83977
2010-01-29 00:00:00+00:00,1085.48,1090.04,1074.63,1080.67,37.48448,-9.53948,1117.8875,1117.8875,83963
2010-02-01 00:00:00+00:00,1082.66,1107.47,1076.52,1106.46,48.26195,-8.4618,1117.158,1117.158,78843
2010-02-02 00:00:00+00:00,1103.43,1117.89,1098.85,1114.5,51.09264,-6.87965,1117.0005,1117.0005,84179
2010-02-03 00:00:00+00:00,1115.52,1124.8,1107.09,1110.44,49.61638,-5.88556,1115.665,1115.665,80699
2010-02-04 00:00:00+00:00,1106.31,1110.83,1059.58,1064.35,36.66489,-8.71633,1112.31,1112.31,83208
2010-02-05 00:00:00+00:00,1064.5,1068.61,1044.46,1065.95,37.27699,-10.70721,1108.695,1108.695,93817
2010-02-08 00:00:00+00:00,1065.28,1073.64,1061.65,1062.63,36.48897,-12.40984,1104.349,1104.349,80897
2010-02-09 00:00:00+00:00,1063.29,1082.99,1062.9,1077.91,42.51238,-12.38346,1101.8355,1101.8355,80269
2010-02-10 00:00:00+00:00,1077.5,1082.05,1063.28,1071.77,40.83639,-12.71148,1098.531,1098.531,80239
2010-02-11 00:00:00+00:00,1073.95,1097.64,1072.39,1095.08,49.04876,-10.96413,1096.2005,1096.2005,82373
2010-02-12 00:00:00+00:00,1092.97,1093.21,1077.79,1093.05,48.41844,-9.63211,1094.308,1094.308,79923
2010-02-15 00:00:00+00:00,1096.54,1102.13,1091.45,1100.58,50.93711,-7.87805,1092.677,1092.677,51511
2010-02-16 00:00:00+00:00,1098.88,1120.93,1097.97,1118.94,56.51283,-4.94939,1091.7185,1091.7185,74448
2010-02-17 00:00:00+00:00,1117.85,1126.83,1105.02,1106.55,52.20148,-3.58684,1091.4585,1091.4585,76413
2010-02-18 00:00:00+00:00,1106.94,1123.82,1097.78,1108.55,52.82708,-2.31889,1092.2335,1092.2335,81947
2010-02-19 00:00:00+00:00,1100.23,1126.55,1099.34,1118.99,56.06006,-0.46623,1093.545,1093.545,77698
2010-02-22 00:00:00+00:00,1124.85,1130.75,1109.97,1113.92,54.12024,0.58615,1094.1215,1094.1215,46900
2010-02-23 00:00:00+00:00,1114.87,1120.93,1099.08,1103.0,50.0992,0.53287,1094.3765,1094.3765,50409
2010-02-24 00:00:00+00:00,1105.88,1107.94,1089.65,1097.28,48.08391,0.02876,1094.827,1094.827,46249
2010-02-25 00:00:00+00:00,1100.65,1108.94,1088.1,1106.05,51.31738,0.33308,1095.8335,1095.8335,51033
2010-02-26 00:00:00+00:00,1104.38,1118.7,1104.38,1117.3,55.17422,1.46514,1097.665,1097.665,49010
2010-03-01 00:00:00+00:00,1117.83,1123.28,1112.05,1118.5,55.57848,2.43111,1098.267,1098.267,47972
2010-03-02 00:00:00+00:00,1116.85,1137.37,1114.74,1134.33,60.62345,4.42302,1099.2585,1099.2585,46974
2010-03-03 00:00:00+00:00,1135.61,1144.62,1132.13,1139.58,62.15842,6.35203,1100.7155,1100.7155,48537
2010-03-04 00:00:00+00:00,1139.03,1141.33,1125.72,1131.78,58.50916,7.16875,1104.087,1104.087,47333
2010-03-05 00:00:00+00:00,1131.39,1140.32,1127.35,1134.55,59.4203,7.9479,1107.517,1107.517,42460
2010-03-08 00:00:00+00:00,1134.85,1137.5,1118.55,1123.37,54.24281,7.57592,1110.554,1110.554,30818
2010-03-09 00:00:00+00:00,1122.92,1124.28,1108.45,1121.53,53.41785,7.05137,1112.735,1112.735,33625
2010-03-10 00:00:00+00:00,1122.25,1127.8,1103.47,1108.25,47.77085,5.50067,1114.559,1114.559,35749
2010-03-11 00:00:00+00:00,1109.07,1111.62,1100.45,1109.35,48.25877,4.31079,1115.2725,1115.2725,44718
2010-03-12 00:00:00+00:00,1111.34,1119.1,1098.45,1101.49,45.02227,2.70242,1115.6945,1115.6945,54665
2010-03-15 00:00:00+00:00,1104.22,1109.7,1101.24,1108.75,48.46053,1.99065,1116.103,1116.103,48145
2010-03-16 00:00:00+00:00,1108.88,1128.43,1108.19,1125.7,55.46354,2.76244,1116.441,1116.441,51499
2010-03-17 00:00:00+00:00,1126.7,1132.97,1118.22,1124.45,54.87141,3.23593,1117.336,1117.336,46108
2010-03-18 00:00:00+00:00,1122.47,1129.04,1118.04,1126.13,55.55814,3.70403,1118.215,1118.215,50315
2010-03-19 00:00:00+00:00,1125.98,1126.82,1101.38,1106.64,46.68293,2.47381,1117.5975,1117.5975,50731
2010-03-22 00:00:00+00:00,1105.62,1108.65,1092.41,1101.63,44.70594,1.08212,1116.983,1116.983,38764
2010-03-23 00:00:00+00:00,1105.0,1107.84,1094.39,1104.85,46.28058,0.23629,1117.0755,1117.0755,64495
2010-03-24 00:00:00+00:00,1102.85,1105.02,1085.05,1086.52,39.4018,-1.89131,1116.5375,1116.5375,70723
2010-03-25 00:00:00+00:00,1086.83,1095.65,1086.54,1089.8,41.08915,-3.27503,1115.725,1115.725,70816
2010-03-26 00:00:00+00:00,1091.01,1109.13,1089.16,1107.1,49.13417,-2.94176,1115.215,1115.215,64616
2010-03-29 00:00:00+00:00,1110.18,1114.53,1103.43,1109.61,50.19685,-2.44689,1114.7705,1114.7705,53247
2010-03-30 00:00:00+00:00,1109.95,1113.22,1101.56,1103.33,47.52176,-2.53227,1113.2205,1113.2205,52352
2010-03-31 00:00:00+00:00,1102.81,1117.86,1102.49,1112.89,51.73822,-1.80767,1111.886,1111.886,58087
2010-04-01 00:00:00+00:00,1112.98,1127.69,1111.45,1126.5,57.03127,-0.13368,1111.622,1111.622,62526
2010-04-02 00:00:00+00:00,1125.4,1126.71,1118.6,1122.18,54.97044,0.83477,1111.0035,1111.0035,42126
2010-04-05 00:00:00+00:00,1125.39,1133.15,1122.45,1131.58,58.48569,2.33387,1111.414,1111.414,50932
2010-04-06 00:00:00+00:00,1131.55,1138.43,1122.64,1133.98,59.35806,3.67323,1112.0365,1112.0365,56854
2010-04-07 00:00:00+00:00,1135.78,1152.9,1132.3,1149.04,64.41174,5.8821,1114.076,1114.076,57784
2010-04-08 00:00:00+00:00,1148.86,1153.53,1143.46,1150.24,64.78747,7.64138,1116.1205,1116.1205,56037
2010-04-09 00:00:00+00:00,1150.17,1164.37,1149.31,1161.54,68.19289,9.83409,1119.123,1119.123,53818
2010-04-12 00:00:00+00:00,1167.03,1169.44,1154.09,1156.1,64.93699,11.00599,1121.4905,1121.4905,56078
2010-04-13 00:00:00+00:00,1155.31,1156.9,1145.05,1150.37,61.60074,11.34162,1122.724,1122.724,58005
2010-04-14 00:00:00+00:00,1151.63,1161.65,1150.12,1155.06,63.26437,11.84947,1124.2545,1124.2545,59147
2010-04-15 00:00:00+00:00,1155.29,1161.21,1150.12,1158.79,64.57874,12.40986,1125.8875,1125.8875,51885
2010-04-16 00:00:00+00:00,1159.92,1160.08,1129.89,1137.11,52.76223,10.97804,1127.411,1127.411,63287
2010-04-19 00:00:00+00:00,1134.76,1137.78,1123.78,1135.5,52.00127,9.6027,1129.1045,1129.1045,61199
2010-04-20 00:00:00+00:00,1135.51,1145.79,1133.39,1140.5,54.20999,8.81459,1130.887,1130.887,49152
2010-04-21 00:00:00+00:00,1139.91,1150.23,1137.65,1146.4,56.73968,8.56732,1133.881,1133.881,52880
2010-04-23 00:00:00+00:00,1141.4,1157.56,1134.82,1157.37,61.04852,9.15106,1137.2595,1137.2595,60295
2010-04-26 00:00:00+00:00,1157.77,1159.71,1150.74,1153.37,58.75067,9.18503,1139.573,1139.573,45297
2010-04-27 00:00:00+00:00,1153.36,1172.4,1146.35,1167.57,63.93973,10.23974,1142.471,1142.471,62081
2010-04-28 00:00:00+00:00,1166.31,1174.02,1160.41,1165.45,62.67214,10.78027,1145.577,1145.577,62388
2010-04-29 00:00:00+00:00,1164.83,1170.98,1162.09,1166.6,63.09949,11.17264,1148.2625,1148.2625,54562
2010-04-30 00:00:00+00:00,1169.18,1181.41,1167.65,1178.72,67.34295,12.31958,1150.8735,1150.8735,53743
2010-05-03 00:00:00+00:00,1177.78,1187.44,1176.42,1182.04,68.41446,13.34262,1153.8665,1153.8665,45302
2010-05-04 00:00:00+00:00,1183.43,1191.97,1167.08,1170.85,61.13371,13.09944,1155.83,1155.83,64102
2010-05-05 00:00:00+00:00,1172.29,1176.33,1157.62,1174.71,62.61181,13.06756,1157.8665,1157.8665,70982
2010-05-06 00:00:00+00:00,1176.19,1210.98,1172.39,1208.05,72.38173,15.55327,1160.817,1160.817,77411
2010-05-07 00:00:00+00:00,1204.44,1213.13,1192.88,1207.87,72.27193,17.30915,1163.6985,1163.6985,85810
2010-05-10 00:00:00+00:00,1200.43,1205.49,1184.06,1202.64,68.99677,18.07038,1165.7535,1165.7535,47415
2010-05-11 00:00:00+00:00,1202.64,1234.13,1200.55,1232.33,75.72274,20.82929,1169.565,1169.565,49875
2010-05-12 00:00:00+00:00,1230.1,1248.21,1226.58,1238.64,76.87117,23.25682,1173.9785,1173.9785,73755
2010-05-13 00:00:00+00:00,1238.66,1242.88,1227.31,1232.51,73.24619,24.40469,1177.851,1177.851,62249
2010-05-14 00:00:00+00:00,1234.3,1249.12,1218.07,1232.46,73.21586,25.02192,1181.5345,1181.5345,70417
2010-05-17 00:00:00+00:00,1232.97,1242.06,1219.1,1222.22,67.08919,24.40348,1185.79,1185.79,63849
2010-05-18 00:00:00+00:00,1223.99,1228.72,1206.74,1224.83,67.82815,23.84906,1190.2565,1190.2565,71795
2010-05-19 00:00:00+00:00,1223.82,1227.48,1186.81,1193.46,52.55429,20.64044,1192.9045,1192.9045,85959
2010-05-20 00:00:00+00:00,1193.89,1197.85,1175.01,1182.16,48.33223,16.98993,1194.6925,1194.6925,78158
2010-05-21 00:00:00+00:00,1182.36,1187.34,1166.34,1176.81,46.43037,13.50944,1195.6645,1195.6645,84210
2010-05-24 00:00:00+00:00,1180.82,1196.55,1179.35,1191.38,51.97301,11.79089,1197.565,1197.565,69528
2010-05-25 00:00:00+00:00,1191.15,1204.04,1185.24,1204.02,56.20634,11.31839,1199.3875,1199.3875,77840
2010-05-26 00:00:00+00:00,1202.62,1216.34,1200.85,1211.39,58.50311,11.40714,1201.6845,1201.6845,61009
2010-05-27 00:00:00+00:00,1212.97,1218.26,1205.77,1212.27,58.78109,11.41688,1203.968,1203.968,44438
2010-05-28 00:00:00+00:00,1211.92,1215.19,1202.0,1214.05,59.37389,11.43639,1205.7345,1205.7345,52696
2010-05-31 00:00:00+00:00,1214.05,1217.73,1209.81,1216.0,60.05172,11.47691,1207.4325,1207.4325,28205
2010-06-01 00:00:00+00:00,1216.65,1228.62,1214.57,1225.47,63.2578,12.1333,1210.1635,1210.1635,58959
2010-06-02 00:00:00+00:00,1226.39,1226.91,1213.77,1223.24,61.99603,12.33141,1212.59,1212.59,64400
2010-06-03 00:00:00+00:00,1223.41,1224.54,1201.14,1206.36,53.32536,10.99954,1212.5055,1212.5055,65478
2010-06-04 00:00:00+00:00,1206.89,1219.85,1196.8,1219.58,58.25015,10.88528,1213.091,1213.091,74267
2010-06-07 00:00:00+00:00,1219.81,1244.47,1210.52,1240.05,64.49677,12.30466,1214.9615,1214.9615,69751
2010-06-08 00:00:00+00:00,1240.02,1251.69,1233.31,1236.39,62.69067,12.98451,1215.1645,1215.1645,76679
2010-06-09 00:00:00+00:00,1237.15,1240.73,1221.8,1233.0,60.98716,13.09876,1214.8825,1214.8825,62285
2010-06-10 00:00:00+00:00,1231.16,1233.98,1215.24,1216.28,53.29498,11.70521,1214.071,1214.071,70455
2010-06-11 00:00:00+00:00,1218.25,1230.44,1216.42,1226.25,56.79439,11.27533,1213.7605,1213.7605,64390
2010-06-14 00:00:00+00:00,1230.32,1233.95,1216.54,1221.0,54.47959,10.39123,1213.6995,1213.6995,29204
2010-06-15 00:00:00+00:00,1220.63,1236.7,1219.66,1233.93,58.92037,10.6116,1214.1545,1214.1545,29875
2010-06-16 00:00:00+00:00,1233.55,1237.59,1226.82,1228.85,56.58475,10.25808,1215.924,1215.924,27520
2010-06-17 00:00:00+00:00,1229.98,1250.88,1229.48,1244.81,61.71896,11.13737,1219.0565,1219.0565,27159
2010-06-18 00:00:00+00:00,1244.52,1262.08,1241.68,1256.58,65.00565,12.63826,1223.045,1223.045,23876
2010-06-21 00:00:00+00:00,1259.55,1265.02,1230.55,1233.45,55.01022,11.82502,1225.1485,1225.1485,29853
2010-06-22 00:00:00+00:00,1234.45,1242.59,1231.97,1239.68,56.93114,11.55009,1226.9315,1226.9315,28851
2010-06-23 00:00:00+00:00,1240.22,1246.14,1224.56,1236.99,55.82284,10.98848,1228.2115,1228.2115,21494
2010-06-24 00:00:00+00:00,1237.6,1248.07,1227.93,1243.1,57.8309,10.91065,1229.753,1229.753,27534
2010-06-25 00:00:00+00:00,1242.07,1258.18,1241.39,1255.45,61.62761,11.71052,1231.823,1231.823,24048
2010-06-28 00:00:00+00:00,1254.3,1262.5,1235.45,1238.65,54.44623,10.86358,1232.9555,1232.9555,29146
2010-06-29 00:00:00+00:00,1239.55,1244.9,1227.18,1240.3,55.00085,10.20784,1233.697,1233.697,31290
2010-06-30 00:00:00+00:00,1241.2,1247.25,1234.64,1242.13,55.64585,9.72374,1234.6415,1234.6415,29140
2010-07-01 00:00:00+00:00,1242.53,1243.73,1196.35,1198.4,40.6511,5.74521,1234.2435,1234.2435,37941
2010-07-02 00:00:00+00:00,1201.8,1213.17,1200.46,1211.33,45.34108,3.59411,1233.831,1233.831,34807
2010-07-05 00:00:00+00:00,1210.93,1214.28,1205.7,1208.6,44.54076,1.65004,1232.2585,1232.2585,15358
2010-07-06 00:00:00+00:00,1206.5,1213.42,1189.28,1192.3,40.00081,-1.19218,1230.054,1230.054,31710
2010-07-07 00:00:00+00:00,1193.6,1203.78,1184.78,1202.48,43.85016,-2.59332,1228.528,1228.528,29398
2010-07-08 00:00:00+00:00,1203.1,1207.65,1187.38,1197.91,42.53099,-4.02609,1227.6095,1227.6095,26980
2010-07-09 00:00:00+00:00,1196.85,1213.53,1194.3,1211.54,47.5947,-4.01545,1226.874,1226.874,23852
2010-07-12 00:00:00+00:00,1211.08,1212.25,1196.26,1196.55,43.09716,-5.15714,1225.6515,1225.6515,25095
2010-07-13 00:00:00+00:00,1196.75,1217.75,1196.75,1212.03,48.50851,-4.75799,1224.5565,1224.5565,22873
2010-07-14 00:00:00+00:00,1211.84,1217.73,1202.45,1208.16,47.29754,-4.69976,1223.522,1223.522,24643
2010-07-15 00:00:00+00:00,1208.77,1217.07,1203.82,1208.03,47.25486,-4.61094,1221.683,1221.683,29452
2010-07-16 00:00:00+00:00,1208.35,1210.62,1186.0,1192.68,42.39116,-5.71332,1218.488,1218.488,29116
2010-07-19 00:00:00+00:00,1192.55,1194.78,1177.6,1182.64,39.52561,-7.3128,1215.9475,1215.9475,28079
2010-07-20 00:00:00+00:00,1184.01,1193.63,1175.66,1191.85,43.31126,-7.74792,1213.556,1213.556,29939
2010-07-21 00:00:00+00:00,1190.7,1197.8,1183.29,1184.78,41.18017,-8.56452,1210.9455,1210.9455,29659
2010-07-22 00:00:00+00:00,1184.6,1200.46,1180.97,1194.64,45.22782,-8.32015,1208.5225,1208.5225,26994
2010-07-23 00:00:00+00:00,1196.2,1203.75,1183.82,1188.82,43.33233,-8.49815,1205.191,1205.191,29475
2010-07-26 00:00:00+00:00,1189.2,1194.53,1179.6,1183.3,41.55354,-8.98111,1202.4235,1202.4235,25293
2010-07-27 00:00:00+00:00,1184.17,1186.98,1157.88,1161.3,35.32893,-11.01213,1198.4735,1198.4735,23420
2010-07-28 00:00:00+00:00,1161.35,1165.88,1157.0,1163.0,36.12517,-12.34228,1194.517,1194.517,21894
2010-07-29 00:00:00+00:00,1163.45,1169.2,1159.37,1167.8,38.43021,-12.86086,1192.987,1192.987,22791
2010-07-30 00:00:00+00:00,1166.13,1183.28,1165.56,1180.55,44.19131,-12.1035,1191.448,1191.448,25051
2010-08-02 00:00:00+00:00,1181.13,1189.64,1174.53,1182.48,45.0298,-11.21823,1190.142,1190.142,24847
2010-08-03 00:00:00+00:00,1180.95,1190.43,1179.4,1185.88,46.55323,-10.12558,1189.821,1189.821,22571
2010-08-04 00:00:00+00:00,1187.68,1202.75,1187.68,1194.52,50.32102,-8.46489,1189.423,1189.423,25927
2010-08-05 00:00:00+00:00,1195.35,1199.6,1189.83,1194.67,50.38641,-7.05535,1189.261,1189.261,22501
2010-08-06 00:00:00+00:00,1194.95,1210.74,1192.29,1204.98,54.79126,-5.04816,1188.933,1188.933,22910
2010-08-09 00:00:00+00:00,1205.3,1209.65,1198.98,1201.02,52.85038,-3.73394,1189.1565,1189.1565,18510
2010-08-10 00:00:00+00:00,1201.19,1207.23,1190.58,1203.98,54.15756,-2.4256,1188.754,1188.754,24740
2010-08-11 00:00:00+00:00,1203.25,1207.75,1192.26,1197.85,51.0039,-1.86191,1188.2385,1188.2385,27963
2010-08-12 00:00:00+00:00,1199.95,1215.23,1197.68,1213.63,57.81403,-0.14025,1188.5185,1188.5185,25196
2010-08-13 00:00:00+00:00,1213.98,1217.38,1210.7,1215.2,58.43307,1.33547,1189.6445,1189.6445,23466
2010-08-16 00:00:00+00:00,1214.7,1227.23,1214.05,1224.93,62.1409,3.25262,1191.759,1191.759,19965
2010-08-17 00:00:00+00:00,1224.6,1228.79,1222.38,1224.53,61.89646,4.68569,1193.393,1193.393,20312
2010-08-18 00:00:00+00:00,1224.15,1232.3,1217.69,1229.13,63.66649,6.12201,1195.6105,1195.6105,21310
2010-08-19 00:00:00+00:00,1230.63,1237.25,1227.7,1231.71,64.65813,7.38339,1197.464,1197.464,22100
2010-08-20 00:00:00+00:00,1231.1,1232.75,1221.98,1227.58,61.75266,7.95804,1199.402,1199.402,23428
2010-08-23 00:00:00+00:00,1227.55,1231.79,1221.73,1225.83,60.51185,8.17798,1201.5285,1201.5285,21239
2010-08-24 00:00:00+00:00,1224.98,1235.29,1210.71,1230.28,62.57135,8.61208,1204.9775,1204.9775,26606
2010-08-25 00:00:00+00:00,1230.94,1241.28,1228.98,1239.8,66.5863,9.61348,1208.8175,1208.8175,26065
2010-08-26 00:00:00+00:00,1239.28,1243.94,1233.98,1237.28,64.61057,10.08747,1212.2915,1212.2915,23901
2010-08-27 00:00:00+00:00,1234.18,1242.1,1231.98,1237.8,64.84239,10.38536,1215.154,1215.154,25609
2010-08-30 00:00:00+00:00,1237.2,1238.23,1233.3,1236.69,63.88044,10.41184,1217.8645,1217.8645,17248
2010-08-31 00:00:00+00:00,1237.1,1249.7,1231.79,1247.2,68.62635,11.15234,1220.9305,1220.9305,25708
2010-09-01 00:00:00+00:00,1247.4,1254.48,1242.41,1243.9,65.70701,11.34217,1223.3995,1223.3995,24674
2010-09-02 00:00:00+00:00,1243.8,1252.95,1243.25,1250.71,68.66901,11.90489,1226.2015,1226.2015,24912
2010-09-03 00:00:00+00:00,1250.6,1253.6,1237.7,1246.34,64.80106,11.86149,1228.2695,1228.2695,24281
2010-09-06 00:00:00+00:00,1248.15,1250.9,1246.75,1249.7,66.3696,11.96035,1230.7035,1230.7035,9612
2010-09-07 00:00:00+00:00,1250.45,1259.43,1244.58,1255.43,68.9137,12.3586,1233.276,1233.276,22090
2010-09-08 00:00:00+00:00,1255.5,1262.05,1253.49,1254.8,68.3019,12.47952,1236.1235,1236.1235,22596
2010-09-09 00:00:00+00:00,1255.4,1258.68,1242.28,1243.4,58.22833,11.52264,1237.612,1237.612,23452
2010-09-10 00:00:00+00:00,1244.7,1250.35,1236.5,1245.75,59.55264,10.8291,1239.1395,1239.1395,18642
2010-09-13 00:00:00+00:00,1244.93,1248.83,1241.01,1245.35,59.20855,10.13041,1240.1605,1240.1605,22307
2010-09-14 00:00:00+00:00,1246.49,1274.58,1246.49,1267.94,69.81553,11.26961,1242.331,1242.331,27320
2010-09-15 00:00:00+00:00,1268.95,1271.75,1263.13,1267.75,69.65148,12.01856,1244.262,1244.262,25596
2010-09-16 00:00:00+00:00,1267.08,1277.57,1264.65,1274.93,72.3003,13.04115,1246.423,1246.423,26329
2010-09-17 00:00:00+00:00,1274.93,1282.58,1271.79,1273.93,71.36604,13.61393,1248.7405,1248.7405,24158
2010-09-20 00:00:00+00:00,1276.9,1283.48,1274.18,1277.93,72.87587,14.22663,1251.3455,1251.3455,24498
2010-09-21 00:00:00+00:00,1277.88,1290.63,1270.93,1286.97,75.96089,15.26568,1254.18,1254.18,29941
2010-09-22 00:00:00+00:00,1287.72,1295.88,1286.37,1291.09,77.23188,16.23445,1256.7445,1256.7445,54366
2010-09-23 00:00:00+00:00,1289.45,1295.78,1286.76,1292.13,77.55449,16.8914,1259.487,1259.487,62560
2010-09-24 00:00:00+00:00,1294.4,1299.66,1291.45,1296.18,78.81346,17.5367,1262.406,1262.406,65533
2010-09-27 00:00:00+00:00,1295.61,1299.77,1293.92,1294.12,76.46415,17.67809,1265.2775,1265.2775,52301
2010-09-28 00:00:00+00:00,1294.77,1309.84,1282.75,1308.7,80.82155,18.75049,1268.3525,1268.3525,71568
2010-09-29 00:00:00+00:00,1309.45,1313.15,1305.55,1309.48,81.02396,19.43922,1271.6315,1271.6315,60587
2010-09-30 00:00:00+00:00,1307.69,1315.59,1295.98,1307.94,79.24569,19.63445,1274.493,1274.493,34242
2010-10-01 00:00:00+00:00,1307.35,1320.44,1306.72,1318.72,82.19202,20.4236,1278.112,1278.112,58947
2010-10-04 00:00:00+00:00,1319.82,1319.91,1312.27,1314.95,78.02055,20.50839,1281.3745,1281.3745,54642
2010-10-05 00:00:00+00:00,1312.78,1341.4,1312.55,1340.36,83.93773,22.36811,1285.621,1285.621,65694
2010-10-06 00:00:00+00:00,1340.35,1349.6,1338.75,1348.63,85.32267,24.22997,1290.3125,1290.3125,74317
2010-10-08 00:00:00+00:00,1335.28,1349.49,1324.97,1347.21,83.98365,25.29929,1295.503,1295.503,78526
2010-10-11 00:00:00+00:00,1353.13,1355.12,1340.13,1353.77,85.14359,26.37207,1300.904,1300.904,65477
2010-10-12 00:00:00+00:00,1353.93,1353.98,1340.53,1350.15,81.63031,26.62325,1306.144,1306.144,75940
2010-10-13 00:00:00+00:00,1352.06,1373.94,1350.5,1371.87,85.49711,28.2493,1311.3405,1311.3405,73734
2010-10-14 00:00:00+00:00,1372.24,1387.03,1370.69,1380.83,86.73737,29.9161,1316.9945,1316.9945,85124
2010-10-15 00:00:00+00:00,1380.13,1385.11,1362.41,1368.17,76.75009,29.87116,1321.6565,1321.6565,76917
2010-10-18 00:00:00+00:00,1367.83,1374.76,1352.73,1368.2,76.75692,29.49793,1326.37,1326.37,75658
2010-10-19 00:00:00+00:00,1370.25,1370.82,1328.27,1331.68,55.41594,25.95607,1329.0575,1329.0575,80782
2010-10-20 00:00:00+00:00,1333.18,1346.92,1330.4,1345.93,60.07992,24.02207,1332.0055,1332.0055,80485
2010-10-21 00:00:00+00:00,1347.55,1349.02,1317.8,1325.39,51.68674,20.59456,1333.7205,1333.7205,84532
2010-10-22 00:00:00+00:00,1323.56,1328.33,1315.14,1328.18,52.65428,17.89705,1335.523,1335.523,70435
2010-10-25 00:00:00+00:00,1331.66,1349.03,1331.43,1339.65,56.51022,16.49465,1337.6965,1337.6965,60169
2010-10-26 00:00:00+00:00,1339.2,1343.5,1327.9,1339.3,56.35939,15.18001,1339.9555,1339.9555,28987
2010-10-27 00:00:00+00:00,1342.95,1343.4,1318.8,1324.72,50.33239,12.81395,1340.7565,1340.7565,39268
2010-10-28 00:00:00+00:00,1324.9,1345.4,1322.76,1343.73,56.81665,12.33064,1342.469,1342.469,31427
2010-10-29 00:00:00+00:00,1341.3,1359.3,1334.99,1359.0,61.19868,13.02958,1345.022,1345.022,27929
2010-11-01 00:00:00+00:00,1361.2,1365.3,1348.9,1352.65,58.53845,12.92214,1346.7185,1346.7185,26032
2010-11-02 00:00:00+00:00,1354.1,1359.6,1350.2,1356.3,59.62486,12.98188,1348.786,1348.786,24606
2010-11-03 00:00:00+00:00,1354.65,1364.3,1325.55,1347.95,56.0092,12.21464,1349.1655,1349.1655,38163
2010-11-04 00:00:00+00:00,1348.73,1393.45,1347.55,1391.2,67.12824,14.92447,1351.294,1351.294,32932
2010-11-05 00:00:00+00:00,1387.13,1397.95,1373.65,1393.25,67.54695,17.04101,1353.596,1353.596,29097
2010-11-08 00:00:00+00:00,1397.7,1410.3,1386.8,1409.25,70.68546,19.78142,1356.37,1356.37,34067
2010-11-09 00:00:00+00:00,1405.7,1424.3,1382.6,1392.37,63.68767,20.35649,1358.481,1358.481,38391
2010-11-10 00:00:00+00:00,1396.5,1410.0,1383.9,1402.9,65.95212,21.41505,1360.0325,1360.0325,36179
2010-11-11 00:00:00+00:00,1400.8,1413.1,1399.8,1412.0,67.81976,22.72629,1361.591,1361.591,11688
2010-11-15 00:00:00+00:00,1373.08,1376.6,1355.55,1360.3,50.77802,19.37041,1361.1975,1361.1975,43633
2010-11-16 00:00:00+00:00,1356.6,1364.4,1329.5,1337.65,45.39608,14.71358,1359.67,1359.67,43881
2010-11-17 00:00:00+00:00,1339.33,1344.55,1330.8,1335.6,44.9319,10.73385,1359.866,1359.866,41681
2010-11-18 00:00:00+00:00,1340.75,1359.1,1340.6,1353.75,49.82377,8.94137,1360.257,1360.257,35445
2010-11-19 00:00:00+00:00,1361.25,1362.0,1341.45,1353.15,49.6667,7.38725,1361.645,1361.645,39984
2010-11-22 00:00:00+00:00,1358.3,1367.75,1348.35,1365.97,53.07098,7.10813,1363.5345,1363.5345,35509
2010-11-23 00:00:00+00:00,1364.2,1382.18,1356.1,1375.0,55.36115,7.52878,1365.302,1365.302,36611
2010-11-24 00:00:00+00:00,1372.4,1381.2,1369.15,1372.35,54.52029,7.56115,1366.9545,1366.9545,30193
2010-11-25 00:00:00+00:00,1373.33,1374.9,1367.48,1374.6,55.14326,7.67984,1369.4485,1369.4485,20202
2010-11-26 00:00:00+00:00,1373.7,1374.25,1350.7,1363.1,51.27713,6.76793,1370.417,1370.417,24766
2010-11-29 00:00:00+00:00,1358.15,1369.18,1353.2,1366.65,52.38688,6.25953,1370.7995,1370.7995,26360
2010-11-30 00:00:00+00:00,1365.3,1389.7,1362.73,1386.4,58.10414,7.36538,1372.487,1372.487,29048
2010-12-01 00:00:00+00:00,1383.2,1396.7,1381.8,1386.6,58.15893,8.1638,1374.002,1374.002,30257
2010-12-02 00:00:00+00:00,1387.2,1398.2,1382.75,1384.65,57.37112,8.54076,1375.837,1375.837,35132
2010-12-03 00:00:00+00:00,1386.9,1415.45,1385.4,1413.4,64.91674,11.03221,1376.947,1376.947,30680
2010-12-06 00:00:00+00:00,1410.17,1427.2,1408.7,1422.75,66.96472,13.60435,1378.422,1378.422,30129
2010-12-07 00:00:00+00:00,1422.9,1430.88,1395.88,1400.9,58.38707,13.7215,1378.0045,1378.0045,34568
2010-12-08 00:00:00+00:00,1402.65,1403.23,1371.38,1381.0,51.87037,12.06945,1377.436,1377.436,44176
2010-12-09 00:00:00+00:00,1382.6,1394.15,1380.6,1387.15,53.59418,11.12817,1376.6485,1376.6485,35219
2010-12-10 00:00:00+00:00,1387.07,1392.0,1372.0,1385.7,53.11119,10.14821,1375.3335,1375.3335,32632
2010-12-14 00:00:00+00:00,1403.5,1407.8,1391.7,1395.4,55.96985,10.03857,1377.0885,1377.0885,23434
2010-12-15 00:00:00+00:00,1394.8,1396.9,1377.6,1380.6,50.87349,8.65765,1379.236,1379.236,29390
2010-12-16 00:00:00+00:00,1380.25,1386.2,1361.19,1370.95,47.81624,6.70727,1381.0035,1381.0035,30166
2010-12-17 00:00:00+00:00,1369.0,1378.63,1364.63,1374.85,49.14634,5.41386,1382.0585,1382.0585,29117
2010-12-20 00:00:00+00:00,1382.61,1387.95,1375.92,1385.01,52.54016,5.1493,1383.6515,1383.6515,60634
2010-12-21 00:00:00+00:00,1384.05,1391.84,1380.9,1385.28,52.63063,4.90488,1384.617,1384.617,62987
2010-12-22 00:00:00+00:00,1389.13,1390.83,1382.96,1385.15,52.57866,4.64712,1385.1245,1385.1245,58858
2010-12-23 00:00:00+00:00,1386.86,1388.23,1372.18,1379.65,50.31491,3.95346,1385.4895,1385.4895,60628
2010-12-24 00:00:00+00:00,1380.91,1384.6,1378.03,1383.0,51.67955,3.63218,1385.9095,1385.9095,1967
2010-12-27 00:00:00+00:00,1376.82,1384.6,1376.32,1383.29,51.80296,3.3622,1386.919,1386.919,60265
2010-12-28 00:00:00+00:00,1385.1,1406.18,1384.52,1405.3,60.12651,4.86815,1388.8515,1388.8515,38529
2010-12-29 00:00:00+00:00,1402.4,1413.63,1400.9,1411.25,62.03526,6.46719,1390.094,1390.094,31003
2010-12-30 00:00:00+00:00,1410.72,1414.48,1402.75,1404.37,58.54535,7.09747,1390.9825,1390.9825,30332
2010-12-31 00:00:00+00:00,1406.0,1409.0,1405.4,1408.13,59.87393,7.81034,1392.1565,1392.1565,3972
2011-01-03 00:00:00+00:00,1415.71,1423.77,1412.9,1414.54,62.10372,8.79119,1392.2135,1392.2135,35547
2011-01-04 00:00:00+00:00,1415.88,1417.04,1374.8,1380.3,47.06012,6.72808,1390.091,1390.091,45266
2011-01-05 00:00:00+00:00,1384.36,1384.58,1363.9,1377.98,46.24276,4.84994,1388.945,1388.945,50511
2011-01-06 00:00:00+00:00,1374.82,1379.64,1364.72,1371.31,43.88292,2.79111,1388.4605,1388.4605,45803
2011-01-07 00:00:00+00:00,1370.23,1378.46,1352.79,1368.78,42.98683,0.94443,1387.542,1387.542,49262
2011-01-10 00:00:00+00:00,1369.34,1375.9,1365.58,1375.19,45.99573,-0.00181,1387.0165,1387.0165,41563
2011-01-11 00:00:00+00:00,1375.11,1386.5,1373.18,1381.22,48.73657,-0.26213,1386.3075,1386.3075,43849
2011-01-12 00:00:00+00:00,1382.98,1388.61,1376.73,1387.52,51.50577,0.03947,1386.6535,1386.6535,43495
2011-01-13 00:00:00+00:00,1386.01,1393.0,1369.53,1373.27,45.5165,-0.86143,1386.7695,1386.7695,61125
2011-01-14 00:00:00+00:00,1374.86,1377.91,1354.95,1361.78,41.34204,-2.47404,1386.116,1386.116,84605
2011-01-17 00:00:00+00:00,1363.49,1365.62,1357.12,1362.24,41.57307,-3.67258,1384.9775,1384.9775,57256
2011-01-18 00:00:00+00:00,1361.77,1376.04,1361.33,1367.91,44.47596,-4.11745,1384.109,1384.109,83108
2011-01-19 00:00:00+00:00,1368.27,1378.77,1367.1,1369.68,45.38814,-4.27788,1383.3355,1383.3355,85403
2011-01-20 00:00:00+00:00,1369.62,1370.9,1343.32,1345.88,36.66555,-6.25339,1381.647,1381.647,93850
2011-01-21 00:00:00+00:00,1348.61,1350.06,1337.61,1342.35,35.57358,-8.01149,1379.6145,1379.6145,91479
2011-01-24 00:00:00+00:00,1345.82,1353.08,1332.58,1334.02,33.07063,-9.96212,1377.151,1377.151,78134
2011-01-25 00:00:00+00:00,1337.65,1338.32,1322.63,1331.98,32.46814,-11.5396,1373.485,1373.485,89964
2011-01-26 00:00:00+00:00,1331.85,1346.49,1324.94,1345.44,40.20829,-11.57028,1370.1945,1370.1945,79421
2011-01-27 00:00:00+00:00,1344.52,1347.8,1310.15,1313.45,31.08835,-14.01437,1365.6485,1365.6485,65449
2011-01-28 00:00:00+00:00,1314.08,1346.87,1307.88,1336.31,41.32938,-13.94596,1362.0575,1362.0575,87339
2011-01-31 00:00:00+00:00,1344.47,1344.8,1322.96,1332.4,40.22818,-14.04534,1357.9505,1357.9505,93965
2011-02-01 00:00:00+00:00,1332.31,1342.74,1325.25,1340.96,43.76105,-13.28029,1355.9835,1355.9835,94821
2011-02-02 00:00:00+00:00,1341.46,1342.76,1326.64,1334.82,41.85028,-13.01935,1353.8255,1353.8255,88458
2011-02-03 00:00:00+00:00,1333.23,1355.63,1324.82,1353.95,49.28087,-11.14051,1352.9575,1352.9575,91206
2011-02-04 00:00:00+00:00,1352.9,1357.87,1345.02,1348.65,47.47099,-9.96431,1351.951,1351.951,84660
2011-02-07 00:00:00+00:00,1346.52,1352.96,1344.99,1350.9,48.33841,-8.74975,1350.7365,1350.7365,74814
2011-02-08 00:00:00+00:00,1350.54,1367.71,1348.25,1363.52,53.02405,-6.69173,1349.8515,1349.8515,82309
2011-02-09 00:00:00+00:00,1361.82,1366.92,1358.02,1363.31,52.93801,-5.01982,1348.641,1348.641,83779
2011-02-10 00:00:00+00:00,1363.39,1365.75,1351.03,1363.44,52.98886,-3.64234,1348.1495,1348.1495,80774
2011-02-11 00:00:00+00:00,1363.51,1368.0,1353.96,1356.63,49.94411,-3.06486,1347.892,1347.892,76985
2011-02-14 00:00:00+00:00,1354.1,1366.49,1354.1,1361.48,52.05698,-2.19059,1347.854,1347.854,35646
2011-02-15 00:00:00+00:00,1361.18,1376.3,1361.18,1373.45,56.89313,-0.52579,1348.131,1348.131,31833
2011-02-16 00:00:00+00:00,1372.1,1381.66,1368.05,1374.1,57.14593,0.83638,1348.352,1348.352,37279
2011-02-17 00:00:00+00:00,1374.92,1384.74,1374.1,1383.67,60.79167,2.6575,1350.2415,1350.2415,59137
2011-02-18 00:00:00+00:00,1383.83,1391.65,1381.68,1389.79,62.96172,4.54222,1352.6135,1352.6135,43367
2011-02-21 00:00:00+00:00,1391.4,1408.26,1390.63,1405.83,67.96598,7.24664,1356.204,1356.204,46726
2011-02-22 00:00:00+00:00,1408.72,1410.78,1392.64,1398.78,63.88064,8.72051,1359.544,1359.544,94483
2011-02-23 00:00:00+00:00,1398.75,1416.46,1395.41,1411.3,67.60471,10.77461,1362.837,1362.837,83475
2011-02-24 00:00:00+00:00,1413.26,1417.94,1392.39,1402.47,62.69505,11.55678,1367.288,1367.288,93655
2011-02-25 00:00:00+00:00,1402.99,1411.27,1399.66,1410.15,65.07104,12.65054,1370.98,1370.98,83188
2011-02-28 00:00:00+00:00,1413.85,1416.23,1404.67,1411.12,65.37104,13.44069,1374.916,1374.916,87312
2011-03-01 00:00:00+00:00,1410.87,1434.63,1409.1,1433.0,71.34872,15.65199,1379.518,1379.518,87012
2011-03-02 00:00:00+00:00,1432.17,1440.01,1427.48,1434.1,71.61401,17.29387,1384.482,1384.482,86396
2011-03-03 00:00:00+00:00,1432.74,1436.07,1410.07,1415.7,61.37648,16.91536,1387.5695,1387.5695,93874
2011-03-04 00:00:00+00:00,1414.85,1431.82,1414.59,1430.64,65.66803,17.61783,1391.669,1391.669,85960
2011-03-07 00:00:00+00:00,1434.65,1444.48,1428.03,1431.71,65.95975,18.05278,1395.7095,1395.7095,94758
2011-03-08 00:00:00+00:00,1430.9,1436.55,1423.16,1428.67,64.28835,17.94532,1398.967,1398.967,91083
2011-03-09 00:00:00+00:00,1428.14,1436.01,1422.92,1430.64,64.9089,17.81377,1402.3335,1402.3335,80707
2011-03-10 00:00:00+00:00,1429.1,1431.34,1402.87,1411.45,54.90107,15.97688,1404.734,1404.734,89163
2011-03-11 00:00:00+00:00,1412.49,1423.9,1404.65,1417.2,57.0385,14.81433,1407.7625,1407.7625,92352
2011-03-14 00:00:00+00:00,1425.68,1430.23,1418.6,1423.88,59.44332,14.26755,1410.8825,1410.8825,89425
2011-03-15 00:00:00+00:00,1425.73,1425.93,1380.88,1399.83,48.84282,11.75806,1412.2015,1412.2015,112299
2011-03-16 00:00:00+00:00,1393.2,1405.75,1392.2,1399.39,48.67181,9.62283,1413.466,1413.466,100623
2011-03-17 00:00:00+00:00,1387.71,1404.87,1387.67,1402.1,49.83676,8.05646,1414.3875,1414.3875,99241
2011-03-18 00:00:00+00:00,1409.27,1423.59,1405.71,1418.16,56.18352,8.01857,1415.806,1415.806,37390
2011-03-21 00:00:00+00:00,1424.28,1434.65,1423.61,1426.75,59.15988,8.58275,1416.852,1416.852,13797
2011-03-22 00:00:00+00:00,1427.35,1431.93,1419.32,1428.31,59.69533,9.0514,1418.3285,1418.3285,17610
2011-03-23 00:00:00+00:00,1426.96,1440.75,1425.51,1437.75,62.86792,10.06848,1419.651,1419.651,13991
2011-03-24 00:00:00+00:00,1437.65,1447.4,1423.8,1430.75,59.14981,10.19219,1421.065,1421.065,15512
2011-03-25 00:00:00+00:00,1432.5,1437.7,1422.35,1429.32,58.39008,10.05889,1422.0235,1422.0235,15086
2011-03-28 00:00:00+00:00,1424.9,1427.95,1410.08,1419.92,53.52351,9.08996,1422.4635,1422.4635,19707
2011-03-29 00:00:00+00:00,1420.42,1423.0,1410.95,1418.15,52.63394,8.08605,1421.721,1421.721,18171
2011-03-30 00:00:00+00:00,1416.78,1429.8,1411.8,1422.6,54.6736,7.56234,1421.146,1421.146,18457
2011-03-31 00:00:00+00:00,1423.2,1439.3,1420.25,1431.9,58.67836,7.80773,1421.956,1421.956,17917
2011-04-01 00:00:00+00:00,1432.48,1435.83,1412.74,1428.35,56.62181,7.62782,1421.8415,1421.8415,17713
2011-04-04 00:00:00+00:00,1428.45,1438.53,1427.6,1433.65,58.93577,7.82272,1421.9385,1421.9385,14162
2011-04-05 00:00:00+00:00,1435.55,1456.95,1429.75,1455.6,66.82801,9.63728,1423.285,1423.285,18763
2011-04-06 00:00:00+00:00,1454.43,1462.0,1451.2,1459.35,67.96092,11.24826,1424.7205,1424.7205,19191
2011-04-07 00:00:00+00:00,1459.15,1464.7,1452.4,1457.8,66.94323,12.25859,1427.038,1427.038,14932
2011-04-08 00:00:00+00:00,1457.85,1474.83,1456.25,1474.53,71.84414,14.24505,1429.9045,1429.9045,14841
2011-04-11 00:00:00+00:00,1475.2,1476.2,1459.25,1462.9,64.66676,14.7113,1431.8555,1431.8555,16904
2011-04-12 00:00:00+00:00,1462.5,1467.2,1445.63,1452.6,59.04113,14.0873,1434.494,1434.494,20122
2011-04-13 00:00:00+00:00,1452.35,1462.1,1451.1,1456.97,60.60694,13.78647,1437.373,1437.373,22590
2011-04-14 00:00:00+00:00,1456.18,1474.55,1452.3,1473.75,65.98426,14.73225,1440.9555,1440.9555,23550
2011-04-15 00:00:00+00:00,1476.85,1487.85,1471.34,1486.35,69.36581,16.31048,1444.365,1444.365,18501
2011-04-18 00:00:00+00:00,1485.3,1497.4,1477.3,1495.0,71.46316,18.05114,1447.7775,1447.7775,15083
2011-04-19 00:00:00+00:00,1495.9,1498.95,1489.4,1496.65,71.85895,19.34082,1451.1945,1451.1945,2327
2011-04-20 00:00:00+00:00,1499.55,1505.65,1495.83,1502.1,73.182,20.5656,1454.412,1454.412,2330
2011-04-21 00:00:00+00:00,1507.6,1507.95,1501.95,1504.95,73.87374,21.51817,1458.122,1458.122,905
2011-04-25 00:00:00+00:00,1516.23,1517.98,1503.18,1508.43,74.73084,22.29687,1462.0775,1462.0775,1242
2011-04-26 00:00:00+00:00,1499.5,1506.1,1493.15,1505.9,72.85945,22.45105,1466.3765,1466.3765,9995
2011-04-27 00:00:00+00:00,1506.25,1530.0,1502.8,1526.65,77.77515,23.97126,1471.8015,1471.8015,18203
2011-04-28 00:00:00+00:00,1528.3,1538.2,1523.78,1535.75,79.52648,25.61505,1477.459,1477.459,17125
2011-04-29 00:00:00+00:00,1535.13,1569.0,1531.5,1563.3,83.71132,28.80874,1484.029,1484.029,15431
2011-05-02 00:00:00+00:00,1547.25,1575.13,1538.85,1545.05,73.0581,29.52677,1489.864,1489.864,19236
2011-05-03 00:00:00+00:00,1538.93,1550.85,1527.0,1535.55,68.1931,28.99501,1494.959,1494.959,29298
2011-05-04 00:00:00+00:00,1535.72,1542.95,1505.9,1515.82,59.35321,26.67406,1497.97,1497.97,32536
2011-05-05 00:00:00+00:00,1517.5,1521.8,1462.35,1473.9,45.7757,21.20762,1498.6975,1498.6975,42383
2011-05-06 00:00:00+00:00,1473.62,1498.1,1470.9,1495.0,51.75774,18.36631,1500.5575,1500.5575,39330
2011-05-09 00:00:00+00:00,1494.25,1513.7,1489.8,1512.85,56.1636,17.35484,1502.4735,1502.4735,31069
2011-05-11 00:00:00+00:00,1515.9,1526.37,1495.6,1501.45,52.84426,15.4552,1504.401,1504.401,30165
2011-05-12 00:00:00+00:00,1499.93,1507.75,1478.08,1506.3,54.08749,14.17765,1507.086,1507.086,28782
2011-05-13 00:00:00+00:00,1506.2,1516.3,1482.7,1494.6,50.62036,12.08182,1508.9675,1508.9675,27193
2011-05-16 00:00:00+00:00,1490.5,1504.26,1487.1,1489.6,49.16979,9.90323,1509.76,1509.76,19289
2011-05-17 00:00:00+00:00,1490.5,1497.5,1471.68,1485.2,47.86979,7.73251,1509.7025,1509.7025,21091
2011-05-18 00:00:00+00:00,1487.15,1499.6,1484.75,1496.15,51.31923,6.81719,1509.76,1509.76,19117
2011-05-19 00:00:00+00:00,1496.93,1499.5,1486.15,1493.4,50.41695,5.803,1509.5975,1509.5975,22276
2011-05-20 00:00:00+00:00,1494.8,1515.65,1486.78,1512.85,56.27271,6.49384,1510.135,1510.135,30150
2011-05-23 00:00:00+00:00,1512.15,1518.75,1503.8,1516.15,57.19636,7.22434,1510.695,1510.695,31318
2011-05-24 00:00:00+00:00,1517.15,1527.5,1513.05,1525.86,59.88165,8.48892,1511.5665,1511.5665,28900
2011-05-25 00:00:00+00:00,1525.89,1532.1,1520.95,1524.75,59.42271,9.29441,1512.509,1512.509,25569
2011-05-26 00:00:00+00:00,1526.25,1530.8,1514.5,1519.15,57.04729,9.37285,1512.134,1512.134,23919
2011-05-27 00:00:00+00:00,1519.55,1538.15,1519.45,1535.96,61.96273,10.66846,1512.1445,1512.1445,13240
2011-05-30 00:00:00+00:00,1535.95,1539.0,1534.05,1537.95,62.5097,11.7207,1510.877,1510.877,4740
2011-05-31 00:00:00+00:00,1538.4,1540.45,1532.15,1535.6,61.38709,12.22408,1510.4045,1510.4045,10066
2011-06-01 00:00:00+00:00,1535.05,1549.88,1529.2,1539.38,62.55207,12.78069,1510.596,1510.596,12673
2011-06-02 00:00:00+00:00,1540.35,1544.15,1519.55,1533.15,59.37262,12.57416,1511.4625,1511.4625,21289
2011-06-03 00:00:00+00:00,1533.25,1545.43,1523.85,1542.15,62.34987,12.987,1514.875,1514.875,22351
2011-06-06 00:00:00+00:00,1541.9,1553.43,1540.15,1544.6,63.14172,13.35789,1517.355,1517.355,19128
2011-06-07 00:00:00+00:00,1544.4,1549.9,1536.0,1543.55,62.5347,13.41249,1518.89,1518.89,21188
2011-06-08 00:00:00+00:00,1544.6,1546.15,1530.8,1537.0,58.74098,12.77991,1520.6675,1520.6675,18382
2011-06-09 00:00:00+00:00,1537.83,1549.3,1533.0,1543.85,61.3797,12.68509,1522.545,1522.545,16216
2011-06-10 00:00:00+00:00,1544.7,1545.2,1525.9,1531.12,54.41482,11.45075,1524.371,1524.371,16432
2011-06-13 00:00:00+00:00,1528.83,1532.58,1510.83,1515.7,47.39872,9.1231,1525.676,1525.676,18679
2011-06-14 00:00:00+00:00,1515.13,1525.95,1511.97,1523.6,50.89218,7.82567,1527.596,1527.596,16026
2011-06-15 00:00:00+00:00,1524.85,1534.33,1513.93,1530.6,53.8189,7.27839,1529.3185,1529.3185,20462
2011-06-16 00:00:00+00:00,1530.1,1532.73,1521.6,1529.25,53.16087,6.65897,1531.111,1531.111,35793
2011-06-17 00:00:00+00:00,1529.0,1541.9,1522.4,1539.38,57.37257,6.90587,1532.4375,1532.4375,36176
2011-06-20 00:00:00+00:00,1539.7,1546.68,1532.84,1540.33,57.7562,7.0964,1533.6465,1533.6465,29358
2011-06-21 00:00:00+00:00,1539.6,1547.95,1538.53,1545.64,59.92704,7.5884,1534.6355,1534.6355,26662
2011-06-22 00:00:00+00:00,1546.9,1557.86,1541.09,1548.82,61.21254,8.14106,1535.839,1535.839,32432
2011-06-23 00:00:00+00:00,1546.98,1548.58,1512.73,1521.22,47.09239,6.27957,1535.9425,1535.9425,45424
2011-06-24 00:00:00+00:00,1522.45,1525.38,1498.37,1502.29,40.23675,3.2395,1534.259,1534.259,42159
2011-06-27 00:00:00+00:00,1498.7,1505.23,1490.96,1498.17,38.90911,0.49209,1532.27,1532.27,76104
2011-06-28 00:00:00+00:00,1497.14,1506.17,1495.63,1500.86,40.29431,-1.45146,1530.533,1530.533,69010
2011-06-29 00:00:00+00:00,1501.6,1512.73,1500.04,1511.62,45.6071,-2.09929,1529.145,1529.145,67644
2011-06-30 00:00:00+00:00,1511.25,1513.97,1498.48,1500.0,41.32998,-3.50988,1527.4875,1527.4875,69531
2011-07-01 00:00:00+00:00,1500.75,1502.47,1478.05,1487.25,37.20683,-5.59214,1524.7425,1524.7425,71512
2011-07-05 00:00:00+00:00,1494.85,1516.31,1492.85,1515.51,49.2838,-4.90545,1523.288,1523.288,61618
2011-07-06 00:00:00+00:00,1514.67,1533.57,1509.98,1528.48,53.68638,-3.2769,1522.5345,1522.5345,69438
2011-07-07 00:00:00+00:00,1528.63,1534.32,1522.85,1531.34,54.62182,-1.73548,1522.2515,1522.2515,71537
2011-07-08 00:00:00+00:00,1531.85,1545.2,1524.64,1543.75,58.53543,0.48194,1522.2465,1522.2465,65257
2011-07-11 00:00:00+00:00,1542.46,1556.66,1541.65,1553.43,61.33647,2.98593,1523.362,1523.362,67288
2011-07-12 00:00:00+00:00,1552.5,1573.18,1540.43,1567.89,65.12628,6.06722,1525.9715,1525.9715,81740
2011-07-13 00:00:00+00:00,1565.89,1587.61,1564.11,1581.35,68.2464,9.48593,1528.859,1528.859,77887
2011-07-14 00:00:00+00:00,1583.83,1594.07,1578.8,1587.09,69.49963,12.5142,1531.6835,1531.6835,76915
2011-07-15 00:00:00+00:00,1586.65,1593.41,1575.63,1592.79,70.73482,15.19886,1534.8605,1534.8605,70732
2011-07-18 00:00:00+00:00,1593.55,1607.03,1495.75,1604.86,73.20903,18.09187,1538.1345,1538.1345,22017
2011-07-19 00:00:00+00:00,1604.93,1609.75,1582.33,1588.03,64.96187,18.80974,1540.5195,1540.5195,64950
2011-07-20 00:00:00+00:00,1588.64,1601.39,1580.88,1600.83,67.92167,20.17889,1543.279,1543.279,72007
2011-07-21 00:00:00+00:00,1600.48,1604.28,1584.73,1590.49,63.27193,20.19679,1545.3625,1545.3625,78670
2011-07-22 00:00:00+00:00,1588.46,1606.73,1583.23,1600.85,65.79827,20.80709,1549.344,1549.344,65830
2011-07-25 00:00:00+00:00,1608.45,1623.68,1603.09,1613.93,68.7234,22.09154,1554.926,1554.926,73255
2011-07-26 00:00:00+00:00,1613.95,1620.02,1607.79,1619.03,69.80768,23.25297,1560.969,1560.969,69023
2011-07-27 00:00:00+00:00,1618.18,1628.32,1608.71,1612.98,66.84712,23.4153,1566.575,1566.575,67132
2011-07-28 00:00:00+00:00,1614.51,1619.91,1603.0,1616.23,67.64104,23.5349,1571.8055,1571.8055,69601
2011-07-29 00:00:00+00:00,1616.27,1632.35,1610.42,1626.27,70.02883,24.16132,1578.119,1578.119,70502
2011-08-01 00:00:00+00:00,1610.2,1631.65,1607.88,1619.78,66.60731,23.85903,1584.7455,1584.7455,76259
2011-08-02 00:00:00+00:00,1619.02,1658.74,1616.2,1658.29,74.55245,26.42233,1591.8845,1591.8845,76314
2011-08-03 00:00:00+00:00,1660.73,1672.35,1651.73,1660.87,74.98192,28.33531,1598.504,1598.504,49384
2011-08-04 00:00:00+00:00,1663.05,1681.8,1641.37,1646.86,68.24639,28.39356,1604.28,1604.28,29184
2011-08-05 00:00:00+00:00,1647.84,1669.69,1641.7,1665.12,71.80176,29.57227,1610.3485,1610.3485,60872
2011-08-08 00:00:00+00:00,1684.1,1720.03,1682.3,1717.9,79.0897,34.36913,1618.572,1618.572,58940
2011-08-09 00:00:00+00:00,1715.08,1777.1,1714.72,1738.4,81.1297,39.371,1627.0975,1627.0975,48973
2011-08-10 00:00:00+00:00,1742.38,1796.69,1737.1,1792.09,85.20169,47.12414,1637.6345,1637.6345,67366
2011-08-11 00:00:00+00:00,1797.68,1813.77,1732.56,1763.58,75.84268,50.38721,1646.459,1646.459,89772
2011-08-12 00:00:00+00:00,1761.94,1767.51,1723.37,1742.98,69.87053,50.72622,1653.9685,1653.9685,63171
2011-08-15 00:00:00+00:00,1744.97,1765.7,1727.67,1765.33,72.40904,52.19666,1661.992,1661.992,52719
2011-08-16 00:00:00+00:00,1765.04,1786.63,1760.84,1784.41,74.39257,54.27594,1671.811,1671.811,44030
2011-08-17 00:00:00+00:00,1787.08,1794.46,1778.97,1790.62,75.02197,55.78185,1681.3005,1681.3005,40552
2011-08-18 00:00:00+00:00,1789.73,1828.24,1783.73,1823.92,78.12664,58.98242,1692.972,1692.972,42692
2011-08-19 00:00:00+00:00,1824.91,1876.66,1820.9,1851.51,80.31031,63.01873,1705.505,1705.505,72950
2011-08-22 00:00:00+00:00,1865.66,1897.88,1858.04,1896.45,83.24454,69.04788,1719.631,1719.631,81448
2011-08-23 00:00:00+00:00,1907.64,1911.63,1823.34,1829.31,67.14534,67.62881,1730.145,1730.145,83113
2011-08-24 00:00:00+00:00,1834.5,1853.69,1749.68,1759.89,55.24792,60.20852,1737.4905,1737.4905,85981
2011-08-25 00:00:00+00:00,1749.66,1773.79,1702.55,1770.07,56.4661,54.52085,1745.1825,1745.1825,82737
2011-08-26 00:00:00+00:00,1770.62,1826.88,1757.0,1825.27,62.43695,53.84679,1755.1325,1755.1325,70551
2011-08-29 00:00:00+00:00,1832.26,1834.21,1775.74,1786.78,56.60691,49.63462,1763.4825,1763.4825,81685
2011-08-30 00:00:00+00:00,1786.48,1839.6,1783.58,1834.24,61.39378,49.55483,1772.28,1772.28,69194
2011-08-31 00:00:00+00:00,1835.55,1838.9,1812.49,1824.56,59.94137,48.1554,1780.4645,1780.4645,59982
2011-09-01 00:00:00+00:00,1824.75,1830.5,1813.41,1825.93,60.08529,46.61948,1789.418,1789.418,48095
2011-09-02 00:00:00+00:00,1825.85,1884.33,1824.14,1881.92,65.53513,49.3513,1800.258,1800.258,44810
2011-09-05 00:00:00+00:00,1880.85,1902.7,1874.11,1899.54,67.0594,52.33478,1809.34,1809.34,34948
2011-09-06 00:00:00+00:00,1901.2,1920.61,1858.38,1875.63,62.98837,52.16851,1816.2015,1816.2015,71042
2011-09-07 00:00:00+00:00,1869.05,1880.21,1792.41,1816.93,54.2767,46.76111,1817.4435,1817.4435,69380
2011-09-08 00:00:00+00:00,1815.95,1870.28,1813.5,1868.77,59.59192,46.12703,1822.703,1822.703,62803
2011-09-09 00:00:00+00:00,1868.06,1885.84,1822.77,1857.02,57.94763,44.16726,1828.405,1828.405,68244
2011-09-12 00:00:00+00:00,1857.46,1861.28,1801.08,1815.87,52.4857,38.84588,1830.932,1830.932,70654
2011-09-13 00:00:00+00:00,1815.49,1843.55,1794.28,1833.37,54.45193,35.63003,1833.38,1833.38,66539
2011-09-14 00:00:00+00:00,1833.54,1844.38,1808.41,1819.3,52.56839,31.58205,1834.814,1834.814,62063
2011-09-15 00:00:00+00:00,1820.99,1826.21,1772.58,1788.28,48.57869,25.57612,1833.032,1833.032,60712
2011-09-16 00:00:00+00:00,1787.81,1821.43,1762.44,1808.8,51.2163,22.21608,1830.8965,1830.8965,54755
2011-09-19 00:00:00+00:00,1818.58,1827.68,1770.62,1777.55,47.24206,16.83752,1824.9515,1824.9515,56151
2011-09-20 00:00:00+00:00,1776.9,1811.34,1769.65,1803.48,50.66307,14.50015,1823.66,1823.66,57120
2011-09-21 00:00:00+00:00,1803.21,1816.36,1778.45,1781.87,47.87677,10.77976,1824.759,1824.759,59658
2011-09-22 00:00:00+00:00,1780.81,1786.17,1720.81,1740.1,42.95883,4.41,1823.2605,1823.2605,74742
2011-09-23 00:00:00+00:00,1739.2,1755.09,1628.82,1653.92,34.97602,-7.50556,1814.693,1814.693,78455
2011-09-26 00:00:00+00:00,1647.36,1663.46,1531.94,1627.65,32.96509,-18.8512,1806.7365,1806.7365,94756
2011-09-27 00:00:00+00:00,1623.97,1677.0,1614.67,1650.17,36.34386,-25.72894,1797.533,1797.533,76096
2011-09-28 00:00:00+00:00,1651.42,1669.05,1598.41,1608.16,33.00215,-34.1755,1786.713,1786.713,73791
2011-09-29 00:00:00+00:00,1609.18,1634.83,1582.84,1614.23,33.94719,-39.91949,1776.128,1776.128,76435
2011-09-30 00:00:00+00:00,1614.13,1640.26,1606.4,1623.68,35.4732,-43.211,1763.216,1763.216,62291
2011-10-03 00:00:00+00:00,1623.68,1664.24,1621.38,1657.46,40.74326,-42.60268,1751.112,1751.112,58964
2011-10-04 00:00:00+00:00,1662.35,1678.35,1595.65,1621.57,37.26124,-44.5036,1738.409,1738.409,70454
2011-10-05 00:00:00+00:00,1626.31,1646.78,1597.3,1640.25,40.12924,-43.99562,1729.575,1729.575,65153
2011-10-06 00:00:00+00:00,1641.73,1654.83,1631.28,1652.2,41.9572,-42.14298,1718.7465,1718.7465,54977
2011-10-07 00:00:00+00:00,1651.25,1666.03,1625.8,1636.48,40.21764,-41.46523,1707.7195,1707.7195,51764
2011-10-10 00:00:00+00:00,1638.97,1677.51,1638.83,1676.07,46.26051,-37.30352,1700.7295,1700.7295,44254
2011-10-11 00:00:00+00:00,1682.12,1684.38,1653.76,1661.9,44.52571,-34.74818,1692.156,1692.156,53298
2011-10-12 00:00:00+00:00,1662.69,1692.03,1660.3,1677.47,46.88281,-31.10809,1685.0645,1685.0645,56187
2011-10-13 00:00:00+00:00,1676.11,1684.37,1652.82,1667.82,45.58987,-28.67146,1679.0415,1679.0415,53570
2011-10-14 00:00:00+00:00,1667.14,1683.4,1661.07,1680.62,47.65207,-25.41459,1672.6325,1672.6325,45918
2011-10-17 00:00:00+00:00,1682.44,1694.79,1664.77,1670.31,46.1353,-23.39575,1667.2705,1667.2705,54563
2011-10-18 00:00:00+00:00,1670.9,1676.42,1626.74,1657.98,44.31849,-22.531,1659.9955,1659.9955,58352
2011-10-19 00:00:00+00:00,1655.13,1664.99,1639.58,1640.68,41.82948,-22.97678,1652.936,1652.936,53664
2011-10-20 00:00:00+00:00,1642.97,1644.56,1603.52,1621.73,39.23044,-24.57588,1647.0175,1647.0175,62882
2011-10-21 00:00:00+00:00,1619.24,1648.32,1611.2,1641.77,43.24647,-23.95004,1646.41,1646.41,52974
2011-10-24 00:00:00+00:00,1638.8,1661.87,1635.28,1653.36,45.49012,-22.26221,1647.6955,1647.6955,50228
2011-10-25 00:00:00+00:00,1652.73,1708.73,1643.54,1704.59,54.12347,-16.59941,1650.4165,1650.4165,53172
2011-10-26 00:00:00+00:00,1705.38,1726.46,1694.73,1724.14,56.92707,-10.41404,1656.2155,1656.2155,53934
2011-10-27 00:00:00+00:00,1723.13,1749.72,1705.82,1744.28,59.66195,-3.84266,1662.718,1662.718,56922
2011-10-28 00:00:00+00:00,1744.85,1752.22,1732.17,1743.07,59.41785,1.25312,1668.6875,1668.6875,48636
2011-10-31 00:00:00+00:00,1741.49,1744.76,1704.14,1713.95,53.72144,2.9083,1671.512,1671.512,54160
2011-11-01 00:00:00+00:00,1710.93,1723.96,1680.97,1719.15,54.55921,4.58677,1676.391,1676.391,55272
2011-11-02 00:00:00+00:00,1715.47,1744.0,1714.15,1735.59,57.19737,7.16099,1681.158,1681.158,50653
2011-11-03 00:00:00+00:00,1738.85,1767.41,1722.55,1763.07,61.24738,11.28835,1686.7015,1686.7015,51937
2011-11-04 00:00:00+00:00,1759.63,1763.61,1748.8,1754.18,59.29278,13.68423,1692.5865,1692.5865,45819
2011-11-07 00:00:00+00:00,1753.0,1798.18,1752.8,1794.77,64.81407,18.64335,1698.5215,1698.5215,46463
2011-11-08 00:00:00+00:00,1794.05,1802.79,1776.66,1785.25,62.66717,21.5568,1704.689,1704.689,46849
2011-11-09 00:00:00+00:00,1786.01,1799.55,1763.7,1770.67,59.42088,22.43069,1709.349,1709.349,56077
2011-11-10 00:00:00+00:00,1770.44,1775.2,1735.47,1758.18,56.71069,21.86338,1713.867,1713.867,56627
2011-11-11 00:00:00+00:00,1757.39,1788.45,1744.06,1787.98,61.2517,23.54696,1719.235,1719.235,46713
2011-11-14 00:00:00+00:00,1787.96,1796.01,1773.6,1780.12,59.47943,23.97066,1724.7255,1724.7255,46490
2011-11-15 00:00:00+00:00,1780.17,1786.04,1760.07,1781.15,59.64422,24.11161,1730.884,1730.884,51571
2011-11-16 00:00:00+00:00,1780.58,1783.37,1753.09,1762.98,55.36669,22.4978,1736.999,1736.999,57110
2011-11-17 00:00:00+00:00,1763.67,1766.79,1710.32,1721.15,47.0084,17.64018,1741.97,1741.97,59902
2011-11-18 00:00:00+00:00,1722.48,1737.38,1710.59,1723.6,47.50823,13.82876,1746.0615,1746.0615,52611
2011-11-21 00:00:00+00:00,1722.09,1726.23,1666.33,1677.18,39.84054,6.98199,1747.2525,1747.2525,61740
2011-11-22 00:00:00+00:00,1678.23,1705.35,1667.73,1699.57,44.49394,3.32424,1747.0015,1747.0015,58385
2011-11-23 00:00:00+00:00,1699.52,1709.97,1677.06,1692.42,43.34101,-0.14977,1745.4155,1745.4155,56955
2011-11-24 00:00:00+00:00,1691.14,1701.67,1687.44,1694.67,43.83422,-2.69038,1742.935,1742.935,33485
2011-11-25 00:00:00+00:00,1693.79,1697.73,1671.84,1682.33,41.69073,-5.63461,1739.898,1739.898,44295
2011-11-28 00:00:00+00:00,1687.71,1720.46,1686.84,1712.21,48.28511,-5.49354,1739.811,1739.811,52242
2011-11-29 00:00:00+00:00,1710.87,1719.84,1703.48,1715.05,48.87691,-5.09386,1739.606,1739.606,49956
2011-11-30 00:00:00+00:00,1715.63,1749.93,1700.7,1746.03,54.93515,-2.25133,1740.128,1740.128,58799
2011-12-01 00:00:00+00:00,1747.83,1754.12,1733.5,1744.49,54.58885,-0.12148,1739.199,1739.199,52148
2011-12-02 00:00:00+00:00,1745.32,1763.03,1737.91,1745.82,54.85354,1.6547,1738.781,1738.781,48977
2011-12-05 00:00:00+00:00,1750.16,1754.5,1717.7,1722.71,49.45892,1.1839,1735.178,1735.178,55787
2011-12-06 00:00:00+00:00,1722.37,1732.85,1701.95,1728.65,50.79831,1.27539,1732.348,1732.348,59544
2011-12-07 00:00:00+00:00,1727.12,1742.64,1719.95,1741.6,53.68033,2.36559,1730.8945,1730.8945,52069
2011-12-08 00:00:00+00:00,1741.57,1755.87,1703.78,1707.94,46.11859,0.50765,1728.3825,1728.3825,55200
2011-12-09 00:00:00+00:00,1705.77,1723.71,1703.05,1710.48,46.72842,-0.75117,1724.5075,1724.5075,56433
2011-12-12 00:00:00+00:00,1713.53,1714.48,1657.28,1666.51,38.58675,-5.23644,1718.827,1718.827,58219
2011-12-13 00:00:00+00:00,1664.41,1677.7,1622.16,1631.42,33.56123,-11.49007,1711.3405,1711.3405,65548
2011-12-14 00:00:00+00:00,1627.62,1641.35,1563.56,1573.4,27.24322,-20.88707,1701.8615,1701.8615,74933
2011-12-15 00:00:00+00:00,1577.82,1593.71,1560.08,1569.41,26.86862,-28.32966,1694.2745,1694.2745,69101
2011-12-16 00:00:00+00:00,1571.38,1600.86,1570.99,1598.64,34.02553,-31.50616,1688.0265,1688.0265,60040
2011-12-19 00:00:00+00:00,1601.92,1608.65,1583.25,1593.86,33.44905,-34.01714,1683.8605,1683.8605,58476
2011-12-20 00:00:00+00:00,1592.92,1618.35,1592.11,1614.55,38.32034,-33.94629,1679.6095,1679.6095,49719
2011-12-21 00:00:00+00:00,1614.91,1641.61,1605.65,1614.81,38.38137,-33.48318,1675.729,1675.729,50179
2011-12-22 00:00:00+00:00,1613.8,1616.75,1597.69,1605.73,37.00415,-33.4631,1671.282,1671.282,49420
2011-12-23 00:00:00+00:00,1607.41,1613.71,1602.58,1606.56,37.22589,-32.99982,1667.4935,1667.4935,29707
2011-12-27 00:00:00+00:00,1605.06,1605.43,1589.47,1593.01,35.05647,-33.34169,1661.5335,1661.5335,33049
2011-12-28 00:00:00+00:00,1589.58,1592.86,1549.55,1555.75,29.8969,-36.20189,1653.5685,1653.5685,48057
2011-12-29 00:00:00+00:00,1556.2,1561.0,1522.64,1545.38,28.63378,-38.85746,1643.536,1643.536,50727
2011-12-30 00:00:00+00:00,1546.71,1581.27,1546.47,1564.11,34.05323,-39.00108,1634.517,1634.517,44788
2012-01-03 00:00:00+00:00,1567.37,1607.27,1566.07,1603.13,43.65313,-35.55645,1627.3825,1627.3825,51029
2012-01-04 00:00:00+00:00,1605.82,1618.45,1592.7,1611.6,45.50748,-31.77679,1621.827,1621.827,63967
2012-01-05 00:00:00+00:00,1611.27,1625.6,1596.68,1621.88,47.75479,-27.63333,1616.4885,1616.4885,65571
2012-01-06 00:00:00+00:00,1620.83,1631.14,1608.43,1616.55,46.67987,-24.49731,1610.236,1610.236,56814
2012-01-09 00:00:00+00:00,1614.34,1623.61,1605.03,1610.63,45.45602,-22.23339,1605.3705,1605.3705,59646
2012-01-10 00:00:00+00:00,1610.63,1640.11,1608.13,1632.45,50.59725,-18.46566,1601.469,1601.469,56114
2012-01-11 00:00:00+00:00,1631.11,1647.08,1630.06,1640.51,52.38271,-14.66034,1600.169,1600.169,56812
2012-01-12 00:00:00+00:00,1641.41,1661.98,1640.05,1649.55,54.37441,-10.79076,1601.0755,1601.0755,55914
2012-01-13 00:00:00+00:00,1648.49,1649.55,1625.26,1638.21,51.46629,-8.54068,1604.316,1604.316,63080
2012-01-16 00:00:00+00:00,1635.47,1647.05,1631.45,1643.38,52.70813,-6.26804,1608.0145,1608.0145,36725
2012-01-17 00:00:00+00:00,1641.78,1667.63,1641.57,1651.75,54.72777,-3.74836,1610.67,1610.67,59198
2012-01-18 00:00:00+00:00,1651.66,1662.34,1642.52,1659.67,56.61578,-1.09974,1613.9605,1613.9605,64897
2012-01-19 00:00:00+00:00,1660.29,1670.05,1649.14,1657.45,55.91192,0.81082,1616.1055,1616.1055,59630
2012-01-20 00:00:00+00:00,1656.23,1666.9,1644.92,1666.81,58.26768,3.04513,1618.7055,1618.7055,52325
2012-01-23 00:00:00+00:00,1666.22,1681.4,1662.56,1677.15,60.76197,5.5858,1622.2765,1622.2765,47386
2012-01-24 00:00:00+00:00,1675.7,1679.55,1661.39,1665.65,56.70277,6.59532,1625.231,1625.231,50594
2012-01-25 00:00:00+00:00,1665.84,1713.01,1648.99,1709.91,66.09165,10.8418,1631.076,1631.076,58683
2012-01-26 00:00:00+00:00,1709.94,1730.3,1702.88,1720.52,67.88925,14.89165,1639.3145,1639.3145,54930
2012-01-27 00:00:00+00:00,1718.54,1739.73,1714.26,1738.65,70.7434,19.34117,1648.978,1648.978,50973
2012-01-30 00:00:00+00:00,1735.59,1739.88,1716.16,1729.55,67.5003,21.88092,1657.25,1657.25,58603
2012-01-31 00:00:00+00:00,1731.16,1747.52,1726.18,1738.18,68.95387,24.30983,1664.0025,1664.0025,62784
2012-02-01 00:00:00+00:00,1738.07,1751.14,1732.53,1743.75,69.88992,26.38012,1670.61,1670.61,67022
2012-02-02 00:00:00+00:00,1744.08,1761.0,1740.98,1759.19,72.3762,28.93319,1677.4755,1677.4755,59691
2012-02-03 00:00:00+00:00,1756.59,1763.16,1723.46,1725.37,60.57689,27.90585,1682.9165,1682.9165,53708
2012-02-06 00:00:00+00:00,1728.59,1738.04,1711.68,1719.79,58.87155,26.33781,1688.3745,1688.3745,54108
2012-02-07 00:00:00+00:00,1720.53,1749.81,1710.07,1745.05,63.83493,26.82418,1694.0045,1694.0045,55425
2012-02-08 00:00:00+00:00,1744.19,1752.02,1723.98,1733.1,60.1375,25.94628,1698.634,1698.634,53483
2012-02-09 00:00:00+00:00,1731.09,1752.59,1725.8,1729.99,59.17684,24.71469,1702.656,1702.656,57648
2012-02-10 00:00:00+00:00,1730.52,1734.61,1704.64,1721.39,56.48954,22.78208,1706.815,1706.815,56582
2012-02-13 00:00:00+00:00,1727.96,1733.25,1716.07,1722.75,56.82346,21.11679,1710.7835,1710.7835,51573
2012-02-14 00:00:00+00:00,1720.42,1727.66,1712.0,1720.59,56.08724,19.39912,1714.2255,1714.2255,57909
2012-02-15 00:00:00+00:00,1721.02,1737.27,1718.36,1727.95,58.08024,18.41942,1717.6395,1717.6395,53426
2012-02-16 00:00:00+00:00,1728.12,1729.84,1705.23,1728.26,58.16636,17.46667,1721.18,1721.18,55861
2012-02-17 00:00:00+00:00,1727.81,1735.8,1717.06,1722.87,56.01168,16.09119,1723.983,1723.983,44870
2012-02-20 00:00:00+00:00,1727.67,1737.14,1727.67,1734.44,59.4814,15.75312,1726.8475,1726.8475,31514
2012-02-21 00:00:00+00:00,1733.29,1760.1,1730.76,1759.45,65.76724,17.30383,1731.5375,1731.5375,50454
2012-02-22 00:00:00+00:00,1759.62,1781.61,1749.25,1776.05,69.18435,19.6458,1734.8445,1734.8445,48569
2012-02-23 00:00:00+00:00,1775.53,1787.26,1772.21,1779.85,69.92445,21.55992,1737.811,1737.811,49903
2012-02-24 00:00:00+00:00,1778.21,1782.79,1770.41,1772.05,66.39929,22.19167,1739.481,1739.481,49367
2012-02-27 00:00:00+00:00,1773.98,1779.34,1761.47,1767.15,64.20934,22.04285,1741.361,1741.361,50095
2012-02-28 00:00:00+00:00,1767.78,1790.31,1765.8,1784.05,68.11531,23.0232,1743.6545,1743.6545,49743
2012-02-29 00:00:00+00:00,1785.06,1790.56,1685.96,1696.35,42.31036,16.5329,1741.2845,1741.2845,61953
2012-03-02 00:00:00+00:00,1716.46,1724.1,1704.75,1711.38,46.08042,12.45847,1738.894,1738.894,53046
2012-03-05 00:00:00+00:00,1711.98,1716.7,1693.59,1706.25,44.99948,8.71505,1737.938,1737.938,57168
2012-03-06 00:00:00+00:00,1704.81,1708.89,1662.86,1674.24,38.87209,3.12934,1735.6605,1735.6605,60974
2012-03-07 00:00:00+00:00,1674.22,1688.08,1671.12,1684.55,41.629,-0.46013,1732.6355,1732.6355,50529
2012-03-08 00:00:00+00:00,1684.93,1703.86,1682.7,1699.8,45.54142,-2.05063,1730.9705,1730.9705,49632
2012-03-09 00:00:00+00:00,1701.74,1714.85,1676.6,1713.69,48.90095,-2.16534,1730.1555,1730.1555,53569
2012-03-12 00:00:00+00:00,1713.4,1713.55,1691.93,1700.97,46.09649,-3.24525,1729.1345,1729.1345,48985
2012-03-13 00:00:00+00:00,1699.85,1705.62,1661.9,1673.67,40.70137,-6.23212,1726.6805,1726.6805,57032
2012-03-14 00:00:00+00:00,1676.08,1682.24,1634.44,1644.17,35.82235,-10.85451,1722.8595,1722.8595,60523
2012-03-15 00:00:00+00:00,1643.65,1666.48,1636.02,1658.21,39.5372,-13.23235,1719.3725,1719.3725,54224
2012-03-16 00:00:00+00:00,1657.96,1664.66,1639.57,1659.31,39.83106,-14.85678,1715.925,1715.925,50651
2012-03-19 00:00:00+00:00,1660.42,1669.72,1652.3,1663.86,41.1061,-15.59721,1712.9745,1712.9745,44920
2012-03-20 00:00:00+00:00,1663.15,1664.26,1641.5,1650.51,38.52642,-17.06454,1708.778,1708.778,47570
2012-03-21 00:00:00+00:00,1649.97,1661.8,1646.54,1650.05,38.43691,-18.05638,1703.308,1703.308,53492
2012-03-22 00:00:00+00:00,1651.17,1656.26,1628.08,1645.54,37.5166,-18.98746,1696.7825,1696.7825,67241
2012-03-23 00:00:00+00:00,1646.68,1666.46,1642.06,1661.26,42.66932,-18.24654,1690.853,1690.853,61071
2012-03-26 00:00:00+00:00,1664.21,1693.5,1655.47,1690.66,50.83525,-15.11281,1686.7835,1686.7835,62461
2012-03-27 00:00:00+00:00,1690.17,1696.95,1679.47,1680.27,48.22122,-13.31422,1682.4395,1682.4395,54153
2012-03-28 00:00:00+00:00,1680.25,1684.19,1654.62,1663.18,44.19559,-13.11664,1676.396,1676.396,90547
2012-03-29 00:00:00+00:00,1662.42,1664.84,1645.19,1661.28,43.75821,-12.96393,1674.6425,1674.6425,121511
2012-03-30 00:00:00+00:00,1661.44,1670.92,1659.9,1666.95,45.49181,-12.24424,1672.421,1672.421,133176
2012-04-02 00:00:00+00:00,1671.34,1683.46,1662.81,1677.61,48.6938,-10.69048,1670.989,1670.989,144750
2012-04-03 00:00:00+00:00,1676.46,1680.94,1639.0,1645.11,40.82066,-11.94391,1669.5325,1669.5325,156736
2012-04-04 00:00:00+00:00,1645.64,1647.92,1612.39,1620.56,36.07561,-14.74823,1666.333,1666.333,184611
2012-04-05 00:00:00+00:00,1620.5,1631.27,1619.88,1630.65,39.20358,-15.97238,1662.8755,1662.8755,95258
2012-04-09 00:00:00+00:00,1644.61,1648.44,1635.4,1640.23,42.10046,-15.98523,1659.2025,1659.2025,130647
2012-04-10 00:00:00+00:00,1640.91,1662.73,1631.8,1659.03,47.39753,-14.31341,1657.1055,1657.1055,165305
2012-04-11 00:00:00+00:00,1659.3,1662.63,1652.92,1658.22,47.19718,-12.90509,1656.333,1656.333,143640
2012-04-12 00:00:00+00:00,1658.67,1679.85,1650.83,1675.47,51.86371,-10.27856,1657.898,1657.898,125414
2012-04-13 00:00:00+00:00,1675.08,1677.83,1649.19,1655.57,46.73266,-9.69107,1657.766,1657.766,80028
2012-04-16 00:00:00+00:00,1653.14,1657.69,1641.31,1651.41,45.71449,-9.4522,1657.371,1657.371,128915
2012-04-17 00:00:00+00:00,1652.53,1657.39,1634.62,1649.26,45.16678,-9.32885,1656.641,1656.641,110930
2012-04-18 00:00:00+00:00,1649.57,1654.34,1637.81,1641.52,43.16192,-9.74332,1656.1915,1656.1915,131044
2012-04-19 00:00:00+00:00,1642.36,1653.66,1631.09,1642.56,43.52467,-9.87406,1655.817,1655.817,153580
2012-04-20 00:00:00+00:00,1642.28,1647.11,1638.55,1642.56,43.52467,-9.86396,1655.668,1655.668,122403
2012-04-23 00:00:00+00:00,1639.87,1643.19,1623.21,1637.77,42.08981,-10.12575,1654.4935,1654.4935,129102
2012-04-24 00:00:00+00:00,1637.18,1649.17,1633.94,1641.72,43.73699,-9.90036,1652.0465,1652.0465,108683
2012-04-25 00:00:00+00:00,1641.4,1646.21,1624.41,1644.18,44.79023,-9.41471,1650.242,1650.242,153264
2012-04-26 00:00:00+00:00,1644.2,1660.57,1642.18,1656.74,49.94265,-7.92499,1649.92,1649.92,130507
2012-04-27 00:00:00+00:00,1655.35,1667.44,1650.54,1662.37,52.10054,-6.21839,1649.9745,1649.9745,130159
2012-04-30 00:00:00+00:00,1664.05,1665.96,1647.29,1664.42,52.89678,-4.64692,1649.848,1649.848,107131
2012-05-01 00:00:00+00:00,1664.55,1671.45,1657.59,1661.56,51.60787,-3.5909,1649.0455,1649.0455,91893
2012-05-02 00:00:00+00:00,1662.77,1663.0,1646.91,1653.0,47.84977,-3.40547,1649.44,1649.44,138043
2012-05-03 00:00:00+00:00,1652.86,1653.39,1631.06,1636.24,41.48062,-4.55835,1650.224,1650.224,133535
2012-05-04 00:00:00+00:00,1635.83,1647.11,1626.43,1641.17,43.8483,-5.01639,1650.75,1650.75,127505
2012-05-07 00:00:00+00:00,1639.73,1642.6,1632.13,1638.37,42.7894,-5.54144,1650.657,1650.657,111256
2012-05-08 00:00:00+00:00,1638.09,1638.92,1595.42,1604.99,32.66271,-8.55245,1647.955,1647.955,148958
2012-05-09 00:00:00+00:00,1605.35,1606.52,1579.67,1589.78,29.26416,-12.02737,1644.533,1644.533,165714
2012-05-10 00:00:00+00:00,1590.02,1601.86,1585.64,1593.63,31.21513,-14.3057,1640.441,1640.441,137373
2012-05-11 00:00:00+00:00,1593.46,1594.88,1574.42,1579.11,28.07061,-17.08598,1636.618,1636.618,140439
2012-05-14 00:00:00+00:00,1582.16,1585.62,1556.1,1556.26,23.97715,-20.89234,1631.8605,1631.8605,148001
2012-05-15 00:00:00+00:00,1556.9,1564.12,1541.39,1543.75,22.07882,-24.6344,1626.585,1626.585,149458
2012-05-16 00:00:00+00:00,1544.33,1552.22,1526.96,1538.13,21.26433,-27.73379,1621.4155,1621.4155,172312
2012-05-17 00:00:00+00:00,1539.31,1579.81,1538.29,1573.6,37.04869,-27.01652,1617.9675,1617.9675,150188
2012-05-18 00:00:00+00:00,1574.09,1597.59,1567.94,1592.18,43.44455,-24.66451,1615.4485,1615.4485,160080
2012-05-21 00:00:00+00:00,1592.76,1599.13,1584.79,1593.42,43.85454,-22.44177,1613.231,1613.231,126071
2012-05-22 00:00:00+00:00,1593.14,1594.37,1561.3,1568.14,37.83302,-22.4612,1609.552,1609.552,135973
2012-05-23 00:00:00+00:00,1567.0,1568.65,1533.14,1561.07,36.3306,-22.78444,1605.3965,1605.3965,168631
2012-05-24 00:00:00+00:00,1561.84,1577.73,1551.38,1558.73,35.82352,-22.96471,1600.496,1600.496,152857
2012-05-25 00:00:00+00:00,1557.86,1574.07,1551.24,1572.56,41.05955,-21.74099,1596.0055,1596.0055,131247
2012-05-28 00:00:00+00:00,1575.45,1583.94,1571.44,1573.74,41.49812,-20.44035,1591.4715,1591.4715,78616
2012-05-29 00:00:00+00:00,1573.64,1582.66,1549.16,1554.86,36.78217,-20.69448,1586.1365,1586.1365,141050
2012-05-30 00:00:00+00:00,1555.05,1569.28,1533.21,1562.61,39.80614,-20.03952,1581.617,1581.617,151124
2012-05-31 00:00:00+00:00,1562.83,1572.99,1552.17,1560.9,39.35878,-19.43442,1577.85,1577.85,155376
2012-06-01 00:00:00+00:00,1559.49,1629.53,1544.92,1623.04,57.88257,-13.78182,1576.9435,1576.9435,172942
2012-06-04 00:00:00+00:00,1623.78,1628.11,1608.62,1618.89,56.63824,-9.52714,1575.9695,1575.9695,173633
2012-06-05 00:00:00+00:00,1618.71,1623.55,1611.45,1617.26,56.12787,-6.21516,1576.583,1576.583,152318
2012-06-06 00:00:00+00:00,1617.51,1640.63,1615.31,1618.74,56.51106,-3.43142,1578.031,1578.031,168416
2012-06-07 00:00:00+00:00,1621.64,1629.13,1578.64,1589.47,47.64742,-3.54624,1577.823,1577.823,173909
2012-06-08 00:00:00+00:00,1589.66,1594.87,1560.99,1592.32,48.49453,-3.36844,1578.4835,1578.4835,176270
2012-06-11 00:00:00+00:00,1600.94,1608.1,1581.74,1597.29,50.0135,-2.79429,1580.535,1580.535,114303
2012-06-12 00:00:00+00:00,1594.09,1617.53,1586.16,1609.3,53.57642,-1.35454,1583.8125,1583.8125,119688
2012-06-13 00:00:00+00:00,1609.61,1624.76,1605.97,1616.77,55.69185,0.38479,1587.7445,1587.7445,104964
2012-06-14 00:00:00+00:00,1617.94,1627.89,1609.26,1622.67,57.34513,2.21379,1590.198,1590.198,108999
2012-06-15 00:00:00+00:00,1623.49,1633.63,1619.23,1623.99,57.72519,3.72684,1591.7885,1591.7885,99102
2012-06-18 00:00:00+00:00,1623.08,1629.92,1602.62,1627.65,58.82079,5.16177,1593.5,1593.5,121507
2012-06-19 00:00:00+00:00,1626.93,1633.18,1617.39,1618.1,54.82798,5.46536,1595.998,1595.998,109007
2012-06-20 00:00:00+00:00,1618.59,1622.41,1589.86,1605.88,50.13803,4.66611,1598.2385,1598.2385,132427
2012-06-21 00:00:00+00:00,1606.63,1606.99,1564.32,1566.5,38.66103,0.84532,1598.627,1598.627,136805
2012-06-22 00:00:00+00:00,1565.65,1573.2,1558.1,1571.29,40.44674,-1.7757,1598.5635,1598.5635,104894
2012-06-25 00:00:00+00:00,1572.36,1588.22,1566.29,1584.69,45.24875,-2.74002,1599.111,1599.111,105078
2012-06-26 00:00:00+00:00,1585.72,1586.69,1567.74,1571.87,41.77793,-4.487,1599.9615,1599.9615,100993
2012-06-27 00:00:00+00:00,1572.26,1583.08,1562.69,1574.13,42.61361,-5.6243,1600.5375,1600.5375,93576
2012-06-28 00:00:00+00:00,1574.37,1578.87,1547.9,1552.53,37.12845,-8.17432,1600.119,1600.119,110454
2012-06-29 00:00:00+00:00,1552.27,1606.79,1551.06,1596.56,50.97988,-6.56669,1598.795,1598.795,129228
2012-07-02 00:00:00+00:00,1597.61,1602.37,1587.08,1597.02,51.10108,-5.19561,1597.7015,1597.7015,99384
2012-07-03 00:00:00+00:00,1596.91,1624.93,1594.82,1617.13,56.19994,-2.45798,1597.695,1597.695,107661
2012-07-04 00:00:00+00:00,1617.24,1620.29,1611.44,1614.98,55.53323,-0.45662,1597.507,1597.507,59288
2012-07-05 00:00:00+00:00,1615.65,1623.76,1597.49,1604.0,52.13186,0.24071,1598.2335,1598.2335,106392
2012-07-06 00:00:00+00:00,1604.5,1609.68,1576.39,1582.5,46.1688,-0.93079,1597.7425,1597.7425,110062
2012-07-09 00:00:00+00:00,1579.15,1592.77,1576.4,1587.42,47.64463,-1.44555,1597.249,1597.249,89122
2012-07-10 00:00:00+00:00,1588.95,1601.17,1564.42,1566.21,42.26507,-3.52434,1595.0945,1595.0945,105834
2012-07-11 00:00:00+00:00,1567.13,1583.18,1566.82,1575.71,45.24707,-4.35503,1593.0415,1593.0415,99764
2012-07-12 00:00:00+00:00,1576.62,1577.86,1554.94,1571.38,44.12832,-5.30163,1590.477,1590.477,102773
2012-07-13 00:00:00+00:00,1572.39,1596.72,1565.89,1588.72,49.512,-4.59961,1588.7135,1588.7135,97714
2012-07-16 00:00:00+00:00,1590.57,1594.71,1577.87,1589.12,49.63256,-3.96527,1586.787,1586.787,92877
2012-07-17 00:00:00+00:00,1589.11,1598.93,1571.56,1582.68,47.65922,-3.93682,1585.016,1585.016,117859
2012-07-18 00:00:00+00:00,1583.45,1585.95,1567.7,1573.18,44.8278,-4.6275,1583.381,1583.381,115461
2012-07-19 00:00:00+00:00,1573.27,1591.57,1572.46,1580.87,47.54447,-4.50245,1584.0995,1584.0995,104497
2012-07-20 00:00:00+00:00,1581.93,1586.86,1573.65,1583.53,48.4893,-4.14097,1584.7115,1584.7115,112755
2012-07-23 00:00:00+00:00,1580.48,1582.84,1563.16,1576.97,46.27558,-4.33388,1584.3255,1584.3255,108717
2012-07-24 00:00:00+00:00,1576.23,1584.47,1568.78,1580.53,47.67177,-4.15164,1584.7585,1584.7585,109048
2012-07-25 00:00:00+00:00,1581.14,1610.38,1578.68,1604.18,55.87558,-2.07493,1586.261,1586.261,123573
2012-07-26 00:00:00+00:00,1604.92,1621.82,1601.2,1615.43,59.15589,0.47319,1589.406,1589.406,110485
2012-07-27 00:00:00+00:00,1615.17,1629.38,1611.74,1622.35,61.07291,3.01622,1590.6955,1590.6955,107736
2012-07-30 00:00:00+00:00,1624.04,1625.9,1614.26,1621.88,60.86396,4.93676,1591.9385,1591.9385,58471
2012-07-31 00:00:00+00:00,1621.7,1627.89,1610.81,1613.98,57.3145,5.75499,1591.781,1591.781,111387
2012-08-01 00:00:00+00:00,1614.74,1618.5,1591.65,1599.51,51.40153,5.17617,1591.0075,1591.0075,119829
2012-08-02 00:00:00+00:00,1599.28,1614.95,1583.83,1588.33,47.33796,3.77184,1590.224,1590.224,115817
2012-08-03 00:00:00+00:00,1589.04,1606.52,1585.58,1602.24,52.38194,3.73823,1591.211,1591.211,100927
2012-08-06 00:00:00+00:00,1601.38,1615.33,1600.74,1610.38,55.09261,4.31863,1592.359,1592.359,85732
2012-08-07 00:00:00+00:00,1610.64,1618.23,1608.82,1612.0,55.6339,4.85339,1594.6485,1594.6485,97024
2012-08-08 00:00:00+00:00,1611.71,1616.62,1603.32,1611.83,55.55822,5.20348,1596.4545,1596.4545,104476
2012-08-09 00:00:00+00:00,1612.39,1618.21,1609.52,1616.75,57.36581,5.81095,1598.723,1598.723,91776
2012-08-10 00:00:00+00:00,1617.53,1626.39,1605.46,1619.48,58.37743,6.43844,1600.261,1600.261,94934
2012-08-13 00:00:00+00:00,1620.09,1625.6,1607.49,1609.53,53.40375,6.06297,1601.2815,1601.2815,96901
2012-08-14 00:00:00+00:00,1609.96,1616.26,1589.2,1598.99,48.67307,4.8589,1602.097,1602.097,96585
2012-08-15 00:00:00+00:00,1599.27,1606.34,1589.93,1603.17,50.54414,4.19361,1603.5965,1603.5965,91672
2012-08-16 00:00:00+00:00,1603.39,1618.6,1600.5,1614.74,55.39149,4.54755,1605.29,1605.29,85952
2012-08-17 00:00:00+00:00,1614.83,1620.13,1611.7,1614.76,55.39963,4.77463,1606.8515,1606.8515,82953
2012-08-20 00:00:00+00:00,1617.42,1622.28,1609.75,1620.13,57.63439,5.3265,1609.0095,1609.0095,70899
2012-08-21 00:00:00+00:00,1620.3,1641.22,1618.43,1637.33,63.8776,7.07025,1611.8495,1611.8495,85315
2012-08-22 00:00:00+00:00,1637.23,1655.63,1634.22,1653.94,68.67793,9.68089,1614.3375,1614.3375,90084
2012-08-23 00:00:00+00:00,1652.78,1674.81,1652.27,1670.55,72.59932,12.94094,1617.0935,1617.0935,112333
2012-08-24 00:00:00+00:00,1669.93,1673.49,1662.44,1669.44,71.95104,15.2591,1619.448,1619.448,89261
2012-08-27 00:00:00+00:00,1671.38,1676.88,1663.08,1664.2,68.82653,16.48342,1621.564,1621.564,86543
2012-08-28 00:00:00+00:00,1664.63,1672.28,1657.12,1666.56,69.46958,17.44306,1624.193,1624.193,88860
2012-08-29 00:00:00+00:00,1666.77,1669.88,1652.29,1656.03,63.20476,17.15613,1627.019,1627.019,83300
2012-08-30 00:00:00+00:00,1656.91,1664.11,1651.28,1655.08,62.65579,16.66004,1630.3565,1630.3565,80148
2012-08-31 00:00:00+00:00,1655.76,1692.78,1645.91,1690.8,72.37249,18.93096,1634.7845,1634.7845,94190
2012-09-03 00:00:00+00:00,1689.15,1692.3,1685.35,1692.3,72.6938,20.6141,1638.8805,1638.8805,56152
2012-09-04 00:00:00+00:00,1692.83,1698.97,1688.08,1695.72,73.45191,21.97069,1643.0665,1643.0665,92490
2012-09-05 00:00:00+00:00,1695.35,1695.76,1687.21,1692.8,71.62352,22.55024,1647.115,1647.115,93581
2012-09-06 00:00:00+00:00,1693.66,1713.44,1691.48,1700.04,73.39207,23.32487,1651.2795,1651.2795,139104
2012-09-07 00:00:00+00:00,1701.3,1741.75,1689.07,1735.7,80.00286,26.51063,1657.0905,1657.0905,131382
2012-09-10 00:00:00+00:00,1734.91,1739.99,1724.77,1726.0,74.57521,27.9307,1662.914,1662.914,127633
2012-09-11 00:00:00+00:00,1726.4,1738.1,1725.69,1732.03,75.67981,29.20601,1669.566,1669.566,117144
2012-09-12 00:00:00+00:00,1732.0,1747.11,1725.1,1730.64,74.87229,29.76148,1675.9395,1675.9395,148405
2012-09-13 00:00:00+00:00,1731.15,1772.66,1715.46,1766.12,80.57097,32.68782,1683.5085,1683.5085,160859
2012-09-14 00:00:00+00:00,1768.72,1777.72,1765.51,1770.35,81.1207,34.94546,1691.288,1691.288,175212
2012-09-17 00:00:00+00:00,1775.13,1776.34,1753.91,1761.14,76.07367,35.58133,1698.3385,1698.3385,135402
2012-09-18 00:00:00+00:00,1761.85,1773.32,1751.84,1771.25,77.71288,36.48053,1705.0345,1705.0345,171110
2012-09-19 00:00:00+00:00,1771.68,1779.25,1761.85,1770.02,77.02151,36.67118,1710.8385,1710.8385,150312
2012-09-20 00:00:00+00:00,1770.16,1772.18,1755.22,1768.5,76.12028,36.28139,1715.736,1715.736,156605
2012-09-21 00:00:00+00:00,1768.62,1787.39,1766.62,1773.03,76.98462,35.9239,1720.9155,1720.9155,160799
2012-09-24 00:00:00+00:00,1771.81,1772.19,1755.54,1764.15,71.51973,34.52605,1725.913,1725.913,158365
2012-09-25 00:00:00+00:00,1765.22,1775.0,1758.78,1760.84,69.5382,32.77337,1730.627,1730.627,161054
2012-09-26 00:00:00+00:00,1760.39,1765.5,1736.63,1752.21,64.51906,30.33826,1735.436,1735.436,145485
2012-09-27 00:00:00+00:00,1752.99,1780.31,1750.82,1777.05,71.006,30.06622,1741.5345,1741.5345,157052
2012-09-28 00:00:00+00:00,1776.65,1783.24,1767.19,1771.68,68.10703,29.08207,1745.5785,1745.5785,162483
2012-10-01 00:00:00+00:00,1769.47,1791.61,1763.33,1775.27,69.01771,28.26598,1749.727,1749.727,167993
2012-10-02 00:00:00+00:00,1776.04,1784.28,1770.34,1774.74,68.7058,27.26219,1753.678,1753.678,138237
2012-10-03 00:00:00+00:00,1773.49,1781.81,1770.83,1777.46,69.4684,26.38204,1757.911,1757.911,143811
2012-10-04 00:00:00+00:00,1778.12,1795.1,1777.54,1790.09,72.78479,26.39934,1762.4135,1762.4135,162704
2012-10-05 00:00:00+00:00,1790.94,1795.87,1772.41,1780.29,66.72814,25.33028,1764.643,1764.643,142510
2012-10-08 00:00:00+00:00,1777.25,1779.55,1766.35,1774.86,63.57159,23.77087,1767.086,1767.086,126742
2012-10-09 00:00:00+00:00,1775.73,1779.7,1760.45,1764.16,57.77208,21.42466,1768.6925,1768.6925,142444
2012-10-10 00:00:00+00:00,1765.14,1768.2,1756.92,1762.32,56.81226,19.19552,1770.2765,1770.2765,139661
2012-10-11 00:00:00+00:00,1761.36,1774.82,1758.45,1767.13,58.74197,17.614,1770.327,1770.327,136168
2012-10-12 00:00:00+00:00,1767.08,1773.26,1752.06,1754.19,52.00932,15.14193,1769.519,1769.519,132074
2012-10-15 00:00:00+00:00,1751.86,1751.97,1728.48,1737.87,45.00357,11.73069,1768.3555,1768.3555,151689
2012-10-16 00:00:00+00:00,1736.89,1748.13,1734.73,1747.52,49.34827,9.69418,1767.169,1767.169,120529
2012-10-17 00:00:00+00:00,1748.42,1753.46,1742.76,1749.86,50.37209,8.17482,1766.161,1766.161,122319
2012-10-18 00:00:00+00:00,1749.9,1752.11,1738.04,1741.07,46.56456,6.19008,1764.7895,1764.7895,124267
2012-10-19 00:00:00+00:00,1741.72,1743.3,1715.52,1721.75,39.49768,3.02334,1762.2255,1762.2255,157457
2012-10-22 00:00:00+00:00,1718.34,1729.35,1713.41,1728.14,42.60051,1.01757,1760.425,1760.425,142462
2012-10-23 00:00:00+00:00,1729.03,1730.03,1703.84,1707.3,36.09838,-2.22795,1757.748,1757.748,161733
2012-10-24 00:00:00+00:00,1707.71,1714.33,1698.5,1701.71,34.57401,-5.19127,1755.223,1755.223,151086
2012-10-25 00:00:00+00:00,1701.92,1717.94,1701.82,1711.43,39.36847,-6.67842,1751.942,1751.942,142500
2012-10-26 00:00:00+00:00,1711.72,1718.75,1700.7,1710.89,39.19662,-7.81053,1748.9025,1748.9025,151299
2012-10-29 00:00:00+00:00,1711.77,1717.19,1705.94,1709.14,38.60844,-8.74811,1745.596,1745.596,95588
2012-10-30 00:00:00+00:00,1706.97,1715.14,1704.73,1708.62,38.42393,-9.42446,1742.29,1742.29,97453
2012-10-31 00:00:00+00:00,1710.56,1725.9,1709.24,1720.32,44.81432,-8.91363,1739.433,1739.433,144815
2012-11-01 00:00:00+00:00,1719.89,1726.98,1713.58,1713.97,42.25143,-8.91839,1735.627,1735.627,130774
2012-11-02 00:00:00+00:00,1716.02,1716.82,1674.43,1677.42,31.19348,-11.73615,1730.4835,1730.4835,153330
2012-11-05 00:00:00+00:00,1677.93,1686.16,1672.63,1684.46,34.7365,-13.24845,1725.9635,1725.9635,141576
2012-11-06 00:00:00+00:00,1685.4,1720.84,1683.54,1716.02,47.73046,-11.76472,1723.5565,1723.5565,148775
2012-11-07 00:00:00+00:00,1714.92,1731.69,1703.09,1717.18,48.13918,-10.37565,1721.2995,1721.2995,216437
2012-11-08 00:00:00+00:00,1717.62,1734.99,1712.68,1731.57,53.04423,-8.02118,1719.5215,1719.5215,154056
2012-11-09 00:00:00+00:00,1730.83,1738.77,1727.09,1730.84,52.77155,-6.14333,1718.354,1718.354,163334
2012-11-12 00:00:00+00:00,1733.65,1737.96,1725.57,1728.47,51.83983,-4.79114,1717.884,1717.884,131417
2012-11-13 00:00:00+00:00,1728.2,1732.9,1717.8,1725.2,50.51461,-3.93798,1716.768,1716.768,155808
2012-11-14 00:00:00+00:00,1724.97,1734.0,1720.68,1726.72,51.13987,-3.10342,1715.611,1715.611,157111
2012-11-15 00:00:00+00:00,1726.65,1727.86,1704.68,1716.05,46.68097,-3.26537,1714.36,1714.36,149782
2012-11-16 00:00:00+00:00,1717.16,1717.21,1705.75,1713.57,45.68395,-3.55287,1713.951,1713.951,152689
2012-11-19 00:00:00+00:00,1714.57,1735.5,1714.29,1731.63,53.47661,-2.29695,1714.1255,1714.1255,127797
2012-11-20 00:00:00+00:00,1731.1,1735.6,1722.11,1727.63,51.70718,-1.60588,1715.142,1715.142,138072
2012-11-21 00:00:00+00:00,1727.75,1731.84,1720.5,1728.6,52.1209,-0.96876,1716.4865,1716.4865,130916
2012-11-22 00:00:00+00:00,1729.03,1732.5,1728.43,1729.74,52.63449,-0.36761,1717.402,1717.402,66040
2012-11-23 00:00:00+00:00,1728.84,1754.28,1727.95,1751.13,61.07206,1.81388,1719.414,1719.414,113917
2012-11-26 00:00:00+00:00,1750.35,1752.19,1745.86,1748.56,59.6961,3.29735,1721.385,1721.385,137325
2012-11-27 00:00:00+00:00,1749.15,1751.71,1740.37,1742.01,56.21956,3.89952,1723.0545,1723.0545,144757
2012-11-28 00:00:00+00:00,1741.65,1743.05,1705.59,1719.3,46.1781,2.51525,1723.0035,1723.0035,171957
2012-11-29 00:00:00+00:00,1719.6,1728.48,1718.0,1725.7,48.94562,1.91258,1723.59,1723.59,146739
2012-11-30 00:00:00+00:00,1725.45,1731.65,1708.43,1714.13,44.49165,0.49565,1725.4255,1725.4255,152626
2012-12-03 00:00:00+00:00,1714.96,1722.51,1712.51,1715.53,45.14215,-0.50845,1726.979,1726.979,136897
2012-12-04 00:00:00+00:00,1716.31,1717.33,1691.21,1697.38,38.7947,-2.73721,1726.047,1726.047,176260
2012-12-05 00:00:00+00:00,1696.47,1706.86,1684.75,1693.74,37.65128,-4.74256,1724.875,1724.875,151166
2012-12-06 00:00:00+00:00,1693.68,1703.21,1685.9,1699.87,40.81494,-5.77066,1723.29,1723.29,157322
2012-12-07 00:00:00+00:00,1699.52,1705.47,1684.01,1703.59,42.71459,-6.21364,1721.9275,1721.9275,149323
2012-12-10 00:00:00+00:00,1703.68,1717.21,1702.61,1712.85,47.25308,-5.7512,1721.1465,1721.1465,100652
2012-12-11 00:00:00+00:00,1712.88,1714.31,1704.75,1709.91,46.00681,-5.55787,1720.382,1720.382,118929
2012-12-12 00:00:00+00:00,1710.11,1723.27,1707.11,1711.51,46.8287,-5.21544,1719.6215,1719.6215,161499
2012-12-13 00:00:00+00:00,1709.82,1711.12,1689.39,1697.22,40.84811,-6.02766,1718.68,1718.68,189204
2012-12-14 00:00:00+00:00,1696.93,1700.41,1693.18,1695.38,40.1373,-6.7421,1717.7705,1717.7705,133274
2012-12-17 00:00:00+00:00,1699.48,1699.78,1686.49,1698.01,41.69893,-7.01521,1716.0895,1716.0895,126078
2012-12-18 00:00:00+00:00,1698.36,1703.07,1660.87,1670.48,32.22298,-9.34537,1713.232,1713.232,161673
2012-12-19 00:00:00+00:00,1672.3,1676.72,1663.22,1666.83,31.21032,-11.35566,1710.1435,1710.1435,144253
2012-12-20 00:00:00+00:00,1666.15,1671.78,1635.48,1647.15,26.39392,-14.37118,1706.014,1706.014,151076
2012-12-21 00:00:00+00:00,1647.92,1659.61,1635.44,1657.04,32.0675,-15.78105,1701.3095,1701.3095,145699
2012-12-24 00:00:00+00:00,1657.22,1665.8,1651.81,1658.25,32.75048,-16.60928,1696.794,1696.794,74420
2012-12-26 00:00:00+00:00,1655.61,1667.89,1655.23,1659.96,33.76397,-16.93249,1692.6915,1692.6915,57387
2012-12-27 00:00:00+00:00,1658.74,1665.35,1652.54,1663.86,36.12821,-16.68164,1689.9195,1689.9195,90737
2012-12-28 00:00:00+00:00,1664.37,1666.08,1653.49,1655.16,33.27487,-16.98902,1686.3925,1686.3925,79158
2012-12-31 00:00:00+00:00,1656.02,1675.21,1655.82,1674.87,44.05493,-15.46393,1684.4295,1684.4295,61932
2013-01-02 00:00:00+00:00,1673.25,1694.77,1670.1,1686.61,49.30826,-13.15631,1682.9835,1682.9835,121895
2013-01-03 00:00:00+00:00,1686.12,1689.84,1660.56,1663.17,41.02509,-13.06827,1681.273,1681.273,127627
2013-01-04 00:00:00+00:00,1663.98,1664.09,1625.8,1655.75,38.80294,-13.44228,1679.3735,1679.3735,199229
2013-01-07 00:00:00+00:00,1658.6,1662.47,1642.67,1646.98,36.30022,-14.28172,1676.729,1676.729,146341
2013-01-08 00:00:00+00:00,1647.98,1662.41,1646.44,1658.65,41.68972,-13.8457,1674.482,1674.482,142438
2013-01-09 00:00:00+00:00,1659.86,1665.81,1651.34,1657.57,41.34112,-13.43246,1671.718,1671.718,129479
2013-01-10 00:00:00+00:00,1657.83,1678.77,1653.72,1674.68,48.66478,-11.59072,1669.9565,1669.9565,122691
2013-01-11 00:00:00+00:00,1675.71,1676.79,1653.26,1662.71,44.48075,-10.97055,1667.5165,1667.5165,133064
2013-01-14 00:00:00+00:00,1661.58,1674.7,1659.88,1667.59,46.50024,-9.97035,1666.035,1666.035,112860
2013-01-15 00:00:00+00:00,1667.9,1685.06,1666.33,1679.12,51.03237,-8.15332,1665.222,1665.222,141704
2013-01-16 00:00:00+00:00,1679.73,1684.76,1673.39,1679.41,51.14448,-6.61367,1664.292,1664.292,121528
2013-01-17 00:00:00+00:00,1680.72,1696.1,1666.69,1687.6,54.32472,-4.6787,1665.148,1665.148,141146
2013-01-18 00:00:00+00:00,1687.14,1695.17,1683.31,1683.31,52.40056,-3.45159,1665.972,1665.972,118047
2013-01-21 00:00:00+00:00,1688.48,1691.2,1685.81,1689.62,54.92925,-1.94749,1668.0955,1668.0955,70148
2013-01-22 00:00:00+00:00,1690.19,1695.99,1686.59,1691.93,55.85385,-0.56259,1669.84,1669.84,115621
2013-01-23 00:00:00+00:00,1693.1,1694.94,1683.62,1685.73,52.72735,0.03426,1671.214,1671.214,105798
2013-01-24 00:00:00+00:00,1684.31,1685.98,1664.86,1667.77,44.88869,-0.93121,1671.6045,1671.6045,139698
2013-01-25 00:00:00+00:00,1668.41,1672.27,1655.87,1658.91,41.60288,-2.38381,1671.357,1671.357,138580
2013-01-28 00:00:00+00:00,1659.66,1662.29,1651.89,1655.67,40.4372,-3.75317,1671.3825,1671.3825,122744
2013-01-29 00:00:00+00:00,1654.94,1665.94,1654.73,1663.65,44.55763,-4.14669,1670.8215,1670.8215,110612
2013-01-30 00:00:00+00:00,1663.39,1683.74,1662.65,1676.71,50.58281,-3.36592,1670.3265,1670.3265,132965
2013-01-31 00:00:00+00:00,1675.85,1680.72,1657.77,1663.44,45.20697,-3.77442,1670.34,1670.34,137185
2013-02-01 00:00:00+00:00,1663.93,1682.11,1659.85,1667.11,46.88815,-3.7587,1670.908,1670.908,139153
2013-02-04 00:00:00+00:00,1668.8,1677.6,1661.48,1674.16,50.05817,-3.14115,1672.267,1672.267,125490
2013-02-05 00:00:00+00:00,1674.5,1684.97,1666.62,1672.74,49.41837,-2.7348,1672.9715,1672.9715,146732
2013-02-06 00:00:00+00:00,1672.91,1679.87,1668.31,1677.47,51.6358,-2.00794,1673.9665,1673.9665,122367
2013-02-07 00:00:00+00:00,1677.39,1683.16,1664.16,1671.4,48.68613,-1.8998,1673.8025,1673.8025,151941
2013-02-08 00:00:00+00:00,1672.09,1673.64,1665.03,1666.97,46.59416,-2.14682,1674.0155,1674.0155,131345
2013-02-11 00:00:00+00:00,1667.36,1669.54,1643.77,1647.84,38.83421,-3.84192,1673.028,1673.028,124084
2013-02-12 00:00:00+00:00,1647.29,1653.3,1639.21,1650.85,40.51296,-4.8861,1671.6145,1671.6145,139770
2013-02-13 00:00:00+00:00,1652.38,1653.46,1640.48,1642.35,37.39196,-6.32657,1669.7615,1669.7615,140440
2013-02-14 00:00:00+00:00,1641.86,1650.07,1632.79,1634.25,34.65239,-8.02919,1667.094,1667.094,152293
2013-02-15 00:00:00+00:00,1634.03,1635.99,1597.87,1609.23,27.86188,-11.26756,1663.39,1663.39,184003
2013-02-18 00:00:00+00:00,1609.22,1618.79,1607.03,1609.63,28.10445,-13.64443,1659.3905,1659.3905,115575
2013-02-19 00:00:00+00:00,1610.13,1615.2,1600.72,1604.65,26.89206,-15.74842,1655.0265,1655.0265,167818
2013-02-20 00:00:00+00:00,1604.55,1609.53,1558.65,1563.94,19.49022,-20.46489,1648.937,1648.937,260439
2013-02-21 00:00:00+00:00,1567.62,1584.98,1555.04,1575.91,25.94454,-22.97205,1644.344,1644.344,261656
2013-02-22 00:00:00+00:00,1577.73,1587.24,1569.85,1580.46,28.29762,-24.31159,1640.4215,1640.4215,195112
2013-02-25 00:00:00+00:00,1580.91,1596.99,1575.17,1593.83,34.84864,-24.01748,1637.3295,1637.3295,203096
2013-02-26 00:00:00+00:00,1592.22,1620.1,1584.44,1613.66,43.14553,-21.93147,1634.83,1634.83,262589
2013-02-27 00:00:00+00:00,1613.52,1614.83,1592.15,1597.05,38.6999,-21.37222,1630.847,1630.847,192178
2013-02-28 00:00:00+00:00,1596.96,1603.01,1574.99,1579.99,34.74051,-22.05141,1626.6745,1626.6745,213538
2013-03-01 00:00:00+00:00,1580.61,1587.28,1564.81,1576.23,33.91689,-22.63218,1622.1305,1622.1305,232651
2013-03-04 00:00:00+00:00,1580.2,1584.89,1569.38,1573.63,33.32848,-23.0367,1617.104,1617.104,174615
2013-03-05 00:00:00+00:00,1574.39,1586.51,1571.95,1575.3,34.11907,-22.95788,1612.232,1612.232,157403
2013-03-06 00:00:00+00:00,1575.28,1584.91,1567.39,1583.46,37.98843,-21.98355,1607.5315,1607.5315,162240
2013-03-07 00:00:00+00:00,1584.45,1585.46,1574.91,1578.76,36.65312,-21.3446,1602.8995,1602.8995,152290
2013-03-08 00:00:00+00:00,1578.08,1583.74,1561.41,1578.55,36.59123,-20.61751,1598.4785,1598.4785,186238
2013-03-11 00:00:00+00:00,1578.6,1583.39,1575.5,1581.59,38.21756,-19.57038,1595.166,1595.166,110765
2013-03-12 00:00:00+00:00,1582.01,1598.39,1580.02,1592.74,43.90086,-17.6375,1592.2605,1592.2605,124787
2013-03-13 00:00:00+00:00,1593.07,1599.35,1585.63,1587.54,41.96218,-16.33695,1589.52,1589.52,121769
2013-03-14 00:00:00+00:00,1589.23,1593.34,1576.31,1590.13,43.30512,-14.92522,1587.314,1587.314,131802
2013-03-15 00:00:00+00:00,1590.66,1599.08,1588.52,1591.95,44.28081,-13.50388,1586.45,1586.45,108470
2013-03-18 00:00:00+00:00,1604.62,1611.24,1591.67,1605.01,50.82114,-11.19459,1586.219,1586.219,158218
2013-03-19 00:00:00+00:00,1605.75,1615.6,1600.02,1612.23,54.03344,-8.68179,1586.598,1586.598,131529
2013-03-20 00:00:00+00:00,1613.17,1614.77,1602.9,1605.95,50.91802,-7.1151,1588.6985,1588.6985,118721
2013-03-21 00:00:00+00:00,1606.43,1616.84,1604.49,1614.49,54.7397,-5.1253,1590.6275,1590.6275,98110
2013-03-22 00:00:00+00:00,1615.76,1616.15,1603.52,1608.42,51.66071,-3.99215,1592.0255,1592.0255,97701
2013-03-25 00:00:00+00:00,1608.32,1613.79,1589.65,1605.14,50.02334,-3.32051,1592.591,1592.591,138673
2013-03-26 00:00:00+00:00,1604.08,1606.01,1594.61,1599.22,47.12046,-3.2287,1591.869,1591.869,104315
2013-03-27 00:00:00+00:00,1600.65,1608.35,1591.29,1605.11,50.21592,-2.65013,1592.272,1592.272,119462
2013-03-28 00:00:00+00:00,1605.01,1607.64,1593.97,1596.1,45.79929,-2.88537,1593.0775,1593.0775,115745
2013-04-01 00:00:00+00:00,1600.84,1601.04,1594.79,1599.5,47.66972,-2.76557,1594.241,1594.241,77749
2013-04-02 00:00:00+00:00,1599.28,1603.92,1573.59,1575.96,37.9142,-4.51803,1594.3575,1594.3575,120519
2013-04-03 00:00:00+00:00,1576.18,1577.14,1549.44,1557.2,32.24989,-7.33608,1593.4525,1593.4525,163329
2013-04-04 00:00:00+00:00,1557.26,1559.51,1540.12,1554.66,31.56235,-9.66297,1592.0125,1592.0125,181372
2013-04-05 00:00:00+00:00,1553.8,1581.25,1549.31,1580.79,44.63826,-9.29146,1592.114,1592.114,163780
2013-04-08 00:00:00+00:00,1582.24,1582.65,1567.35,1573.53,42.22434,-9.47366,1591.863,1591.863,110685
2013-04-09 00:00:00+00:00,1572.43,1590.38,1570.39,1585.19,47.16602,-8.5783,1592.043,1592.043,119768
2013-04-10 00:00:00+00:00,1585.01,1588.61,1555.7,1557.91,38.8036,-9.95524,1590.3015,1590.3015,160878
2013-04-11 00:00:00+00:00,1557.75,1568.4,1553.38,1560.99,40.09499,-10.67488,1588.974,1588.974,131722
2013-04-12 00:00:00+00:00,1559.95,1564.71,1481.75,1482.33,25.37033,-17.39193,1583.584,1583.584,272265
2013-04-15 00:00:00+00:00,1482.82,1495.57,1337.09,1348.0,15.14288,-33.17216,1571.3865,1571.3865,679039
2013-04-16 00:00:00+00:00,1362.17,1403.44,1321.54,1366.31,19.88379,-43.69692,1559.4515,1559.4515,455308
2013-04-17 00:00:00+00:00,1372.33,1395.12,1364.88,1375.74,22.29175,-50.6926,1547.627,1547.627,313402
2013-04-18 00:00:00+00:00,1376.33,1402.07,1336.14,1390.5,26.03881,-54.41842,1536.8545,1536.8545,297097
2013-04-19 00:00:00+00:00,1394.58,1425.11,1385.8,1403.53,29.28075,-55.67793,1526.3065,1526.3065,190124
2013-04-22 00:00:00+00:00,1405.88,1439.05,1403.6,1425.5,34.49449,-54.27762,1517.1605,1517.1605,241277
2013-04-23 00:00:00+00:00,1426.06,1432.84,1404.93,1414.16,33.13653,-53.46658,1507.6115,1507.6115,247831
2013-04-24 00:00:00+00:00,1413.42,1433.37,1412.23,1431.45,37.19618,-50.84258,1499.223,1499.223,204042
2013-04-25 00:00:00+00:00,1430.77,1469.19,1427.08,1466.52,44.55021,-45.40974,1492.2935,1492.2935,211498
2013-04-26 00:00:00+00:00,1466.07,1485.21,1447.91,1461.01,43.68471,-41.07529,1485.539,1485.539,272629
2013-04-29 00:00:00+00:00,1466.69,1478.76,1462.14,1474.77,46.48098,-36.11359,1479.3025,1479.3025,185909
2013-04-30 00:00:00+00:00,1474.78,1479.94,1461.0,1476.59,46.85685,-31.66949,1474.334,1474.334,181761
2013-05-01 00:00:00+00:00,1475.67,1478.07,1440.41,1457.02,43.33273,-29.38787,1469.325,1469.325,217863
2013-05-02 00:00:00+00:00,1457.65,1473.87,1448.84,1466.96,45.57187,-26.47245,1464.94,1464.94,198123
2013-05-03 00:00:00+00:00,1466.32,1488.08,1456.11,1470.45,46.3731,-23.60819,1459.423,1459.423,218108
2013-05-06 00:00:00+00:00,1470.21,1478.85,1464.48,1469.15,46.10086,-21.19879,1454.204,1454.204,146684
2013-05-07 00:00:00+00:00,1469.37,1470.65,1441.37,1452.07,42.56528,-20.432,1447.548,1447.548,210265
2013-05-08 00:00:00+00:00,1451.43,1476.68,1447.67,1473.65,47.99237,-17.87692,1443.335,1443.335,179296
2013-05-09 00:00:00+00:00,1472.38,1475.82,1453.33,1457.13,44.52396,-16.98918,1438.142,1438.142,183765
2013-05-10 00:00:00+00:00,1457.32,1462.18,1419.74,1447.39,42.57052,-16.87703,1436.395,1436.395,266095
2013-05-13 00:00:00+00:00,1445.98,1446.74,1425.87,1430.81,39.40147,-17.91945,1440.5355,1440.5355,186923
2013-05-14 00:00:00+00:00,1430.66,1445.47,1421.23,1425.56,38.42602,-18.95076,1443.498,1443.498,229151
2013-05-15 00:00:00+00:00,1425.51,1430.8,1388.37,1392.86,32.95371,-22.15135,1444.354,1444.354,280997
2013-05-16 00:00:00+00:00,1395.6,1398.31,1369.62,1386.09,31.93957,-24.94655,1444.1335,1444.1335,298414
2013-05-17 00:00:00+00:00,1384.84,1393.06,1355.26,1358.89,28.18639,-29.02203,1441.9015,1441.9015,300361
2013-05-20 00:00:00+00:00,1364.59,1399.54,1337.95,1393.41,38.12395,-29.13061,1440.297,1440.297,359215
2013-05-21 00:00:00+00:00,1393.33,1401.66,1359.7,1376.38,35.51305,-30.24222,1438.408,1438.408,300545
2013-05-22 00:00:00+00:00,1376.41,1414.31,1354.44,1369.5,34.48554,-31.31733,1435.3105,1435.3105,364168
2013-05-23 00:00:00+00:00,1369.42,1398.07,1356.61,1390.8,40.24944,-30.10362,1431.5245,1431.5245,323651
2013-05-24 00:00:00+00:00,1391.37,1398.45,1382.36,1385.79,39.37202,-29.2093,1427.7635,1427.7635,192061
2013-05-27 00:00:00+00:00,1387.9,1396.83,1384.33,1394.4,41.72325,-27.48892,1423.745,1423.745,70795
2013-05-28 00:00:00+00:00,1393.86,1399.48,1373.69,1380.98,39.17322,-26.89832,1418.9645,1418.9645,201743
2013-05-29 00:00:00+00:00,1381.97,1395.35,1380.09,1393.51,42.69486,-25.12952,1415.789,1415.789,183292
2013-05-30 00:00:00+00:00,1393.21,1418.05,1388.78,1413.95,47.98528,-21.82679,1413.1385,1413.1385,208571
2013-05-31 00:00:00+00:00,1412.93,1421.9,1384.72,1387.64,42.54113,-21.08924,1408.998,1408.998,204048
2013-06-03 00:00:00+00:00,1389.5,1417.04,1388.97,1411.29,48.22728,-18.38445,1406.105,1406.105,198939
2013-06-04 00:00:00+00:00,1410.8,1415.07,1389.07,1399.4,45.7747,-17.00429,1403.4715,1403.4715,186007
2013-06-05 00:00:00+00:00,1399.2,1410.52,1395.81,1403.74,46.83745,-15.38298,1399.976,1399.976,214863
2013-06-06 00:00:00+00:00,1402.06,1423.89,1391.78,1413.53,49.25352,-13.15645,1397.796,1397.796,236309
2013-06-07 00:00:00+00:00,1413.11,1417.97,1377.78,1381.96,42.53963,-13.78049,1394.5245,1394.5245,252479
2013-06-10 00:00:00+00:00,1379.18,1388.95,1375.79,1386.28,43.67115,-13.76775,1392.298,1392.298,195881
2013-06-11 00:00:00+00:00,1386.3,1387.53,1365.29,1377.88,41.94165,-14.27096,1389.914,1389.914,223094
2013-06-12 00:00:00+00:00,1378.26,1394.63,1373.12,1388.46,44.90141,-13.65859,1389.694,1389.694,167939
2013-06-13 00:00:00+00:00,1388.08,1394.88,1374.46,1385.12,44.13646,-13.2896,1389.6455,1389.6455,214395
2013-06-14 00:00:00+00:00,1386.32,1392.34,1378.43,1390.25,45.66751,-12.43983,1391.2135,1391.2135,176325
2013-06-17 00:00:00+00:00,1389.19,1391.93,1380.47,1385.09,44.35083,-12.04391,1390.7975,1390.7975,122520
2013-06-18 00:00:00+00:00,1384.87,1386.06,1361.13,1367.92,40.19767,-12.96615,1390.3745,1390.3745,167686
2013-06-19 00:00:00+00:00,1368.24,1376.66,1349.01,1351.03,36.56986,-14.88829,1389.451,1389.451,175965
2013-06-20 00:00:00+00:00,1350.93,1351.15,1276.13,1284.42,26.4367,-21.53819,1384.132,1384.132,464971
2013-06-21 00:00:00+00:00,1281.77,1302.47,1269.43,1295.57,29.93643,-25.61332,1379.621,1379.621,316103
2013-06-24 00:00:00+00:00,1298.87,1301.51,1276.05,1282.52,28.24286,-29.55522,1374.027,1374.027,278081
2013-06-25 00:00:00+00:00,1282.54,1289.56,1271.72,1277.47,27.59235,-32.70965,1368.8515,1368.8515,234810
2013-06-26 00:00:00+00:00,1277.08,1277.97,1221.58,1226.89,22.10148,-38.84317,1360.5205,1360.5205,409809
2013-06-27 00:00:00+00:00,1224.69,1244.63,1196.48,1200.29,19.86286,-45.32792,1349.8375,1349.8375,332479
2013-06-28 00:00:00+00:00,1202.43,1235.14,1180.17,1234.86,29.8128,-47.13428,1342.1985,1342.1985,384718
2013-07-01 00:00:00+00:00,1235.51,1261.74,1225.05,1252.2,34.2243,-46.62914,1334.244,1334.244,267695
2013-07-02 00:00:00+00:00,1254.16,1267.47,1239.55,1243.18,33.06023,-46.42152,1326.433,1326.433,205123
2013-07-03 00:00:00+00:00,1244.34,1260.02,1236.82,1252.93,35.60968,-44.95207,1318.8925,1318.8925,201562
2013-07-04 00:00:00+00:00,1251.81,1257.88,1244.79,1249.45,35.0959,-43.56612,1310.6885,1310.6885,111136
2013-07-05 00:00:00+00:00,1249.75,1250.54,1208.14,1222.92,31.37892,-44.10013,1302.7365,1302.7365,246460
2013-07-08 00:00:00+00:00,1223.59,1238.76,1215.65,1236.73,35.2247,-42.9143,1295.259,1295.259,196304
2013-07-09 00:00:00+00:00,1236.78,1260.57,1233.58,1251.14,39.06236,-40.34666,1288.922,1288.922,222132
2013-07-10 00:00:00+00:00,1251.21,1265.88,1243.97,1257.61,40.75944,-37.35906,1282.3795,1282.3795,220313
2013-07-11 00:00:00+00:00,1265.34,1298.83,1265.12,1285.8,47.60601,-32.34383,1277.4135,1277.4135,274363
2013-07-12 00:00:00+00:00,1286.44,1288.57,1267.84,1285.31,47.50324,-28.08502,1272.1665,1272.1665,159909
2013-07-15 00:00:00+00:00,1288.52,1294.77,1273.92,1284.53,47.32809,-24.49051,1267.1385,1267.1385,149161
2013-07-16 00:00:00+00:00,1283.2,1295.62,1277.17,1291.93,49.24024,-20.80489,1263.339,1263.339,179576
2013-07-17 00:00:00+00:00,1292.27,1300.55,1270.27,1275.24,45.25024,-19.01159,1259.5495,1259.5495,246353
2013-07-18 00:00:00+00:00,1275.94,1288.7,1274.1,1284.11,47.67684,-16.68236,1259.534,1259.534,173635
2013-07-19 00:00:00+00:00,1284.39,1297.89,1282.37,1295.75,50.76102,-13.7388,1259.543,1259.543,150934
2013-07-22 00:00:00+00:00,1296.7,1339.58,1296.42,1335.54,59.54054,-8.10189,1262.194,1262.194,196173
2013-07-23 00:00:00+00:00,1335.3,1346.68,1326.53,1342.55,60.86446,-3.03398,1265.448,1265.448,160980
2013-07-24 00:00:00+00:00,1345.58,1346.6,1313.19,1322.07,55.18319,-0.66256,1270.207,1270.207,167774
2013-07-25 00:00:00+00:00,1321.71,1337.72,1308.9,1333.97,57.65646,2.15224,1276.891,1276.891,182019
2013-07-26 00:00:00+00:00,1333.87,1340.72,1312.4,1333.06,57.39561,4.26044,1281.801,1281.801,180722
2013-07-29 00:00:00+00:00,1333.38,1338.29,1322.88,1328.09,55.90792,5.46715,1285.5955,1285.5955,157575
2013-07-30 00:00:00+00:00,1327.33,1330.13,1317.25,1326.16,55.30839,6.19631,1289.7445,1289.7445,131875
2013-07-31 00:00:00+00:00,1326.47,1339.07,1305.61,1325.06,54.94673,6.60923,1293.351,1293.351,243082
2013-08-01 00:00:00+00:00,1324.21,1331.09,1307.67,1310.73,50.32963,5.71429,1296.415,1296.415,188979
2013-08-02 00:00:00+00:00,1306.18,1318.46,1283.1,1312.43,50.85719,5.08362,1300.8905,1300.8905,203914
2013-08-05 00:00:00+00:00,1312.02,1320.72,1297.52,1302.85,47.77753,3.76735,1304.1965,1304.1965,131831
2013-08-06 00:00:00+00:00,1303.55,1306.98,1279.33,1283.08,42.11037,1.11606,1305.7935,1305.7935,167136
2013-08-07 00:00:00+00:00,1282.12,1289.43,1272.8,1287.24,43.62566,-0.64203,1307.275,1307.275,158376
2013-08-08 00:00:00+00:00,1286.71,1314.32,1282.93,1312.92,51.98147,0.03642,1308.631,1308.631,173838
2013-08-09 00:00:00+00:00,1312.54,1317.25,1304.84,1314.24,52.37225,0.67285,1310.0775,1310.0775,145957
2013-08-12 00:00:00+00:00,1317.59,1344.1,1316.41,1337.07,58.64135,2.985,1312.7045,1312.7045,177883
2013-08-13 00:00:00+00:00,1337.85,1341.34,1318.79,1321.41,53.44474,3.51327,1314.1785,1314.1785,188501
2013-08-14 00:00:00+00:00,1321.35,1336.08,1315.89,1335.53,57.13336,5.0135,1317.193,1317.193,176048
2013-08-15 00:00:00+00:00,1335.83,1370.1,1318.9,1365.61,63.72675,8.53131,1321.268,1321.268,277662
2013-08-16 00:00:00+00:00,1365.78,1379.57,1357.74,1376.56,65.78961,12.06371,1325.3085,1325.3085,257506
2013-08-19 00:00:00+00:00,1378.68,1384.4,1362.34,1365.9,62.08778,13.8434,1326.8265,1326.8265,204997
2013-08-20 00:00:00+00:00,1365.69,1377.61,1352.35,1371.13,63.18235,15.4972,1328.2555,1328.2555,205722
2013-08-21 00:00:00+00:00,1369.1,1379.17,1359.84,1366.56,61.51119,16.25175,1330.48,1330.48,234750
2013-08-22 00:00:00+00:00,1366.98,1381.74,1355.1,1375.72,63.58997,17.38843,1332.5675,1332.5675,212011
2013-08-23 00:00:00+00:00,1376.98,1400.01,1368.66,1397.68,68.04574,19.83262,1335.7985,1335.7985,201752
2013-08-26 00:00:00+00:00,1398.85,1406.97,1389.45,1404.39,69.28271,22.05685,1339.6135,1339.6135,172220
2013-08-27 00:00:00+00:00,1404.39,1423.76,1395.79,1414.4,71.0812,24.34663,1344.0255,1344.0255,215977
2013-08-28 00:00:00+00:00,1417.5,1433.73,1413.37,1417.73,71.67534,26.12881,1348.659,1348.659,241073
2013-08-29 00:00:00+00:00,1417.71,1418.33,1402.47,1407.53,67.12612,26.41366,1353.499,1353.499,233344
2013-08-30 00:00:00+00:00,1406.19,1411.2,1392.18,1394.81,61.85377,25.32113,1357.618,1357.618,185686
2013-09-02 00:00:00+00:00,1391.41,1398.3,1373.8,1391.84,60.65582,23.93967,1362.0675,1362.0675,129325
2013-09-03 00:00:00+00:00,1390.94,1416.35,1384.5,1412.69,65.6809,24.24776,1368.548,1368.548,191607
2013-09-04 00:00:00+00:00,1411.85,1414.98,1384.71,1391.28,57.55222,22.5049,1373.75,1373.75,185417
2013-09-05 00:00:00+00:00,1392.61,1399.88,1364.74,1367.94,50.25101,19.02106,1376.501,1376.501,183408
2013-09-06 00:00:00+00:00,1366.25,1393.33,1359.91,1391.13,56.19696,17.9247,1380.3455,1380.3455,180048
2013-09-09 00:00:00+00:00,1389.9,1391.95,1382.07,1386.84,54.88998,16.51925,1382.834,1382.834,108892
2013-09-10 00:00:00+00:00,1386.78,1391.11,1357.78,1363.67,48.34957,13.38153,1384.947,1384.947,144392
2013-09-11 00:00:00+00:00,1364.58,1368.58,1356.68,1365.09,48.75259,10.88399,1386.425,1386.425,129065
2013-09-12 00:00:00+00:00,1365.52,1365.81,1320.59,1322.01,38.84872,5.36661,1384.245,1384.245,200581
2013-09-13 00:00:00+00:00,1323.63,1330.88,1304.91,1326.15,40.10789,1.31297,1381.7245,1381.7245,214761
2013-09-16 00:00:00+00:00,1329.26,1334.71,1303.86,1310.68,37.03878,-3.11199,1378.9635,1378.9635,202492
2013-09-17 00:00:00+00:00,1311.25,1323.95,1306.19,1310.41,36.98559,-6.56492,1375.9275,1375.9275,166839
2013-09-18 00:00:00+00:00,1310.33,1367.38,1291.79,1364.02,51.79076,-4.9188,1375.8005,1375.8005,268928
2013-09-19 00:00:00+00:00,1365.21,1375.08,1358.64,1366.09,52.25719,-3.40793,1375.319,1375.319,210444
2013-09-20 00:00:00+00:00,1365.68,1368.21,1324.67,1325.65,43.41896,-5.41135,1371.7175,1371.7175,202734
2013-09-23 00:00:00+00:00,1325.71,1331.87,1313.36,1322.32,42.77738,-7.18495,1367.614,1367.614,209810
2013-09-24 00:00:00+00:00,1322.91,1329.32,1305.8,1323.04,42.97359,-8.4352,1363.046,1363.046,215356
2013-09-25 00:00:00+00:00,1322.68,1338.09,1316.66,1334.03,46.01633,-8.44193,1358.861,1358.861,196189
2013-09-26 00:00:00+00:00,1332.89,1339.23,1318.82,1323.79,43.67784,-9.16786,1354.674,1354.674,183891
2013-09-27 00:00:00+00:00,1323.93,1344.09,1319.72,1336.46,47.24983,-8.62141,1351.7565,1351.7565,296524
2013-09-30 00:00:00+00:00,1347.77,1347.77,1322.6,1328.65,45.34094,-8.71806,1348.597,1348.597,148109
2013-10-01 00:00:00+00:00,1327.47,1337.67,1282.3,1288.68,37.08375,-11.88292,1342.3965,1342.3965,225395
2013-10-02 00:00:00+00:00,1289.15,1323.88,1277.81,1316.07,44.53763,-12.04214,1338.636,1338.636,234815
2013-10-03 00:00:00+00:00,1316.76,1322.03,1301.97,1316.72,44.70506,-11.97779,1336.075,1336.075,230387
2013-10-04 00:00:00+00:00,1316.65,1324.39,1305.75,1310.51,43.35842,-12.28627,1332.044,1332.044,169446
2013-10-07 00:00:00+00:00,1313.89,1328.97,1308.56,1322.6,46.72315,-11.42349,1328.832,1328.832,193362
2013-10-08 00:00:00+00:00,1323.04,1330.09,1315.52,1319.18,45.89265,-10.89016,1326.6075,1326.6075,233068
2013-10-09 00:00:00+00:00,1318.36,1321.45,1294.76,1304.64,42.43885,-11.5081,1323.585,1323.585,281425
2013-10-10 00:00:00+00:00,1306.2,1311.78,1282.49,1286.74,38.58862,-13.28901,1321.8215,1321.8215,252191
2013-10-11 00:00:00+00:00,1285.59,1294.58,1262.13,1272.08,35.7296,-15.70232,1319.118,1319.118,309223
2013-10-14 00:00:00+00:00,1273.8,1289.3,1268.71,1271.9,35.69463,-17.42851,1317.179,1317.179,101232
2013-10-15 00:00:00+00:00,1272.45,1288.11,1251.67,1282.95,39.60258,-17.70085,1315.806,1315.806,114621
2013-10-16 00:00:00+00:00,1282.15,1288.3,1269.3,1282.52,39.50198,-17.74679,1311.731,1311.731,109244
2013-10-17 00:00:00+00:00,1282.21,1324.41,1274.54,1320.2,51.20047,-14.57474,1309.4365,1309.4365,116352
2013-10-18 00:00:00+00:00,1319.57,1327.19,1311.76,1316.08,50.0606,-12.25208,1308.958,1308.958,79955
2013-10-21 00:00:00+00:00,1315.07,1324.15,1313.24,1315.92,50.01403,-10.30547,1308.638,1308.638,63097
2013-10-22 00:00:00+00:00,1314.88,1344.73,1310.19,1340.09,56.58417,-6.73481,1309.4905,1309.4905,63043
2013-10-23 00:00:00+00:00,1339.89,1342.27,1329.27,1333.4,54.45081,-4.39422,1309.459,1309.459,70408
2013-10-24 00:00:00+00:00,1330.99,1352.07,1330.36,1346.6,57.82923,-1.45735,1310.5995,1310.5995,71583
2013-10-25 00:00:00+00:00,1347.87,1355.8,1336.66,1350.44,58.78689,1.16655,1311.2985,1311.2985,67899
2013-10-28 00:00:00+00:00,1352.65,1361.77,1346.43,1352.85,59.40989,3.40127,1312.5085,1312.5085,61611
2013-10-29 00:00:00+00:00,1352.04,1360.61,1340.29,1344.85,56.364,4.47518,1315.317,1315.317,71735
2013-10-30 00:00:00+00:00,1344.09,1359.59,1334.81,1344.35,56.17017,5.22567,1316.731,1316.731,77542
2013-10-31 00:00:00+00:00,1341.25,1342.03,1319.15,1322.87,48.46012,4.04061,1317.0385,1317.0385,78922
2013-11-01 00:00:00+00:00,1323.33,1327.45,1306.15,1315.85,46.22689,2.5061,1317.3055,1317.3055,75437
2013-11-04 00:00:00+00:00,1314.57,1322.54,1311.19,1314.3,45.72583,1.15164,1316.8905,1316.8905,55499
2013-11-05 00:00:00+00:00,1314.11,1320.14,1305.95,1311.15,44.66624,-0.17395,1316.489,1316.489,65181
2013-11-06 00:00:00+00:00,1312.02,1322.05,1309.19,1317.69,47.39195,-0.68883,1317.1415,1317.1415,58437
2013-11-07 00:00:00+00:00,1317.41,1326.34,1296.77,1307.41,43.74431,-1.90443,1318.175,1318.175,72924
2013-11-08 00:00:00+00:00,1308.05,1313.74,1281.07,1287.8,37.77195,-4.39945,1318.961,1318.961,70632
2013-11-11 00:00:00+00:00,1288.43,1288.63,1279.09,1283.71,36.6481,-6.63037,1319.5515,1319.5515,55533
2013-11-12 00:00:00+00:00,1282.21,1285.27,1261.33,1268.87,32.83114,-9.4865,1318.8475,1318.8475,74687
2013-11-13 00:00:00+00:00,1266.12,1279.66,1265.8,1273.35,35.03103,-11.25873,1318.389,1318.389,70325
2013-11-14 00:00:00+00:00,1283.86,1294.25,1278.12,1287.65,41.60533,-11.37817,1316.7615,1316.7615,79398
2013-11-15 00:00:00+00:00,1287.56,1291.13,1280.37,1287.97,41.74739,-11.31656,1315.356,1315.356,62212
2013-11-18 00:00:00+00:00,1288.78,1289.54,1269.98,1273.64,37.36392,-12.28247,1313.242,1313.242,61487
2013-11-19 00:00:00+00:00,1274.96,1278.79,1269.15,1274.11,37.59536,-12.86176,1309.943,1309.943,68866
2013-11-20 00:00:00+00:00,1274.79,1276.35,1241.05,1244.35,30.02913,-15.54307,1305.4905,1305.4905,82380
2013-11-21 00:00:00+00:00,1243.85,1250.37,1236.71,1243.18,29.77542,-17.56002,1300.3195,1300.3195,77277
2013-11-22 00:00:00+00:00,1243.78,1248.9,1241.08,1243.15,29.76847,-18.94252,1294.955,1294.955,56523
2013-11-25 00:00:00+00:00,1237.81,1253.83,1226.77,1248.74,32.90868,-19.36389,1289.7495,1289.7495,71353
2013-11-26 00:00:00+00:00,1250.82,1257.87,1239.6,1242.89,31.32993,-19.94001,1284.6515,1284.6515,58079
2013-11-27 00:00:00+00:00,1242.91,1254.63,1236.28,1237.99,30.03039,-20.55504,1279.3335,1279.3335,57705
2013-11-28 00:00:00+00:00,1238.15,1245.65,1234.72,1244.33,33.85348,-20.2969,1275.4065,1275.4065,32713
2013-11-29 00:00:00+00:00,1244.65,1254.75,1240.74,1252.92,38.73762,-19.1781,1272.26,1272.26,45446
2013-12-02 00:00:00+00:00,1249.5,1249.75,1217.77,1219.77,29.6415,-20.72745,1267.5335,1267.5335,72703
2013-12-03 00:00:00+00:00,1221.03,1226.12,1215.19,1223.12,31.39468,-21.43787,1263.132,1263.132,63810
2013-12-04 00:00:00+00:00,1223.5,1251.49,1211.71,1243.48,41.01463,-20.12601,1259.4215,1259.4215,80144
2013-12-05 00:00:00+00:00,1242.42,1242.69,1217.04,1224.81,36.02599,-20.35818,1255.2915,1255.2915,84743
2013-12-06 00:00:00+00:00,1225.22,1244.53,1212.7,1228.61,37.68727,-20.00495,1252.332,1252.332,75537
2013-12-09 00:00:00+00:00,1231.01,1243.03,1225.24,1240.34,42.63899,-18.5645,1250.1635,1250.1635,64408
2013-12-10 00:00:00+00:00,1239.55,1267.76,1237.85,1260.87,50.11134,-15.58666,1249.7635,1249.7635,74250
2013-12-11 00:00:00+00:00,1261.59,1263.28,1251.08,1251.08,46.96916,-13.85693,1248.65,1248.65,76635
2013-12-12 00:00:00+00:00,1253.61,1256.92,1223.89,1225.35,39.88973,-14.39636,1245.535,1245.535,78399
2013-12-13 00:00:00+00:00,1225.85,1238.65,1220.54,1238.41,44.46523,-13.6131,1243.057,1243.057,74625
2013-12-16 00:00:00+00:00,1237.69,1251.86,1227.75,1241.16,45.40754,-12.62493,1241.433,1241.433,76242
2013-12-17 00:00:00+00:00,1240.02,1248.0,1227.41,1230.89,42.50678,-12.5261,1239.272,1239.272,73750
2013-12-18 00:00:00+00:00,1230.25,1244.45,1216.06,1217.81,39.08236,-13.34935,1237.945,1237.945,80189
2013-12-19 00:00:00+00:00,1217.33,1226.46,1187.14,1189.7,32.94054,-16.08461,1235.271,1235.271,93007
2013-12-20 00:00:00+00:00,1189.77,1207.43,1188.76,1202.93,37.88793,-16.98893,1233.26,1233.26,73911
2013-12-23 00:00:00+00:00,1203.57,1206.12,1192.65,1198.56,36.91904,-17.85244,1230.751,1230.751,51167
2013-12-24 00:00:00+00:00,1197.99,1203.02,1196.1,1202.91,38.60217,-17.97853,1228.752,1228.752,29420
2013-12-26 00:00:00+00:00,1204.44,1215.78,1204.13,1210.39,41.49301,-17.27573,1227.372,1227.372,26122
2013-12-27 00:00:00+00:00,1211.31,1219.02,1208.94,1213.13,42.5599,-16.30966,1225.812,1225.812,52165
2013-12-30 00:00:00+00:00,1215.12,1216.11,1195.12,1196.29,37.97636,-16.71027,1222.9805,1222.9805,63724
2013-12-31 00:00:00+00:00,1197.61,1214.54,1182.42,1208.26,42.70015,-15.87883,1222.405,1222.405,49477
2014-01-02 00:00:00+00:00,1225.12,1230.78,1213.57,1224.56,48.45696,-13.74617,1222.477,1222.477,56067
2014-01-03 00:00:00+00:00,1223.18,1240.14,1223.06,1236.05,52.1095,-11.00206,1222.1055,1222.1055,69410
2014-01-06 00:00:00+00:00,1237.32,1248.33,1214.21,1237.71,52.63176,-8.59431,1222.7505,1222.7505,75934
2014-01-07 00:00:00+00:00,1237.74,1245.25,1224.9,1231.71,50.48859,-7.08859,1222.9055,1222.9055,72641
2014-01-08 00:00:00+00:00,1231.36,1232.34,1218.43,1225.28,48.22237,-6.34105,1222.1525,1222.1525,70825
2014-01-09 00:00:00+00:00,1225.89,1231.32,1223.49,1227.65,49.12874,-5.49404,1220.4915,1220.4915,57178
2014-01-10 00:00:00+00:00,1227.98,1248.84,1227.16,1247.78,56.14994,-3.16201,1220.3265,1220.3265,62217
2014-01-13 00:00:00+00:00,1250.1,1254.99,1243.57,1252.93,57.75632,-0.88806,1221.7055,1221.7055,57204
2014-01-14 00:00:00+00:00,1252.61,1255.19,1241.64,1245.06,54.47229,0.27584,1222.038,1222.038,56721
2014-01-15 00:00:00+00:00,1244.88,1244.89,1234.21,1241.6,53.04428,0.90857,1222.06,1222.06,60041
2014-01-16 00:00:00+00:00,1241.63,1245.3,1236.31,1242.1,53.23507,1.43383,1222.6205,1222.6205,55807
2014-01-17 00:00:00+00:00,1242.91,1254.87,1237.72,1253.75,57.56184,2.75836,1224.4175,1224.4175,55796
2014-01-20 00:00:00+00:00,1257.35,1259.81,1250.15,1250.81,56.14996,3.53014,1227.473,1227.473,32412
2014-01-21 00:00:00+00:00,1255.06,1255.68,1235.58,1241.05,51.62311,3.316,1229.379,1229.379,56450
2014-01-22 00:00:00+00:00,1242.06,1243.54,1235.89,1236.5,49.61493,2.74748,1231.276,1231.276,48568
2014-01-23 00:00:00+00:00,1236.49,1265.43,1231.48,1264.43,59.92153,4.49878,1234.352,1234.352,70092
2014-01-24 00:00:00+00:00,1263.84,1272.48,1256.85,1269.22,61.38058,6.20172,1237.2935,1237.2935,70466
2014-01-27 00:00:00+00:00,1270.5,1278.93,1251.92,1256.64,55.65055,6.46173,1239.469,1239.469,72540
2014-01-28 00:00:00+00:00,1255.23,1261.88,1248.83,1256.28,55.4909,6.56308,1242.4685,1242.4685,54189
2014-01-29 00:00:00+00:00,1249.56,1270.1,1248.91,1267.59,59.42866,7.46991,1245.435,1245.435,62342
2014-01-30 00:00:00+00:00,1266.8,1267.67,1238.0,1243.44,49.38226,6.16878,1246.379,1246.379,66634
2014-01-31 00:00:00+00:00,1243.84,1254.86,1238.45,1243.85,49.53823,5.11177,1246.769,1246.769,61128
2014-02-03 00:00:00+00:00,1243.65,1266.23,1240.76,1257.41,54.52851,5.30709,1247.754,1247.754,59131
2014-02-04 00:00:00+00:00,1257.39,1260.91,1247.21,1254.66,53.37568,5.18027,1248.9015,1248.9015,59118
2014-02-05 00:00:00+00:00,1254.47,1274.27,1252.37,1258.01,54.63394,5.2891,1250.538,1250.538,59110
2014-02-06 00:00:00+00:00,1258.4,1266.75,1252.75,1257.66,54.46855,5.28618,1252.0385,1252.0385,54850
2014-02-07 00:00:00+00:00,1257.03,1271.83,1256.16,1267.35,58.23792,5.99664,1253.017,1253.017,60041
2014-02-10 00:00:00+00:00,1269.36,1277.83,1265.1,1274.59,60.84607,7.06248,1254.1,1254.1,52232
2014-02-11 00:00:00+00:00,1274.35,1293.78,1273.68,1291.52,66.16707,9.1676,1256.423,1256.423,67835
2014-02-12 00:00:00+00:00,1290.74,1296.25,1283.93,1290.83,65.77474,10.65739,1258.8845,1258.8845,64027
2014-02-13 00:00:00+00:00,1290.91,1302.83,1286.18,1302.72,69.1674,12.65164,1261.9155,1261.9155,64497
2014-02-14 00:00:00+00:00,1301.44,1321.1,1299.77,1318.14,72.91694,15.3,1265.135,1265.135,73764
2014-02-17 00:00:00+00:00,1320.16,1329.71,1319.06,1328.33,75.07414,18.01344,1269.011,1269.011,49567
2014-02-18 00:00:00+00:00,1330.02,1331.99,1312.61,1321.43,70.95294,19.38365,1273.03,1273.03,73478
2014-02-19 00:00:00+00:00,1322.51,1322.82,1308.86,1311.47,65.37421,19.44175,1276.7785,1276.7785,67558
2014-02-20 00:00:00+00:00,1311.81,1324.93,1307.28,1322.56,68.35748,20.15038,1279.685,1279.685,67785
2014-02-21 00:00:00+00:00,1322.74,1328.43,1316.03,1324.09,68.75741,20.59799,1282.4285,1282.4285,57949
2014-02-24 00:00:00+00:00,1324.66,1338.87,1318.76,1336.73,71.91548,21.72227,1286.433,1286.433,63186
2014-02-25 00:00:00+00:00,1335.21,1343.57,1331.21,1340.41,72.77821,22.64913,1290.6395,1290.6395,59954
2014-02-26 00:00:00+00:00,1340.46,1345.32,1322.38,1330.9,67.04627,22.35856,1293.805,1293.805,66680
2014-02-27 00:00:00+00:00,1330.65,1336.13,1323.8,1330.96,67.0639,21.88089,1298.181,1298.181,65893
2014-02-28 00:00:00+00:00,1331.07,1333.24,1319.77,1326.21,64.13925,20.87838,1302.299,1302.299,69861
2014-03-03 00:00:00+00:00,1335.44,1354.66,1330.65,1350.44,71.06997,21.78788,1306.9505,1306.9505,75560
2014-03-04 00:00:00+00:00,1350.08,1352.48,1331.18,1334.71,62.61011,20.99735,1310.953,1310.953,73978
2014-03-05 00:00:00+00:00,1335.09,1341.74,1332.59,1336.84,63.24806,20.30861,1314.8945,1314.8945,62468
2014-03-06 00:00:00+00:00,1336.74,1353.52,1331.11,1351.02,67.25379,20.66873,1319.5625,1319.5625,59514
2014-03-07 00:00:00+00:00,1349.96,1352.88,1327.97,1340.17,61.71131,19.84981,1323.2035,1323.2035,70297
2014-03-10 00:00:00+00:00,1338.85,1344.53,1328.07,1339.22,61.23546,18.90621,1326.435,1326.435,63069
2014-03-11 00:00:00+00:00,1340.04,1352.5,1337.56,1348.43,64.1237,18.68617,1329.2805,1329.2805,59006
2014-03-12 00:00:00+00:00,1348.61,1370.76,1345.38,1363.65,68.32389,19.51496,1332.9215,1332.9215,74216
2014-03-13 00:00:00+00:00,1366.54,1374.95,1364.44,1366.3,69.00431,20.1533,1336.1005,1336.1005,77093
2014-03-14 00:00:00+00:00,1371.0,1387.9,1367.8,1382.27,72.7967,21.69771,1339.307,1339.307,70674
2014-03-17 00:00:00+00:00,1388.3,1388.91,1361.88,1366.68,64.50015,21.41681,1341.2245,1341.2245,70760
2014-03-18 00:00:00+00:00,1366.12,1367.49,1350.66,1355.44,59.25657,20.05602,1342.925,1342.925,70782
2014-03-19 00:00:00+00:00,1356.38,1359.61,1327.68,1327.9,48.79049,16.5644,1343.7465,1343.7465,78233
2014-03-20 00:00:00+00:00,1327.77,1334.56,1320.48,1327.56,48.67619,13.61291,1343.9965,1343.9965,73744
2014-03-21 00:00:00+00:00,1330.63,1342.32,1329.11,1333.55,50.86039,11.62319,1344.4695,1344.4695,56770
2014-03-24 00:00:00+00:00,1330.15,1334.19,1307.84,1308.58,42.70209,7.93992,1343.062,1343.062,61403
2014-03-25 00:00:00+00:00,1309.38,1317.26,1305.67,1310.86,43.59183,5.14557,1341.5845,1341.5845,64498
2014-03-26 00:00:00+00:00,1310.22,1316.29,1298.59,1304.27,41.58198,2.37193,1340.253,1340.253,61815
2014-03-27 00:00:00+00:00,1304.1,1306.73,1288.99,1291.13,37.83604,-0.87639,1338.2615,1338.2615,61072
2014-03-28 00:00:00+00:00,1291.75,1298.62,1285.68,1294.83,39.48907,-3.11623,1336.6925,1336.6925,57007
2014-03-31 00:00:00+00:00,1293.58,1298.47,1282.38,1283.82,36.38828,-5.71386,1333.3615,1333.3615,60604
2014-04-01 00:00:00+00:00,1284.67,1287.91,1277.63,1279.17,35.1335,-8.05487,1330.5845,1330.5845,60388
2014-04-02 00:00:00+00:00,1279.48,1294.43,1279.48,1289.77,40.19609,-8.95162,1328.231,1328.231,56278
2014-04-03 00:00:00+00:00,1290.52,1293.82,1281.54,1286.49,39.17718,-9.81384,1325.0045,1325.0045,55882
2014-04-04 00:00:00+00:00,1286.64,1306.68,1284.12,1303.9,46.87493,-8.98869,1323.191,1323.191,56994
2014-04-07 00:00:00+00:00,1302.75,1304.09,1295.55,1297.16,44.52555,-8.77744,1321.088,1321.088,44337
2014-04-08 00:00:00+00:00,1297.17,1314.28,1296.86,1308.41,49.11033,-7.61447,1319.087,1319.087,54737
2014-04-09 00:00:00+00:00,1308.72,1314.98,1300.79,1311.47,50.31321,-6.37243,1316.478,1316.478,64462
2014-04-10 00:00:00+00:00,1312.35,1324.42,1310.7,1318.89,53.2018,-4.73479,1314.1075,1314.1075,67518
2014-04-11 00:00:00+00:00,1318.25,1323.79,1314.12,1318.16,52.87611,-3.45602,1310.902,1310.902,60059
2014-04-14 00:00:00+00:00,1322.41,1331.04,1318.67,1327.06,56.38201,-1.70478,1308.921,1308.921,58262
2014-04-15 00:00:00+00:00,1327.0,1328.18,1284.61,1302.33,46.11547,-2.28606,1306.2655,1306.2655,78408
2014-04-16 00:00:00+00:00,1302.54,1307.0,1293.49,1302.54,46.20505,-2.69867,1304.9975,1304.9975,65770
2014-04-17 00:00:00+00:00,1302.01,1304.06,1293.08,1294.74,43.32413,-3.61341,1303.3565,1303.3565,57101
2014-04-21 00:00:00+00:00,1294.38,1301.69,1281.82,1289.8,41.55686,-4.68298,1301.169,1301.169,55784
2014-04-22 00:00:00+00:00,1290.09,1292.78,1277.42,1283.96,39.50525,-5.93347,1299.938,1299.938,57696
2014-04-23 00:00:00+00:00,1283.86,1288.9,1280.79,1283.52,39.34763,-6.88068,1298.571,1298.571,56527
2014-04-24 00:00:00+00:00,1283.86,1298.58,1268.41,1292.98,44.47672,-6.78973,1298.0065,1298.0065,75042
2014-04-25 00:00:00+00:00,1293.91,1305.0,1290.31,1302.55,49.16053,-5.87769,1298.5775,1298.5775,61469
2014-04-28 00:00:00+00:00,1304.11,1306.4,1291.9,1296.49,46.48633,-5.57956,1298.6605,1298.6605,59759
2014-04-29 00:00:00+00:00,1296.13,1301.29,1286.2,1295.76,46.16058,-5.34063,1299.2575,1299.2575,55583
2014-04-30 00:00:00+00:00,1295.37,1298.07,1284.88,1291.08,44.03038,-5.46591,1299.853,1299.853,65105
2014-05-01 00:00:00+00:00,1291.3,1292.8,1277.21,1283.97,40.93939,-6.06895,1299.563,1299.563,52802
2014-05-02 00:00:00+00:00,1284.64,1304.54,1273.21,1300.05,49.56311,-5.18952,1300.241,1300.241,64629
2014-05-05 00:00:00+00:00,1301.12,1315.55,1299.36,1310.06,54.06008,-3.64285,1300.549,1300.549,59513
2014-05-06 00:00:00+00:00,1309.49,1313.95,1304.28,1308.07,53.04748,-2.54831,1301.0945,1301.0945,58575
2014-05-07 00:00:00+00:00,1308.03,1314.38,1286.5,1289.97,44.82354,-3.10559,1300.1725,1300.1725,68008
2014-05-08 00:00:00+00:00,1290.1,1295.27,1284.91,1289.05,44.44637,-3.58021,1299.0515,1299.0515,66080
2014-05-09 00:00:00+00:00,1290.39,1294.28,1285.41,1288.62,44.25891,-3.94556,1297.538,1297.538,57279
2014-05-12 00:00:00+00:00,1288.65,1303.84,1277.58,1295.8,48.1884,-3.61408,1296.42,1296.42,66167
2014-05-13 00:00:00+00:00,1295.47,1298.68,1288.96,1293.32,46.95707,-3.51102,1294.733,1294.733,64854
2014-05-14 00:00:00+00:00,1294.23,1308.92,1291.5,1305.9,53.45425,-2.38673,1294.9115,1294.9115,61947
2014-05-15 00:00:00+00:00,1305.01,1307.03,1290.8,1295.93,48.39489,-2.27401,1294.581,1294.581,66202
2014-05-16 00:00:00+00:00,1295.79,1298.2,1287.68,1293.28,47.11833,-2.37117,1294.508,1294.508,53262
2014-05-19 00:00:00+00:00,1290.95,1305.34,1290.49,1292.9,46.92718,-2.45059,1294.663,1294.663,57987
2014-05-20 00:00:00+00:00,1292.61,1296.79,1285.83,1294.02,47.60191,-2.39554,1295.166,1295.166,65825
2014-05-21 00:00:00+00:00,1294.04,1296.23,1283.26,1291.83,46.36077,-2.49981,1295.5815,1295.5815,62004
2014-05-22 00:00:00+00:00,1292.19,1303.6,1289.97,1293.58,47.53789,-2.41342,1295.6115,1295.6115,59276
2014-05-23 00:00:00+00:00,1293.51,1295.4,1286.58,1292.13,46.62489,-2.43389,1295.0905,1295.0905,53463
2014-05-26 00:00:00+00:00,1291.9,1294.07,1290.76,1291.34,46.10534,-2.48522,1294.833,1294.833,25962
2014-05-27 00:00:00+00:00,1292.23,1293.32,1264.28,1264.77,32.8478,-4.61666,1293.2835,1293.2835,65094
2014-05-28 00:00:00+00:00,1264.57,1267.1,1255.86,1258.23,30.52138,-6.75568,1291.641,1291.641,61337
2014-05-29 00:00:00+00:00,1259.35,1260.4,1251.43,1255.59,29.60974,-8.56517,1290.222,1290.222,61893
2014-05-30 00:00:00+00:00,1255.73,1260.31,1242.15,1249.23,27.48023,-10.3926,1287.681,1287.681,59271
2014-06-02 00:00:00+00:00,1249.56,1250.7,1240.93,1243.83,25.78461,-12.13668,1284.3695,1284.3695,52894
2014-06-03 00:00:00+00:00,1243.86,1247.59,1240.56,1244.75,26.6154,-13.29143,1281.2035,1281.2035,53832
2014-06-04 00:00:00+00:00,1244.88,1248.94,1242.77,1243.53,26.19661,-14.14199,1278.8815,1278.8815,50918
2014-06-05 00:00:00+00:00,1244.23,1257.53,1240.99,1253.66,35.30002,-13.83914,1277.112,1277.112,59917
2014-06-06 00:00:00+00:00,1253.41,1257.68,1245.8,1253.04,35.01534,-13.49361,1275.333,1275.333,56369
2014-06-09 00:00:00+00:00,1251.96,1256.92,1251.46,1252.43,34.71868,-13.11778,1273.1645,1273.1645,42220
2014-06-10 00:00:00+00:00,1252.22,1263.41,1250.31,1260.0,41.35857,-12.06997,1271.4985,1271.4985,47968
2014-06-11 00:00:00+00:00,1259.39,1265.2,1258.51,1260.99,42.18674,-11.0325,1269.253,1269.253,46141
2014-06-12 00:00:00+00:00,1261.03,1274.76,1259.8,1272.63,50.95676,-9.1654,1268.088,1268.088,58900
2014-06-13 00:00:00+00:00,1273.32,1277.81,1270.68,1276.63,53.56365,-7.27904,1267.2555,1267.2555,57749
2014-06-16 00:00:00+00:00,1277.84,1284.82,1270.58,1272.07,50.28233,-6.08192,1266.214,1266.214,58031
2014-06-17 00:00:00+00:00,1271.19,1273.2,1258.54,1270.46,49.13777,-5.20314,1265.036,1265.036,55385
2014-06-18 00:00:00+00:00,1271.2,1278.35,1266.23,1277.46,54.03661,-3.89693,1264.3175,1264.3175,55670
2014-06-19 00:00:00+00:00,1278.29,1321.51,1275.87,1319.67,71.72284,0.53804,1265.622,1265.622,74124
2014-06-20 00:00:00+00:00,1321.47,1321.88,1306.37,1314.9,68.51441,3.62609,1266.7605,1266.7605,69922
2014-06-23 00:00:00+00:00,1314.38,1318.49,1309.87,1317.37,69.28073,6.20121,1268.062,1268.062,55354
2014-06-24 00:00:00+00:00,1317.7,1325.88,1313.77,1317.81,69.4235,8.18319,1270.714,1270.714,56506
2014-06-25 00:00:00+00:00,1318.13,1324.77,1310.49,1319.08,69.85892,9.74408,1273.7565,1273.7565,56472
2014-06-26 00:00:00+00:00,1318.45,1319.68,1306.17,1316.76,67.95515,10.67088,1276.815,1276.815,53057
2014-06-27 00:00:00+00:00,1316.37,1322.19,1312.61,1315.88,67.20701,11.2052,1280.1475,1280.1475,51997
2014-06-30 00:00:00+00:00,1315.92,1329.34,1310.28,1327.17,71.53659,12.39676,1284.3145,1284.3145,54711
2014-07-01 00:00:00+00:00,1326.64,1332.26,1323.69,1325.71,70.245,13.07258,1288.3625,1288.3625,55940
2014-07-02 00:00:00+00:00,1326.08,1331.93,1321.23,1326.41,70.51983,13.50893,1292.5065,1292.5065,50253
2014-07-03 00:00:00+00:00,1327.12,1327.37,1309.25,1319.61,64.30622,13.15441,1295.804,1295.804,53625
2014-07-04 00:00:00+00:00,1319.93,1323.18,1318.54,1319.6,64.29724,12.72594,1299.132,1299.132,31770
2014-07-07 00:00:00+00:00,1319.7,1319.84,1311.41,1319.57,64.26827,12.24282,1302.489,1302.489,54002
2014-07-08 00:00:00+00:00,1319.65,1324.75,1313.4,1319.26,63.94764,11.70007,1305.452,1305.452,48339
2014-07-09 00:00:00+00:00,1319.25,1332.1,1317.73,1327.75,68.57207,11.81876,1308.79,1308.79,50613
2014-07-10 00:00:00+00:00,1327.58,1345.05,1326.32,1335.04,71.90453,12.35861,1311.9105,1311.9105,54325
2014-07-11 00:00:00+00:00,1335.54,1339.04,1333.57,1337.83,73.08097,12.86329,1314.9705,1314.9705,39424
2014-07-14 00:00:00+00:00,1338.97,1338.97,1302.39,1306.79,48.6658,10.63598,1316.7065,1316.7065,59495
2014-07-15 00:00:00+00:00,1307.24,1313.59,1291.97,1294.51,42.60198,7.79013,1317.909,1317.909,59089
2014-07-16 00:00:00+00:00,1294.92,1303.58,1293.83,1298.44,44.96538,5.7852,1318.958,1318.958,49090
2014-07-17 00:00:00+00:00,1298.78,1323.83,1297.53,1318.93,55.29976,5.78299,1318.921,1318.921,65546
2014-07-18 00:00:00+00:00,1319.17,1324.53,1304.41,1310.34,50.97794,5.03011,1318.693,1318.693,53300
2014-07-21 00:00:00+00:00,1309.86,1318.23,1307.31,1312.18,51.84607,4.52971,1318.4335,1318.4335,39336
2014-07-22 00:00:00+00:00,1312.04,1315.69,1301.86,1307.14,49.27217,3.68398,1317.9,1317.9,47515
2014-07-23 00:00:00+00:00,1307.32,1311.21,1302.98,1304.72,48.03895,2.78634,1317.182,1317.182,39721
2014-07-24 00:00:00+00:00,1304.26,1305.01,1287.51,1293.44,42.67714,1.15149,1316.016,1316.016,54407
2014-07-25 00:00:00+00:00,1293.91,1308.42,1290.77,1307.03,49.92827,0.94159,1315.5735,1315.5735,41439
2014-07-28 00:00:00+00:00,1305.59,1309.06,1301.21,1303.91,48.41412,0.51753,1314.4105,1314.4105,48988
2014-07-29 00:00:00+00:00,1303.97,1312.04,1296.02,1298.67,45.89664,-0.23862,1313.0585,1313.0585,46146
2014-07-30 00:00:00+00:00,1299.27,1303.48,1291.65,1295.9,44.57706,-1.04929,1311.533,1311.533,48878
2014-07-31 00:00:00+00:00,1296.16,1297.15,1280.48,1282.96,38.94409,-2.70473,1309.7005,1309.7005,47112
2014-08-01 00:00:00+00:00,1283.12,1296.99,1279.37,1292.9,44.72253,-3.17796,1308.3655,1308.3655,52906
2014-08-04 00:00:00+00:00,1293.13,1295.29,1285.97,1288.03,42.5955,-3.90101,1306.7885,1306.7885,35245
2014-08-05 00:00:00+00:00,1288.15,1293.83,1282.38,1288.49,42.87188,-4.38634,1305.25,1305.25,45739
2014-08-06 00:00:00+00:00,1288.22,1309.4,1287.31,1305.72,52.16252,-3.34213,1304.1485,1304.1485,67117
2014-08-07 00:00:00+00:00,1305.98,1314.67,1301.79,1312.0,55.03297,-1.98496,1302.9965,1302.9965,66710
2014-08-08 00:00:00+00:00,1312.32,1322.53,1305.61,1310.35,54.11421,-1.03066,1301.6225,1301.6225,80883
2014-08-11 00:00:00+00:00,1309.02,1311.3,1305.01,1307.97,52.74633,-0.46109,1301.6815,1301.6815,52190
2014-08-12 00:00:00+00:00,1307.92,1317.67,1305.56,1309.19,53.39664,0.08772,1302.4155,1302.4155,55307
2014-08-13 00:00:00+00:00,1308.23,1314.84,1304.71,1312.05,54.96145,0.74486,1303.096,1303.096,59722
2014-08-14 00:00:00+00:00,1312.23,1319.19,1308.59,1313.12,55.56262,1.33657,1302.8055,1302.8055,63171
2014-08-15 00:00:00+00:00,1311.91,1314.98,1292.41,1304.4,49.73621,1.08932,1302.5085,1302.5085,73510
2014-08-18 00:00:00+00:00,1301.74,1303.47,1295.39,1298.37,46.13357,0.40217,1301.818,1301.818,49742
2014-08-19 00:00:00+00:00,1298.43,1302.15,1293.68,1295.41,44.43218,-0.37691,1301.2315,1301.2315,43746
2014-08-20 00:00:00+00:00,1295.44,1297.74,1287.63,1291.44,42.18504,-1.2997,1300.5675,1300.5675,52620
2014-08-21 00:00:00+00:00,1290.75,1290.95,1272.61,1276.41,34.97356,-3.20684,1299.716,1299.716,53626
2014-08-22 00:00:00+00:00,1276.88,1282.75,1274.06,1279.8,37.56602,-4.39407,1298.3545,1298.3545,45576
2014-08-25 00:00:00+00:00,1278.17,1280.73,1273.52,1276.63,36.11602,-5.52704,1296.9905,1296.9905,39489
2014-08-26 00:00:00+00:00,1276.05,1290.76,1275.26,1281.4,39.87664,-5.97119,1296.127,1296.127,60478
2014-08-27 00:00:00+00:00,1280.84,1287.22,1279.97,1282.31,40.59509,-6.17854,1295.4475,1295.4475,44344
2014-08-28 00:00:00+00:00,1282.36,1296.3,1281.97,1288.86,45.63112,-5.74807,1295.7425,1295.7425,65065
2014-08-29 00:00:00+00:00,1289.72,1291.17,1283.24,1286.66,44.27351,-5.5208,1295.4305,1295.4305,42849
2014-09-01 00:00:00+00:00,1287.47,1289.71,1284.32,1285.77,43.70699,-5.35082,1295.3175,1295.3175,16543
2014-09-02 00:00:00+00:00,1286.34,1287.35,1262.34,1265.19,33.14525,-6.79838,1294.1525,1294.1525,64542
2014-09-03 00:00:00+00:00,1265.88,1271.46,1261.08,1269.07,36.27195,-7.54552,1292.32,1292.32,58196
2014-09-04 00:00:00+00:00,1269.4,1277.17,1260.4,1260.94,32.8094,-8.69344,1289.767,1289.767,69089
2014-09-05 00:00:00+00:00,1261.39,1273.56,1257.12,1268.65,38.77811,-8.87869,1287.682,1287.682,60159
2014-09-08 00:00:00+00:00,1269.21,1271.63,1251.29,1254.87,33.11588,-10.02191,1285.027,1285.027,64031
2014-09-09 00:00:00+00:00,1256.82,1257.98,1247.38,1255.12,33.30614,-10.78345,1282.3235,1282.3235,72650
2014-09-10 00:00:00+00:00,1254.52,1257.58,1243.62,1249.41,31.12807,-11.7127,1279.1915,1279.1915,71088
2014-09-11 00:00:00+00:00,1249.09,1249.98,1234.8,1240.49,28.04287,-13.01884,1275.56,1275.56,73402
2014-09-12 00:00:00+00:00,1240.23,1241.45,1225.7,1229.12,24.68445,-14.80081,1271.796,1271.796,69841
2014-09-15 00:00:00+00:00,1228.94,1238.34,1225.43,1232.98,27.8438,-15.72035,1268.5265,1268.5265,54925
2014-09-16 00:00:00+00:00,1232.49,1241.89,1231.6,1235.24,29.70312,-16.08135,1265.518,1265.518,63506
2014-09-17 00:00:00+00:00,1234.07,1239.05,1221.26,1222.37,25.64973,-17.20759,1262.0645,1262.0645,60865
2014-09-18 00:00:00+00:00,1221.77,1227.78,1215.58,1224.52,27.43133,-17.72237,1259.47,1259.47,73403
2014-09-19 00:00:00+00:00,1225.5,1228.44,1213.64,1215.33,24.70615,-18.65682,1256.2465,1256.2465,79512
2014-09-22 00:00:00+00:00,1215.83,1220.28,1207.82,1214.45,24.45561,-19.24653,1253.1375,1253.1375,68805
2014-09-23 00:00:00+00:00,1214.86,1234.99,1213.42,1223.72,32.24971,-18.74973,1250.2535,1250.2535,74219
2014-09-24 00:00:00+00:00,1222.42,1225.92,1215.52,1216.59,29.71067,-18.71561,1246.9675,1246.9675,59313
2014-09-25 00:00:00+00:00,1216.67,1224.31,1206.77,1221.5,33.5883,-18.08391,1243.5995,1243.5995,69849
2014-09-26 00:00:00+00:00,1220.8,1231.14,1212.13,1217.49,32.03399,-17.70278,1240.141,1240.141,58378
2014-09-29 00:00:00+00:00,1217.89,1223.12,1214.75,1215.78,31.3674,-17.33885,1236.6415,1236.6415,58922
2014-09-30 00:00:00+00:00,1214.89,1219.96,1204.31,1207.83,28.40773,-17.49032,1233.7735,1233.7735,70633
2014-10-01 00:00:00+00:00,1208.21,1219.17,1204.46,1213.46,33.21367,-16.96055,1230.993,1230.993,66508
2014-10-02 00:00:00+00:00,1213.09,1222.28,1208.48,1213.91,33.59736,-16.31631,1228.6415,1228.6415,71180
2014-10-03 00:00:00+00:00,1213.53,1215.08,1189.82,1191.77,25.75689,-17.39178,1224.7975,1224.7975,58449
2014-10-06 00:00:00+00:00,1187.27,1208.93,1182.77,1206.72,36.52815,-16.84359,1222.39,1222.39,63073
2014-10-07 00:00:00+00:00,1206.28,1213.31,1202.81,1208.6,37.75119,-16.07217,1220.064,1220.064,58478
2014-10-08 00:00:00+00:00,1209.04,1223.91,1204.79,1221.1,45.29859,-14.28748,1218.6485,1218.6485,71473
2014-10-09 00:00:00+00:00,1219.81,1233.19,1218.62,1224.28,47.05722,-12.47272,1217.838,1217.838,69169
2014-10-10 00:00:00+00:00,1223.82,1225.32,1217.2,1222.75,46.28618,-11.03081,1217.5195,1217.5195,56357
2014-10-13 00:00:00+00:00,1227.15,1237.58,1224.9,1235.46,53.1532,-8.7615,1217.6435,1217.6435,62288
2014-10-14 00:00:00+00:00,1235.97,1238.13,1230.81,1231.74,51.09429,-7.18046,1217.4685,1217.4685,68755
2014-10-15 00:00:00+00:00,1232.34,1249.51,1221.7,1241.85,56.07419,-5.05342,1218.4425,1218.4425,107805
2014-10-16 00:00:00+00:00,1239.82,1245.07,1235.28,1238.27,53.97817,-3.61494,1219.13,1219.13,97874
2014-10-17 00:00:00+00:00,1238.1,1241.57,1231.53,1238.31,53.99886,-2.44354,1220.279,1220.279,59364
2014-10-20 00:00:00+00:00,1237.21,1248.61,1234.54,1246.81,58.29009,-0.81986,1221.897,1221.897,46846
2014-10-21 00:00:00+00:00,1246.72,1255.13,1245.22,1248.32,59.02142,0.58205,1223.127,1223.127,60814
2014-10-22 00:00:00+00:00,1248.82,1249.61,1239.73,1241.35,54.28957,1.11777,1224.365,1224.365,44669
2014-10-23 00:00:00+00:00,1241.5,1244.48,1226.14,1231.22,48.23672,0.71666,1224.851,1224.851,52611
2014-10-24 00:00:00+00:00,1232.01,1234.14,1228.54,1230.09,47.5992,0.30409,1225.481,1225.481,45402
2014-10-27 00:00:00+00:00,1228.38,1231.92,1224.42,1224.77,44.60991,-0.447,1225.9305,1225.9305,38099
2014-10-28 00:00:00+00:00,1226.17,1235.39,1222.38,1227.12,46.21669,-0.8429,1226.895,1226.895,52646
2014-10-29 00:00:00+00:00,1228.17,1230.44,1208.2,1210.77,37.965,-2.44774,1226.7605,1226.7605,46089
2014-10-30 00:00:00+00:00,1210.76,1215.53,1195.78,1197.97,32.99786,-4.69829,1225.9635,1225.9635,75373
2014-10-31 00:00:00+00:00,1200.1,1202.55,1161.42,1171.52,25.55686,-8.51797,1224.951,1224.951,108595
2014-11-03 00:00:00+00:00,1167.31,1173.66,1161.49,1165.7,24.26049,-11.8778,1222.9,1222.9,53326
2014-11-04 00:00:00+00:00,1165.19,1174.51,1163.75,1168.31,26.07156,-14.16658,1220.8855,1220.8855,55350
2014-11-05 00:00:00+00:00,1168.75,1169.53,1137.58,1141.25,20.57768,-17.95697,1216.893,1216.893,93892
2014-11-06 00:00:00+00:00,1142.05,1149.47,1137.96,1141.32,20.62427,-20.71643,1212.745,1212.745,73975
2014-11-07 00:00:00+00:00,1140.6,1178.58,1131.44,1176.24,39.64698,-19.85668,1210.4195,1210.4195,103942
2014-11-10 00:00:00+00:00,1174.45,1177.14,1147.18,1151.32,33.48053,-20.94471,1206.2125,1206.2125,70329
2014-11-11 00:00:00+00:00,1151.19,1173.1,1145.95,1164.1,38.74254,-20.53899,1202.8305,1202.8305,82040
2014-11-12 00:00:00+00:00,1164.04,1170.0,1157.15,1162.31,38.28571,-20.12984,1198.8535,1198.8535,71623
2014-11-13 00:00:00+00:00,1161.68,1167.96,1153.79,1162.02,38.20711,-19.60302,1195.041,1195.041,72061
2014-11-14 00:00:00+00:00,1162.36,1193.45,1146.72,1188.33,48.53111,-16.86807,1192.542,1192.542,91906
2014-11-17 00:00:00+00:00,1184.7,1194.06,1181.22,1186.13,47.81178,-14.70857,1189.508,1189.508,88992
2014-11-18 00:00:00+00:00,1186.59,1204.52,1183.23,1197.11,51.66264,-11.97314,1186.9475,1186.9475,69721
2014-11-19 00:00:00+00:00,1195.79,1202.08,1174.94,1182.78,46.80823,-10.83668,1184.019,1184.019,103247
2014-11-20 00:00:00+00:00,1182.28,1196.96,1176.65,1193.41,50.52223,-8.97482,1182.1285,1182.1285,92138
2014-11-21 00:00:00+00:00,1192.95,1207.63,1186.71,1201.13,53.08426,-6.79799,1180.6805,1180.6805,85941
2014-11-24 00:00:00+00:00,1201.54,1204.08,1192.62,1196.81,51.47789,-5.35963,1179.2825,1179.2825,56861
2014-11-25 00:00:00+00:00,1198.0,1202.82,1190.22,1200.72,52.86807,-3.85973,1177.9625,1177.9625,70471
2014-11-26 00:00:00+00:00,1201.4,1201.53,1192.82,1197.56,51.58182,-2.89268,1177.302,1177.302,45647
2014-11-27 00:00:00+00:00,1197.05,1199.47,1185.49,1190.62,48.77518,-2.65568,1176.9345,1176.9345,49320
2014-11-28 00:00:00+00:00,1188.92,1190.64,1165.06,1165.88,40.34711,-4.41329,1176.6525,1176.6525,68176
2014-12-01 00:00:00+00:00,1158.49,1220.8,1141.74,1210.8,55.41216,-2.15668,1178.9075,1178.9075,138509
2014-12-02 00:00:00+00:00,1211.04,1212.51,1191.85,1198.5,51.57155,-1.3453,1180.417,1180.417,104108
2014-12-03 00:00:00+00:00,1197.07,1214.96,1194.22,1209.47,54.59423,0.18082,1183.828,1183.828,66218
2014-12-04 00:00:00+00:00,1208.55,1213.28,1201.17,1205.45,53.28181,1.05376,1187.0345,1187.0345,64221
2014-12-05 00:00:00+00:00,1204.78,1207.37,1186.15,1191.87,48.99678,0.64238,1187.816,1187.816,63802
2014-12-08 00:00:00+00:00,1187.34,1208.71,1186.96,1203.22,52.4395,1.21816,1190.411,1190.411,53029
2014-12-09 00:00:00+00:00,1203.03,1238.09,1199.26,1230.62,59.53973,3.84114,1193.737,1193.737,92298
2014-12-10 00:00:00+00:00,1235.6,1238.25,1224.62,1226.72,58.20772,5.5413,1196.9575,1196.9575,145586
2014-12-11 00:00:00+00:00,1226.11,1232.72,1215.88,1227.57,58.42603,6.87799,1200.235,1200.235,173285
2014-12-12 00:00:00+00:00,1227.21,1228.08,1214.29,1222.36,56.47865,7.43126,1201.9365,1201.9365,155731
2014-12-15 00:00:00+00:00,1221.51,1224.03,1190.46,1192.14,46.74602,5.36934,1202.237,1202.237,90298
2014-12-16 00:00:00+00:00,1193.08,1223.34,1187.34,1196.3,48.07257,4.02453,1202.1965,1202.1965,116306
2014-12-17 00:00:00+00:00,1195.53,1202.81,1183.4,1188.83,45.86329,2.32915,1202.499,1202.499,92993
2014-12-18 00:00:00+00:00,1188.8,1213.69,1188.66,1197.92,48.93851,1.69944,1202.7245,1202.7245,72081
2014-12-19 00:00:00+00:00,1197.88,1201.15,1193.39,1195.19,48.05561,0.96894,1202.4275,1202.4275,61025
2014-12-22 00:00:00+00:00,1194.02,1203.21,1170.48,1175.5,42.14927,-1.18515,1201.362,1201.362,57995
2014-12-23 00:00:00+00:00,1176.58,1184.77,1172.47,1175.75,42.24633,-2.83938,1200.1135,1200.1135,76122
2014-12-24 00:00:00+00:00,1176.54,1180.95,1172.71,1174.38,41.83214,-4.21235,1198.9545,1198.9545,32671
2014-12-26 00:00:00+00:00,1186.39,1198.92,1185.31,1195.13,49.85167,-3.58477,1199.18,1199.18,19974
2014-12-29 00:00:00+00:00,1196.12,1197.37,1178.82,1182.94,45.85225,-4.02465,1200.033,1200.033,79319
2014-12-30 00:00:00+00:00,1182.69,1210.69,1180.63,1200.19,51.75119,-2.94734,1199.5025,1199.5025,113495
2014-12-31 00:00:00+00:00,1199.84,1203.71,1182.63,1186.83,47.44052,-3.13547,1198.919,1198.919,52363
2015-01-02 00:00:00+00:00,1186.94,1195.03,1167.33,1188.82,48.13353,-3.08839,1197.8865,1197.8865,97717
2015-01-05 00:00:00+00:00,1187.73,1207.28,1178.0,1204.32,53.29869,-1.77983,1197.83,1197.83,122116
2015-01-06 00:00:00+00:00,1202.87,1222.92,1201.52,1218.35,57.43107,0.38487,1199.154,1199.154,82009
2015-01-07 00:00:00+00:00,1217.66,1218.48,1208.85,1210.52,54.53103,1.45186,1199.519,1199.519,68381
2015-01-08 00:00:00+00:00,1210.97,1216.54,1204.42,1208.69,53.84667,2.1253,1198.4225,1198.4225,57027
2015-01-09 00:00:00+00:00,1207.5,1223.91,1206.16,1222.36,58.079,3.71918,1198.2045,1198.2045,65756
2015-01-12 00:00:00+00:00,1223.9,1235.74,1217.4,1233.25,61.13647,5.79429,1198.4885,1198.4885,73324
2015-01-13 00:00:00+00:00,1231.85,1244.02,1227.14,1230.77,60.06214,7.15621,1198.909,1198.909,95422
2015-01-14 00:00:00+00:00,1231.54,1244.24,1224.89,1228.89,59.21267,7.99173,1200.7465,1200.7465,121171
2015-01-15 00:00:00+00:00,1229.28,1266.64,1225.87,1262.31,67.9031,11.22124,1204.047,1204.047,120643
2015-01-16 00:00:00+00:00,1262.97,1282.01,1254.87,1280.04,71.38629,15.03797,1208.6075,1208.6075,80925
2015-01-19 00:00:00+00:00,1278.61,1279.03,1271.89,1276.66,69.8305,17.58728,1212.5445,1212.5445,42896
2015-01-21 00:00:00+00:00,1294.74,1305.07,1284.48,1293.47,72.984,20.72514,1217.4585,1217.4585,109866
2015-01-22 00:00:00+00:00,1291.97,1307.53,1279.29,1301.38,74.34302,23.5784,1223.7525,1223.7525,106626
2015-01-23 00:00:00+00:00,1300.63,1302.07,1284.29,1293.76,70.65568,24.93729,1229.653,1229.653,82609
2015-01-26 00:00:00+00:00,1294.62,1299.0,1275.71,1281.22,64.9467,24.71743,1234.995,1234.995,89390
2015-01-27 00:00:00+00:00,1280.55,1297.42,1272.07,1292.25,67.43885,25.14337,1239.851,1239.851,95334
2015-01-28 00:00:00+00:00,1292.29,1293.8,1279.57,1284.72,64.08895,24.58987,1244.94,1244.94,80657
2015-01-29 00:00:00+00:00,1284.66,1285.75,1251.88,1257.3,53.6401,21.68864,1247.7955,1247.7955,95034
2015-01-30 00:00:00+00:00,1258.23,1284.63,1256.95,1283.56,60.31341,21.26325,1252.632,1252.632,74027
2015-02-02 00:00:00+00:00,1280.42,1283.27,1266.3,1274.98,57.40583,20.0032,1256.94,1256.94,77929
2015-02-03 00:00:00+00:00,1274.76,1285.55,1255.38,1259.87,52.59698,17.58267,1259.7175,1259.7175,105581
2015-02-04 00:00:00+00:00,1261.74,1272.33,1256.54,1269.31,55.12611,16.23892,1262.2655,1262.2655,87264
2015-02-05 00:00:00+00:00,1270.01,1273.82,1256.18,1264.52,53.56444,14.61896,1264.9655,1264.9655,90532
2015-02-06 00:00:00+00:00,1266.87,1268.62,1228.21,1233.12,44.63736,10.67832,1266.187,1266.187,95619
2015-02-09 00:00:00+00:00,1237.11,1243.65,1235.04,1239.27,46.51744,7.95983,1267.0325,1267.0325,55476
2015-02-10 00:00:00+00:00,1238.6,1245.82,1230.84,1233.22,44.902,5.25663,1267.031,1267.031,65148
2015-02-11 00:00:00+00:00,1234.04,1238.59,1216.41,1217.18,40.85145,1.79929,1266.3515,1266.3515,63611
2015-02-12 00:00:00+00:00,1218.3,1232.82,1218.02,1222.17,42.58662,-0.5319,1266.0155,1266.0155,73890
2015-02-13 00:00:00+00:00,1223.45,1234.82,1222.71,1228.99,44.96303,-1.80822,1264.3495,1264.3495,68298
2015-02-16 00:00:00+00:00,1228.34,1236.59,1228.02,1230.79,45.603,-2.64399,1261.887,1261.887,35244
2015-02-17 00:00:00+00:00,1231.86,1233.84,1203.64,1209.18,39.64313,-4.99254,1258.513,1258.513,72862
2015-02-18 00:00:00+00:00,1208.9,1213.3,1197.42,1211.83,40.66716,-6.56428,1254.431,1254.431,67989
2015-02-19 00:00:00+00:00,1212.47,1222.81,1205.25,1206.77,39.2962,-8.12454,1249.7005,1249.7005,72713
2015-02-20 00:00:00+00:00,1207.31,1215.29,1198.19,1201.66,37.9064,-9.66202,1245.0955,1245.0955,69132
2015-02-23 00:00:00+00:00,1202.87,1210.22,1190.61,1201.03,37.72923,-10.80674,1241.086,1241.086,55854
2015-02-24 00:00:00+00:00,1202.16,1204.42,1190.3,1199.81,37.36503,-11.67777,1236.464,1236.464,71210
2015-02-25 00:00:00+00:00,1201.16,1211.77,1200.99,1204.51,39.77687,-11.85219,1232.4535,1232.4535,65518
2015-02-26 00:00:00+00:00,1204.67,1219.84,1203.49,1209.12,42.13066,-11.48603,1230.0445,1230.0445,76910
2015-02-27 00:00:00+00:00,1209.56,1219.17,1204.34,1212.78,44.00195,-10.77629,1226.5055,1226.5055,65613
2015-03-02 00:00:00+00:00,1213.85,1223.18,1204.54,1206.79,41.62936,-10.57525,1223.096,1223.096,71866
2015-03-03 00:00:00+00:00,1205.89,1214.76,1195.34,1203.4,40.30481,-10.56766,1220.2725,1220.2725,75592
2015-03-04 00:00:00+00:00,1204.71,1209.01,1198.21,1200.13,39.01528,-10.70213,1216.8135,1216.8135,63211
2015-03-05 00:00:00+00:00,1200.25,1209.35,1196.35,1198.47,38.34458,-10.81795,1213.511,1213.511,60158
2015-03-06 00:00:00+00:00,1199.08,1200.66,1163.81,1167.13,28.41359,-13.28547,1210.2115,1210.2115,88833
2015-03-09 00:00:00+00:00,1168.52,1175.29,1165.66,1166.6,28.2802,-15.10959,1206.578,1206.578,45406
2015-03-10 00:00:00+00:00,1161.56,1170.45,1154.93,1161.63,27.00012,-16.76302,1202.9985,1202.9985,66083
2015-03-11 00:00:00+00:00,1162.4,1165.19,1147.42,1154.43,25.21919,-18.44176,1199.861,1199.861,67557
2015-03-12 00:00:00+00:00,1154.95,1166.58,1148.57,1153.52,24.99479,-19.61945,1196.4285,1196.4285,75999
2015-03-13 00:00:00+00:00,1154.14,1161.83,1151.32,1158.18,28.50319,-19.94682,1192.888,1192.888,60661
2015-03-16 00:00:00+00:00,1156.68,1163.97,1150.23,1154.52,27.41841,-20.26796,1189.0745,1189.0745,62388
2015-03-17 00:00:00+00:00,1154.64,1159.74,1142.7,1149.24,25.88775,-20.70979,1186.0775,1186.0775,71060
2015-03-18 00:00:00+00:00,1149.37,1175.5,1145.84,1167.43,38.60401,-19.36889,1183.8575,1183.8575,90034
2015-03-19 00:00:00+00:00,1167.7,1177.71,1159.49,1170.81,40.64207,-17.82796,1182.0595,1182.0595,93514
2015-03-20 00:00:00+00:00,1170.66,1187.88,1168.65,1182.22,47.03394,-15.50732,1181.0875,1181.0875,82226
2015-03-23 00:00:00+00:00,1185.8,1191.47,1179.23,1189.32,50.59881,-12.94605,1180.502,1180.502,72867
2015-03-24 00:00:00+00:00,1189.57,1194.91,1185.34,1193.1,52.43433,-10.49029,1180.1665,1180.1665,64734
2015-03-25 00:00:00+00:00,1192.18,1199.57,1186.52,1195.17,53.45424,-8.28158,1179.6995,1179.6995,50086
2015-03-26 00:00:00+00:00,1195.13,1219.57,1194.39,1204.54,57.85907,-5.70927,1179.4705,1179.4705,73284
2015-03-27 00:00:00+00:00,1204.32,1206.05,1192.45,1198.09,54.06611,-4.14339,1178.736,1178.736,61530
2015-03-30 00:00:00+00:00,1197.39,1198.3,1182.23,1185.61,47.56834,-3.8649,1177.677,1177.677,60571
2015-03-31 00:00:00+00:00,1186.04,1190.62,1178.29,1183.57,46.58282,-3.7654,1176.6855,1176.6855,68569
2015-04-01 00:00:00+00:00,1183.76,1208.51,1180.74,1204.14,56.39328,-2.00363,1176.886,1176.886,71299
2015-04-02 00:00:00+00:00,1203.83,1207.21,1194.75,1202.07,55.29276,-0.76561,1177.066,1177.066,64193
2015-04-03 00:00:00+00:00,1201.41,1201.45,1199.64,1199.64,53.96147,0.01922,1178.6915,1178.6915,178
2015-04-06 00:00:00+00:00,1215.64,1224.13,1213.82,1214.39,60.2221,1.81054,1181.081,1181.081,64901
2015-04-07 00:00:00+00:00,1214.56,1215.66,1207.34,1208.91,57.11456,2.75621,1183.445,1183.445,55653
2015-04-08 00:00:00+00:00,1208.49,1212.21,1197.34,1202.03,53.38969,2.91688,1185.825,1185.825,67102
2015-04-09 00:00:00+00:00,1202.79,1203.18,1192.52,1194.15,49.41464,2.38091,1187.8565,1187.8565,54065
2015-04-10 00:00:00+00:00,1194.59,1210.59,1193.19,1207.24,55.36035,2.97808,1190.3095,1190.3095,59643
2015-04-13 00:00:00+00:00,1207.15,1209.41,1196.32,1198.39,50.99615,2.70602,1192.503,1192.503,70430
2015-04-14 00:00:00+00:00,1198.93,1201.34,1183.87,1192.3,48.18138,1.97623,1194.656,1194.656,90805
2015-04-15 00:00:00+00:00,1192.77,1204.48,1188.78,1202.35,52.81037,2.18363,1196.402,1196.402,81096
2015-04-16 00:00:00+00:00,1202.37,1209.08,1194.63,1198.23,50.80665,1.99259,1197.773,1197.773,93548
2015-04-17 00:00:00+00:00,1198.92,1207.6,1197.3,1204.27,53.58689,2.30202,1198.8755,1198.8755,82120
2015-04-20 00:00:00+00:00,1205.29,1209.02,1191.27,1195.69,49.32251,1.83378,1199.194,1199.194,76820
2015-04-21 00:00:00+00:00,1196.64,1204.15,1192.97,1202.05,52.34955,1.95338,1199.6415,1199.6415,58147
2015-04-22 00:00:00+00:00,1202.45,1204.71,1185.68,1186.88,45.38588,0.81468,1199.227,1199.227,73679
2015-04-23 00:00:00+00:00,1187.53,1197.91,1184.26,1193.8,48.73588,0.46527,1198.69,1198.69,77602
2015-04-24 00:00:00+00:00,1194.03,1195.88,1175.14,1179.24,42.78873,-0.97527,1197.7475,1197.7475,71362
2015-04-27 00:00:00+00:00,1179.54,1207.12,1178.57,1201.79,52.4638,-0.29392,1198.5565,1198.5565,86267
2015-04-28 00:00:00+00:00,1201.77,1214.96,1199.16,1212.06,56.10463,1.06251,1199.981,1199.981,82748
2015-04-29 00:00:00+00:00,1212.17,1213.99,1201.32,1204.92,53.06185,1.54356,1200.02,1200.02,78776
2015-04-30 00:00:00+00:00,1205.37,1207.22,1177.0,1183.97,45.29885,0.23163,1199.115,1199.115,97688
2015-05-01 00:00:00+00:00,1184.55,1185.13,1169.66,1178.4,43.47761,-1.2432,1198.053,1198.053,67609
2015-05-04 00:00:00+00:00,1179.89,1192.76,1177.65,1188.28,47.50898,-1.59638,1196.7475,1196.7475,63281
2015-05-05 00:00:00+00:00,1188.3,1199.86,1185.65,1192.83,49.30231,-1.49193,1195.9435,1195.9435,60489
2015-05-06 00:00:00+00:00,1193.37,1197.55,1188.16,1192.01,48.97755,-1.45851,1195.4425,1195.4425,65546
2015-05-07 00:00:00+00:00,1191.51,1192.72,1178.77,1184.22,45.88531,-2.03713,1194.946,1194.946,63954
2015-05-08 00:00:00+00:00,1184.15,1193.46,1181.6,1188.38,47.78133,-2.13539,1194.003,1194.003,80884
2015-05-11 00:00:00+00:00,1188.64,1191.67,1178.83,1183.66,45.81971,-2.56457,1193.2665,1193.2665,60825
2015-05-12 00:00:00+00:00,1183.82,1196.98,1180.73,1193.65,50.45584,-2.07467,1193.334,1193.334,69913
2015-05-13 00:00:00+00:00,1193.35,1218.8,1191.22,1215.69,58.82655,0.09097,1194.001,1194.001,85395
2015-05-14 00:00:00+00:00,1215.14,1227.08,1212.26,1220.86,60.51194,2.19908,1195.1325,1195.1325,83976
2015-05-15 00:00:00+00:00,1221.2,1226.09,1210.94,1223.78,61.47122,4.05861,1196.108,1196.108,77251
2015-05-18 00:00:00+00:00,1223.74,1232.22,1221.53,1225.35,62.00566,5.5945,1197.591,1197.591,68206
2015-05-19 00:00:00+00:00,1225.29,1225.39,1205.67,1207.63,53.05969,5.32051,1197.87,1197.87,75306
2015-05-20 00:00:00+00:00,1208.53,1213.3,1203.19,1209.74,53.91237,5.21354,1199.013,1199.013,65436
2015-05-21 00:00:00+00:00,1209.34,1212.67,1201.38,1206.03,52.11964,4.77436,1199.6245,1199.6245,69723
2015-05-22 00:00:00+00:00,1206.27,1214.82,1201.36,1206.26,52.2257,4.39421,1200.9755,1200.9755,66088
2015-05-25 00:00:00+00:00,1204.88,1209.15,1202.73,1206.55,52.36897,4.06943,1201.2135,1201.2135,24977
2015-05-26 00:00:00+00:00,1206.48,1207.45,1185.53,1187.18,43.07688,2.22341,1199.9695,1199.9695,69766
2015-05-27 00:00:00+00:00,1187.16,1190.86,1183.53,1187.98,43.52259,0.81558,1199.1225,1199.1225,60925
2015-05-28 00:00:00+00:00,1187.41,1192.14,1180.3,1188.13,43.61175,-0.28475,1199.3305,1199.3305,69205
2015-05-29 00:00:00+00:00,1187.83,1193.95,1185.58,1190.42,45.03821,-0.96091,1199.9315,1199.9315,68363
2015-06-01 00:00:00+00:00,1190.47,1204.2,1184.5,1189.15,44.36787,-1.58102,1199.975,1199.975,67192
2015-06-02 00:00:00+00:00,1189.12,1196.25,1185.92,1192.77,46.79854,-1.76007,1199.972,1199.972,68673
2015-06-03 00:00:00+00:00,1193.3,1195.48,1179.37,1184.81,42.41058,-2.51528,1199.612,1199.612,70283
2015-06-04 00:00:00+00:00,1185.22,1186.17,1172.86,1176.43,38.3354,-3.7468,1199.2225,1199.2225,72060
2015-06-05 00:00:00+00:00,1177.14,1178.53,1162.63,1171.52,36.14396,-5.06064,1198.3795,1198.3795,63856
2015-06-08 00:00:00+00:00,1169.98,1177.57,1169.05,1173.78,37.90354,-5.85205,1197.8855,1197.8855,73628
2015-06-09 00:00:00+00:00,1174.09,1182.87,1172.4,1176.79,40.26446,-6.1653,1197.0425,1197.0425,62808
2015-06-10 00:00:00+00:00,1176.78,1192.23,1175.19,1185.85,46.81867,-5.61772,1195.5505,1195.5505,71468
2015-06-11 00:00:00+00:00,1186.5,1187.89,1175.55,1182.04,44.60238,-5.42863,1193.6095,1193.6095,58475
2015-06-12 00:00:00+00:00,1181.71,1183.91,1176.96,1181.47,44.26478,-5.26408,1191.494,1191.494,51874
2015-06-15 00:00:00+00:00,1182.17,1190.37,1172.73,1186.11,47.73294,-4.70502,1189.532,1189.532,63576
2015-06-16 00:00:00+00:00,1185.69,1187.84,1175.98,1182.04,45.08296,-4.53807,1188.2525,1188.2525,54633
2015-06-17 00:00:00+00:00,1181.79,1189.05,1174.56,1184.82,47.23764,-4.13379,1187.0065,1187.0065,57723
2015-06-18 00:00:00+00:00,1184.22,1205.68,1183.54,1201.95,58.13707,-2.40344,1186.8025,1186.8025,78919
2015-06-19 00:00:00+00:00,1202.07,1204.11,1198.28,1200.19,56.83792,-1.16076,1186.499,1186.499,59780
2015-06-22 00:00:00+00:00,1200.69,1200.88,1182.1,1185.78,47.48231,-1.32344,1185.4605,1185.4605,57414
2015-06-23 00:00:00+00:00,1185.66,1188.02,1176.14,1178.42,43.54025,-2.02294,1185.0225,1185.0225,54326
2015-06-24 00:00:00+00:00,1178.51,1180.22,1169.82,1175.07,41.83766,-2.81516,1184.377,1184.377,50859
2015-06-25 00:00:00+00:00,1174.88,1178.05,1171.54,1172.74,40.64711,-3.58963,1183.6075,1183.6075,51993
2015-06-26 00:00:00+00:00,1173.71,1178.57,1168.5,1175.18,42.49264,-3.96086,1182.8455,1182.8455,64677
2015-06-29 00:00:00+00:00,1186.25,1187.9,1173.76,1179.32,45.58434,-3.87631,1182.354,1182.354,99165
2015-06-30 00:00:00+00:00,1180.04,1180.47,1166.69,1171.83,41.26226,-4.36339,1181.307,1181.307,94315
2015-07-01 00:00:00+00:00,1174.14,1175.0,1167.53,1168.48,39.46014,-4.96252,1180.4905,1180.4905,56807
2015-07-02 00:00:00+00:00,1168.35,1169.51,1155.98,1165.63,37.94192,-5.60272,1179.9505,1179.9505,58933
2015-07-03 00:00:00+00:00,1165.68,1170.18,1164.65,1168.58,40.49402,-5.80512,1179.8035,1179.8035,38406
2015-07-06 00:00:00+00:00,1172.0,1174.67,1162.84,1170.05,41.7789,-5.78028,1179.617,1179.617,74381
2015-07-07 00:00:00+00:00,1170.33,1170.33,1147.84,1156.74,34.51246,-6.75671,1178.6145,1178.6145,82212
2015-07-08 00:00:00+00:00,1153.25,1164.64,1147.13,1157.4,35.1151,-7.39207,1177.192,1177.192,94992
2015-07-09 00:00:00+00:00,1159.08,1167.69,1155.93,1159.73,37.30844,-7.61975,1176.0765,1176.0765,75070
2015-07-10 00:00:00+00:00,1159.63,1165.33,1157.39,1163.59,40.87422,-7.40338,1175.1825,1175.1825,61425
2015-07-13 00:00:00+00:00,1162.73,1164.13,1151.07,1157.78,37.42384,-7.61296,1173.766,1173.766,60952
2015-07-14 00:00:00+00:00,1158.07,1159.75,1152.88,1155.35,36.05304,-7.88426,1172.4315,1172.4315,51846
2015-07-15 00:00:00+00:00,1155.65,1156.71,1143.21,1149.34,32.8483,-8.48639,1170.6575,1170.6575,54948
2015-07-16 00:00:00+00:00,1149.02,1149.39,1142.22,1145.23,30.83004,-9.1893,1167.8215,1167.8215,67061
2015-07-17 00:00:00+00:00,1145.08,1145.68,1131.06,1134.23,26.1917,-10.51278,1164.5235,1164.5235,68641
2015-07-20 00:00:00+00:00,1132.56,1133.1,1069.72,1096.7,16.86752,-14.42374,1160.0695,1160.0695,106585
2015-07-21 00:00:00+00:00,1098.26,1109.82,1096.91,1100.92,20.30315,-16.98687,1156.1945,1156.1945,76550
2015-07-22 00:00:00+00:00,1102.66,1103.33,1087.02,1094.01,18.92404,-19.35267,1152.1415,1152.1415,80365
2015-07-23 00:00:00+00:00,1094.43,1105.72,1087.23,1090.63,18.2703,-21.25529,1148.036,1148.036,82574
2015-07-24 00:00:00+00:00,1091.23,1101.48,1077.2,1099.08,25.22492,-21.82966,1144.231,1144.231,105864
2015-07-27 00:00:00+00:00,1095.58,1104.93,1088.34,1094.13,23.93979,-22.42576,1139.9715,1139.9715,91505
2015-07-28 00:00:00+00:00,1094.68,1098.94,1091.55,1095.23,24.85597,-22.54947,1136.1415,1136.1415,68499
2015-07-29 00:00:00+00:00,1095.09,1101.89,1090.36,1096.78,26.20487,-22.26578,1132.5565,1132.5565,83764
2015-07-30 00:00:00+00:00,1096.11,1098.57,1082.47,1088.53,23.7601,-22.4479,1128.7015,1128.7015,79074
2015-07-31 00:00:00+00:00,1088.65,1103.46,1079.98,1095.48,29.70944,-21.78035,1125.0465,1125.0465,87255
2015-08-03 00:00:00+00:00,1095.72,1097.68,1085.79,1086.66,26.84632,-21.71272,1120.877,1120.877,78495
2015-08-04 00:00:00+00:00,1085.32,1094.78,1080.94,1087.61,27.65503,-21.33651,1117.4205,1117.4205,85634
2015-08-05 00:00:00+00:00,1087.31,1092.48,1082.92,1084.77,26.70459,-21.02516,1113.789,1113.789,85788
2015-08-06 00:00:00+00:00,1084.82,1094.0,1083.46,1089.33,30.81595,-20.17786,1110.269,1110.269,79571
2015-08-07 00:00:00+00:00,1089.77,1099.43,1082.74,1094.17,34.98455,-18.89798,1106.798,1106.798,96099
2015-08-10 00:00:00+00:00,1093.04,1108.84,1089.58,1104.43,42.84625,-16.8614,1104.1305,1104.1305,84629
2015-08-11 00:00:00+00:00,1104.32,1119.32,1093.75,1108.75,45.81711,-14.72902,1101.8005,1101.8005,112470
2015-08-12 00:00:00+00:00,1108.83,1125.75,1101.74,1123.91,54.71338,-11.68116,1100.529,1100.529,120889
2015-08-13 00:00:00+00:00,1125.26,1126.71,1113.6,1115.09,49.60988,-9.8637,1099.022,1099.022,87429
2015-08-14 00:00:00+00:00,1115.18,1121.01,1111.69,1114.82,49.45779,-8.3489,1098.0515,1098.0515,80331
2015-08-17 00:00:00+00:00,1114.7,1122.74,1113.48,1117.34,50.96863,-6.86592,1099.0835,1099.0835,76327
2015-08-18 00:00:00+00:00,1117.4,1121.12,1109.63,1117.49,51.0624,-5.61383,1099.912,1099.912,82603
2015-08-19 00:00:00+00:00,1118.0,1134.56,1116.24,1134.19,60.19089,-3.23668,1101.921,1101.921,98757
2015-08-20 00:00:00+00:00,1133.46,1153.95,1132.58,1152.08,67.24059,0.08976,1104.9935,1104.9935,110290
2015-08-21 00:00:00+00:00,1153.8,1168.16,1148.91,1160.54,69.95058,3.3698,1108.0665,1108.0665,121955
2015-08-24 00:00:00+00:00,1164.32,1170.01,1145.63,1154.97,66.07498,5.4569,1111.1085,1111.1085,176041
2015-08-25 00:00:00+00:00,1153.47,1156.53,1134.58,1140.5,57.20752,5.87561,1113.372,1113.372,133203
2015-08-26 00:00:00+00:00,1140.32,1146.36,1117.68,1124.77,49.43995,4.88188,1114.7715,1114.7715,131151
2015-08-27 00:00:00+00:00,1125.89,1129.19,1118.23,1124.56,49.34363,4.03093,1116.573,1116.573,127733
2015-08-28 00:00:00+00:00,1125.45,1140.76,1123.72,1134.02,53.71812,4.07294,1118.5,1118.5,121652
2015-08-31 00:00:00+00:00,1133.77,1136.56,1125.64,1134.71,54.02995,4.11448,1120.9025,1120.9025,91804
2015-09-01 00:00:00+00:00,1134.6,1147.85,1134.31,1139.97,56.43938,4.51974,1123.5205,1123.5205,104047
2015-09-02 00:00:00+00:00,1139.71,1142.36,1132.03,1133.78,52.92392,4.29195,1125.971,1125.971,95640
2015-09-03 00:00:00+00:00,1133.68,1134.24,1121.83,1125.11,48.37858,3.37295,1127.76,1127.76,80403
2015-09-04 00:00:00+00:00,1125.09,1132.86,1116.72,1122.33,46.98515,2.39273,1129.168,1129.168,82804
2015-09-07 00:00:00+00:00,1122.99,1124.73,1116.04,1118.94,45.27274,1.32706,1129.8935,1129.8935,54255
2015-09-08 00:00:00+00:00,1120.17,1126.67,1118.58,1121.27,46.71032,0.66288,1130.5195,1130.5195,81359
2015-09-09 00:00:00+00:00,1121.64,1125.32,1101.23,1107.35,39.95738,-0.97548,1129.6915,1129.6915,92310
2015-09-10 00:00:00+00:00,1106.98,1114.97,1103.79,1110.37,41.91922,-2.00706,1129.4555,1129.4555,92997
2015-09-11 00:00:00+00:00,1111.03,1112.83,1098.71,1107.68,40.64529,-3.00699,1129.0985,1129.0985,74339
2015-09-14 00:00:00+00:00,1107.44,1110.4,1103.46,1108.77,41.42212,-3.6692,1128.67,1128.67,63770
2015-09-15 00:00:00+00:00,1108.47,1109.31,1102.15,1105.24,39.61391,-4.4278,1128.0575,1128.0575,53142
2015-09-16 00:00:00+00:00,1105.26,1124.11,1103.92,1119.15,49.05196,-3.86206,1127.3055,1127.3055,91648
2015-09-17 00:00:00+00:00,1119.21,1135.13,1115.35,1132.34,56.06434,-2.3226,1126.3185,1126.3185,95903
2015-09-18 00:00:00+00:00,1130.88,1141.68,1127.47,1139.04,59.14074,-0.55554,1125.2435,1125.2435,108431
2015-09-21 00:00:00+00:00,1139.11,1139.81,1129.56,1133.3,55.55196,0.37735,1124.16,1124.16,63524
2015-09-22 00:00:00+00:00,1132.95,1136.51,1121.28,1124.3,50.38887,0.386,1123.35,1123.35,81493
2015-09-23 00:00:00+00:00,1124.8,1134.14,1121.79,1129.98,53.33653,0.84148,1123.6105,1123.6105,70563
2015-09-24 00:00:00+00:00,1130.72,1156.65,1130.31,1153.98,63.2676,3.10328,1125.0815,1125.0815,116270
2015-09-25 00:00:00+00:00,1149.55,1151.14,1140.71,1145.56,58.55894,4.1683,1125.6585,1125.6585,107928
2015-09-28 00:00:00+00:00,1145.33,1148.14,1127.95,1132.17,51.93887,3.88707,1125.5315,1125.5315,105852
2015-09-29 00:00:00+00:00,1132.01,1134.63,1124.17,1127.11,49.65443,3.21878,1124.8885,1124.8885,93674
2015-09-30 00:00:00+00:00,1127.25,1128.08,1111.3,1114.47,44.40078,1.6502,1123.923,1123.923,103593
2015-10-01 00:00:00+00:00,1115.56,1119.13,1110.99,1113.52,44.02377,0.32666,1123.3435,1123.3435,79751
2015-10-02 00:00:00+00:00,1113.48,1141.21,1104.59,1138.72,54.95095,1.29624,1124.163,1124.163,110938
2015-10-05 00:00:00+00:00,1136.78,1141.92,1130.06,1135.43,53.48303,1.77865,1124.9875,1124.9875,97784
2015-10-06 00:00:00+00:00,1135.63,1151.18,1134.92,1146.97,57.74668,3.05692,1126.2725,1126.2725,81537
2015-10-07 00:00:00+00:00,1146.93,1153.57,1141.72,1145.32,56.94301,3.89194,1128.171,1128.171,82652
2015-10-08 00:00:00+00:00,1145.09,1151.21,1136.56,1139.07,53.88397,4.00324,1129.606,1129.606,86947
2015-10-09 00:00:00+00:00,1138.96,1159.61,1138.91,1156.53,60.30023,5.43763,1132.0485,1132.0485,94957
2015-10-12 00:00:00+00:00,1155.83,1168.9,1154.73,1163.78,62.62556,7.07783,1134.799,1134.799,66846
2015-10-13 00:00:00+00:00,1163.52,1168.6,1151.74,1168.09,63.97641,8.62604,1137.9415,1137.9415,97313
2015-10-14 00:00:00+00:00,1168.08,1189.7,1163.35,1184.58,68.64576,11.05617,1141.213,1141.213,103596
2015-10-15 00:00:00+00:00,1184.54,1191.44,1174.23,1182.7,67.57041,12.68414,1143.731,1143.731,97079
2015-10-16 00:00:00+00:00,1182.06,1184.34,1174.24,1177.14,64.35936,13.37154,1145.636,1145.636,93245
2015-10-19 00:00:00+00:00,1176.54,1178.13,1167.59,1170.2,60.49498,13.2041,1147.481,1147.481,81548
2015-10-20 00:00:00+00:00,1170.01,1180.67,1167.31,1176.35,62.63601,13.41304,1150.0835,1150.0835,83392
2015-10-21 00:00:00+00:00,1176.19,1179.13,1163.61,1166.95,57.50598,12.67403,1151.932,1151.932,93348
2015-10-22 00:00:00+00:00,1167.62,1171.72,1162.55,1165.43,56.69733,11.82934,1152.5045,1152.5045,102740
2015-10-23 00:00:00+00:00,1166.0,1179.29,1158.88,1164.37,56.10483,10.94818,1153.445,1153.445,112168
2015-10-26 00:00:00+00:00,1162.9,1169.59,1162.04,1163.0,55.30045,10.02376,1154.9865,1154.9865,82123
2015-10-27 00:00:00+00:00,1163.79,1168.63,1160.73,1166.5,56.99671,9.46448,1156.956,1156.956,81747
2015-10-28 00:00:00+00:00,1167.11,1182.86,1152.26,1155.77,50.65083,8.06248,1159.021,1159.021,112138
2015-10-29 00:00:00+00:00,1157.37,1162.59,1144.63,1145.78,45.56435,6.07524,1160.634,1160.634,118813
2015-10-30 00:00:00+00:00,1145.64,1149.97,1139.23,1141.74,43.65509,4.12677,1160.785,1160.785,113116
2015-11-02 00:00:00+00:00,1141.45,1142.94,1131.75,1133.46,39.95941,1.89266,1160.6865,1160.6865,92714
2015-11-03 00:00:00+00:00,1133.72,1138.25,1114.33,1117.61,34.02194,-1.14367,1159.2185,1159.2185,101449
2015-11-04 00:00:00+00:00,1118.11,1122.76,1106.35,1107.51,30.87383,-4.31523,1157.328,1157.328,110545
2015-11-05 00:00:00+00:00,1107.94,1111.45,1102.9,1103.57,29.71857,-7.0652,1155.553,1155.553,93812
2015-11-06 00:00:00+00:00,1104.55,1110.38,1085.39,1088.62,25.77716,-10.3318,1152.1575,1152.1575,88147
2015-11-09 00:00:00+00:00,1090.33,1095.59,1088.31,1091.95,28.06564,-12.50773,1148.566,1148.566,90859
2015-11-10 00:00:00+00:00,1092.27,1094.79,1085.22,1089.6,27.42305,-14.25744,1144.6415,1144.6415,78257
2015-11-11 00:00:00+00:00,1089.88,1093.58,1083.63,1085.84,26.38223,-15.76576,1139.7045,1139.7045,81237
2015-11-12 00:00:00+00:00,1086.5,1089.52,1074.08,1084.9,26.11537,-16.84281,1134.8145,1134.8145,100139
2015-11-13 00:00:00+00:00,1085.0,1088.54,1079.57,1083.54,25.71017,-17.60321,1130.1345,1130.1345,112820
2015-11-16 00:00:00+00:00,1088.11,1098.01,1081.06,1082.68,25.44135,-18.06695,1125.7585,1125.7585,110982
2015-11-17 00:00:00+00:00,1083.85,1085.01,1065.44,1070.06,21.83368,-19.23112,1120.444,1120.444,107615
2015-11-18 00:00:00+00:00,1071.57,1075.39,1064.64,1070.87,22.5924,-19.85945,1115.64,1115.64,113157
2015-11-19 00:00:00+00:00,1071.57,1087.38,1069.46,1082.04,32.34486,-19.23435,1111.4705,1111.4705,113792
2015-11-20 00:00:00+00:00,1081.9,1088.01,1075.76,1077.98,30.82471,-18.84928,1107.151,1107.151,109556
2015-11-23 00:00:00+00:00,1076.15,1076.65,1066.62,1068.92,27.69652,-19.05552,1102.447,1102.447,112216
2015-11-24 00:00:00+00:00,1069.07,1081.01,1068.93,1075.31,32.87095,-18.4902,1097.8875,1097.8875,104752
2015-11-25 00:00:00+00:00,1075.69,1080.74,1067.83,1071.1,31.28251,-18.17241,1093.654,1093.654,82995
2015-11-26 00:00:00+00:00,1071.18,1074.8,1069.6,1071.65,31.74654,-17.67247,1089.9475,1089.9475,49246
2015-11-27 00:00:00+00:00,1071.76,1073.73,1052.67,1058.04,26.9049,-18.16507,1085.7625,1085.7625,75836
2015-11-30 00:00:00+00:00,1058.29,1069.68,1053.13,1064.37,32.09225,-17.83905,1082.308,1082.308,87117
2015-12-01 00:00:00+00:00,1064.81,1074.58,1063.18,1069.24,35.8634,-16.99184,1079.8895,1079.8895,88741
2015-12-02 00:00:00+00:00,1068.87,1071.36,1050.58,1053.49,30.05107,-17.39084,1077.1885,1077.1885,96760
2015-12-03 00:00:00+00:00,1053.84,1065.39,1046.23,1062.1,36.14376,-16.81842,1075.115,1075.115,134196
2015-12-04 00:00:00+00:00,1063.35,1088.78,1058.07,1086.76,49.66639,-14.2111,1075.022,1075.022,144590
2015-12-07 00:00:00+00:00,1084.82,1086.55,1066.11,1070.76,43.26459,-13.28273,1073.9625,1073.9625,131128
2015-12-08 00:00:00+00:00,1070.96,1079.03,1067.57,1074.52,45.05687,-12.10407,1073.2085,1073.2085,125797
2015-12-09 00:00:00+00:00,1074.53,1085.3,1069.29,1072.67,44.3151,-11.19025,1072.55,1072.55,125023
2015-12-10 00:00:00+00:00,1072.2,1076.42,1069.35,1071.21,43.7036,-10.46324,1071.8655,1071.8655,116921
2015-12-11 00:00:00+00:00,1071.75,1079.53,1062.36,1074.66,45.61339,-9.49919,1071.4215,1071.4215,129556
2015-12-14 00:00:00+00:00,1073.72,1077.48,1058.53,1060.12,39.52738,-9.79552,1070.2935,1070.2935,112686
2015-12-15 00:00:00+00:00,1061.16,1068.6,1058.89,1060.8,39.93105,-9.86181,1069.8305,1069.8305,111618
2015-12-16 00:00:00+00:00,1061.21,1078.27,1060.83,1072.18,46.38154,-8.89355,1069.896,1069.896,108256
2015-12-17 00:00:00+00:00,1071.97,1072.84,1047.58,1051.55,38.3431,-9.67929,1068.3715,1068.3715,117110
2015-12-18 00:00:00+00:00,1050.92,1071.49,1050.84,1065.85,45.40614,-9.04386,1067.765,1067.765,103139
2015-12-21 00:00:00+00:00,1066.16,1081.71,1063.91,1078.28,50.69345,-7.45138,1068.233,1068.233,101124
2015-12-22 00:00:00+00:00,1078.06,1080.69,1071.69,1072.6,48.38732,-6.5719,1068.0975,1068.0975,88689
2015-12-23 00:00:00+00:00,1072.87,1075.43,1068.26,1070.2,47.40599,-5.99941,1068.0525,1068.0525,74884
2015-12-24 00:00:00+00:00,1070.36,1076.74,1070.02,1076.05,50.0644,-5.01584,1068.2725,1068.2725,56090
2015-12-28 00:00:00+00:00,1075.86,1076.86,1066.37,1068.9,46.94137,-4.75844,1068.8155,1068.8155,87770
2015-12-29 00:00:00+00:00,1068.8,1075.17,1067.43,1068.62,46.8182,-4.52489,1069.028,1069.028,92846
2015-12-30 00:00:00+00:00,1069.01,1072.01,1059.33,1061.08,43.50761,-4.89183,1068.62,1068.62,63736
2015-12-31 00:00:00+00:00,1061.37,1063.46,1058.13,1060.81,43.3893,-5.1451,1068.986,1068.986,64624
2016-01-04 00:00:00+00:00,1064.88,1083.44,1061.66,1074.43,50.67615,-4.19841,1069.6025,1069.6025,146141
2016-01-05 00:00:00+00:00,1073.15,1081.9,1072.56,1078.07,52.43816,-3.11848,1069.168,1069.168,124689
2016-01-06 00:00:00+00:00,1077.75,1095.13,1074.89,1093.01,58.9241,-1.04505,1070.2805,1070.2805,138041
2016-01-07 00:00:00+00:00,1093.59,1110.01,1091.33,1108.93,64.48233,1.86132,1072.001,1072.001,185177
2016-01-08 00:00:00+00:00,1108.62,1113.12,1091.78,1103.85,61.61712,3.71193,1073.56,1073.56,165997
2016-01-11 00:00:00+00:00,1107.4,1108.42,1094.2,1095.4,57.07423,4.44546,1074.7695,1074.7695,144178
2016-01-12 00:00:00+00:00,1095.19,1099.14,1083.41,1089.48,54.06669,4.49726,1075.5105,1075.5105,143643
2016-01-13 00:00:00+00:00,1087.48,1095.4,1079.71,1093.65,55.83222,4.81924,1077.187,1077.187,138239
2016-01-14 00:00:00+00:00,1093.24,1095.15,1071.33,1077.18,47.98687,3.70273,1078.006,1078.006,154005
2016-01-15 00:00:00+00:00,1078.22,1097.34,1076.2,1088.72,52.97309,3.70635,1078.833,1078.833,164366
2016-01-18 00:00:00+00:00,1090.14,1093.22,1087.47,1088.88,53.0403,3.67971,1080.6995,1080.6995,108815
2016-01-19 00:00:00+00:00,1089.43,1094.45,1082.45,1087.18,52.18679,3.4813,1081.766,1081.766,169169
2016-01-20 00:00:00+00:00,1087.77,1109.56,1087.52,1100.83,58.02716,4.37506,1082.8935,1082.8935,190122
2016-01-21 00:00:00+00:00,1100.93,1104.44,1092.36,1101.16,58.16022,5.05177,1084.3215,1084.3215,193392
2016-01-22 00:00:00+00:00,1101.12,1102.78,1093.97,1097.78,56.1952,5.25475,1085.7005,1085.7005,149487
2016-01-25 00:00:00+00:00,1097.73,1108.88,1097.13,1107.67,60.41012,6.14285,1087.2815,1087.2815,128229
2016-01-26 00:00:00+00:00,1108.26,1122.84,1106.91,1120.09,64.96873,7.75941,1089.841,1089.841,138653
2016-01-27 00:00:00+00:00,1119.87,1127.94,1114.81,1124.76,66.52934,9.31006,1092.648,1092.648,137199
2016-01-28 00:00:00+00:00,1125.57,1125.75,1111.49,1114.28,60.0628,9.58285,1095.308,1095.308,133390
2016-01-29 00:00:00+00:00,1115.33,1118.38,1108.32,1117.99,61.48983,9.98332,1098.167,1098.167,138402
2016-02-01 00:00:00+00:00,1115.86,1129.65,1115.86,1128.37,65.23291,11.01134,1100.864,1100.864,139898
2016-02-02 00:00:00+00:00,1128.08,1131.0,1122.25,1128.62,65.32034,11.71123,1103.3915,1103.3915,128043
2016-02-03 00:00:00+00:00,1128.12,1145.45,1124.33,1142.34,69.80764,13.22059,1105.858,1105.858,181190
2016-02-04 00:00:00+00:00,1141.56,1157.29,1139.51,1155.36,73.33387,15.29111,1108.1795,1108.1795,203585
2016-02-05 00:00:00+00:00,1155.5,1174.4,1145.15,1173.06,77.22763,18.15101,1111.64,1111.64,186469
2016-02-08 00:00:00+00:00,1168.46,1200.81,1164.23,1190.02,80.20959,21.53777,1116.371,1116.371,190763
2016-02-09 00:00:00+00:00,1190.68,1198.82,1185.59,1188.76,79.37797,23.84525,1121.335,1121.335,194216
2016-02-10 00:00:00+00:00,1189.41,1197.65,1181.4,1197.41,80.84616,26.07139,1126.523,1126.523,182414
2016-02-11 00:00:00+00:00,1196.72,1263.34,1196.72,1248.7,86.83245,31.60992,1135.099,1135.099,185283
2016-02-12 00:00:00+00:00,1247.92,1248.19,1232.37,1238.13,81.20015,34.74581,1142.5695,1142.5695,165314
2016-02-15 00:00:00+00:00,1232.0,1234.76,1202.13,1209.07,68.11822,34.48856,1148.579,1148.579,94178
2016-02-16 00:00:00+00:00,1209.06,1216.9,1190.8,1199.53,64.44744,33.13295,1154.1965,1154.1965,172139
2016-02-17 00:00:00+00:00,1202.54,1213.66,1195.6,1208.31,66.25004,32.39368,1159.5705,1159.5705,172778
2016-02-18 00:00:00+00:00,1208.01,1239.84,1200.64,1230.65,70.367,33.22743,1166.045,1166.045,170619
2016-02-19 00:00:00+00:00,1231.06,1234.44,1219.87,1227.29,69.00363,33.23396,1172.5205,1172.5205,140206
2016-02-22 00:00:00+00:00,1224.92,1226.16,1201.83,1208.42,61.76573,31.35504,1177.558,1177.558,113869
2016-02-23 00:00:00+00:00,1209.07,1228.1,1207.1,1226.44,65.48854,30.96313,1182.8755,1182.8755,101351
2016-02-24 00:00:00+00:00,1227.03,1253.24,1221.76,1229.17,66.02821,30.52099,1188.096,1188.096,149964
2016-02-25 00:00:00+00:00,1226.79,1242.71,1221.04,1233.2,66.85225,30.14825,1194.042,1194.042,166868
2016-02-26 00:00:00+00:00,1232.34,1240.25,1211.39,1223.32,62.82858,28.7245,1199.3085,1199.3085,120019
2016-02-29 00:00:00+00:00,1218.98,1241.0,1217.23,1238.3,66.15475,28.47667,1204.805,1204.805,136668
2016-03-01 00:00:00+00:00,1239.05,1248.47,1227.1,1231.57,63.40953,27.42111,1209.9525,1209.9525,143242
2016-03-02 00:00:00+00:00,1231.35,1243.98,1224.68,1240.09,65.36879,26.96127,1214.84,1214.84,114608
2016-03-03 00:00:00+00:00,1241.45,1268.24,1237.34,1265.51,70.45236,28.32156,1220.3475,1220.3475,150224
2016-03-04 00:00:00+00:00,1262.38,1279.71,1250.43,1258.78,67.62218,28.52769,1224.6335,1224.6335,159467
2016-03-07 00:00:00+00:00,1259.79,1273.1,1256.65,1267.22,69.2884,29.03736,1228.4935,1228.4935,135615
2016-03-08 00:00:00+00:00,1266.42,1278.04,1260.15,1261.5,66.78015,28.64947,1232.1305,1232.1305,128475
2016-03-09 00:00:00+00:00,1261.61,1264.88,1242.91,1252.88,63.07453,27.33145,1234.904,1234.904,108827
2016-03-10 00:00:00+00:00,1252.7,1273.27,1236.99,1271.98,67.39217,27.51098,1236.068,1236.068,119533
2016-03-11 00:00:00+00:00,1269.91,1283.36,1248.16,1249.23,58.60256,25.52331,1236.623,1236.623,115887
2016-03-14 00:00:00+00:00,1251.44,1261.01,1229.3,1235.0,53.86981,22.54,1237.9195,1237.9195,76552
2016-03-15 00:00:00+00:00,1235.18,1238.0,1225.6,1232.44,53.03993,19.74157,1239.565,1239.565,87443
2016-03-16 00:00:00+00:00,1232.78,1263.86,1226.64,1262.04,60.59826,19.68534,1242.2515,1242.2515,110446
2016-03-17 00:00:00+00:00,1259.46,1270.84,1254.33,1257.72,59.10311,19.07234,1243.605,1243.605,145518
2016-03-18 00:00:00+00:00,1258.68,1266.88,1247.78,1255.04,58.14466,18.16092,1244.9925,1244.9925,112531
2016-03-21 00:00:00+00:00,1254.55,1255.32,1240.54,1243.44,54.05836,16.31454,1246.7435,1246.7435,86935
2016-03-22 00:00:00+00:00,1243.57,1260.12,1242.31,1248.0,55.38571,15.04578,1247.8215,1247.8215,98124
2016-03-23 00:00:00+00:00,1247.72,1249.31,1215.31,1220.13,46.53607,11.65703,1247.3695,1247.3695,82254
2016-03-24 00:00:00+00:00,1222.61,1223.71,1211.95,1217.12,45.68702,8.62907,1246.5655,1246.5655,70484
2016-03-28 00:00:00+00:00,1214.3,1223.05,1208.15,1221.34,47.14307,6.49503,1246.4665,1246.4665,53551
2016-03-29 00:00:00+00:00,1220.8,1242.9,1215.24,1240.72,53.33079,6.29503,1246.5875,1246.5875,87796
2016-03-30 00:00:00+00:00,1241.41,1243.99,1223.18,1224.46,48.22936,4.76951,1246.232,1246.232,71651
2016-03-31 00:00:00+00:00,1225.85,1240.32,1223.75,1232.44,50.72077,4.15652,1245.8495,1245.8495,70310
2016-04-01 00:00:00+00:00,1231.56,1235.21,1208.93,1222.16,47.54643,2.80884,1243.682,1243.682,85225
2016-04-04 00:00:00+00:00,1220.3,1222.54,1214.56,1215.55,45.57148,1.19366,1241.5205,1241.5205,65568
2016-04-05 00:00:00+00:00,1215.7,1236.74,1214.69,1230.47,50.56309,1.1048,1239.683,1239.683,77927
2016-04-06 00:00:00+00:00,1230.41,1232.1,1216.64,1222.03,47.88765,0.34931,1237.7095,1237.7095,77171
2016-04-07 00:00:00+00:00,1222.95,1243.19,1222.64,1240.6,53.6934,1.2348,1237.0955,1237.0955,91006
2016-04-08 00:00:00+00:00,1239.37,1242.6,1229.54,1240.49,53.65527,1.9057,1235.521,1235.521,76620
2016-04-11 00:00:00+00:00,1244.78,1258.78,1243.93,1257.51,58.5593,3.76735,1235.935,1235.935,94172
2016-04-12 00:00:00+00:00,1256.15,1262.54,1251.11,1255.41,57.74735,5.01545,1236.9555,1236.9555,79886
2016-04-13 00:00:00+00:00,1255.62,1256.63,1239.71,1243.16,53.12038,4.95894,1237.4915,1237.4915,81193
2016-04-14 00:00:00+00:00,1242.43,1244.04,1223.77,1226.33,47.49045,3.51559,1235.706,1235.706,91768
2016-04-15 00:00:00+00:00,1227.36,1235.79,1225.2,1233.73,49.99972,2.93501,1234.5065,1234.5065,70164
2016-04-18 00:00:00+00:00,1234.66,1241.55,1230.04,1232.57,49.59959,2.35415,1233.383,1233.383,76059
2016-04-19 00:00:00+00:00,1231.77,1256.62,1227.66,1250.21,55.43949,3.27942,1233.7215,1233.7215,89031
2016-04-20 00:00:00+00:00,1249.69,1257.91,1242.34,1243.7,52.99884,3.44766,1233.5065,1233.5065,82997
2016-04-21 00:00:00+00:00,1243.77,1270.19,1242.78,1248.77,54.67247,3.94462,1234.9385,1234.9385,104670
2016-04-22 00:00:00+00:00,1247.66,1252.48,1227.32,1232.73,48.75725,3.00948,1235.719,1235.719,93715
2016-04-25 00:00:00+00:00,1232.22,1242.23,1229.94,1237.5,50.47334,2.62304,1236.527,1236.527,71006
2016-04-26 00:00:00+00:00,1237.83,1244.79,1231.27,1243.68,52.68424,2.78337,1236.675,1236.675,65536
2016-04-27 00:00:00+00:00,1242.81,1252.65,1239.34,1245.98,53.51592,3.06074,1237.751,1237.751,79744
2016-04-28 00:00:00+00:00,1245.4,1269.47,1237.68,1266.29,60.17316,4.86335,1239.4435,1239.4435,96239
2016-04-29 00:00:00+00:00,1265.94,1296.62,1264.91,1293.68,67.03068,8.40518,1243.0195,1243.0195,96250
2016-05-02 00:00:00+00:00,1292.65,1303.65,1287.56,1291.24,65.94142,10.88969,1246.804,1246.804,99542
2016-05-03 00:00:00+00:00,1292.09,1301.69,1282.19,1286.33,63.69825,12.32047,1249.597,1249.597,102227
2016-05-04 00:00:00+00:00,1285.54,1289.74,1271.71,1279.71,60.70009,12.77295,1252.481,1252.481,98324
2016-05-05 00:00:00+00:00,1279.62,1286.37,1268.79,1278.09,59.95638,12.85266,1254.3555,1254.3555,96179
2016-05-06 00:00:00+00:00,1277.49,1295.47,1274.38,1288.8,63.16919,13.62301,1256.771,1256.771,102307
2016-05-09 00:00:00+00:00,1284.19,1287.46,1261.21,1263.09,52.31753,12.02037,1257.05,1257.05,96939
2016-05-10 00:00:00+00:00,1264.03,1269.61,1256.78,1266.15,53.34482,10.87186,1257.587,1257.587,91863
2016-05-11 00:00:00+00:00,1266.06,1279.02,1264.72,1277.12,56.92749,10.72323,1259.285,1259.285,87526
2016-05-12 00:00:00+00:00,1277.49,1280.78,1261.78,1263.42,51.59853,9.3917,1261.1395,1261.1395,93150
2016-05-13 00:00:00+00:00,1264.09,1276.26,1262.88,1273.3,54.87889,9.02961,1263.118,1263.118,90621
2016-05-16 00:00:00+00:00,1272.72,1288.62,1270.92,1273.62,54.9853,8.66854,1265.1705,1265.1705,92683
2016-05-17 00:00:00+00:00,1274.08,1282.27,1269.02,1279.26,56.914,8.73678,1266.623,1266.623,94465
2016-05-18 00:00:00+00:00,1280.28,1281.27,1254.97,1257.88,48.44101,6.98515,1267.332,1267.332,103028
2016-05-19 00:00:00+00:00,1258.63,1261.23,1243.66,1254.2,47.14014,5.23963,1267.6035,1267.6035,100902
2016-05-20 00:00:00+00:00,1255.67,1260.12,1248.74,1251.91,46.30677,3.62966,1268.5625,1268.5625,82634
2016-05-23 00:00:00+00:00,1250.34,1255.94,1243.08,1249.0,45.21294,2.09479,1269.1375,1269.1375,78173
2016-05-24 00:00:00+00:00,1248.74,1252.09,1226.19,1226.7,37.83696,-0.91053,1268.2885,1268.2885,86387
2016-05-25 00:00:00+00:00,1227.47,1230.08,1217.74,1224.33,37.14343,-3.44381,1267.206,1267.206,84579
2016-05-26 00:00:00+00:00,1223.38,1234.17,1218.3,1219.62,35.74133,-5.76505,1264.8725,1264.8725,86816
2016-05-27 00:00:00+00:00,1220.13,1223.5,1206.67,1211.64,33.43826,-8.15457,1260.7705,1260.7705,80364
2016-05-30 00:00:00+00:00,1212.93,1213.36,1199.62,1207.4,32.24921,-10.27201,1256.5785,1256.5785,62275
2016-05-31 00:00:00+00:00,1207.08,1218.15,1207.03,1215.08,36.64389,-11.20126,1253.016,1253.016,83395
2016-06-01 00:00:00+00:00,1216.02,1220.32,1205.91,1212.57,35.82597,-12.00188,1249.659,1249.659,73639
2016-06-02 00:00:00+00:00,1212.84,1217.57,1209.75,1211.03,35.30529,-12.61523,1246.306,1246.306,80029
2016-06-03 00:00:00+00:00,1210.32,1244.59,1206.85,1244.51,51.73026,-10.28124,1244.0915,1244.0915,95621
2016-06-06 00:00:00+00:00,1244.0,1248.65,1239.92,1244.89,51.87959,-8.30513,1243.1815,1243.1815,85382
2016-06-07 00:00:00+00:00,1244.94,1246.53,1234.72,1244.29,51.60811,-6.71012,1242.0885,1242.0885,69437
2016-06-08 00:00:00+00:00,1244.63,1264.31,1242.98,1261.84,58.45612,-3.984,1241.3245,1241.3245,80519
2016-06-09 00:00:00+00:00,1261.6,1271.68,1256.74,1269.32,60.98995,-1.20605,1241.6195,1241.6195,73682
2016-06-10 00:00:00+00:00,1269.28,1278.09,1264.51,1274.07,62.55193,1.36307,1241.658,1241.658,79664
2016-06-13 00:00:00+00:00,1274.69,1287.09,1272.35,1283.87,65.61131,4.14214,1242.1705,1242.1705,91161
2016-06-14 00:00:00+00:00,1283.26,1289.73,1276.31,1285.87,66.21788,6.43182,1242.501,1242.501,76324
2016-06-15 00:00:00+00:00,1284.83,1296.76,1278.38,1291.51,67.93548,8.60234,1244.1825,1244.1825,83090
2016-06-16 00:00:00+00:00,1293.17,1315.54,1277.97,1278.75,60.44742,9.18697,1245.41,1245.41,137495
2016-06-17 00:00:00+00:00,1278.98,1299.5,1276.48,1298.55,66.59953,11.1198,1247.742,1247.742,92386
2016-06-20 00:00:00+00:00,1286.09,1292.2,1277.93,1289.75,61.9849,11.80542,1249.7795,1249.7795,83381
2016-06-21 00:00:00+00:00,1289.73,1294.12,1264.44,1267.18,52.02775,10.40759,1251.8035,1251.8035,93994
2016-06-22 00:00:00+00:00,1269.6,1270.6,1261.13,1266.06,51.58492,9.10447,1253.89,1253.89,71268
2016-06-23 00:00:00+00:00,1263.54,1271.38,1254.37,1255.96,47.64646,7.17406,1255.707,1255.707,79771
2016-06-24 00:00:00+00:00,1253.05,1358.25,1250.34,1315.67,64.77088,10.34307,1260.9085,1260.9085,222646
2016-06-27 00:00:00+00:00,1326.11,1335.23,1317.57,1324.88,66.58635,13.44274,1266.7825,1266.7825,207364
2016-06-28 00:00:00+00:00,1324.04,1325.94,1305.4,1312.01,61.7941,14.69139,1271.629,1271.629,179203
2016-06-29 00:00:00+00:00,1311.83,1327.78,1311.41,1318.6,63.25249,16.02796,1276.9305,1276.9305,145538
2016-06-30 00:00:00+00:00,1317.62,1324.06,1312.73,1321.58,63.92313,17.13019,1282.458,1282.458,154092
2016-07-01 00:00:00+00:00,1322.58,1344.49,1320.47,1342.28,68.25674,19.44983,1287.3465,1287.3465,142318
2016-07-04 00:00:00+00:00,1339.61,1357.31,1339.5,1350.83,69.86682,21.72761,1292.6435,1292.6435,100936
2016-07-05 00:00:00+00:00,1349.21,1357.38,1338.05,1356.03,70.8357,23.67941,1298.2305,1298.2305,171215
2016-07-06 00:00:00+00:00,1356.93,1375.05,1355.94,1363.68,72.24934,25.549,1303.3225,1303.3225,151669
2016-07-07 00:00:00+00:00,1362.58,1370.65,1350.69,1360.28,70.61115,26.45139,1307.8705,1307.8705,179163
2016-07-08 00:00:00+00:00,1359.21,1370.18,1335.17,1364.93,71.56089,27.2279,1312.4135,1312.4135,160797
2016-07-11 00:00:00+00:00,1368.43,1374.83,1350.57,1354.57,66.41149,26.69954,1315.9485,1315.9485,199384
2016-07-12 00:00:00+00:00,1355.19,1357.59,1330.31,1332.68,57.06735,24.23511,1318.289,1318.289,173381
2016-07-13 00:00:00+00:00,1333.88,1345.17,1327.46,1342.48,59.79472,22.80987,1320.8375,1320.8375,172637
2016-07-14 00:00:00+00:00,1342.93,1347.03,1320.08,1334.53,56.65069,20.7991,1323.6265,1323.6265,201427
2016-07-15 00:00:00+00:00,1335.38,1338.64,1322.41,1338.29,57.78135,19.28662,1325.6135,1325.6135,165966
2016-07-18 00:00:00+00:00,1334.11,1335.36,1323.38,1328.37,53.79477,17.09051,1327.5445,1327.5445,141084
2016-07-19 00:00:00+00:00,1328.15,1334.89,1325.45,1331.93,54.99482,15.45913,1330.782,1330.782,150333
2016-07-20 00:00:00+00:00,1332.17,1338.25,1312.53,1315.34,48.6532,12.68139,1333.246,1333.246,144844
2016-07-21 00:00:00+00:00,1313.87,1333.79,1310.77,1331.12,54.07756,11.61939,1337.004,1337.004,148769
2016-07-22 00:00:00+00:00,1330.84,1333.75,1319.58,1322.39,50.87546,9.95851,1337.34,1337.34,129787
2016-07-25 00:00:00+00:00,1321.77,1323.69,1312.25,1315.76,48.52544,8.01487,1336.884,1336.884,104376
2016-07-26 00:00:00+00:00,1315.22,1324.46,1313.76,1320.2,50.18494,6.75493,1337.2935,1337.2935,107185
2016-07-27 00:00:00+00:00,1319.27,1342.32,1315.67,1339.46,56.70539,7.22723,1338.3365,1338.3365,129785
2016-07-28 00:00:00+00:00,1338.41,1345.52,1332.36,1335.32,55.03773,7.18465,1339.0235,1339.0235,130598
2016-07-29 00:00:00+00:00,1335.37,1354.9,1328.27,1351.11,59.88358,8.32901,1339.465,1339.465,160832
2016-08-01 00:00:00+00:00,1350.61,1354.77,1346.17,1352.73,60.35567,9.2599,1339.56,1339.56,110164
2016-08-02 00:00:00+00:00,1353.03,1367.21,1347.01,1363.67,63.48106,10.75641,1339.942,1339.942,125971
2016-08-03 00:00:00+00:00,1363.17,1366.33,1354.07,1358.15,60.87336,11.36597,1339.6655,1339.6655,114393
2016-08-04 00:00:00+00:00,1357.65,1364.93,1349.05,1360.96,61.73508,11.93818,1339.6995,1339.6995,121475
2016-08-05 00:00:00+00:00,1360.97,1364.59,1334.61,1336.87,51.30341,10.32873,1338.2965,1338.2965,118610
2016-08-08 00:00:00+00:00,1332.89,1338.2,1329.77,1334.97,50.57751,8.7985,1337.3165,1337.3165,116933
2016-08-09 00:00:00+00:00,1334.94,1342.51,1330.42,1340.45,52.65812,7.93648,1337.705,1337.705,103184
2016-08-10 00:00:00+00:00,1339.96,1357.11,1339.87,1346.0,54.73644,7.6134,1337.881,1337.881,132126
2016-08-11 00:00:00+00:00,1346.97,1353.22,1335.68,1338.46,51.43296,6.67203,1338.0775,1338.0775,110706
2016-08-12 00:00:00+00:00,1338.02,1356.27,1333.08,1336.58,50.61275,5.70848,1337.992,1337.992,125937
2016-08-15 00:00:00+00:00,1337.13,1343.73,1335.7,1339.2,51.76715,5.09752,1338.5335,1338.5335,85940
2016-08-16 00:00:00+00:00,1339.6,1357.94,1339.24,1346.37,54.87567,5.13271,1339.2555,1339.2555,119843
2016-08-17 00:00:00+00:00,1345.52,1351.57,1335.57,1348.44,55.7621,5.26693,1340.9105,1340.9105,112120
2016-08-18 00:00:00+00:00,1349.59,1355.95,1345.98,1352.17,57.38653,5.60961,1341.963,1341.963,122309
2016-08-19 00:00:00+00:00,1352.11,1352.71,1337.71,1340.92,51.27134,4.91672,1342.8895,1342.8895,106137
2016-08-22 00:00:00+00:00,1338.34,1339.95,1331.66,1338.63,50.101,4.13516,1344.033,1344.033,131355
2016-08-23 00:00:00+00:00,1338.84,1344.58,1335.19,1338.06,49.79631,3.43023,1344.926,1344.926,105543
2016-08-24 00:00:00+00:00,1337.75,1339.99,1323.65,1323.9,42.82817,1.70927,1344.148,1344.148,104373
2016-08-25 00:00:00+00:00,1325.32,1326.98,1317.93,1321.46,41.74418,0.14681,1343.455,1343.455,89477
2016-08-26 00:00:00+00:00,1321.86,1342.12,1318.29,1321.85,41.99688,-1.04789,1341.992,1341.992,120480
2016-08-29 00:00:00+00:00,1319.53,1324.99,1314.87,1323.25,42.95351,-1.86029,1340.518,1340.518,106883
2016-08-30 00:00:00+00:00,1323.31,1325.34,1309.18,1310.36,36.91648,-3.50385,1337.8525,1337.8525,103213
2016-08-31 00:00:00+00:00,1311.35,1315.99,1304.16,1308.81,36.25658,-4.87526,1335.3855,1335.3855,104367
2016-09-01 00:00:00+00:00,1309.79,1315.01,1302.41,1312.94,39.36665,-5.5647,1332.9845,1332.9845,100334
2016-09-02 00:00:00+00:00,1313.77,1329.99,1303.19,1324.8,47.31601,-5.09536,1332.381,1332.381,105971
2016-09-05 00:00:00+00:00,1324.73,1328.5,1321.68,1326.81,48.54721,-4.50922,1331.973,1331.973,59067
2016-09-06 00:00:00+00:00,1326.2,1352.45,1324.73,1350.26,60.22559,-2.12796,1332.4635,1332.4635,110084
2016-09-07 00:00:00+00:00,1348.18,1352.51,1342.62,1344.74,56.94886,-0.67839,1332.4005,1332.4005,94447
2016-09-08 00:00:00+00:00,1345.04,1349.28,1335.49,1337.65,52.96299,-0.10054,1332.36,1332.36,107699
2016-09-09 00:00:00+00:00,1338.24,1339.46,1326.83,1327.83,47.95648,-0.43003,1331.9225,1331.9225,100365
2016-09-12 00:00:00+00:00,1328.49,1330.14,1320.3,1327.38,47.73381,-0.71917,1331.3315,1331.3315,121848
2016-09-13 00:00:00+00:00,1327.41,1331.88,1315.51,1317.84,43.15856,-1.69853,1329.905,1329.905,128347
2016-09-14 00:00:00+00:00,1318.84,1325.85,1313.29,1321.98,45.59558,-2.11623,1328.582,1328.582,114114
2016-09-15 00:00:00+00:00,1322.67,1327.95,1309.19,1314.41,42.04583,-3.02324,1326.694,1326.694,121635
2016-09-16 00:00:00+00:00,1315.24,1317.98,1306.14,1309.66,39.94441,-4.07833,1325.131,1325.131,92001
2016-09-19 00:00:00+00:00,1309.83,1318.27,1309.32,1313.21,42.2668,-4.57529,1323.86,1323.86,82810
2016-09-20 00:00:00+00:00,1313.18,1317.8,1311.94,1314.86,43.36308,-4.78089,1322.7,1322.7,70883
2016-09-21 00:00:00+00:00,1314.81,1335.92,1307.78,1335.92,55.08603,-3.20749,1323.301,1323.301,128717
2016-09-22 00:00:00+00:00,1333.89,1343.55,1331.1,1337.72,55.92572,-1.79462,1324.114,1324.114,93925
2016-09-23 00:00:00+00:00,1337.43,1340.56,1333.73,1338.72,56.41326,-0.58745,1324.9575,1324.9575,74257
2016-09-26 00:00:00+00:00,1336.59,1342.02,1332.61,1337.86,55.84117,0.29642,1325.688,1325.688,115569
2016-09-27 00:00:00+00:00,1338.21,1339.42,1324.63,1326.87,49.00239,0.10885,1326.5135,1326.5135,115460
2016-09-28 00:00:00+00:00,1326.78,1327.45,1317.92,1321.47,46.02009,-0.47012,1327.1465,1327.1465,80671
2016-09-29 00:00:00+00:00,1321.69,1325.71,1315.94,1320.4,45.43008,-1.00373,1327.5195,1327.5195,125920
2016-09-30 00:00:00+00:00,1321.27,1327.97,1313.13,1315.89,42.93169,-1.77013,1327.074,1327.074,146441
2016-10-03 00:00:00+00:00,1317.19,1319.52,1309.28,1311.73,40.70788,-2.68227,1326.32,1326.32,106678
2016-10-04 00:00:00+00:00,1311.76,1312.97,1266.92,1268.45,25.75859,-6.81888,1322.2295,1322.2295,138909
2016-10-05 00:00:00+00:00,1268.35,1277.05,1262.05,1266.69,25.35089,-10.1225,1318.327,1318.327,116982
2016-10-06 00:00:00+00:00,1267.7,1269.32,1249.75,1254.39,22.65243,-13.57665,1314.164,1314.164,111758
2016-10-07 00:00:00+00:00,1255.2,1265.28,1241.3,1256.54,24.17183,-15.95666,1310.5995,1310.5995,119165
2016-10-10 00:00:00+00:00,1257.4,1264.85,1256.55,1259.47,26.29666,-17.40577,1307.204,1307.204,74373
2016-10-11 00:00:00+00:00,1259.29,1262.15,1250.91,1252.59,24.55659,-18.89158,1303.9415,1303.9415,98085
2016-10-12 00:00:00+00:00,1253.15,1258.82,1249.69,1255.24,26.57203,-19.629,1300.6045,1300.6045,99118
2016-10-13 00:00:00+00:00,1255.59,1262.23,1253.03,1257.68,28.46693,-19.78841,1297.768,1297.768,109662
2016-10-14 00:00:00+00:00,1258.03,1259.33,1246.03,1250.43,26.29553,-20.26614,1294.8065,1294.8065,117249
2016-10-17 00:00:00+00:00,1251.17,1257.11,1250.03,1254.92,29.86361,-20.05131,1291.892,1291.892,104418
2016-10-18 00:00:00+00:00,1255.23,1264.61,1254.92,1262.52,35.55095,-19.04821,1289.275,1289.275,100528
2016-10-19 00:00:00+00:00,1262.7,1273.23,1260.17,1269.58,40.38691,-17.48205,1285.958,1285.958,95663
2016-10-20 00:00:00+00:00,1269.27,1274.52,1264.67,1265.66,38.65266,-16.36848,1282.355,1282.355,94397
2016-10-21 00:00:00+00:00,1265.7,1267.93,1261.03,1266.79,39.45969,-15.21935,1278.7585,1278.7585,79280
2016-10-24 00:00:00+00:00,1265.89,1271.81,1260.28,1264.16,38.20012,-14.35539,1275.0735,1275.0735,83255
2016-10-25 00:00:00+00:00,1264.49,1276.51,1262.01,1273.87,45.1602,-12.74032,1272.4235,1272.4235,104708
2016-10-26 00:00:00+00:00,1273.73,1276.37,1264.57,1266.48,41.34386,-11.91928,1269.674,1269.674,50994
2016-10-27 00:00:00+00:00,1266.51,1272.69,1264.99,1268.52,42.78133,-10.97744,1267.08,1267.08,104870
2016-10-28 00:00:00+00:00,1267.98,1284.07,1261.88,1275.71,47.65078,-9.54088,1265.071,1265.071,120046
2016-10-31 00:00:00+00:00,1277.21,1279.41,1271.11,1276.87,48.41354,-8.2141,1263.328,1263.328,101082
2016-11-01 00:00:00+00:00,1276.63,1291.8,1275.59,1288.04,55.18503,-6.18994,1264.3075,1264.3075,107918
2016-11-02 00:00:00+00:00,1288.31,1307.96,1287.24,1296.69,59.60688,-3.84349,1265.8075,1265.8075,124504
2016-11-03 00:00:00+00:00,1298.27,1306.7,1285.5,1301.84,62.01026,-1.55048,1268.18,1268.18,119602
2016-11-04 00:00:00+00:00,1303.98,1307.09,1294.67,1304.27,63.12514,0.45755,1270.5665,1270.5665,103449
2016-11-07 00:00:00+00:00,1292.27,1295.77,1278.09,1281.38,48.64365,0.1996,1271.662,1271.662,122663
2016-11-08 00:00:00+00:00,1282.47,1290.57,1272.76,1275.54,45.75934,-0.47064,1272.8095,1272.8095,122472
2016-11-09 00:00:00+00:00,1273.1,1337.16,1267.91,1277.11,46.67476,-0.86515,1273.903,1273.903,339333
2016-11-10 00:00:00+00:00,1278.44,1292.13,1252.18,1259.29,38.69266,-2.58592,1273.9835,1273.9835,202991
2016-11-11 00:00:00+00:00,1259.14,1265.31,1219.03,1227.24,29.06518,-6.46133,1272.824,1272.824,173763
2016-11-14 00:00:00+00:00,1228.97,1231.15,1211.44,1220.09,27.4257,-9.99435,1271.0825,1271.0825,199718
2016-11-15 00:00:00+00:00,1221.37,1231.45,1218.77,1228.35,32.18473,-11.98958,1269.374,1269.374,156186
2016-11-16 00:00:00+00:00,1228.05,1232.96,1221.39,1224.81,31.23927,-13.69855,1267.1355,1267.1355,136210
2016-11-17 00:00:00+00:00,1225.33,1231.33,1210.95,1216.73,29.13545,-15.52594,1264.689,1264.689,151950
2016-11-18 00:00:00+00:00,1216.54,1217.63,1202.74,1208.51,27.13347,-17.43644,1261.775,1261.775,139676
2016-11-21 00:00:00+00:00,1207.44,1217.53,1205.47,1213.94,30.52934,-18.30141,1259.264,1259.264,116054
2016-11-22 00:00:00+00:00,1213.33,1220.95,1206.04,1211.85,29.95076,-18.93725,1256.163,1256.163,116763
2016-11-23 00:00:00+00:00,1213.11,1214.87,1181.58,1186.87,24.07742,-21.21232,1252.1825,1252.1825,130605
2016-11-24 00:00:00+00:00,1188.36,1190.8,1180.23,1184.03,23.51289,-22.97959,1247.958,1247.958,74544
2016-11-25 00:00:00+00:00,1184.9,1193.14,1170.11,1183.71,23.44618,-24.12786,1243.358,1243.358,113243
2016-11-28 00:00:00+00:00,1185.72,1197.53,1182.91,1192.84,29.58437,-24.02422,1239.1565,1239.1565,155438
2016-11-29 00:00:00+00:00,1193.28,1194.94,1180.98,1188.15,28.32784,-24.04337,1234.162,1234.162,144061
2016-11-30 00:00:00+00:00,1188.19,1194.83,1170.63,1172.62,24.60169,-25.02324,1227.9585,1227.9585,161280
2016-12-01 00:00:00+00:00,1173.73,1176.6,1160.63,1171.29,24.30682,-25.61187,1221.431,1221.431,156452
2016-12-02 00:00:00+00:00,1172.43,1178.04,1166.6,1176.87,28.19542,-25.33605,1215.061,1215.061,125907
2016-12-05 00:00:00+00:00,1185.41,1187.93,1157.04,1170.03,26.40471,-25.37686,1209.4935,1209.4935,189670
2016-12-06 00:00:00+00:00,1169.85,1175.24,1166.68,1169.44,26.24985,-25.1667,1204.1885,1204.1885,119117
2016-12-07 00:00:00+00:00,1169.38,1180.17,1165.51,1173.5,29.32181,-24.39138,1199.008,1199.008,112045
2016-12-08 00:00:00+00:00,1174.18,1178.57,1169.12,1170.35,28.33564,-23.75725,1194.561,1194.561,125955
2016-12-09 00:00:00+00:00,1170.07,1171.96,1156.16,1158.35,24.89991,-23.94695,1191.1165,1191.1165,108360
2016-12-12 00:00:00+00:00,1158.46,1165.72,1151.14,1161.83,27.64001,-23.54507,1188.2035,1188.2035,120294
2016-12-13 00:00:00+00:00,1163.08,1164.87,1154.51,1158.06,26.5115,-23.26262,1184.689,1184.689,126017
2016-12-14 00:00:00+00:00,1158.47,1165.09,1139.04,1142.94,22.53717,-23.98239,1180.5955,1180.5955,148724
2016-12-15 00:00:00+00:00,1142.16,1144.28,1122.62,1127.96,19.4295,-25.46799,1176.157,1176.157,150441
2016-12-16 00:00:00+00:00,1128.33,1141.16,1126.54,1134.65,24.4405,-25.80802,1172.464,1172.464,79262
2016-12-19 00:00:00+00:00,1135.79,1142.24,1134.73,1138.47,27.22379,-25.47558,1168.6905,1168.6905,91901
2016-12-20 00:00:00+00:00,1138.46,1139.73,1125.67,1131.73,25.44297,-25.46246,1164.6845,1164.6845,91025
2016-12-21 00:00:00+00:00,1132.56,1137.03,1129.25,1131.59,25.4058,-25.17319,1161.9205,1161.9205,80712
2016-12-22 00:00:00+00:00,1131.34,1134.03,1127.37,1128.2,24.47332,-24.9301,1159.129,1159.129,72957
2016-12-23 00:00:00+00:00,1128.3,1135.72,1126.77,1133.39,28.78296,-24.04153,1156.613,1156.613,38802
2016-12-27 00:00:00+00:00,1134.39,1150.69,1131.58,1138.86,33.11483,-22.63502,1153.914,1153.914,58082
2016-12-28 00:00:00+00:00,1139.11,1144.41,1136.45,1141.55,35.20221,-21.06052,1151.584,1151.584,67686
2016-12-29 00:00:00+00:00,1142.37,1159.4,1141.65,1157.83,46.15455,-18.28824,1150.8445,1150.8445,77501
2016-12-30 00:00:00+00:00,1157.87,1163.15,1146.41,1151.32,43.02301,-16.42713,1149.846,1149.846,73464
2017-01-03 00:00:00+00:00,1151.67,1164.35,1145.95,1159.09,47.59342,-14.16197,1148.957,1148.957,133304
2017-01-04 00:00:00+00:00,1158.75,1167.83,1156.07,1162.64,49.58327,-11.94268,1148.5875,1148.5875,130369
2017-01-05 00:00:00+00:00,1163.1,1184.94,1162.87,1180.3,58.10529,-8.65905,1149.1305,1149.1305,155316
2017-01-06 00:00:00+00:00,1179.64,1182.92,1170.84,1172.59,53.82749,-6.60277,1149.085,1149.085,125240
2017-01-09 00:00:00+00:00,1172.87,1186.08,1172.38,1181.01,57.5068,-4.2448,1149.618,1149.618,126697
2017-01-10 00:00:00+00:00,1181.87,1190.53,1180.11,1187.41,60.10883,-1.83847,1151.071,1151.071,113957
2017-01-11 00:00:00+00:00,1187.53,1198.17,1177.11,1191.44,61.69925,0.38926,1152.5515,1152.5515,155211
2017-01-12 00:00:00+00:00,1192.25,1206.88,1191.87,1195.38,63.24222,2.4445,1154.4175,1154.4175,143183
2017-01-13 00:00:00+00:00,1194.36,1201.18,1187.86,1197.33,64.01489,4.18243,1157.137,1157.137,124284
2017-01-16 00:00:00+00:00,1198.74,1208.48,1198.07,1202.5,66.05239,5.90882,1160.864,1160.864,77904
2017-01-17 00:00:00+00:00,1202.95,1218.77,1202.77,1216.56,70.88108,8.31565,1164.9595,1164.9595,141768
2017-01-18 00:00:00+00:00,1216.48,1217.41,1202.26,1203.59,62.10526,9.07195,1168.2155,1168.2155,115042
2017-01-19 00:00:00+00:00,1204.57,1206.41,1195.79,1204.73,62.54422,9.65204,1171.8655,1171.8655,155941
2017-01-20 00:00:00+00:00,1204.6,1214.87,1198.53,1209.94,64.56446,10.41214,1175.783,1175.783,146135
2017-01-23 00:00:00+00:00,1210.98,1219.39,1209.19,1217.8,67.4195,11.51602,1180.263,1180.263,140358
2017-01-24 00:00:00+00:00,1219.0,1219.4,1206.52,1208.67,61.24662,11.52132,1184.027,1184.027,100602
2017-01-25 00:00:00+00:00,1209.31,1209.73,1193.22,1199.6,55.78248,10.67065,1187.064,1187.064,108302
2017-01-26 00:00:00+00:00,1200.67,1202.52,1184.31,1188.38,49.85686,8.98752,1189.4055,1189.4055,119209
2017-01-27 00:00:00+00:00,1189.02,1191.59,1180.48,1191.49,51.398,7.8145,1191.0885,1191.0885,124536
2017-01-30 00:00:00+00:00,1192.87,1199.33,1188.2,1195.2,53.24414,7.10237,1193.2825,1193.2825,141904
2017-01-31 00:00:00+00:00,1195.28,1215.23,1193.65,1210.36,59.94035,7.67283,1195.846,1195.846,164411
2017-02-01 00:00:00+00:00,1210.48,1213.14,1198.1,1209.7,59.54055,7.97969,1198.199,1198.199,165205
2017-02-02 00:00:00+00:00,1208.91,1225.21,1208.26,1215.74,62.03609,8.61099,1199.971,1199.971,174513
2017-02-03 00:00:00+00:00,1214.92,1221.31,1207.0,1219.95,63.71601,9.34331,1202.339,1202.339,142665
2017-02-06 00:00:00+00:00,1222.26,1235.55,1219.11,1235.45,69.13183,11.04706,1205.061,1205.061,148425
2017-02-07 00:00:00+00:00,1234.33,1235.71,1227.68,1233.49,67.75463,12.09966,1207.365,1207.365,139312
2017-02-08 00:00:00+00:00,1233.76,1244.64,1229.99,1241.68,70.40748,13.43979,1209.877,1209.877,143583
2017-02-09 00:00:00+00:00,1240.85,1244.44,1225.4,1227.53,61.06065,13.20781,1211.4845,1211.4845,131164
2017-02-10 00:00:00+00:00,1228.48,1237.04,1221.57,1233.68,63.33867,13.36615,1213.302,1213.302,135270
2017-02-13 00:00:00+00:00,1230.76,1232.22,1219.26,1225.2,58.27617,12.66141,1214.437,1214.437,108468
2017-02-14 00:00:00+00:00,1225.23,1234.42,1221.84,1228.57,59.65621,12.23381,1215.0375,1215.0375,119784
2017-02-15 00:00:00+00:00,1228.39,1233.16,1216.64,1232.81,61.38668,12.09761,1216.4985,1216.4985,98959
2017-02-16 00:00:00+00:00,1233.43,1242.3,1231.99,1239.01,63.82983,12.34762,1218.2125,1218.2125,113850
2017-02-17 00:00:00+00:00,1238.66,1243.71,1234.24,1234.83,61.02634,12.06934,1219.457,1219.457,99356
2017-02-20 00:00:00+00:00,1235.66,1238.89,1232.7,1237.42,62.13605,11.92038,1220.438,1220.438,53883
2017-02-21 00:00:00+00:00,1237.07,1238.75,1226.04,1235.75,60.93135,11.53461,1221.792,1221.792,86656
2017-02-22 00:00:00+00:00,1235.82,1240.54,1231.14,1237.45,61.74445,11.23654,1223.6845,1223.6845,105695
2017-02-23 00:00:00+00:00,1236.83,1251.03,1235.69,1249.19,66.87209,11.81147,1226.725,1226.725,100487
2017-02-24 00:00:00+00:00,1249.35,1260.05,1247.68,1256.98,69.76775,12.74874,1229.9995,1229.9995,81651
2017-02-27 00:00:00+00:00,1256.22,1263.79,1250.91,1252.7,66.33692,12.99636,1232.8745,1232.8745,89506
2017-02-28 00:00:00+00:00,1252.56,1258.32,1247.58,1248.0,62.69114,12.66733,1234.7565,1234.7565,82704
2017-03-01 00:00:00+00:00,1248.5,1250.57,1236.86,1249.23,63.26021,12.3633,1236.733,1236.733,134415
2017-03-02 00:00:00+00:00,1248.49,1248.92,1230.93,1234.17,52.66767,10.78284,1237.6545,1237.6545,86241
2017-03-03 00:00:00+00:00,1234.2,1236.21,1222.84,1234.42,52.80893,9.44166,1238.378,1238.378,96754
2017-03-06 00:00:00+00:00,1233.17,1236.76,1224.81,1225.18,47.20174,7.54618,1237.8645,1237.8645,78325
2017-03-07 00:00:00+00:00,1225.58,1227.12,1214.12,1215.72,42.25499,5.22047,1236.976,1236.976,71979
2017-03-08 00:00:00+00:00,1215.85,1218.49,1206.59,1207.75,38.58602,2.70307,1235.2795,1235.2795,74632
2017-03-09 00:00:00+00:00,1208.26,1208.92,1199.17,1200.24,35.46146,0.10085,1233.915,1233.915,95199
2017-03-10 00:00:00+00:00,1200.8,1206.25,1194.91,1204.43,38.45582,-1.60484,1232.4525,1232.4525,100924
2017-03-13 00:00:00+00:00,1206.11,1211.11,1202.39,1203.7,38.12395,-2.98114,1231.3775,1231.3775,66023
2017-03-14 00:00:00+00:00,1202.07,1207.53,1197.23,1198.47,35.74393,-4.44268,1229.8725,1229.8725,74402
2017-03-15 00:00:00+00:00,1199.11,1221.97,1197.47,1218.59,48.94796,-3.93211,1229.1615,1229.1615,86424
2017-03-16 00:00:00+00:00,1218.88,1233.67,1218.54,1226.01,52.80004,-2.89538,1228.5115,1228.5115,80643
2017-03-17 00:00:00+00:00,1226.43,1231.6,1224.42,1229.25,54.4174,-1.79166,1228.2325,1228.2325,64890
2017-03-20 00:00:00+00:00,1230.53,1235.45,1229.29,1234.12,56.81285,-0.51802,1228.0675,1228.0675,56183
2017-03-21 00:00:00+00:00,1234.42,1247.53,1226.82,1244.85,61.60097,1.3417,1228.5225,1228.5225,81053
2017-03-22 00:00:00+00:00,1245.36,1251.23,1243.89,1248.78,63.20983,3.09696,1229.089,1229.089,90917
2017-03-23 00:00:00+00:00,1247.43,1253.22,1242.71,1245.37,60.82833,4.16486,1228.898,1228.898,85149
2017-03-24 00:00:00+00:00,1244.78,1251.77,1240.92,1245.57,60.92133,4.97001,1228.3275,1228.3275,74402
2017-03-27 00:00:00+00:00,1248.09,1260.97,1248.04,1254.09,64.75955,6.22385,1228.397,1228.397,81982
2017-03-28 00:00:00+00:00,1253.61,1258.33,1247.61,1251.47,62.71951,6.92628,1228.5705,1228.5705,79818
2017-03-29 00:00:00+00:00,1250.94,1254.57,1247.25,1253.07,63.47619,7.52532,1228.7625,1228.7625,77876
2017-03-30 00:00:00+00:00,1252.74,1253.74,1242.32,1243.43,56.08939,7.13988,1229.2255,1229.2255,68366
2017-03-31 00:00:00+00:00,1243.57,1250.5,1239.61,1248.96,59.03447,7.19768,1229.9525,1229.9525,70404
2017-04-03 00:00:00+00:00,1247.94,1253.62,1244.41,1252.8,60.99099,7.46726,1231.3335,1231.3335,64214
2017-04-04 00:00:00+00:00,1254.15,1261.22,1253.95,1255.98,62.58464,7.84705,1233.3465,1233.3465,65265
2017-04-05 00:00:00+00:00,1255.73,1257.24,1243.65,1255.21,61.92495,7.99376,1235.7195,1235.7195,85874
2017-04-06 00:00:00+00:00,1255.76,1258.82,1249.72,1251.77,58.93606,7.74319,1238.296,1238.296,74106
2017-04-07 00:00:00+00:00,1251.71,1270.83,1250.52,1254.3,60.44808,7.66045,1240.7895,1240.7895,127140
2017-04-10 00:00:00+00:00,1254.6,1257.01,1247.08,1254.63,60.6516,7.53466,1243.336,1243.336,74464
2017-04-11 00:00:00+00:00,1255.08,1275.06,1253.0,1273.93,70.28265,8.88984,1247.109,1247.109,90396
2017-04-12 00:00:00+00:00,1273.74,1286.62,1271.82,1286.55,74.65165,10.857,1250.507,1250.507,92969
2017-04-13 00:00:00+00:00,1285.1,1288.54,1281.78,1287.44,74.93156,12.3455,1253.5785,1253.5785,81149
2017-04-17 00:00:00+00:00,1291.28,1295.45,1281.31,1284.84,72.41581,13.1636,1256.358,1256.358,66665
2017-04-18 00:00:00+00:00,1284.47,1292.24,1278.9,1289.8,74.19568,14.05022,1259.142,1259.142,83455
2017-04-19 00:00:00+00:00,1289.49,1290.61,1273.98,1279.14,64.55481,13.73438,1260.8565,1260.8565,78687
2017-04-20 00:00:00+00:00,1279.44,1283.36,1276.58,1281.43,65.58923,13.51309,1262.489,1262.489,80568
2017-04-21 00:00:00+00:00,1281.47,1288.18,1278.42,1284.29,66.88888,13.41387,1264.435,1264.435,85988
2017-04-24 00:00:00+00:00,1268.39,1277.34,1265.4,1275.39,59.37376,12.47329,1265.926,1265.926,90180
2017-04-25 00:00:00+00:00,1275.49,1278.05,1261.56,1263.32,51.00441,10.63138,1266.3875,1266.3875,76278
2017-04-26 00:00:00+00:00,1263.39,1270.54,1260.0,1269.2,54.37825,9.53619,1267.274,1267.274,83165
2017-04-27 00:00:00+00:00,1268.83,1269.49,1261.12,1264.23,51.17085,8.17299,1267.832,1267.832,74163
2017-04-28 00:00:00+00:00,1263.98,1268.46,1262.95,1267.99,53.40977,7.31176,1269.06,1269.06,61003
2017-05-01 00:00:00+00:00,1268.56,1271.15,1254.15,1256.87,46.6039,5.66662,1269.4555,1269.4555,53720
2017-05-02 00:00:00+00:00,1255.78,1257.7,1251.92,1256.75,46.53499,4.30354,1269.653,1269.653,59440
2017-05-03 00:00:00+00:00,1256.23,1256.87,1235.81,1238.55,37.48222,1.73471,1268.7815,1268.7815,70561
2017-05-04 00:00:00+00:00,1237.87,1241.22,1225.68,1227.46,33.23901,-1.18235,1267.394,1267.394,76896
2017-05-05 00:00:00+00:00,1228.61,1235.51,1226.01,1227.56,33.31232,-3.44634,1266.1835,1266.1835,83379
2017-05-08 00:00:00+00:00,1224.98,1236.5,1224.98,1226.21,32.78885,-5.28855,1264.779,1264.779,68262
2017-05-09 00:00:00+00:00,1226.4,1228.54,1214.23,1221.26,30.87317,-7.06647,1263.1105,1263.1105,68323
2017-05-10 00:00:00+00:00,1220.91,1225.58,1217.51,1218.99,30.00735,-8.55999,1260.3635,1260.3635,63870
2017-05-11 00:00:00+00:00,1219.1,1227.65,1216.92,1224.83,35.05366,-9.1667,1257.2775,1257.2775,63868
2017-05-12 00:00:00+00:00,1225.34,1231.69,1224.36,1228.48,38.05947,-9.24641,1254.3295,1254.3295,60293
2017-05-15 00:00:00+00:00,1229.93,1237.27,1226.9,1230.08,39.38384,-9.07586,1251.5915,1251.5915,59349
2017-05-16 00:00:00+00:00,1231.09,1239.05,1230.23,1236.95,44.83761,-8.29077,1248.949,1248.949,60443
2017-05-17 00:00:00+00:00,1236.57,1261.12,1236.39,1260.41,58.55179,-5.70974,1248.0125,1248.0125,101591
2017-05-18 00:00:00+00:00,1259.85,1265.0,1245.96,1246.56,50.56006,-4.72734,1246.269,1246.269,122842
2017-05-19 00:00:00+00:00,1246.43,1256.33,1246.43,1255.33,54.76988,-3.20418,1244.821,1244.821,75658
2017-05-22 00:00:00+00:00,1255.04,1262.48,1251.74,1260.09,56.9143,-1.59459,1244.056,1244.056,60685
2017-05-23 00:00:00+00:00,1260.32,1263.72,1249.92,1251.33,52.02572,-1.01414,1243.4565,1243.4565,79338
2017-05-24 00:00:00+00:00,1251.49,1258.87,1247.85,1258.33,55.32773,0.01058,1242.913,1242.913,74541
2017-05-25 00:00:00+00:00,1258.01,1259.58,1253.77,1255.69,53.8231,0.60271,1242.486,1242.486,72024
2017-05-26 00:00:00+00:00,1255.56,1269.39,1253.12,1266.94,58.94662,1.9572,1242.4335,1242.4335,71672
2017-05-29 00:00:00+00:00,1267.29,1269.1,1264.94,1266.5,58.67242,2.961,1242.915,1242.915,28242
2017-05-30 00:00:00+00:00,1266.75,1270.41,1259.31,1263.1,56.4859,3.44248,1243.2325,1243.2325,58105
2017-05-31 00:00:00+00:00,1262.52,1274.08,1259.51,1268.7,59.18392,4.22721,1244.74,1244.74,61766
2017-06-01 00:00:00+00:00,1268.67,1270.24,1261.45,1265.62,57.08738,4.54815,1246.648,1246.648,60651
2017-06-02 00:00:00+00:00,1265.68,1279.4,1258.93,1278.56,63.01515,5.78002,1249.198,1249.198,70249
2017-06-05 00:00:00+00:00,1279.53,1283.34,1277.7,1279.43,63.3814,6.7487,1251.859,1251.859,49310
2017-06-06 00:00:00+00:00,1280.07,1296.01,1279.58,1293.92,68.90452,8.58662,1255.492,1255.492,66589
2017-06-07 00:00:00+00:00,1294.18,1294.37,1282.63,1286.83,63.83135,9.36315,1258.884,1258.884,69730
2017-06-08 00:00:00+00:00,1286.59,1288.85,1271.29,1278.69,58.50547,9.21549,1261.577,1261.577,76531
2017-06-09 00:00:00+00:00,1279.93,1280.67,1264.57,1266.6,51.61681,8.03034,1263.483,1263.483,77130
2017-06-12 00:00:00+00:00,1266.5,1270.26,1263.51,1265.66,51.1129,6.93531,1265.262,1265.262,71986
2017-06-13 00:00:00+00:00,1265.67,1268.87,1259.11,1266.26,51.43878,6.0462,1266.7275,1266.7275,58156
2017-06-14 00:00:00+00:00,1266.44,1280.85,1257.16,1261.83,48.84958,4.92732,1266.7985,1266.7985,93812
2017-06-15 00:00:00+00:00,1260.02,1266.64,1251.36,1253.91,44.5337,3.36275,1267.166,1267.166,76330
2017-06-16 00:00:00+00:00,1254.32,1257.07,1251.76,1253.38,44.25194,2.05635,1267.0685,1267.0685,56148
2017-06-19 00:00:00+00:00,1253.34,1255.58,1242.97,1243.25,39.15309,0.20129,1266.2265,1266.2265,57679
2017-06-20 00:00:00+00:00,1243.86,1248.04,1241.25,1242.82,38.94795,-1.2887,1265.801,1265.801,59374
2017-06-21 00:00:00+00:00,1243.7,1247.76,1240.78,1246.08,41.45257,-2.18132,1265.1885,1265.1885,62840
2017-06-22 00:00:00+00:00,1246.32,1254.68,1246.08,1250.4,44.69069,-2.5112,1264.924,1264.924,69114
2017-06-23 00:00:00+00:00,1250.99,1258.8,1249.76,1256.61,49.05281,-2.24565,1264.4075,1264.4075,51300
2017-06-26 00:00:00+00:00,1257.36,1258.03,1236.01,1244.3,41.98417,-2.994,1263.2975,1263.2975,65575
2017-06-27 00:00:00+00:00,1244.29,1253.06,1241.26,1246.8,43.75676,-3.34677,1262.4825,1262.4825,65405
2017-06-28 00:00:00+00:00,1247.07,1254.76,1247.02,1248.85,45.2344,-3.42148,1261.49,1261.49,78582
2017-06-29 00:00:00+00:00,1249.29,1253.11,1239.75,1245.1,43.00846,-3.74016,1260.464,1260.464,84537
2017-06-30 00:00:00+00:00,1245.86,1248.15,1239.17,1241.43,40.88785,-4.23999,1258.6075,1258.6075,82053
2017-07-03 00:00:00+00:00,1242.12,1242.63,1218.41,1219.46,31.02563,-6.33586,1255.609,1255.609,73040
2017-07-04 00:00:00+00:00,1221.5,1226.46,1220.53,1223.38,34.08079,-7.59302,1252.082,1252.082,44915
2017-07-05 00:00:00+00:00,1224.02,1228.76,1217.38,1226.83,36.73671,-8.21623,1249.082,1249.082,69538
2017-07-06 00:00:00+00:00,1226.91,1229.09,1222.45,1224.6,35.73449,-8.78875,1246.3775,1246.3775,70057
2017-07-07 00:00:00+00:00,1224.79,1228.33,1207.26,1212.2,30.71646,-10.12633,1243.6575,1243.6575,71105
2017-07-10 00:00:00+00:00,1213.48,1215.5,1204.81,1214.25,32.40639,-10.89536,1241.087,1241.087,58142
2017-07-11 00:00:00+00:00,1214.4,1217.35,1208.13,1217.21,34.8764,-11.13759,1238.6345,1238.6345,58263
2017-07-12 00:00:00+00:00,1216.7,1225.67,1213.39,1220.14,37.31812,-10.96671,1236.55,1236.55,67786
2017-07-13 00:00:00+00:00,1218.45,1224.36,1216.47,1217.5,36.0081,-10.91845,1234.7295,1234.7295,57211
2017-07-14 00:00:00+00:00,1217.39,1232.77,1214.73,1228.81,44.92753,-9.85399,1233.501,1233.501,63232
2017-07-17 00:00:00+00:00,1229.55,1235.95,1228.19,1233.61,48.22582,-8.52481,1233.019,1233.019,51972
2017-07-18 00:00:00+00:00,1233.94,1244.51,1232.75,1242.03,53.48809,-6.71461,1232.9795,1232.9795,68233
2017-07-19 00:00:00+00:00,1242.79,1243.95,1235.84,1241.13,52.86953,-5.29163,1232.732,1232.732,56584
2017-07-20 00:00:00+00:00,1241.05,1247.5,1235.23,1244.62,55.04079,-3.83805,1232.443,1232.443,71861
2017-07-21 00:00:00+00:00,1244.22,1255.63,1243.33,1254.7,60.67572,-1.85136,1232.3475,1232.3475,68625
2017-07-24 00:00:00+00:00,1255.3,1258.74,1251.86,1255.31,60.99433,-0.22508,1232.898,1232.898,62675
2017-07-25 00:00:00+00:00,1254.62,1257.68,1249.05,1249.71,56.47098,0.60491,1233.0435,1233.0435,70347
2017-07-26 00:00:00+00:00,1249.71,1263.46,1243.69,1260.84,62.43389,2.13615,1233.643,1233.643,91151
2017-07-27 00:00:00+00:00,1260.1,1265.17,1254.44,1258.42,60.49349,3.11846,1234.309,1234.309,102405
2017-07-28 00:00:00+00:00,1259.16,1270.76,1257.29,1268.91,65.499,4.68934,1235.683,1235.683,87407
2017-07-31 00:00:00+00:00,1270.54,1271.04,1265.7,1269.37,65.70421,5.90334,1238.1785,1238.1785,61900
2017-08-01 00:00:00+00:00,1269.47,1274.04,1262.57,1268.92,65.29506,6.75131,1240.4555,1240.4555,75688
2017-08-02 00:00:00+00:00,1268.61,1272.75,1262.79,1266.18,62.7335,7.12016,1242.423,1242.423,67133
2017-08-03 00:00:00+00:00,1266.13,1270.75,1256.77,1268.85,64.20706,7.541,1244.6355,1244.6355,72462
2017-08-04 00:00:00+00:00,1268.41,1270.1,1254.12,1258.73,55.2842,6.97748,1246.962,1246.962,69616
2017-08-07 00:00:00+00:00,1257.14,1259.82,1255.69,1257.67,54.43095,6.37191,1249.133,1249.133,56695
2017-08-08 00:00:00+00:00,1257.07,1265.12,1251.44,1260.74,56.52383,6.06974,1251.3095,1251.3095,70843
2017-08-09 00:00:00+00:00,1260.91,1278.64,1260.71,1277.39,65.71948,7.09203,1254.172,1254.172,92912
2017-08-10 00:00:00+00:00,1277.32,1287.76,1274.57,1286.25,69.4254,8.51894,1257.6095,1257.6095,86767
2017-08-11 00:00:00+00:00,1286.13,1291.93,1281.23,1290.41,71.01008,9.87165,1260.6895,1260.6895,84718
2017-08-14 00:00:00+00:00,1289.31,1289.43,1278.54,1281.3,63.27569,10.09224,1263.074,1263.074,71735
2017-08-15 00:00:00+00:00,1280.97,1281.87,1267.23,1271.52,56.19886,9.36989,1264.5485,1264.5485,69919
2017-08-16 00:00:00+00:00,1271.35,1283.75,1267.7,1283.08,61.65752,9.61934,1266.646,1266.646,73030
2017-08-17 00:00:00+00:00,1283.65,1290.08,1281.74,1287.74,63.62545,10.07688,1268.802,1268.802,93880
2017-08-18 00:00:00+00:00,1288.59,1300.74,1283.4,1284.62,61.35489,10.07164,1270.298,1270.298,102322
2017-08-21 00:00:00+00:00,1282.99,1293.68,1280.51,1291.59,64.41043,10.50876,1272.112,1272.112,69750
2017-08-22 00:00:00+00:00,1290.75,1292.49,1281.9,1284.96,59.58439,10.20259,1273.8745,1273.8745,64645
2017-08-23 00:00:00+00:00,1284.55,1291.42,1282.72,1290.44,62.11133,10.28359,1275.3545,1275.3545,63937
2017-08-24 00:00:00+00:00,1290.36,1291.1,1284.4,1286.15,59.00127,9.88764,1276.741,1276.741,69416
2017-08-25 00:00:00+00:00,1286.06,1294.52,1276.37,1291.47,61.57105,9.88914,1277.869,1277.869,81092
2017-08-28 00:00:00+00:00,1292.48,1312.03,1291.78,1309.61,68.7611,11.22467,1279.881,1279.881,68345
2017-08-29 00:00:00+00:00,1314.13,1325.94,1304.97,1309.48,68.66195,12.13275,1281.909,1281.909,117617
2017-08-30 00:00:00+00:00,1310.24,1313.68,1305.11,1308.15,67.58821,12.59984,1284.0075,1284.0075,81126
2017-08-31 00:00:00+00:00,1308.4,1323.53,1298.78,1321.41,72.2479,13.87998,1286.6355,1286.6355,87433
2017-09-01 00:00:00+00:00,1321.85,1328.76,1316.35,1324.59,73.24144,14.97845,1289.9285,1289.9285,86568
2017-09-04 00:00:00+00:00,1335.18,1339.72,1331.73,1333.96,75.97117,16.41583,1293.743,1293.743,57399
2017-09-05 00:00:00+00:00,1333.49,1344.25,1326.22,1339.95,77.548,17.83275,1297.7035,1297.7035,103529
2017-09-06 00:00:00+00:00,1339.61,1342.39,1331.55,1334.01,72.46933,18.26581,1300.5345,1300.5345,87303
2017-09-07 00:00:00+00:00,1334.05,1349.78,1332.48,1349.31,76.70178,19.61745,1303.6875,1303.6875,100329
2017-09-08 00:00:00+00:00,1348.58,1357.42,1342.71,1346.48,74.4227,20.22711,1306.491,1306.491,101482
2017-09-11 00:00:00+00:00,1338.93,1339.96,1326.34,1327.25,61.13067,18.94024,1308.7885,1308.7885,82571
2017-09-12 00:00:00+00:00,1327.45,1331.8,1322.52,1331.26,62.62954,18.03605,1311.7755,1311.7755,123378
2017-09-13 00:00:00+00:00,1333.21,1334.59,1320.77,1323.0,57.69428,16.46319,1313.7715,1313.7715,89613
2017-09-14 00:00:00+00:00,1323.07,1330.55,1315.6,1329.56,60.36552,15.56658,1315.8625,1315.8625,82706
2017-09-15 00:00:00+00:00,1330.58,1334.24,1319.49,1320.29,55.07355,13.94722,1317.646,1317.646,84096
2017-09-18 00:00:00+00:00,1318.33,1319.59,1304.56,1307.19,48.59081,11.47453,1318.426,1318.426,68185
2017-09-19 00:00:00+00:00,1307.67,1311.6,1305.06,1310.9,50.37248,9.70243,1319.723,1319.723,69007
2017-09-20 00:00:00+00:00,1310.63,1315.94,1295.91,1300.08,45.42773,7.34034,1320.205,1320.205,83129
2017-09-21 00:00:00+00:00,1301.41,1301.61,1288.08,1291.22,41.80858,4.69926,1320.4585,1320.4585,82306
2017-09-22 00:00:00+00:00,1291.63,1298.61,1291.2,1296.89,44.83734,3.02879,1320.7295,1320.7295,69251
2017-09-25 00:00:00+00:00,1295.97,1311.88,1289.64,1310.28,51.28564,2.75365,1320.763,1320.763,89656
2017-09-26 00:00:00+00:00,1309.55,1313.56,1292.06,1293.8,44.40549,1.19207,1319.979,1319.979,80084
2017-09-27 00:00:00+00:00,1293.26,1296.14,1281.4,1282.16,40.29379,-0.97353,1318.6795,1318.6795,78717
2017-09-28 00:00:00+00:00,1283.22,1288.71,1277.65,1286.98,42.6614,-2.27463,1316.958,1316.958,74134
2017-09-29 00:00:00+00:00,1286.63,1290.25,1275.92,1279.37,39.9667,-3.87515,1314.697,1314.697,70719
2017-10-02 00:00:00+00:00,1278.95,1279.12,1269.52,1270.95,37.16919,-5.75664,1311.5465,1311.5465,64641
2017-10-03 00:00:00+00:00,1270.67,1274.68,1268.22,1271.54,37.49932,-7.11808,1308.126,1308.126,54806
2017-10-04 00:00:00+00:00,1271.44,1282.12,1270.44,1274.64,39.30385,-7.85632,1305.1575,1305.1575,58284
2017-10-05 00:00:00+00:00,1274.97,1278.92,1266.09,1267.57,36.70127,-8.90917,1301.0705,1301.0705,53927
2017-10-06 00:00:00+00:00,1268.72,1276.24,1260.54,1276.17,41.75371,-8.94648,1297.555,1297.555,72066
2017-10-09 00:00:00+00:00,1275.91,1285.36,1275.16,1283.94,45.95129,-8.25393,1295.3895,1295.3895,59990
2017-10-10 00:00:00+00:00,1283.73,1294.13,1282.02,1287.92,48.01777,-7.29978,1293.2225,1293.2225,71848
2017-10-11 00:00:00+00:00,1287.85,1293.42,1284.49,1291.32,49.78408,-6.19782,1291.6385,1291.6385,70878
2017-10-12 00:00:00+00:00,1291.53,1297.39,1289.52,1293.27,50.81631,-5.10827,1289.824,1289.824,105456
2017-10-13 00:00:00+00:00,1293.66,1303.64,1290.82,1303.3,55.84406,-3.3963,1288.9745,1288.9745,153698
2017-10-16 00:00:00+00:00,1303.33,1305.91,1290.31,1294.57,50.96104,-2.71273,1288.3435,1288.3435,144860
2017-10-17 00:00:00+00:00,1295.88,1296.11,1281.22,1285.14,46.25601,-2.8985,1287.0555,1287.0555,157036
2017-10-18 00:00:00+00:00,1284.93,1288.78,1276.85,1280.81,44.23641,-3.35643,1286.092,1286.092,132546
2017-10-19 00:00:00+00:00,1281.37,1290.18,1276.45,1289.36,48.97394,-2.9949,1285.999,1285.999,188691
2017-10-20 00:00:00+00:00,1289.44,1290.9,1277.83,1280.11,44.56296,-3.41542,1285.16,1285.16,176638
2017-10-23 00:00:00+00:00,1277.23,1283.13,1272.39,1281.93,45.60114,-3.56077,1283.7425,1283.7425,151233
2017-10-24 00:00:00+00:00,1281.54,1283.51,1273.6,1276.47,42.99952,-4.06963,1282.876,1282.876,158740
2017-10-25 00:00:00+00:00,1276.32,1279.95,1270.88,1277.36,43.56472,-4.35094,1282.636,1282.636,187228
2017-10-26 00:00:00+00:00,1277.97,1282.38,1265.6,1266.9,38.70694,-5.35617,1281.632,1281.632,182397
2017-10-27 00:00:00+00:00,1267.59,1273.66,1263.62,1273.43,42.98144,-5.56179,1281.335,1281.335,181508
2017-10-30 00:00:00+00:00,1273.28,1278.67,1268.8,1276.01,44.62461,-5.45369,1281.588,1281.588,143456
2017-10-31 00:00:00+00:00,1275.99,1278.01,1267.53,1271.0,42.08815,-5.70651,1281.561,1281.561,140083
2017-11-01 00:00:00+00:00,1270.32,1280.71,1267.85,1274.52,44.47609,-5.55876,1281.555,1281.555,175043
2017-11-02 00:00:00+00:00,1275.35,1283.96,1273.28,1276.15,45.59482,-5.24962,1281.984,1281.984,179550
2017-11-03 00:00:00+00:00,1277.25,1280.05,1265.37,1270.03,42.16007,-5.4358,1281.677,1281.677,141849
2017-11-06 00:00:00+00:00,1269.42,1282.79,1265.98,1281.49,49.78798,-4.60553,1281.5545,1281.5545,153270
2017-11-07 00:00:00+00:00,1281.09,1281.3,1271.71,1275.23,46.20349,-4.40193,1280.92,1280.92,158484
2017-11-08 00:00:00+00:00,1276.68,1287.07,1275.84,1281.16,49.88428,-3.7192,1280.412,1280.412,156715
2017-11-09 00:00:00+00:00,1281.48,1288.31,1279.82,1284.63,51.9558,-2.8651,1279.98,1279.98,209480
2017-11-10 00:00:00+00:00,1285.26,1286.93,1273.32,1275.6,46.56207,-2.88362,1278.595,1278.595,170897
2017-11-13 00:00:00+00:00,1274.95,1279.62,1274.19,1277.94,48.06664,-2.67861,1277.7635,1277.7635,136369
2017-11-14 00:00:00+00:00,1277.89,1283.45,1269.8,1280.32,49.62034,-2.2976,1277.5225,1277.5225,165572
2017-11-15 00:00:00+00:00,1279.84,1289.39,1276.57,1278.34,48.32506,-2.13086,1277.399,1277.399,203828
2017-11-16 00:00:00+00:00,1278.37,1281.67,1274.99,1278.3,48.29763,-1.97913,1276.846,1276.846,159599
2017-11-17 00:00:00+00:00,1278.52,1296.77,1278.16,1294.11,58.35822,-0.5765,1277.546,1277.546,182172
2017-11-20 00:00:00+00:00,1293.14,1294.62,1274.46,1276.65,47.39081,-0.86382,1277.282,1277.282,180803
2017-11-21 00:00:00+00:00,1277.74,1284.6,1276.18,1280.37,49.56557,-0.78234,1277.477,1277.477,164875
2017-11-22 00:00:00+00:00,1280.68,1294.52,1278.93,1291.94,55.69945,0.21338,1278.206,1278.206,164347
2017-11-23 00:00:00+00:00,1291.58,1293.44,1286.82,1290.93,55.06981,0.9105,1279.4075,1279.4075,80544
2017-11-24 00:00:00+00:00,1290.91,1293.13,1285.49,1288.27,53.35902,1.23411,1280.1495,1280.1495,118970
2017-11-27 00:00:00+00:00,1288.1,1299.08,1286.62,1294.26,56.62667,1.95142,1281.062,1281.062,151753
2017-11-28 00:00:00+00:00,1294.55,1297.28,1290.53,1293.75,56.26523,2.45049,1282.1995,1282.1995,149232
2017-11-29 00:00:00+00:00,1293.42,1296.54,1281.9,1283.24,49.28391,1.97517,1282.6355,1282.6355,181904
2017-11-30 00:00:00+00:00,1284.25,1285.16,1270.22,1274.7,44.45692,0.89901,1282.563,1282.563,192758
2017-12-01 00:00:00+00:00,1275.02,1289.07,1271.5,1279.88,47.79676,0.45883,1283.0555,1283.0555,220393
2017-12-04 00:00:00+00:00,1273.95,1277.02,1270.89,1275.94,45.55307,-0.20556,1282.778,1282.778,176081
2017-12-05 00:00:00+00:00,1276.38,1276.9,1260.86,1265.66,40.24475,-1.54382,1282.2995,1282.2995,172695
2017-12-06 00:00:00+00:00,1265.99,1269.13,1262.43,1263.12,39.0344,-2.77733,1281.3975,1281.3975,173237
2017-12-07 00:00:00+00:00,1263.66,1264.31,1243.78,1246.64,32.25608,-5.02676,1279.498,1279.498,167703
2017-12-08 00:00:00+00:00,1247.58,1252.23,1243.6,1248.04,33.31547,-6.62016,1278.12,1278.12,151920
2017-12-11 00:00:00+00:00,1247.73,1251.4,1240.58,1241.54,30.89942,-8.31163,1276.3,1276.3,127261
2017-12-12 00:00:00+00:00,1242.1,1246.09,1236.37,1243.77,32.70258,-9.36424,1274.4725,1274.4725,131161
2017-12-13 00:00:00+00:00,1243.8,1256.92,1240.12,1255.51,41.37574,-9.1457,1273.331,1273.331,153717
2017-12-14 00:00:00+00:00,1254.01,1258.95,1250.35,1252.5,39.954,-9.11036,1272.041,1272.041,162244
2017-12-15 00:00:00+00:00,1252.95,1261.72,1252.94,1255.33,41.97289,-8.7531,1270.102,1270.102,144619
2017-12-18 00:00:00+00:00,1254.14,1263.83,1252.62,1261.62,46.29496,-7.87168,1269.3505,1269.3505,134640
2017-12-19 00:00:00+00:00,1261.66,1265.11,1259.11,1261.64,46.30865,-7.08981,1268.414,1268.414,126836
2017-12-20 00:00:00+00:00,1261.44,1267.7,1261.25,1265.37,48.92437,-6.09889,1267.0855,1267.0855,124844
2017-12-21 00:00:00+00:00,1265.76,1268.8,1262.64,1266.52,49.7374,-5.16128,1265.865,1265.865,115585
2017-12-22 00:00:00+00:00,1266.21,1276.02,1264.84,1275.28,55.54272,-3.66907,1265.2155,1265.2155,99995
2017-12-26 00:00:00+00:00,1278.14,1283.58,1276.92,1283.08,59.97556,-1.83592,1264.6565,1264.6565,55849
2017-12-27 00:00:00+00:00,1282.27,1288.8,1281.22,1287.01,62.02985,-0.06527,1264.3195,1264.3195,109205
2017-12-28 00:00:00+00:00,1287.32,1295.07,1286.59,1294.86,65.80523,1.94895,1264.9005,1264.9005,104846
2017-12-29 00:00:00+00:00,1294.06,1307.41,1293.73,1302.33,68.96731,4.10073,1266.282,1266.282,109777
2018-01-02 00:00:00+00:00,1309.81,1318.8,1308.4,1317.82,74.27883,6.97553,1268.179,1268.179,102695
2018-01-03 00:00:00+00:00,1317.27,1321.24,1307.31,1312.78,70.07608,8.74633,1270.021,1270.021,142284
2018-01-04 00:00:00+00:00,1312.74,1325.84,1305.7,1322.69,73.2777,10.82457,1272.8725,1272.8725,151996
2018-01-05 00:00:00+00:00,1321.96,1323.26,1313.55,1319.9,70.97534,12.1069,1275.7115,1275.7115,136053
2018-01-08 00:00:00+00:00,1320.69,1322.0,1314.65,1320.27,71.105,13.00313,1279.393,1279.393,112389
2018-01-09 00:00:00+00:00,1319.49,1320.04,1308.26,1312.61,64.66452,12.94606,1282.6215,1282.6215,145871
2018-01-10 00:00:00+00:00,1311.82,1327.6,1307.96,1316.59,66.36902,13.0713,1286.374,1286.374,189476
2018-01-11 00:00:00+00:00,1317.13,1323.79,1315.58,1322.34,68.71684,13.47916,1290.3025,1290.3025,160080
2018-01-12 00:00:00+00:00,1322.35,1339.21,1321.62,1338.17,74.08141,14.90789,1294.4355,1294.4355,178622
2018-01-15 00:00:00+00:00,1336.05,1344.6,1335.92,1339.93,74.60288,15.99777,1298.807,1298.807,114118
2018-01-16 00:00:00+00:00,1339.42,1342.13,1331.66,1338.37,73.19714,16.54491,1302.959,1302.959,172948
2018-01-17 00:00:00+00:00,1339.2,1343.82,1326.28,1326.61,63.48553,15.84692,1306.2085,1306.2085,201740
2018-01-18 00:00:00+00:00,1327.51,1332.96,1324.14,1327.04,63.67531,15.15377,1309.4785,1309.4785,183343
2018-01-19 00:00:00+00:00,1327.54,1337.86,1326.66,1331.43,65.6388,14.78821,1312.7815,1312.7815,174190
2018-01-22 00:00:00+00:00,1335.05,1335.44,1328.27,1333.87,66.7157,14.52792,1316.149,1316.149,142730
2018-01-23 00:00:00+00:00,1333.4,1341.64,1331.24,1341.11,69.74561,14.73598,1319.4405,1319.4405,167286
2018-01-24 00:00:00+00:00,1340.92,1362.02,1339.42,1357.97,75.36877,16.07601,1323.185,1323.185,196575
2018-01-25 00:00:00+00:00,1357.25,1365.92,1342.33,1348.22,67.54983,16.16492,1326.2455,1326.2455,245829
2018-01-26 00:00:00+00:00,1347.0,1356.96,1344.46,1350.0,68.19847,16.19235,1329.0025,1329.0025,215417
2018-01-29 00:00:00+00:00,1351.03,1352.39,1337.57,1340.32,61.05147,15.25712,1330.902,1330.902,177086
2018-01-30 00:00:00+00:00,1341.3,1348.9,1334.44,1338.59,59.84441,14.21252,1331.9405,1331.9405,207275
2018-01-31 00:00:00+00:00,1337.42,1347.57,1332.75,1344.94,62.7552,13.73868,1333.5485,1333.5485,214777
2018-02-01 00:00:00+00:00,1343.39,1350.97,1337.24,1348.39,64.27057,13.48609,1334.8335,1334.8335,211212
2018-02-02 00:00:00+00:00,1347.81,1350.06,1327.43,1332.57,53.51771,11.87251,1335.467,1335.467,233006
2018-02-05 00:00:00+00:00,1331.64,1341.59,1328.99,1339.56,56.94529,11.03061,1336.4315,1336.4315,249575
2018-02-06 00:00:00+00:00,1338.91,1346.08,1320.18,1324.4,48.57863,9.03596,1337.021,1337.021,352486
2018-02-07 00:00:00+00:00,1324.64,1332.3,1311.38,1318.29,45.66645,6.88282,1337.106,1337.106,259360
2018-02-08 00:00:00+00:00,1317.34,1322.02,1307.04,1318.34,45.69514,5.12143,1336.906,1336.906,286441
2018-02-09 00:00:00+00:00,1319.11,1322.63,1311.12,1315.64,44.33379,3.46768,1335.7795,1335.7795,294243
2018-02-12 00:00:00+00:00,1315.38,1326.69,1315.13,1322.86,48.73227,2.70844,1334.926,1334.926,145037
2018-02-13 00:00:00+00:00,1323.63,1331.02,1321.59,1328.99,52.18663,2.57174,1334.457,1334.457,156092
2018-02-14 00:00:00+00:00,1329.72,1355.5,1317.3,1350.14,61.76021,4.1225,1335.6335,1335.6335,193377
2018-02-15 00:00:00+00:00,1350.64,1357.07,1348.53,1353.07,62.86938,5.52424,1336.935,1336.935,175472
2018-02-16 00:00:00+00:00,1353.79,1361.69,1344.71,1347.43,59.30356,6.1096,1337.735,1337.735,166978
2018-02-19 00:00:00+00:00,1349.69,1351.34,1345.78,1346.6,58.77523,6.43238,1338.3715,1338.3715,87111
2018-02-20 00:00:00+00:00,1347.9,1348.09,1328.44,1329.33,48.99462,5.23431,1337.7825,1337.7825,141385
2018-02-21 00:00:00+00:00,1329.49,1336.22,1322.14,1324.37,46.59636,3.84032,1336.1025,1336.1025,158486
2018-02-22 00:00:00+00:00,1324.39,1332.07,1320.93,1331.85,50.52917,3.3011,1335.284,1335.284,148392
2018-02-23 00:00:00+00:00,1331.78,1332.13,1325.78,1328.78,48.93628,2.59611,1334.223,1334.223,120542
2018-02-26 00:00:00+00:00,1329.83,1341.0,1326.65,1332.93,51.17687,2.34524,1333.8535,1333.8535,137233
2018-02-27 00:00:00+00:00,1333.3,1336.7,1313.41,1318.29,43.86475,0.9541,1332.8385,1332.8385,156960
2018-02-28 00:00:00+00:00,1318.39,1322.49,1315.59,1318.08,43.76815,-0.16345,1331.4955,1331.4955,143439
2018-03-01 00:00:00+00:00,1319.02,1321.07,1302.76,1317.16,43.31806,-1.11055,1329.934,1329.934,191255
2018-03-02 00:00:00+00:00,1316.47,1325.42,1315.2,1322.12,46.51163,-1.44426,1329.4115,1329.4115,162142
2018-03-05 00:00:00+00:00,1323.71,1327.73,1317.53,1319.88,45.27111,-1.86794,1328.4275,1328.4275,175261
2018-03-06 00:00:00+00:00,1320.55,1338.46,1320.21,1334.3,53.81152,-1.02828,1328.9225,1328.9225,187973
2018-03-07 00:00:00+00:00,1339.55,1340.37,1322.2,1325.35,48.72886,-1.07267,1329.2755,1329.2755,206644
2018-03-08 00:00:00+00:00,1325.64,1329.0,1318.87,1322.14,47.0137,-1.3513,1329.4655,1329.4655,183041
2018-03-09 00:00:00+00:00,1321.32,1325.14,1312.83,1323.36,47.7662,-1.45687,1329.8515,1329.8515,181330
2018-03-12 00:00:00+00:00,1322.86,1324.13,1315.04,1322.7,47.37423,-1.57563,1329.8435,1329.8435,117427
2018-03-13 00:00:00+00:00,1323.54,1328.28,1313.73,1326.31,49.80074,-1.36275,1329.7095,1329.7095,152139
2018-03-14 00:00:00+00:00,1325.85,1330.01,1321.46,1324.74,48.74801,-1.30567,1328.4395,1328.4395,143936
2018-03-15 00:00:00+00:00,1323.8,1327.88,1314.93,1316.44,43.51141,-1.90818,1326.608,1326.608,131712
2018-03-16 00:00:00+00:00,1315.92,1321.72,1309.6,1313.47,41.78183,-2.5954,1324.91,1324.91,122528
2018-03-19 00:00:00+00:00,1313.14,1319.58,1307.76,1317.02,44.61571,-2.82106,1323.431,1323.431,128966
2018-03-20 00:00:00+00:00,1317.3,1318.24,1307.17,1311.06,41.00675,-3.44115,1322.5175,1322.5175,120402
2018-03-21 00:00:00+00:00,1311.54,1336.6,1309.79,1331.8,54.72988,-2.23329,1322.889,1322.889,146322
2018-03-22 00:00:00+00:00,1331.83,1334.86,1324.77,1328.61,52.69929,-1.51598,1322.727,1322.727,167242
2018-03-23 00:00:00+00:00,1330.61,1350.2,1330.61,1347.51,61.75341,0.57098,1323.6635,1323.6635,174572
2018-03-26 00:00:00+00:00,1348.15,1355.87,1343.46,1353.44,64.07684,2.67261,1324.689,1324.689,136353
2018-03-27 00:00:00+00:00,1352.9,1356.84,1339.84,1344.59,58.37712,3.58274,1326.004,1326.004,143930
2018-03-28 00:00:00+00:00,1345.61,1346.99,1323.44,1324.83,48.09113,2.67868,1326.3415,1326.3415,175573
2018-03-29 00:00:00+00:00,1324.36,1328.3,1321.21,1325.04,48.1956,1.9566,1326.7355,1326.7355,144155
2018-04-02 00:00:00+00:00,1325.8,1344.84,1324.81,1341.04,55.53774,2.64492,1327.6815,1327.6815,139842
2018-04-03 00:00:00+00:00,1340.61,1342.45,1328.88,1332.54,51.37223,2.476,1328.3145,1328.3145,162340
2018-04-04 00:00:00+00:00,1332.58,1348.22,1331.49,1333.24,51.69356,2.37128,1328.2615,1328.2615,177158
2018-04-05 00:00:00+00:00,1333.1,1334.85,1322.72,1326.37,48.31894,1.71418,1328.3125,1328.3125,144548
2018-04-06 00:00:00+00:00,1327.25,1335.42,1319.5,1332.69,51.45835,1.68398,1328.84,1328.84,191028
2018-04-09 00:00:00+00:00,1333.49,1337.95,1326.85,1336.06,53.09455,1.90996,1329.475,1329.475,152343
2018-04-10 00:00:00+00:00,1336.61,1342.53,1331.06,1339.08,54.57232,2.30615,1330.294,1330.294,167225
2018-04-11 00:00:00+00:00,1339.54,1365.2,1339.49,1353.08,60.74633,3.70709,1331.6325,1331.6325,184524
2018-04-12 00:00:00+00:00,1352.57,1353.15,1333.71,1334.87,51.03118,3.3098,1332.139,1332.139,179163
2018-04-13 00:00:00+00:00,1335.54,1347.1,1333.05,1345.07,55.33968,3.77448,1333.5705,1333.5705,155453
2018-04-16 00:00:00+00:00,1342.69,1350.48,1340.11,1345.59,55.55438,4.13702,1335.1765,1335.1765,141294
2018-04-17 00:00:00+00:00,1345.89,1349.36,1337.65,1347.17,56.2427,4.49995,1336.684,1336.684,141914
2018-04-18 00:00:00+00:00,1347.12,1355.67,1342.27,1349.21,57.1651,4.89576,1338.5915,1338.5915,148657
2018-04-19 00:00:00+00:00,1349.17,1354.65,1340.93,1345.7,55.01618,4.87007,1339.2865,1339.2865,167626
2018-04-20 00:00:00+00:00,1345.68,1346.15,1334.94,1335.44,49.19473,3.97598,1339.628,1339.628,137528
2018-04-23 00:00:00+00:00,1334.69,1335.43,1322.11,1324.76,43.97815,2.37821,1338.4905,1338.4905,142291
2018-04-24 00:00:00+00:00,1324.78,1332.64,1322.11,1330.77,47.36085,1.57872,1337.357,1337.357,150220
2018-04-25 00:00:00+00:00,1330.06,1332.03,1318.76,1322.88,43.63576,0.30495,1336.2715,1336.2715,132330
2018-04-26 00:00:00+00:00,1322.09,1326.57,1315.26,1317.01,41.04895,-1.16476,1335.8805,1335.8805,137840
2018-04-27 00:00:00+00:00,1317.36,1325.19,1315.37,1322.91,44.60365,-1.83231,1335.774,1335.774,124453
2018-04-30 00:00:00+00:00,1322.78,1324.88,1310.18,1314.98,41.02313,-2.96703,1334.471,1334.471,119509
2018-05-01 00:00:00+00:00,1316.11,1316.32,1301.74,1304.0,36.63766,-4.69815,1333.044,1333.044,121515
2018-05-02 00:00:00+00:00,1304.61,1313.43,1303.88,1304.92,37.24303,-5.9275,1331.628,1331.628,164714
2018-05-03 00:00:00+00:00,1305.61,1318.06,1305.39,1312.19,41.96185,-6.24318,1330.919,1330.919,161484
2018-05-04 00:00:00+00:00,1312.34,1315.32,1307.93,1314.6,43.47907,-6.2271,1330.0145,1330.0145,138486
2018-05-07 00:00:00+00:00,1314.89,1318.86,1310.21,1314.2,43.27685,-6.17545,1328.9215,1328.9215,117778
2018-05-08 00:00:00+00:00,1314.3,1317.77,1305.92,1314.67,43.60872,-6.02712,1327.701,1327.701,157331
2018-05-09 00:00:00+00:00,1314.99,1317.38,1304.28,1312.36,42.29882,-6.02649,1325.665,1325.665,150024
2018-05-10 00:00:00+00:00,1312.19,1322.82,1310.72,1321.05,48.55875,-5.2641,1324.974,1324.974,151321
2018-05-11 00:00:00+00:00,1321.28,1325.9,1316.86,1317.93,46.60384,-4.85569,1323.617,1323.617,121865
2018-05-14 00:00:00+00:00,1318.11,1322.29,1312.91,1313.13,43.68971,-4.86328,1321.994,1321.994,113839
2018-05-15 00:00:00+00:00,1314.14,1314.84,1288.66,1290.77,33.25721,-6.5975,1319.174,1319.174,155008
2018-05-16 00:00:00+00:00,1290.69,1296.87,1286.38,1290.48,33.14666,-7.90418,1316.2375,1316.2375,149270
2018-05-17 00:00:00+00:00,1290.96,1294.34,1284.93,1290.77,33.38513,-8.81471,1313.491,1313.491,141985
2018-05-18 00:00:00+00:00,1290.49,1294.18,1286.06,1292.48,34.86061,-9.29123,1311.343,1311.343,119227
2018-05-21 00:00:00+00:00,1291.52,1293.12,1282.0,1292.48,34.86061,-9.55869,1309.729,1309.729,122414
2018-05-22 00:00:00+00:00,1292.62,1296.09,1287.9,1291.02,34.11244,-9.77578,1307.7415,1307.7415,125944
2018-05-23 00:00:00+00:00,1291.23,1298.28,1287.54,1293.18,36.29092,-9.66215,1306.2565,1306.2565,169357
2018-05-24 00:00:00+00:00,1293.9,1306.59,1292.72,1304.25,46.12273,-8.57993,1305.6185,1305.6185,146932
2018-05-25 00:00:00+00:00,1304.84,1307.75,1299.83,1300.52,43.67688,-7.93181,1304.499,1304.499,145825
2018-05-28 00:00:00+00:00,1299.41,1300.3,1295.48,1298.02,42.06672,-7.53307,1303.651,1303.651,94074
2018-05-29 00:00:00+00:00,1297.64,1306.57,1292.48,1298.64,42.63156,-7.08536,1303.383,1303.383,188420
2018-05-30 00:00:00+00:00,1299.68,1304.28,1295.86,1301.55,45.32598,-6.4217,1303.2145,1303.2145,187898
2018-05-31 00:00:00+00:00,1301.7,1306.43,1297.26,1298.24,42.86014,-6.09261,1302.517,1302.517,173786
2018-06-01 00:00:00+00:00,1298.89,1300.54,1289.34,1293.27,39.39461,-6.16181,1301.4505,1301.4505,148261
2018-06-04 00:00:00+00:00,1293.04,1298.08,1290.15,1291.81,38.41204,-6.26228,1300.331,1300.331,104577
2018-06-05 00:00:00+00:00,1292.18,1300.5,1289.69,1296.49,43.29441,-5.89629,1299.422,1299.422,98666
2018-06-06 00:00:00+00:00,1296.84,1301.76,1293.73,1295.95,42.87209,-5.58543,1298.6015,1298.6015,110358
2018-06-07 00:00:00+00:00,1296.61,1303.09,1294.82,1296.71,43.70441,-5.2176,1297.3845,1297.3845,121194
2018-06-08 00:00:00+00:00,1297.3,1300.51,1292.05,1298.6,45.8185,-4.71918,1296.418,1296.418,109534
2018-06-11 00:00:00+00:00,1299.1,1302.2,1294.02,1300.35,47.77418,-4.13531,1295.779,1295.779,92191
2018-06-12 00:00:00+00:00,1299.92,1300.23,1292.76,1295.52,43.14533,-4.01603,1296.0165,1296.0165,101366
2018-06-13 00:00:00+00:00,1295.44,1301.2,1291.82,1299.46,47.60501,-3.56251,1296.4655,1296.4655,95965
2018-06-14 00:00:00+00:00,1299.85,1309.28,1297.48,1302.25,50.56226,-2.94402,1297.0395,1297.0395,120986
2018-06-15 00:00:00+00:00,1302.16,1303.07,1275.33,1280.19,34.14982,-4.18567,1296.425,1296.425,129635
2018-06-18 00:00:00+00:00,1279.13,1282.39,1276.99,1278.2,33.10586,-5.26953,1295.711,1295.711,85770
2018-06-19 00:00:00+00:00,1278.88,1283.99,1270.31,1274.46,31.17687,-6.35699,1294.883,1294.883,111361
2018-06-20 00:00:00+00:00,1274.94,1276.38,1267.56,1267.56,27.94207,-7.68698,1293.602,1293.602,94062
2018-06-21 00:00:00+00:00,1268.05,1270.06,1261.29,1267.24,27.79802,-8.66692,1291.7515,1291.7515,100259
2018-06-22 00:00:00+00:00,1267.38,1271.03,1266.58,1269.21,30.18424,-9.17876,1290.186,1290.186,91278
2018-06-25 00:00:00+00:00,1271.37,1272.56,1264.4,1265.32,28.2022,-9.78548,1288.551,1288.551,85791
2018-06-26 00:00:00+00:00,1266.04,1267.61,1254.71,1258.45,25.0711,-10.69736,1286.5415,1286.5415,96050
2018-06-27 00:00:00+00:00,1258.44,1260.05,1250.59,1251.79,22.46698,-11.82116,1284.0535,1284.0535,120000
2018-06-28 00:00:00+00:00,1252.31,1254.24,1245.84,1248.14,21.16922,-12.85809,1281.5485,1281.5485,107112
2018-06-29 00:00:00+00:00,1248.01,1255.57,1245.99,1252.74,26.90005,-13.15702,1279.522,1279.522,105015
2018-07-02 00:00:00+00:00,1252.73,1254.15,1239.63,1241.49,22.57719,-14.13872,1277.006,1277.006,92801
2018-07-03 00:00:00+00:00,1241.89,1256.85,1237.82,1252.78,34.03401,-13.8461,1274.8205,1274.8205,99777
2018-07-04 00:00:00+00:00,1252.47,1261.07,1252.34,1256.47,37.29975,-13.1647,1272.8465,1272.8465,66126
2018-07-05 00:00:00+00:00,1256.24,1259.68,1251.24,1257.17,37.92754,-12.42497,1270.8695,1270.8695,96636
2018-07-06 00:00:00+00:00,1257.2,1258.94,1252.69,1254.56,36.46162,-11.91202,1268.6675,1268.6675,84427
2018-07-09 00:00:00+00:00,1255.25,1265.84,1254.83,1257.41,39.22396,-11.14703,1266.5205,1266.5205,85713
2018-07-10 00:00:00+00:00,1257.64,1260.24,1247.28,1255.93,38.29294,-10.53872,1264.541,1264.541,92125
2018-07-11 00:00:00+00:00,1255.7,1256.84,1241.41,1242.18,30.94417,-11.03888,1261.677,1261.677,107259
2018-07-12 00:00:00+00:00,1242.46,1248.5,1241.24,1246.94,35.55495,-10.92524,1258.9115,1258.9115,124587
2018-07-13 00:00:00+00:00,1246.83,1248.04,1236.3,1241.06,32.65446,-11.18076,1256.955,1256.955,87064
2018-07-16 00:00:00+00:00,1241.27,1245.51,1238.28,1240.8,32.5281,-11.27427,1255.085,1255.085,84962
2018-07-17 00:00:00+00:00,1240.73,1244.94,1226.02,1227.28,26.73472,-12.29757,1252.726,1252.726,94259
2018-07-18 00:00:00+00:00,1227.67,1229.1,1220.98,1227.5,26.96267,-12.94162,1250.723,1250.723,83684
2018-07-19 00:00:00+00:00,1226.98,1228.98,1211.45,1222.86,25.18301,-13.66887,1248.504,1248.504,110244
2018-07-20 00:00:00+00:00,1223.75,1232.22,1215.63,1231.59,34.0086,-13.38647,1246.623,1246.623,123272
2018-07-23 00:00:00+00:00,1230.39,1235.15,1222.19,1224.42,30.79552,-13.58463,1244.578,1244.578,106685
2018-07-24 00:00:00+00:00,1224.75,1229.45,1218.1,1224.45,30.82497,-13.58268,1242.878,1242.878,111426
2018-07-25 00:00:00+00:00,1224.42,1234.14,1223.16,1231.57,37.61057,-12.85839,1241.867,1241.867,115501
2018-07-26 00:00:00+00:00,1231.46,1235.18,1222.29,1222.84,33.29765,-12.8408,1240.602,1240.602,98718
2018-07-27 00:00:00+00:00,1223.57,1227.32,1217.51,1222.81,33.28353,-12.68308,1239.1055,1239.1055,93949
2018-07-30 00:00:00+00:00,1223.34,1225.03,1218.96,1221.28,32.52573,-12.53702,1238.095,1238.095,66142
2018-07-31 00:00:00+00:00,1221.54,1228.53,1213.93,1223.94,35.28444,-12.06752,1236.653,1236.653,101931
2018-08-01 00:00:00+00:00,1224.13,1224.76,1215.69,1216.05,31.20856,-12.19156,1234.632,1234.632,90587
2018-08-02 00:00:00+00:00,1216.52,1221.05,1206.97,1207.72,27.58554,-12.81431,1232.1595,1232.1595,94108
2018-08-03 00:00:00+00:00,1208.68,1219.98,1204.4,1213.14,33.03304,-12.72382,1230.0885,1230.0885,97927
2018-08-06 00:00:00+00:00,1213.61,1217.85,1206.48,1207.1,30.29774,-12.98975,1227.573,1227.573,73276
2018-08-07 00:00:00+00:00,1208.09,1216.1,1207.65,1210.58,33.70395,-12.77246,1225.3055,1225.3055,74625
2018-08-08 00:00:00+00:00,1211.01,1215.82,1206.35,1213.38,36.39712,-12.2333,1223.8655,1223.8655,76836
2018-08-09 00:00:00+00:00,1213.62,1217.31,1210.72,1212.16,35.7163,-11.76879,1222.1265,1222.1265,86720
2018-08-10 00:00:00+00:00,1212.55,1217.09,1205.7,1211.38,35.26216,-11.33297,1220.6425,1220.6425,118308
2018-08-13 00:00:00+00:00,1212.51,1213.8,1191.6,1193.64,26.88822,-12.27752,1218.2845,1218.2845,90397
2018-08-14 00:00:00+00:00,1194.01,1198.67,1191.99,1193.93,27.1926,-12.8545,1216.617,1216.617,62151
2018-08-15 00:00:00+00:00,1194.26,1194.66,1173.07,1174.65,20.94833,-14.69807,1213.9745,1213.9745,77457
2018-08-16 00:00:00+00:00,1175.55,1182.02,1160.07,1173.93,20.75664,-16.03239,1211.528,1211.528,93034
2018-08-17 00:00:00+00:00,1173.69,1185.0,1171.79,1184.17,30.49758,-16.07823,1209.157,1209.157,64952
2018-08-20 00:00:00+00:00,1183.46,1190.79,1182.6,1190.36,35.64726,-15.43713,1207.454,1207.454,53212
2018-08-21 00:00:00+00:00,1190.37,1196.91,1187.65,1196.12,40.0952,-14.29944,1206.0375,1206.0375,69290
2018-08-22 00:00:00+00:00,1196.05,1201.52,1192.54,1195.42,39.73575,-13.30096,1204.23,1204.23,68635
2018-08-23 00:00:00+00:00,1195.89,1196.54,1183.8,1185.27,34.85626,-13.17679,1202.3515,1202.3515,64778
2018-08-24 00:00:00+00:00,1185.3,1208.49,1183.18,1205.88,48.64619,-11.28524,1201.505,1201.505,68650
2018-08-27 00:00:00+00:00,1207.2,1212.33,1203.11,1211.07,51.4342,-9.26063,1200.9945,1200.9945,48250
2018-08-28 00:00:00+00:00,1210.81,1214.21,1199.53,1200.96,46.17525,-8.37536,1199.8455,1199.8455,64378
2018-08-29 00:00:00+00:00,1201.47,1207.26,1201.29,1206.53,49.25376,-7.142,1199.3695,1199.3695,58304
2018-08-30 00:00:00+00:00,1206.91,1207.81,1196.17,1199.61,45.75262,-6.64632,1198.964,1198.964,60868
2018-08-31 00:00:00+00:00,1200.0,1208.77,1198.21,1200.78,46.44577,-6.08889,1198.346,1198.346,75806
2018-09-03 00:00:00+00:00,1200.68,1203.84,1195.6,1201.25,46.74017,-5.54528,1198.0535,1198.0535,59262
2018-09-04 00:00:00+00:00,1200.67,1201.93,1189.56,1191.03,41.40942,-5.87145,1197.076,1197.076,76229
2018-09-05 00:00:00+00:00,1191.72,1198.37,1190.79,1196.48,45.01109,-5.62533,1196.231,1196.231,65696
2018-09-06 00:00:00+00:00,1197.13,1206.95,1195.74,1199.97,47.24741,-5.08999,1195.6215,1195.6215,88985
2018-09-07 00:00:00+00:00,1200.33,1203.48,1193.41,1195.83,44.91395,-4.94281,1194.844,1194.844,79092
2018-09-10 00:00:00+00:00,1196.35,1198.49,1191.44,1195.57,44.76443,-4.79191,1194.9405,1194.9405,60154
2018-09-11 00:00:00+00:00,1195.46,1199.32,1187.66,1198.37,46.81779,-4.39572,1195.1625,1195.1625,64425
2018-09-12 00:00:00+00:00,1197.99,1208.43,1192.63,1206.06,52.086,-3.42177,1196.733,1196.733,67159
2018-09-13 00:00:00+00:00,1206.47,1212.6,1200.07,1201.26,48.83423,-3.00261,1198.0995,1198.0995,74782
2018-09-14 00:00:00+00:00,1201.63,1208.52,1192.84,1193.43,44.00771,-3.26461,1198.5625,1198.5625,74488
2018-09-17 00:00:00+00:00,1193.67,1204.77,1192.75,1200.93,49.18806,-2.83439,1199.091,1199.091,61098
2018-09-18 00:00:00+00:00,1201.38,1203.48,1195.82,1198.04,47.36941,-2.69556,1199.187,1199.187,80695
2018-09-19 00:00:00+00:00,1197.95,1206.16,1197.92,1203.68,51.16426,-2.10616,1199.6,1199.6,69378
2018-09-20 00:00:00+00:00,1203.81,1208.4,1201.23,1207.07,53.34191,-1.34995,1200.69,1200.69,69611
2018-09-21 00:00:00+00:00,1206.75,1211.03,1191.78,1199.1,47.93055,-1.37787,1200.351,1200.351,70594
2018-09-24 00:00:00+00:00,1198.88,1204.12,1194.36,1198.66,47.6432,-1.41915,1199.7305,1199.7305,52248
2018-09-25 00:00:00+00:00,1198.93,1203.34,1197.01,1201.06,49.4243,-1.24386,1199.7355,1199.7355,55189
2018-09-26 00:00:00+00:00,1201.33,1202.44,1190.47,1194.22,44.75173,-1.638,1199.12,1199.12,87291
2018-09-27 00:00:00+00:00,1194.83,1198.52,1181.84,1182.52,38.11406,-2.86146,1198.2655,1198.2655,62745
2018-09-28 00:00:00+00:00,1183.34,1193.94,1180.66,1191.51,44.87924,-3.07025,1197.802,1197.802,64208
2018-10-01 00:00:00+00:00,1191.89,1192.15,1184.51,1188.66,43.26455,-3.42619,1197.1725,1197.1725,52576
2018-10-02 00:00:00+00:00,1188.81,1208.19,1188.67,1202.74,52.37996,-2.54283,1197.758,1197.758,69784
2018-10-03 00:00:00+00:00,1203.98,1208.25,1196.43,1196.85,48.84458,-2.29162,1197.7765,1197.7765,61515
2018-10-04 00:00:00+00:00,1197.97,1206.74,1195.95,1199.72,50.59442,-1.83974,1197.764,1197.764,70104
2018-10-05 00:00:00+00:00,1199.65,1205.76,1197.2,1202.75,52.44393,-1.22303,1198.11,1198.11,72912
2018-10-08 00:00:00+00:00,1203.18,1204.04,1183.33,1187.96,43.82069,-1.90574,1197.7295,1197.7295,37667
2018-10-09 00:00:00+00:00,1188.2,1191.81,1183.16,1189.48,44.82479,-2.29766,1197.285,1197.285,60546
2018-10-10 00:00:00+00:00,1189.46,1194.75,1185.25,1194.03,47.83067,-2.21557,1196.6835,1196.6835,60583
2018-10-11 00:00:00+00:00,1194.18,1226.3,1191.22,1224.82,62.65664,0.33018,1197.8615,1197.8615,84466
2018-10-12 00:00:00+00:00,1223.21,1223.67,1215.8,1217.76,58.54799,1.75776,1199.078,1199.078,63032
2018-10-15 00:00:00+00:00,1217.78,1233.22,1217.74,1226.81,61.98889,3.57814,1200.372,1200.372,62824
2018-10-16 00:00:00+00:00,1227.19,1232.36,1223.4,1224.42,60.5592,4.77293,1201.691,1201.691,58611
2018-10-17 00:00:00+00:00,1224.87,1229.43,1220.53,1222.21,59.19956,5.47833,1202.6175,1202.6175,53881
2018-10-18 00:00:00+00:00,1221.96,1230.1,1218.63,1225.75,60.72082,6.25095,1203.5515,1203.5515,61042
2018-10-19 00:00:00+00:00,1225.47,1230.75,1223.02,1226.38,60.99951,6.83531,1204.9155,1204.9155,59969
2018-10-22 00:00:00+00:00,1228.0,1229.51,1219.97,1221.86,57.82924,6.85467,1206.0755,1206.0755,50370
2018-10-23 00:00:00+00:00,1222.05,1239.71,1221.65,1230.34,61.83661,7.46819,1207.5395,1207.5395,57126
2018-10-24 00:00:00+00:00,1230.87,1233.57,1225.55,1233.33,63.16572,8.10228,1209.495,1209.495,59709
2018-10-25 00:00:00+00:00,1233.92,1239.14,1228.05,1231.86,62.02207,8.38948,1211.962,1211.962,58668
2018-10-26 00:00:00+00:00,1232.08,1243.36,1229.98,1233.53,62.84509,8.6521,1214.063,1214.063,84231
2018-10-29 00:00:00+00:00,1232.96,1235.34,1224.25,1229.47,59.47085,8.43539,1216.1035,1216.1035,68326
2018-10-30 00:00:00+00:00,1229.55,1230.53,1219.8,1222.97,54.432,7.65095,1217.115,1217.115,52328
2018-10-31 00:00:00+00:00,1222.4,1222.96,1211.93,1214.48,48.63558,6.2719,1217.9965,1217.9965,58086
2018-11-01 00:00:00+00:00,1215.3,1237.33,1215.26,1233.04,58.93158,6.60055,1219.6625,1219.6625,66877
2018-11-02 00:00:00+00:00,1234.29,1236.37,1229.67,1232.75,58.73348,6.75968,1221.1625,1221.1625,70496
2018-11-05 00:00:00+00:00,1233.14,1235.1,1226.82,1231.36,57.73172,6.69644,1223.3325,1223.3325,51254
2018-11-06 00:00:00+00:00,1231.31,1235.89,1223.44,1227.03,54.60717,6.22517,1225.21,1225.21,57608
2018-11-07 00:00:00+00:00,1227.19,1236.43,1222.93,1226.36,54.11909,5.73155,1226.8265,1226.8265,86968
2018-11-08 00:00:00+00:00,1226.39,1227.03,1219.98,1223.37,51.89009,5.04098,1226.754,1226.754,56146
2018-11-09 00:00:00+00:00,1223.25,1223.44,1206.65,1209.32,42.94028,3.32168,1226.332,1226.332,58787
2018-11-12 00:00:00+00:00,1209.41,1211.39,1200.16,1200.16,38.30202,1.20609,1224.9995,1224.9995,51033
2018-11-13 00:00:00+00:00,1201.1,1205.11,1196.21,1201.99,39.7033,-0.31918,1223.878,1223.878,59864
2018-11-14 00:00:00+00:00,1202.63,1216.49,1197.64,1210.54,45.88707,-0.82851,1223.2945,1223.2945,76536
2018-11-15 00:00:00+00:00,1210.99,1216.42,1207.66,1212.69,47.34932,-1.04661,1222.6415,1222.6415,68387
2018-11-16 00:00:00+00:00,1213.25,1225.23,1213.1,1221.2,52.7875,-0.52669,1222.3825,1222.3825,59300
2018-11-19 00:00:00+00:00,1221.94,1225.16,1217.97,1223.85,54.36808,0.09805,1222.482,1222.482,50688
2018-11-20 00:00:00+00:00,1223.83,1228.7,1219.93,1221.52,52.69758,0.40053,1222.041,1222.041,66031
2018-11-21 00:00:00+00:00,1221.85,1230.03,1219.65,1225.82,55.41991,0.97597,1221.6655,1221.6655,51457
2018-11-22 00:00:00+00:00,1225.42,1229.06,1224.81,1226.96,56.14059,1.50664,1221.4205,1221.4205,34363
2018-11-23 00:00:00+00:00,1226.98,1228.49,1219.88,1222.51,52.56817,1.55024,1220.8695,1220.8695,43894
2018-11-26 00:00:00+00:00,1223.38,1228.07,1221.65,1222.15,52.27834,1.53802,1220.5035,1220.5035,47348
2018-11-27 00:00:00+00:00,1222.38,1225.21,1211.82,1214.47,46.40097,0.89827,1220.0785,1220.0785,50906
2018-11-28 00:00:00+00:00,1214.92,1226.65,1211.15,1221.06,51.44528,0.91251,1220.4075,1220.4075,51784
2018-11-29 00:00:00+00:00,1220.51,1228.91,1220.42,1224.03,53.56625,1.15018,1219.957,1219.957,60007
2018-11-30 00:00:00+00:00,1224.08,1225.49,1216.62,1221.96,51.86573,1.15816,1219.4175,1219.4175,52149
2018-12-03 00:00:00+00:00,1222.91,1234.86,1221.25,1230.84,58.02227,1.85958,1219.3915,1219.3915,60510
2018-12-04 00:00:00+00:00,1230.67,1241.89,1230.38,1238.54,62.50109,3.00219,1219.967,1219.967,65890
2018-12-05 00:00:00+00:00,1238.54,1239.2,1233.25,1237.06,61.15057,3.74512,1220.502,1220.502,29802
2018-12-06 00:00:00+00:00,1237.26,1244.29,1234.68,1237.76,61.5735,4.34034,1221.2215,1221.2215,76720
2018-12-07 00:00:00+00:00,1237.72,1249.98,1237.24,1248.41,67.39006,5.6068,1223.176,1223.176,61676
2018-12-10 00:00:00+00:00,1250.4,1250.49,1241.55,1244.09,63.21038,6.19052,1225.3725,1225.3725,70502
2018-12-11 00:00:00+00:00,1244.78,1249.46,1240.96,1242.83,62.00249,6.4768,1227.4145,1227.4145,75476
2018-12-12 00:00:00+00:00,1243.15,1247.19,1241.93,1245.39,63.52745,6.8315,1229.157,1229.157,59387
2018-12-13 00:00:00+00:00,1245.73,1246.68,1240.05,1242.0,60.0884,6.76111,1230.6225,1230.6225,62080
2018-12-14 00:00:00+00:00,1241.71,1242.95,1232.89,1238.0,56.22098,6.30983,1231.4625,1231.4625,64452
2018-12-17 00:00:00+00:00,1237.33,1248.06,1235.47,1245.8,61.43363,6.50658,1232.56,1232.56,45136
2018-12-18 00:00:00+00:00,1245.69,1250.33,1244.97,1249.37,63.57155,6.87136,1233.9525,1233.9525,57195
2018-12-19 00:00:00+00:00,1249.78,1257.99,1241.61,1242.98,57.43433,6.56911,1234.8105,1234.8105,77529
2018-12-20 00:00:00+00:00,1244.23,1266.43,1242.68,1259.69,66.53313,7.59044,1236.447,1236.447,61651
2018-12-21 00:00:00+00:00,1260.51,1262.7,1253.85,1255.38,62.80408,7.9603,1238.0905,1238.0905,49285
2018-12-24 00:00:00+00:00,1258.48,1269.75,1257.89,1268.3,68.50308,9.19002,1240.398,1240.398,35322
2018-12-26 00:00:00+00:00,1272.38,1279.05,1264.46,1266.78,67.19862,9.92749,1243.0135,1243.0135,40974
2018-12-27 00:00:00+00:00,1266.65,1278.92,1265.51,1275.5,70.65137,11.08776,1245.7355,1245.7355,51120
2018-12-28 00:00:00+00:00,1275.35,1282.1,1274.2,1280.59,72.47283,12.27649,1248.5635,1248.5635,44994
2018-12-31 00:00:00+00:00,1279.92,1284.02,1277.38,1279.48,71.43168,12.97938,1251.4395,1251.4395,29631
2019-01-02 00:00:00+00:00,1282.21,1288.7,1278.64,1284.6,73.33459,13.7906,1254.1275,1254.1275,39271
2019-01-03 00:00:00+00:00,1287.68,1294.96,1284.5,1293.97,76.42892,15.01647,1256.899,1256.899,57318
2019-01-04 00:00:00+00:00,1293.66,1298.52,1276.54,1284.53,67.88234,15.05274,1259.2725,1259.2725,61565
2019-01-07 00:00:00+00:00,1285.34,1295.03,1282.56,1288.72,69.51198,15.24386,1261.8205,1261.8205,46553
2019-01-08 00:00:00+00:00,1289.16,1290.18,1279.31,1285.04,66.32875,14.92631,1263.652,1263.652,43237
2019-01-09 00:00:00+00:00,1284.62,1293.9,1280.01,1292.93,69.54855,15.13683,1266.094,1266.094,50186
2019-01-10 00:00:00+00:00,1292.98,1297.03,1286.03,1286.1,63.85609,14.58442,1268.2575,1268.2575,42686
2019-01-11 00:00:00+00:00,1286.75,1295.12,1286.72,1287.39,64.44796,14.08832,1270.3575,1270.3575,37019
2019-01-14 00:00:00+00:00,1288.04,1295.79,1287.77,1291.37,66.28251,13.85658,1272.826,1272.826,37149
2019-01-15 00:00:00+00:00,1292.4,1294.59,1286.71,1288.92,64.09009,13.32166,1275.372,1275.372,42365
2019-01-16 00:00:00+00:00,1289.58,1294.95,1287.78,1293.62,66.38702,13.12569,1277.763,1277.763,37703
2019-01-17 00:00:00+00:00,1293.7,1295.33,1288.67,1291.78,64.64375,12.67578,1279.8835,1279.8835,37454
2019-01-18 00:00:00+00:00,1292.24,1292.4,1280.56,1281.18,55.58781,11.33326,1281.7935,1281.7935,36426
2019-01-21 00:00:00+00:00,1282.53,1283.47,1276.76,1280.03,54.69263,10.06053,1282.8105,1282.8105,22469
2019-01-22 00:00:00+00:00,1280.14,1285.41,1277.35,1284.97,57.83393,9.3428,1284.29,1284.29,33935
2019-01-23 00:00:00+00:00,1284.9,1286.47,1278.59,1282.42,55.6876,8.47059,1284.996,1284.996,29596
2019-01-24 00:00:00+00:00,1282.78,1284.71,1276.7,1280.75,54.26719,7.55748,1285.6945,1285.6945,33915
2019-01-25 00:00:00+00:00,1280.33,1303.91,1279.89,1302.79,66.43517,8.51414,1287.059,1287.059,39372
2019-01-28 00:00:00+00:00,1302.27,1304.35,1297.56,1303.21,66.61745,9.20013,1288.19,1288.19,30687
2019-01-29 00:00:00+00:00,1303.12,1311.94,1302.66,1311.66,70.13183,10.30682,1289.799,1289.799,36066
2019-01-30 00:00:00+00:00,1311.51,1323.37,1308.92,1319.59,73.00412,11.68902,1291.5485,1291.5485,44860
2019-01-31 00:00:00+00:00,1320.3,1326.25,1317.36,1321.05,73.50922,12.75519,1292.9025,1292.9025,43609
2019-02-01 00:00:00+00:00,1320.95,1323.44,1316.06,1317.71,70.27008,13.17872,1294.5615,1294.5615,40010
2019-02-04 00:00:00+00:00,1317.6,1317.89,1308.53,1311.96,64.96295,12.90167,1295.7235,1295.7235,32119
2019-02-05 00:00:00+00:00,1311.76,1316.77,1310.66,1314.87,66.34814,12.76972,1297.215,1297.215,30404
2019-02-06 00:00:00+00:00,1314.6,1315.74,1305.53,1306.33,58.97883,11.83956,1297.885,1297.885,28894
2019-02-07 00:00:00+00:00,1307.41,1311.9,1302.73,1309.95,60.95836,11.26465,1299.0775,1299.0775,34320
2019-02-08 00:00:00+00:00,1309.96,1315.6,1307.72,1313.95,63.07852,11.00494,1300.4055,1300.4055,28521
2019-02-11 00:00:00+00:00,1313.14,1314.8,1303.59,1308.1,58.10847,10.20939,1301.242,1301.242,30756
2019-02-12 00:00:00+00:00,1307.39,1314.68,1306.45,1310.57,59.55739,9.66678,1302.3245,1302.3245,31972
2019-02-13 00:00:00+00:00,1311.12,1318.11,1304.94,1305.88,55.62338,8.75737,1302.9375,1302.9375,38150
2019-02-14 00:00:00+00:00,1306.46,1314.31,1302.34,1312.21,59.51074,8.45002,1303.959,1303.959,42537
2019-02-15 00:00:00+00:00,1312.61,1322.57,1311.29,1321.26,64.32271,8.83487,1305.963,1305.963,39684
2019-02-18 00:00:00+00:00,1317.36,1327.61,1315.81,1326.06,66.59063,9.41861,1308.2645,1308.2645,24647
2019-02-19 00:00:00+00:00,1326.23,1341.81,1322.81,1341.16,72.51063,10.97317,1311.074,1311.074,40578
2019-02-20 00:00:00+00:00,1339.91,1346.66,1336.83,1338.2,69.89603,11.82997,1313.863,1313.863,44124
2019-02-21 00:00:00+00:00,1339.03,1341.43,1320.88,1323.3,58.46735,11.17782,1315.9905,1315.9905,45926
2019-02-22 00:00:00+00:00,1324.22,1333.05,1321.5,1327.56,60.45806,10.87933,1317.229,1317.229,42277
2019-02-25 00:00:00+00:00,1327.47,1332.51,1325.07,1327.24,60.22455,10.49596,1318.4305,1318.4305,39118
2019-02-26 00:00:00+00:00,1327.22,1330.15,1323.43,1328.69,60.96037,10.19166,1319.282,1319.282,37082
2019-02-27 00:00:00+00:00,1329.03,1329.81,1316.57,1319.62,54.20539,9.11357,1319.2835,1319.2835,30898
2019-02-28 00:00:00+00:00,1319.99,1327.22,1312.55,1313.08,49.91076,7.64334,1318.885,1318.885,44328
2019-03-01 00:00:00+00:00,1314.15,1315.17,1290.12,1293.42,39.72231,4.83603,1317.6705,1317.6705,44869
2019-03-04 00:00:00+00:00,1295.06,1296.96,1282.8,1286.46,36.8541,2.02625,1316.3955,1316.3955,40156
2019-03-05 00:00:00+00:00,1286.88,1289.55,1281.13,1287.38,37.49656,-0.12485,1315.021,1315.021,37932
2019-03-06 00:00:00+00:00,1287.23,1290.86,1283.49,1286.15,36.95521,-1.90688,1314.012,1314.012,36348
2019-03-07 00:00:00+00:00,1286.52,1288.99,1280.77,1285.33,36.57609,-3.34674,1312.781,1312.781,39802
2019-03-08 00:00:00+00:00,1284.52,1300.69,1284.41,1298.23,45.96721,-3.40764,1311.995,1311.995,44398
2019-03-11 00:00:00+00:00,1296.85,1299.04,1290.42,1293.27,43.31171,-3.81218,1311.2535,1311.2535,32454
2019-03-12 00:00:00+00:00,1293.04,1302.19,1291.96,1301.15,48.41073,-3.45709,1310.7825,1310.7825,31873
2019-03-13 00:00:00+00:00,1300.91,1311.19,1300.87,1309.1,53.00359,-2.50529,1310.9435,1310.9435,31237
2019-03-14 00:00:00+00:00,1309.79,1310.31,1292.73,1296.08,45.81047,-2.76967,1310.137,1310.137,33687
2019-03-15 00:00:00+00:00,1296.09,1306.36,1293.93,1301.92,49.14426,-2.47937,1309.17,1309.17,33130
2019-03-18 00:00:00+00:00,1302.24,1306.67,1298.13,1303.41,49.98962,-2.10481,1308.0375,1308.0375,29029
2019-03-19 00:00:00+00:00,1303.35,1310.87,1302.27,1306.41,51.72944,-1.54805,1306.3,1306.3,32840
2019-03-20 00:00:00+00:00,1306.63,1316.98,1298.57,1312.34,55.05769,-0.62115,1305.007,1305.007,40670
2019-03-21 00:00:00+00:00,1314.15,1320.35,1303.16,1309.28,53.02593,-0.13197,1304.306,1304.306,40550
2019-03-22 00:00:00+00:00,1309.15,1314.92,1306.79,1313.07,55.22961,0.55513,1303.5815,1303.5815,42107
2019-03-25 00:00:00+00:00,1312.19,1324.49,1310.91,1322.01,59.99687,1.80029,1303.32,1303.32,36116
2019-03-26 00:00:00+00:00,1321.89,1323.21,1312.63,1315.1,55.11204,2.2041,1302.6405,1302.6405,33737
2019-03-27 00:00:00+00:00,1316.56,1319.27,1308.02,1309.63,51.53505,2.05901,1302.141,1302.141,49515
2019-03-28 00:00:00+00:00,1309.31,1312.24,1288.48,1289.87,41.14587,0.34557,1300.9805,1300.9805,40599
2019-03-29 00:00:00+00:00,1291.03,1299.71,1286.66,1292.16,42.5903,-0.81813,1300.9175,1300.9175,36253
2019-04-01 00:00:00+00:00,1292.15,1296.97,1286.37,1287.3,40.32819,-2.10822,1300.9595,1300.9595,35818
2019-04-02 00:00:00+00:00,1287.35,1292.41,1285.24,1292.34,43.66957,-2.69291,1301.2075,1301.2075,25835
2019-04-03 00:00:00+00:00,1292.19,1294.52,1288.34,1289.66,42.31277,-3.33409,1301.383,1301.383,27327
2019-04-04 00:00:00+00:00,1290.39,1294.35,1280.88,1292.38,44.20743,-3.58147,1301.7355,1301.7355,27632
2019-04-05 00:00:00+00:00,1292.74,1293.53,1284.35,1291.49,43.70166,-3.80547,1301.3985,1301.3985,27455
2019-04-08 00:00:00+00:00,1292.17,1303.66,1291.39,1297.49,48.01933,-3.45897,1301.6095,1301.6095,23309
2019-04-09 00:00:00+00:00,1297.78,1306.15,1296.55,1303.9,52.23401,-2.63673,1301.747,1301.747,33090
2019-04-10 00:00:00+00:00,1304.36,1310.53,1300.9,1307.94,54.72563,-1.6402,1301.689,1301.689,33655
2019-04-11 00:00:00+00:00,1308.05,1309.13,1289.53,1292.26,44.92968,-2.09158,1301.498,1301.498,40410
2019-04-12 00:00:00+00:00,1292.42,1295.76,1290.01,1290.46,43.95694,-2.56498,1300.925,1300.925,35036
2019-04-15 00:00:00+00:00,1291.22,1291.89,1282.43,1287.57,42.37082,-3.13719,1300.133,1300.133,30511
2019-04-16 00:00:00+00:00,1287.82,1288.72,1272.89,1276.69,36.96331,-4.41767,1298.647,1298.647,37582
2019-04-17 00:00:00+00:00,1276.72,1279.71,1272.93,1273.76,35.64402,-5.60428,1296.718,1296.718,32860
2019-04-18 00:00:00+00:00,1274.26,1277.65,1271.09,1275.47,37.05603,-6.33369,1295.0275,1295.0275,31394
2019-04-22 00:00:00+00:00,1275.72,1279.77,1273.74,1274.7,36.66591,-6.8944,1293.109,1293.109,21624
2019-04-23 00:00:00+00:00,1275.25,1276.44,1266.21,1272.1,35.31401,-7.46255,1290.6135,1290.6135,30666
2019-04-24 00:00:00+00:00,1272.14,1278.49,1268.72,1275.5,38.50701,-7.55141,1288.6335,1288.6335,32797
2019-04-25 00:00:00+00:00,1275.62,1282.53,1273.31,1277.18,40.08088,-7.40096,1287.011,1287.011,34181
2019-04-26 00:00:00+00:00,1277.33,1288.67,1274.15,1285.95,47.61792,-6.49914,1286.815,1286.815,38920
2019-04-29 00:00:00+00:00,1285.92,1286.65,1278.01,1279.49,43.29759,-6.23385,1286.1815,1286.1815,30175
2019-04-30 00:00:00+00:00,1279.91,1286.14,1279.85,1283.29,46.37946,-5.65183,1285.981,1285.981,36375
2019-05-01 00:00:00+00:00,1283.13,1287.23,1272.83,1276.48,41.9763,-5.67467,1285.188,1285.188,42936
2019-05-02 00:00:00+00:00,1277.06,1277.91,1266.2,1270.48,38.50755,-6.10652,1284.229,1284.229,37990
2019-05-03 00:00:00+00:00,1270.52,1282.52,1268.13,1278.97,45.38492,-5.69802,1283.5585,1283.5585,39549
2019-05-06 00:00:00+00:00,1282.56,1285.77,1276.93,1280.2,46.32158,-5.21491,1282.994,1282.994,39892
2019-05-07 00:00:00+00:00,1281.33,1286.03,1278.13,1284.28,49.42033,-4.45151,1282.3335,1282.3335,39904
2019-05-08 00:00:00+00:00,1283.91,1291.44,1279.27,1280.49,46.72214,-4.10501,1281.163,1281.163,42097
2019-05-09 00:00:00+00:00,1281.23,1288.17,1279.56,1283.4,49.02345,-3.55462,1279.936,1279.936,46217
2019-05-10 00:00:00+00:00,1284.43,1289.37,1283.11,1285.66,50.80086,-2.9026,1279.606,1279.606,48490
2019-05-13 00:00:00+00:00,1287.13,1301.19,1281.9,1299.79,60.15508,-1.23151,1280.0725,1280.0725,44745
2019-05-14 00:00:00+00:00,1300.59,1303.23,1293.65,1296.76,57.62494,-0.14992,1280.532,1280.532,32675
2019-05-15 00:00:00+00:00,1297.04,1300.84,1292.99,1296.35,57.2739,0.66648,1281.515,1281.515,38680
2019-05-16 00:00:00+00:00,1296.45,1298.72,1283.97,1286.31,49.34641,0.4976,1282.1425,1282.1425,36934
2019-05-17 00:00:00+00:00,1286.54,1288.89,1274.72,1277.48,43.62706,-0.34477,1282.243,1282.243,38861
2019-05-20 00:00:00+00:00,1278.29,1278.95,1273.61,1277.63,43.74633,-0.98885,1282.3895,1282.3895,30684
2019-05-21 00:00:00+00:00,1277.54,1277.86,1269.41,1274.69,41.87611,-1.71674,1282.519,1282.519,29422
2019-05-22 00:00:00+00:00,1274.5,1277.26,1272.43,1273.41,41.05321,-2.36956,1282.4145,1282.4145,28455
2019-05-23 00:00:00+00:00,1273.64,1287.27,1272.78,1283.56,49.5237,-2.04434,1282.7335,1282.7335,42712
2019-05-24 00:00:00+00:00,1283.49,1285.2,1280.71,1284.8,50.46027,-1.66733,1282.676,1282.676,32122
2019-05-27 00:00:00+00:00,1285.21,1287.33,1283.72,1284.95,50.57973,-1.34098,1282.949,1282.949,15551
2019-05-28 00:00:00+00:00,1285.2,1286.51,1276.09,1279.4,46.14589,-1.51274,1282.7545,1282.7545,38161
2019-05-29 00:00:00+00:00,1279.39,1285.51,1279.11,1280.2,46.86888,-1.56626,1282.9405,1282.9405,45534
2019-05-30 00:00:00+00:00,1280.0,1289.17,1274.95,1288.41,53.73355,-0.93541,1283.837,1283.837,37312
2019-05-31 00:00:00+00:00,1288.29,1306.92,1287.93,1305.13,63.94914,0.90329,1285.145,1285.145,47039
2019-06-03 00:00:00+00:00,1306.59,1327.92,1306.49,1324.48,71.72895,3.87717,1287.359,1287.359,50885
2019-06-04 00:00:00+00:00,1324.89,1329.0,1319.87,1325.59,72.10088,6.25149,1289.4245,1289.4245,49993
2019-06-05 00:00:00+00:00,1325.24,1344.04,1324.49,1330.09,73.61632,8.39944,1291.9045,1291.9045,65031
2019-06-06 00:00:00+00:00,1332.17,1339.79,1327.18,1335.52,75.35586,10.41976,1294.5105,1294.5105,55111
2019-06-07 00:00:00+00:00,1335.9,1348.23,1330.23,1340.24,76.78847,12.26041,1297.2395,1297.2395,52484
2019-06-10 00:00:00+00:00,1334.62,1337.65,1325.03,1327.84,65.94301,12.57361,1298.642,1298.642,47974
2019-06-11 00:00:00+00:00,1328.06,1329.84,1319.83,1326.65,64.99429,12.58079,1300.1365,1300.1365,46762
2019-06-12 00:00:00+00:00,1326.87,1338.38,1325.98,1333.23,67.7566,12.96794,1301.9805,1301.9805,50814
2019-06-13 00:00:00+00:00,1333.66,1343.09,1332.38,1341.81,70.97308,13.80792,1304.7555,1304.7555,43496
2019-06-14 00:00:00+00:00,1342.27,1358.12,1337.73,1340.82,70.10409,14.2297,1307.9225,1307.9225,62043
2019-06-17 00:00:00+00:00,1341.76,1343.47,1332.93,1339.48,68.87485,14.2911,1311.015,1311.015,49206
2019-06-18 00:00:00+00:00,1340.04,1354.57,1338.59,1346.51,71.68039,14.73714,1314.606,1314.606,71328
2019-06-19 00:00:00+00:00,1346.14,1362.54,1341.31,1359.64,76.02675,15.96606,1318.9175,1318.9175,72466
2019-06-20 00:00:00+00:00,1359.47,1393.9,1357.65,1388.35,82.39078,19.0372,1324.157,1324.157,102246
2019-06-21 00:00:00+00:00,1387.4,1411.76,1382.48,1398.68,84.03316,22.05046,1329.851,1329.851,118183
2019-06-24 00:00:00+00:00,1399.87,1421.41,1399.42,1419.11,86.67932,25.78973,1336.559,1336.559,78266
2019-06-25 00:00:00+00:00,1418.0,1439.21,1411.82,1423.19,87.13776,28.75093,1343.7485,1343.7485,130617
2019-06-26 00:00:00+00:00,1419.69,1422.04,1401.82,1408.67,76.98344,29.58502,1350.172,1350.172,109233
2019-06-27 00:00:00+00:00,1407.94,1412.12,1398.59,1409.1,77.06867,29.93566,1356.2065,1356.2065,76489
2019-06-28 00:00:00+00:00,1408.7,1424.6,1405.63,1409.91,77.23963,29.93385,1361.4455,1361.4455,80301
2019-07-01 00:00:00+00:00,1391.67,1397.72,1381.66,1383.75,61.33519,27.50447,1364.409,1364.409,91450
2019-07-02 00:00:00+00:00,1383.94,1420.97,1383.74,1418.0,70.03485,28.01986,1369.0295,1369.0295,79268
2019-07-03 00:00:00+00:00,1422.59,1437.73,1411.96,1418.41,70.12152,28.13704,1373.4455,1373.4455,97900
2019-07-04 00:00:00+00:00,1420.14,1421.61,1410.13,1415.29,68.49795,27.65932,1377.434,1377.434,37381
2019-07-05 00:00:00+00:00,1416.39,1424.15,1386.63,1398.09,60.22009,25.59774,1380.3265,1380.3265,77113
2019-07-08 00:00:00+00:00,1399.09,1407.53,1391.68,1395.28,58.96635,23.46668,1383.6985,1383.6985,58768
2019-07-09 00:00:00+00:00,1394.69,1399.93,1385.69,1397.51,59.6837,21.70751,1387.2415,1387.2415,51415
2019-07-10 00:00:00+00:00,1395.68,1418.55,1389.81,1417.87,65.59716,21.70602,1391.4735,1391.4735,68331
2019-07-11 00:00:00+00:00,1419.07,1427.07,1400.73,1403.73,59.11237,20.32951,1394.5695,1394.5695,65404
2019-07-12 00:00:00+00:00,1404.51,1416.84,1403.08,1414.83,62.26594,19.90485,1398.27,1398.27,53268
2019-07-15 00:00:00+00:00,1416.52,1419.73,1407.63,1413.7,61.74385,19.25516,1401.981,1401.981,48080
2019-07-16 00:00:00+00:00,1414.44,1418.22,1400.68,1405.82,58.08623,17.89811,1404.9465,1404.9465,54713
2019-07-17 00:00:00+00:00,1406.48,1426.75,1400.01,1426.21,64.02483,18.25747,1408.275,1408.275,51546
2019-07-18 00:00:00+00:00,1426.3,1448.07,1414.56,1445.65,68.59369,19.88173,1411.14,1411.14,78476
2019-07-19 00:00:00+00:00,1448.13,1452.92,1420.13,1424.96,59.87766,19.27725,1412.454,1412.454,91707
2019-07-22 00:00:00+00:00,1426.44,1429.98,1422.18,1424.67,59.76303,18.56083,1412.732,1412.732,61460
2019-07-23 00:00:00+00:00,1424.71,1430.21,1414.13,1417.6,56.90303,17.22402,1412.4525,1412.4525,61934
2019-07-24 00:00:00+00:00,1417.19,1429.51,1416.27,1425.11,59.13989,16.57947,1413.2745,1413.2745,58410
2019-07-25 00:00:00+00:00,1425.24,1433.73,1411.0,1414.11,54.66446,15.00805,1413.525,1413.525,70765
2019-07-26 00:00:00+00:00,1414.84,1424.79,1413.4,1418.31,56.03259,13.94089,1413.945,1413.945,47512
2019-07-29 00:00:00+00:00,1420.75,1428.11,1414.8,1426.62,58.68896,13.60883,1416.0885,1416.0885,36670
2019-07-30 00:00:00+00:00,1425.73,1433.2,1422.26,1430.61,59.94044,13.51187,1416.719,1416.719,45064
2019-07-31 00:00:00+00:00,1430.57,1434.47,1410.17,1412.23,52.10925,11.81572,1416.41,1416.41,75264
2019-08-01 00:00:00+00:00,1415.85,1445.95,1400.44,1444.89,61.68781,12.95753,1417.89,1417.89,91909
2019-08-02 00:00:00+00:00,1445.59,1447.93,1430.29,1440.32,59.88298,13.33988,1420.0015,1420.0015,109809
2019-08-05 00:00:00+00:00,1440.29,1469.72,1436.67,1463.72,65.45603,15.3541,1423.4235,1423.4235,111163
2019-08-06 00:00:00+00:00,1467.57,1474.81,1456.33,1474.27,67.63882,17.5988,1427.2615,1427.2615,98081
2019-08-07 00:00:00+00:00,1474.58,1510.33,1472.18,1501.25,72.4357,21.30917,1431.4305,1431.4305,134373
2019-08-08 00:00:00+00:00,1498.84,1509.53,1489.97,1500.88,72.27748,23.9438,1436.288,1436.288,101100
2019-08-09 00:00:00+00:00,1506.34,1508.09,1494.74,1497.02,70.54617,25.42718,1440.3975,1440.3975,88737
2019-08-12 00:00:00+00:00,1496.05,1519.99,1487.2,1511.72,73.18086,27.47226,1445.2985,1445.2985,77110
2019-08-13 00:00:00+00:00,1510.51,1534.95,1479.77,1501.35,68.52417,27.93421,1450.075,1450.075,121062
2019-08-14 00:00:00+00:00,1501.62,1524.03,1493.78,1516.18,71.33349,29.16083,1454.5735,1454.5735,121466
2019-08-15 00:00:00+00:00,1518.59,1526.97,1507.81,1523.42,72.61839,30.36708,1458.462,1458.462,135399
2019-08-16 00:00:00+00:00,1521.85,1527.97,1503.63,1512.1,67.52236,30.06307,1462.819,1462.819,87768
2019-08-19 00:00:00+00:00,1509.43,1512.9,1493.18,1495.79,60.89199,28.1812,1466.375,1466.375,77501
2019-08-20 00:00:00+00:00,1496.54,1508.55,1492.93,1507.36,63.621,27.30861,1470.863,1470.863,63548
2019-08-21 00:00:00+00:00,1506.52,1508.03,1496.43,1502.31,61.60047,25.9109,1474.723,1474.723,61239
2019-08-22 00:00:00+00:00,1501.86,1504.55,1492.43,1498.16,59.91643,24.1895,1478.9255,1478.9255,66041
2019-08-23 00:00:00+00:00,1498.54,1530.2,1493.47,1526.25,66.57688,24.80595,1484.3225,1484.3225,98456
2019-08-26 00:00:00+00:00,1545.74,1555.21,1524.93,1527.38,66.81576,25.09638,1489.3605,1489.3605,127966
2019-08-27 00:00:00+00:00,1527.27,1544.65,1525.63,1542.63,69.9384,26.25445,1494.9615,1494.9615,83672
2019-08-28 00:00:00+00:00,1540.96,1546.83,1531.79,1541.01,69.19352,26.73334,1501.4005,1501.4005,89182
2019-08-29 00:00:00+00:00,1539.02,1550.3,1519.52,1526.87,62.89676,25.67591,1505.4995,1505.4995,107263
2019-08-30 00:00:00+00:00,1527.53,1533.11,1516.93,1520.55,60.25731,24.05068,1509.511,1509.511,92368
2019-09-02 00:00:00+00:00,1529.39,1533.77,1519.22,1528.96,62.51178,23.17415,1512.773,1512.773,50614
2019-09-03 00:00:00+00:00,1526.91,1549.68,1521.61,1548.7,67.21313,23.79802,1516.4945,1516.4945,100722
2019-09-04 00:00:00+00:00,1546.53,1556.98,1533.78,1552.6,68.06523,24.32671,1519.062,1519.062,95612
2019-09-05 00:00:00+00:00,1551.44,1552.95,1506.19,1518.89,54.80644,21.77459,1519.9625,1519.9625,103092
2019-09-06 00:00:00+00:00,1518.45,1527.81,1502.47,1506.38,50.8479,18.52897,1520.4305,1520.4305,109340
2019-09-09 00:00:00+00:00,1503.51,1515.43,1497.54,1498.81,48.56218,15.17107,1519.785,1519.785,81607
2019-09-10 00:00:00+00:00,1498.32,1500.97,1484.45,1485.77,44.82425,11.32712,1519.006,1519.006,87411
2019-09-11 00:00:00+00:00,1486.28,1498.23,1485.99,1496.52,48.35355,9.04395,1518.023,1518.023,66314
2019-09-12 00:00:00+00:00,1496.74,1524.13,1489.16,1498.97,49.15183,7.34752,1516.8005,1516.8005,93718
2019-09-13 00:00:00+00:00,1497.62,1508.94,1485.71,1488.55,45.90218,5.10344,1515.623,1515.623,73329
2019-09-16 00:00:00+00:00,1500.71,1512.09,1495.83,1498.4,49.31365,4.07286,1515.7535,1515.7535,84660
2019-09-17 00:00:00+00:00,1498.49,1507.03,1493.39,1501.32,50.31395,3.45195,1515.4515,1515.4515,67403
2019-09-18 00:00:00+00:00,1501.47,1511.54,1482.97,1493.24,47.51934,2.28158,1514.998,1514.998,65272
2019-09-19 00:00:00+00:00,1492.89,1504.45,1488.92,1498.47,49.47552,1.75583,1515.0135,1515.0135,74260
2019-09-20 00:00:00+00:00,1499.19,1517.01,1497.89,1516.27,55.54847,2.74385,1514.5145,1514.5145,60729
2019-09-23 00:00:00+00:00,1512.63,1526.77,1511.48,1522.12,57.36236,3.95334,1514.2515,1514.2515,71616
2019-09-24 00:00:00+00:00,1523.09,1535.63,1515.55,1531.17,60.07649,5.57783,1513.6785,1513.6785,77381
2019-09-25 00:00:00+00:00,1533.29,1535.08,1500.4,1503.64,49.71016,4.59089,1511.81,1511.81,84604
2019-09-26 00:00:00+00:00,1503.66,1512.25,1500.25,1504.56,50.02053,3.83872,1510.6945,1510.6945,74798
2019-09-27 00:00:00+00:00,1503.95,1507.34,1486.79,1496.61,47.30373,2.57147,1509.4975,1509.4975,87365
2019-09-30 00:00:00+00:00,1496.25,1500.41,1464.43,1472.29,40.12419,-0.39074,1506.664,1506.664,85679
2019-10-01 00:00:00+00:00,1472.93,1487.19,1459.03,1479.38,42.84754,-2.14153,1503.198,1503.198,91422
2019-10-02 00:00:00+00:00,1480.06,1505.02,1474.44,1499.92,49.9498,-1.8503,1500.564,1500.564,90625
2019-10-03 00:00:00+00:00,1498.96,1519.48,1495.76,1504.83,51.50132,-1.20937,1499.861,1499.861,93063
2019-10-04 00:00:00+00:00,1506.04,1515.54,1495.77,1504.5,51.38603,-0.71976,1499.767,1499.767,88317
2019-10-07 00:00:00+00:00,1508.53,1509.25,1487.97,1493.27,47.48978,-1.22379,1499.49,1499.49,86523
2019-10-08 00:00:00+00:00,1493.37,1509.65,1486.81,1505.48,51.77157,-0.63073,1500.4755,1500.4755,107974
2019-10-09 00:00:00+00:00,1506.45,1512.34,1499.8,1505.42,51.74924,-0.16368,1500.9205,1500.9205,86218
2019-10-10 00:00:00+00:00,1505.7,1516.98,1491.02,1493.39,47.34021,-0.75555,1500.6415,1500.6415,115499
2019-10-11 00:00:00+00:00,1494.46,1503.13,1473.93,1487.93,45.44759,-1.64621,1500.6105,1500.6105,118368
2019-10-14 00:00:00+00:00,1486.43,1497.06,1482.77,1493.03,47.55663,-1.91842,1500.342,1500.342,74909
2019-10-15 00:00:00+00:00,1492.37,1498.53,1477.13,1481.0,43.30381,-3.06949,1499.326,1499.326,85309
2019-10-16 00:00:00+00:00,1481.09,1491.51,1476.96,1489.52,46.92394,-3.25669,1499.14,1499.14,91869
2019-10-17 00:00:00+00:00,1489.99,1497.31,1483.37,1492.23,48.05995,-3.15006,1498.828,1498.828,81532
2019-10-18 00:00:00+00:00,1491.98,1494.17,1484.81,1489.93,47.13781,-3.21409,1497.511,1497.511,72019
2019-10-21 00:00:00+00:00,1491.65,1495.17,1481.42,1484.06,44.77645,-3.69589,1495.608,1495.608,73746
2019-10-22 00:00:00+00:00,1484.53,1488.93,1480.78,1487.77,46.59731,-3.7353,1493.438,1493.438,69834
2019-10-23 00:00:00+00:00,1487.93,1496.23,1487.62,1491.75,48.55693,-3.40612,1492.8435,1492.8435,65293
2019-10-24 00:00:00+00:00,1491.33,1503.96,1487.93,1502.9,53.6845,-2.21993,1492.7605,1492.7605,67974
2019-10-25 00:00:00+00:00,1503.03,1517.93,1500.55,1504.16,54.23958,-1.16478,1493.138,1493.138,76377
2019-10-28 00:00:00+00:00,1503.29,1508.17,1489.93,1492.54,48.47026,-1.25177,1494.1505,1494.1505,76826
2019-10-29 00:00:00+00:00,1491.81,1494.71,1483.33,1487.9,46.35016,-1.6758,1494.5765,1494.5765,73054
2019-10-30 00:00:00+00:00,1487.39,1496.52,1481.08,1495.6,50.23989,-1.37467,1494.3605,1494.3605,74557
2019-10-31 00:00:00+00:00,1495.77,1514.19,1493.89,1512.13,57.38319,0.19555,1494.7255,1494.7255,70127
2019-11-01 00:00:00+00:00,1512.49,1516.09,1503.22,1513.9,58.07718,1.56475,1495.1955,1495.1955,72696
2019-11-04 00:00:00+00:00,1512.69,1514.77,1504.34,1509.48,55.64051,2.26706,1496.006,1496.006,60931
2019-11-05 00:00:00+00:00,1508.83,1509.61,1479.31,1483.78,44.06415,0.74133,1494.921,1494.921,86931
2019-11-06 00:00:00+00:00,1483.71,1494.13,1482.91,1490.14,47.00276,0.04485,1494.157,1494.157,70392
2019-11-07 00:00:00+00:00,1489.79,1492.21,1460.46,1468.52,39.4211,-2.226,1492.9135,1492.9135,100691
2019-11-08 00:00:00+00:00,1468.11,1472.87,1456.12,1458.72,36.54364,-4.76156,1491.453,1491.453,83604
2019-11-11 00:00:00+00:00,1460.22,1466.36,1448.15,1455.65,35.66538,-6.93875,1489.584,1489.584,62464
2019-11-12 00:00:00+00:00,1454.99,1460.32,1445.57,1456.3,36.01601,-8.51359,1488.349,1488.349,88273
2019-11-13 00:00:00+00:00,1457.29,1467.0,1456.64,1463.26,39.79938,-9.09521,1487.036,1487.036,84024
2019-11-14 00:00:00+00:00,1463.99,1474.55,1461.07,1470.97,43.76614,-8.8322,1485.973,1485.973,79413
2019-11-15 00:00:00+00:00,1471.22,1471.31,1462.37,1467.37,42.36252,-8.81267,1484.845,1484.845,63220
2019-11-18 00:00:00+00:00,1467.85,1473.89,1456.28,1470.78,44.1884,-8.42492,1484.181,1484.181,65688
2019-11-19 00:00:00+00:00,1470.65,1475.23,1464.72,1472.31,45.02983,-7.90306,1483.408,1483.408,70981
2019-11-20 00:00:00+00:00,1473.67,1478.75,1465.88,1471.05,44.43569,-7.50465,1482.373,1482.373,80216
2019-11-21 00:00:00+00:00,1474.9,1475.59,1462.28,1464.32,41.30112,-7.64384,1480.444,1480.444,84627
2019-11-22 00:00:00+00:00,1464.37,1473.18,1461.25,1461.81,40.16318,-7.86602,1478.3265,1478.3265,69819
2019-11-25 00:00:00+00:00,1460.39,1462.08,1454.0,1454.94,37.14643,-8.49848,1476.4465,1476.4465,58527
2019-11-26 00:00:00+00:00,1454.94,1462.87,1450.02,1461.3,41.52533,-8.3898,1475.1165,1475.1165,55649
2019-11-27 00:00:00+00:00,1461.11,1461.75,1452.45,1453.93,38.20381,-8.79696,1473.033,1473.033,57103
2019-11-28 00:00:00+00:00,1455.75,1458.26,1454.16,1455.74,39.48404,-8.87132,1470.2135,1470.2135,31775
2019-11-29 00:00:00+00:00,1455.39,1466.53,1452.94,1463.83,44.97149,-8.18313,1467.71,1467.71,48203
2019-12-02 00:00:00+00:00,1462.43,1465.29,1453.89,1462.45,44.23464,-7.66078,1465.3585,1465.3585,65523
2019-12-03 00:00:00+00:00,1461.61,1481.73,1459.78,1477.32,53.14359,-5.97801,1465.0355,1465.0355,65924
2019-12-04 00:00:00+00:00,1476.47,1484.01,1471.35,1474.33,51.36659,-4.83,1464.245,1464.245,79731
2019-12-05 00:00:00+00:00,1474.37,1480.29,1472.86,1475.76,52.18997,-3.76145,1464.607,1464.607,68940
2019-12-06 00:00:00+00:00,1476.04,1479.82,1458.66,1459.53,43.24168,-4.1761,1464.6475,1464.6475,63328
2019-12-09 00:00:00+00:00,1458.58,1465.35,1458.48,1461.71,44.6153,-4.27947,1464.9505,1464.9505,46080
2019-12-10 00:00:00+00:00,1461.41,1469.17,1459.95,1464.35,46.30988,-4.10109,1465.353,1465.353,66086
2019-12-11 00:00:00+00:00,1464.16,1478.84,1462.63,1474.72,52.46261,-3.08736,1465.926,1465.926,63369
2019-12-12 00:00:00+00:00,1474.89,1486.69,1463.89,1469.4,49.33883,-2.68234,1465.8475,1465.8475,80536
2019-12-13 00:00:00+00:00,1466.57,1478.0,1461.73,1475.44,52.77675,-1.85262,1466.251,1466.251,92543
2019-12-16 00:00:00+00:00,1474.85,1479.85,1473.09,1475.9,53.03813,-1.14475,1466.507,1466.507,55769
2019-12-17 00:00:00+00:00,1475.89,1480.49,1474.12,1475.99,53.09284,-0.56992,1466.691,1466.691,55358
2019-12-18 00:00:00+00:00,1475.76,1479.24,1470.38,1475.45,52.6962,-0.15614,1466.911,1466.911,51047
2019-12-19 00:00:00+00:00,1475.3,1481.64,1473.19,1478.7,54.8809,0.42909,1467.63,1467.63,49593
2019-12-20 00:00:00+00:00,1478.94,1480.94,1475.78,1477.93,54.24172,0.82128,1468.436,1468.436,44501
2019-12-23 00:00:00+00:00,1477.96,1486.09,1477.46,1485.38,59.1937,1.7135,1469.958,1469.958,44323
2019-12-24 00:00:00+00:00,1485.2,1500.44,1484.33,1498.99,66.35668,3.4787,1471.8425,1471.8425,39618
2019-12-26 00:00:00+00:00,1503.27,1512.56,1502.27,1511.04,71.18027,5.78331,1474.698,1474.698,42592
2019-12-27 00:00:00+00:00,1510.77,1515.29,1507.28,1510.63,70.80828,7.4903,1477.4425,1477.4425,54172
2019-12-30 00:00:00+00:00,1511.16,1516.07,1510.7,1514.96,72.44604,9.08773,1479.999,1479.999,57637
2019-12-31 00:00:00+00:00,1514.63,1525.23,1514.54,1520.46,74.40994,10.67447,1482.8995,1482.8995,51632
2020-01-02 00:00:00+00:00,1520.26,1531.32,1518.38,1528.77,77.0693,12.4589,1485.472,1485.472,55524
2020-01-03 00:00:00+00:00,1528.25,1553.43,1527.86,1551.44,82.43276,15.52341,1489.3275,1489.3275,95044
2020-01-06 00:00:00+00:00,1575.89,1582.09,1560.7,1565.63,84.82532,18.87943,1493.821,1493.821,118721
2020-01-07 00:00:00+00:00,1564.53,1577.32,1555.23,1573.24,85.9319,21.90072,1499.5065,1499.5065,96091
2020-01-08 00:00:00+00:00,1575.99,1611.35,1552.22,1556.36,73.1837,22.67168,1504.239,1504.239,156878
2020-01-09 00:00:00+00:00,1554.75,1561.29,1540.2,1552.08,70.33452,22.67593,1508.6255,1508.6255,87919
2020-01-10 00:00:00+00:00,1552.91,1563.13,1545.73,1561.76,72.9039,23.19303,1512.9775,1512.9775,78711
2020-01-13 00:00:00+00:00,1559.55,1560.6,1546.51,1548.34,64.55604,22.26332,1516.9245,1516.9245,72777
2020-01-14 00:00:00+00:00,1548.13,1548.85,1535.96,1546.25,63.33963,21.11448,1520.465,1520.465,85110
2020-01-15 00:00:00+00:00,1546.37,1558.17,1546.27,1556.22,66.57516,20.76909,1524.481,1524.481,73629
2020-01-16 00:00:00+00:00,1555.18,1558.06,1547.98,1552.46,64.27137,19.96187,1528.3045,1528.3045,65408
2020-01-17 00:00:00+00:00,1552.29,1561.21,1549.33,1556.83,65.75461,19.45054,1532.3735,1532.3735,64606
2020-01-20 00:00:00+00:00,1559.0,1562.76,1556.35,1560.5,66.99386,19.12103,1536.4635,1536.4635,31344
2020-01-21 00:00:00+00:00,1560.88,1568.59,1546.3,1557.91,65.20066,18.43836,1540.4625,1540.4625,84727
2020-01-22 00:00:00+00:00,1558.01,1559.22,1550.15,1558.6,65.46586,17.74842,1544.1235,1544.1235,68635
2020-01-23 00:00:00+00:00,1558.55,1567.91,1551.85,1562.8,67.10897,17.34065,1547.314,1547.314,80486
2020-01-24 00:00:00+00:00,1561.79,1575.95,1556.49,1570.9,70.06691,17.46972,1550.307,1550.307,81710
2020-01-27 00:00:00+00:00,1580.71,1588.28,1575.87,1581.88,73.54062,18.24765,1553.8695,1553.8695,105097
2020-01-28 00:00:00+00:00,1580.91,1583.03,1565.44,1567.78,63.37041,17.5244,1556.5105,1556.5105,83057
2020-01-29 00:00:00+00:00,1568.65,1578.0,1563.35,1577.11,66.65637,17.50232,1559.343,1559.343,72438
2020-01-30 00:00:00+00:00,1575.25,1585.99,1572.22,1573.85,64.47979,17.0255,1561.597,1561.597,96702
2020-01-31 00:00:00+00:00,1575.06,1590.48,1570.87,1588.83,69.42102,17.65289,1563.4665,1563.4665,97516
2020-02-03 00:00:00+00:00,1588.65,1592.0,1569.28,1576.3,61.69061,16.94372,1564.0,1564.0,91040
2020-02-04 00:00:00+00:00,1578.56,1579.61,1548.97,1552.74,50.33969,14.31558,1562.975,1562.975,81029
2020-02-05 00:00:00+00:00,1553.18,1562.41,1547.38,1556.41,51.82664,12.38612,1562.9775,1562.9775,84219
2020-02-06 00:00:00+00:00,1554.67,1568.23,1552.46,1566.46,55.73529,11.53499,1563.6965,1563.6965,71100
2020-02-07 00:00:00+00:00,1565.81,1574.05,1560.08,1570.0,57.057,11.01909,1564.1085,1564.1085,97707
2020-02-10 00:00:00+00:00,1569.27,1577.01,1567.96,1571.87,57.77426,10.6385,1565.285,1565.285,72137
2020-02-11 00:00:00+00:00,1572.09,1574.05,1561.92,1567.63,55.5103,9.88084,1566.354,1566.354,75255
2020-02-12 00:00:00+00:00,1567.49,1570.46,1561.95,1565.73,54.48005,9.02307,1566.8295,1566.8295,65805
2020-02-13 00:00:00+00:00,1566.13,1578.33,1565.51,1575.98,58.91057,9.06586,1568.0055,1568.0055,80200
2020-02-14 00:00:00+00:00,1575.91,1585.01,1573.02,1583.69,61.91346,9.61111,1569.3485,1569.3485,60275
2020-02-17 00:00:00+00:00,1581.25,1583.78,1578.85,1580.86,60.17509,9.70302,1570.3665,1570.3665,30617
2020-02-18 00:00:00+00:00,1583.69,1605.05,1583.23,1601.35,67.32787,11.29899,1572.5385,1572.5385,78332
2020-02-19 00:00:00+00:00,1601.17,1612.91,1599.53,1611.34,70.14346,13.21755,1575.1755,1575.1755,81876
2020-02-20 00:00:00+00:00,1610.97,1623.73,1603.84,1619.26,72.18963,15.20186,1577.9985,1577.9985,105222
2020-02-21 00:00:00+00:00,1619.7,1649.23,1618.92,1643.73,77.35371,18.5353,1581.64,1581.64,115265
2020-02-24 00:00:00+00:00,1659.37,1689.25,1650.83,1658.5,79.79278,22.11398,1585.471,1585.471,156168
2020-02-25 00:00:00+00:00,1657.47,1658.77,1624.98,1635.26,67.47793,22.81187,1588.845,1588.845,176551
2020-02-26 00:00:00+00:00,1638.13,1654.95,1624.73,1640.5,68.65268,23.51669,1592.0145,1592.0145,161690
2020-02-27 00:00:00+00:00,1641.12,1660.37,1635.19,1644.23,69.49731,24.09846,1595.5335,1595.5335,163430
2020-02-28 00:00:00+00:00,1641.91,1649.46,1562.93,1584.7,47.49989,19.5308,1595.327,1595.327,186323
2020-03-02 00:00:00+00:00,1581.79,1610.94,1575.31,1589.75,48.97534,16.13242,1595.9995,1595.9995,171570
2020-03-03 00:00:00+00:00,1590.45,1649.29,1589.58,1639.48,60.69102,17.2531,1600.3365,1600.3365,146391
2020-03-04 00:00:00+00:00,1642.09,1653.13,1631.81,1635.73,59.58009,17.63536,1604.3025,1604.3025,124231
2020-03-05 00:00:00+00:00,1636.57,1674.57,1634.97,1671.58,65.98949,20.59371,1609.5585,1609.5585,121017
2020-03-06 00:00:00+00:00,1671.61,1692.09,1641.97,1674.06,66.38657,22.87465,1614.7615,1614.7615,164891
2020-03-09 00:00:00+00:00,1695.92,1703.44,1657.41,1678.15,67.06942,24.7273,1620.0755,1620.0755,151869
2020-03-10 00:00:00+00:00,1667.73,1671.42,1641.49,1649.37,58.12188,23.60118,1624.1625,1624.1625,143340
2020-03-11 00:00:00+00:00,1651.93,1671.24,1632.94,1636.63,54.64649,21.43363,1627.7075,1627.7075,128334
2020-03-12 00:00:00+00:00,1640.1,1650.07,1560.59,1578.63,42.25803,14.86437,1627.84,1627.84,158775
2020-03-13 00:00:00+00:00,1576.3,1597.91,1504.62,1529.78,35.05072,5.65125,1625.1445,1625.1445,192149
2020-03-16 00:00:00+00:00,1543.04,1562.94,1451.13,1509.09,32.5208,-3.28189,1621.556,1621.556,219115
2020-03-17 00:00:00+00:00,1511.75,1553.85,1465.42,1527.8,36.95254,-8.75085,1617.8785,1617.8785,208552
2020-03-18 00:00:00+00:00,1537.29,1543.29,1472.61,1484.63,31.76824,-16.37968,1611.543,1611.543,192152
2020-03-19 00:00:00+00:00,1485.3,1500.77,1461.89,1474.34,30.66393,-22.99088,1604.297,1604.297,137143
2020-03-20 00:00:00+00:00,1467.47,1515.93,1465.83,1498.64,36.29568,-25.97013,1597.0425,1597.0425,104650
2020-03-23 00:00:00+00:00,1490.2,1561.08,1485.0,1552.39,46.62315,-23.7206,1591.737,1591.737,110268
2020-03-24 00:00:00+00:00,1563.45,1632.3,1557.62,1625.33,56.84688,-15.86924,1591.2405,1591.2405,74427
2020-03-25 00:00:00+00:00,1630.56,1638.85,1594.95,1616.35,55.43899,-10.25341,1590.033,1590.033,63879
2020-03-26 00:00:00+00:00,1612.4,1644.37,1595.26,1628.93,57.04399,-4.73315,1589.268,1589.268,52710
2020-03-27 00:00:00+00:00,1630.2,1631.06,1613.83,1622.55,55.94348,-0.86318,1591.1605,1591.1605,58020
2020-03-30 00:00:00+00:00,1619.97,1632.25,1610.39,1620.31,55.53836,2.00001,1592.6885,1592.6885,65237
2020-03-31 00:00:00+00:00,1621.75,1622.22,1574.19,1576.78,48.22911,0.74797,1589.5535,1589.5535,83749
2020-04-01 00:00:00+00:00,1571.41,1599.96,1569.33,1591.26,50.56,0.9136,1587.33,1587.33,72363
2020-04-02 00:00:00+00:00,1590.36,1620.17,1582.65,1611.66,53.72129,2.66031,1584.334,1584.334,100031
2020-04-03 00:00:00+00:00,1614.39,1626.04,1605.85,1615.7,54.34391,4.32078,1581.416,1581.416,68469
2020-04-06 00:00:00+00:00,1614.62,1669.88,1608.35,1658.19,60.38107,8.96199,1580.418,1580.418,94932
2020-04-07 00:00:00+00:00,1664.81,1674.02,1642.16,1647.94,58.37573,11.67847,1580.3465,1580.3465,113280
2020-04-08 00:00:00+00:00,1647.27,1656.87,1641.58,1645.4,57.86289,13.47106,1580.785,1580.785,70588
2020-04-09 00:00:00+00:00,1645.41,1690.43,1643.86,1683.56,63.1068,17.7661,1586.0315,1586.0315,100976
2020-04-13 00:00:00+00:00,1677.47,1723.27,1674.98,1711.98,66.45505,23.19582,1595.1415,1595.1415,79657
2020-04-14 00:00:00+00:00,1712.25,1747.4,1708.56,1726.54,68.05461,28.34701,1606.014,1606.014,121755
2020-04-15 00:00:00+00:00,1726.54,1731.11,1707.52,1716.5,65.72718,31.25889,1615.449,1615.449,101927
2020-04-16 00:00:00+00:00,1716.49,1738.66,1708.01,1718.38,65.96192,33.33402,1627.1365,1627.1365,120139
2020-04-17 00:00:00+00:00,1718.48,1718.52,1680.1,1682.14,57.75058,31.68902,1637.5265,1637.5265,126136
2020-04-20 00:00:00+00:00,1683.02,1702.7,1671.55,1695.28,59.70906,31.08728,1647.3585,1647.3585,149666
2020-04-21 00:00:00+00:00,1695.4,1697.86,1660.03,1683.54,57.15962,29.32504,1653.916,1653.916,159877
2020-04-22 00:00:00+00:00,1683.79,1718.74,1680.29,1714.87,61.84201,30.10944,1658.393,1658.393,96972
2020-04-23 00:00:00+00:00,1714.66,1738.78,1707.0,1730.31,63.93412,31.61254,1664.091,1664.091,135452
2020-04-24 00:00:00+00:00,1730.56,1736.35,1710.36,1726.41,62.9946,32.11882,1668.965,1668.965,124540
2020-04-27 00:00:00+00:00,1722.32,1727.59,1705.87,1714.94,60.19304,31.23447,1673.5845,1673.5845,122739
2020-04-28 00:00:00+00:00,1714.9,1716.16,1691.54,1707.65,58.41489,29.60411,1677.9515,1677.9515,120584
2020-04-29 00:00:00+00:00,1708.02,1717.67,1697.76,1712.89,59.34456,28.40741,1684.757,1684.757,123365
2020-04-30 00:00:00+00:00,1712.95,1721.72,1681.24,1685.98,52.81457,24.99942,1689.493,1689.493,131530
2020-05-01 00:00:00+00:00,1686.02,1705.47,1670.4,1699.6,55.48445,23.13094,1693.89,1693.89,146791
2020-05-04 00:00:00+00:00,1698.03,1713.44,1691.64,1701.0,55.76154,21.51512,1698.155,1698.155,90399
2020-05-05 00:00:00+00:00,1701.13,1712.04,1689.63,1704.71,56.53367,20.29993,1700.481,1700.481,93525
2020-05-06 00:00:00+00:00,1704.51,1708.06,1681.14,1685.19,51.44584,17.55936,1702.3435,1702.3435,86078
2020-05-07 00:00:00+00:00,1685.19,1722.01,1684.14,1715.25,57.7515,17.61004,1705.836,1705.836,93033
2020-05-08 00:00:00+00:00,1715.52,1723.6,1701.09,1702.09,54.41946,16.39926,1706.7625,1706.7625,112340
2020-05-11 00:00:00+00:00,1702.38,1711.8,1691.53,1697.64,53.29961,14.90877,1706.0455,1706.0455,112436
2020-05-12 00:00:00+00:00,1697.67,1710.95,1693.61,1702.26,54.34991,13.93966,1704.8315,1704.8315,101722
2020-05-13 00:00:00+00:00,1702.09,1718.08,1698.93,1715.3,57.27094,14.06175,1704.7715,1704.7715,133767
2020-05-14 00:00:00+00:00,1715.31,1736.39,1711.0,1730.06,60.36262,15.1746,1705.3555,1705.3555,124146
2020-05-15 00:00:00+00:00,1730.06,1751.68,1728.61,1741.85,62.68516,16.81407,1708.341,1708.341,144595
2020-05-18 00:00:00+00:00,1747.36,1765.08,1727.5,1732.2,59.60657,17.13714,1710.187,1710.187,145651
2020-05-19 00:00:00+00:00,1732.05,1748.03,1725.6,1744.24,62.10708,18.15542,1713.222,1713.222,150585
2020-05-20 00:00:00+00:00,1744.07,1753.8,1742.3,1747.21,62.72015,18.98324,1714.839,1714.839,120833
2020-05-21 00:00:00+00:00,1747.24,1748.79,1717.1,1726.76,56.00167,17.78414,1714.6615,1714.6615,126972
2020-05-22 00:00:00+00:00,1726.7,1740.09,1724.25,1735.45,58.05769,17.33523,1715.1135,1715.1135,99319
2020-05-25 00:00:00+00:00,1732.11,1733.34,1721.55,1728.22,55.72455,16.20922,1715.7775,1715.7775,64718
2020-05-26 00:00:00+00:00,1726.06,1735.41,1708.65,1710.31,50.32894,13.71357,1715.9105,1715.9105,112094
2020-05-27 00:00:00+00:00,1710.41,1715.99,1693.62,1709.57,50.11303,11.54298,1715.7445,1715.7445,91160
2020-05-28 00:00:00+00:00,1709.27,1727.57,1707.27,1718.68,52.79765,10.43756,1717.3795,1717.3795,91368
2020-05-29 00:00:00+00:00,1719.54,1737.69,1712.75,1730.41,56.07534,10.38827,1718.92,1718.92,86023
2020-06-01 00:00:00+00:00,1735.4,1744.51,1726.84,1739.48,58.47636,10.9548,1720.844,1720.844,86512
2020-06-02 00:00:00+00:00,1737.81,1745.09,1721.3,1727.45,54.2413,10.31416,1721.981,1721.981,83030
2020-06-03 00:00:00+00:00,1727.04,1731.75,1689.21,1698.26,45.60974,7.36615,1722.6345,1722.6345,97747
2020-06-04 00:00:00+00:00,1699.17,1721.73,1696.99,1712.8,49.88753,6.13239,1722.512,1722.512,90044
2020-06-05 00:00:00+00:00,1714.75,1716.04,1670.55,1684.3,42.78441,2.82239,1721.6225,1721.6225,107874
2020-06-08 00:00:00+00:00,1680.52,1700.67,1677.22,1698.39,46.81611,1.3209,1721.66,1721.66,86257
2020-06-09 00:00:00+00:00,1700.09,1720.83,1692.11,1714.16,50.97959,1.38748,1722.255,1722.255,95378
2020-06-10 00:00:00+00:00,1715.38,1739.75,1708.2,1737.83,56.48586,3.31203,1723.3815,1723.3815,97211
2020-06-11 00:00:00+00:00,1737.94,1744.63,1721.27,1728.56,53.9309,4.04264,1723.3065,1723.3065,113901
2020-06-12 00:00:00+00:00,1729.22,1743.03,1722.14,1730.57,54.4124,4.72933,1722.7425,1722.7425,99214
2020-06-15 00:00:00+00:00,1730.76,1734.13,1704.11,1725.24,52.83542,4.78825,1722.3945,1722.3945,114171
2020-06-16 00:00:00+00:00,1725.27,1732.84,1716.41,1726.41,53.15636,4.87318,1721.503,1721.503,101815
2020-06-17 00:00:00+00:00,1725.0,1730.23,1712.6,1726.19,53.08322,4.86664,1720.452,1720.452,75069
2020-06-18 00:00:00+00:00,1725.79,1737.59,1717.3,1722.48,51.78902,4.5101,1720.238,1720.238,80514
2020-06-19 00:00:00+00:00,1722.81,1745.28,1721.17,1742.26,57.7091,5.75725,1720.5785,1720.5785,74320
2020-06-22 00:00:00+00:00,1747.68,1763.2,1742.74,1754.55,60.92014,7.64915,1721.895,1721.895,94028
2020-06-23 00:00:00+00:00,1753.97,1771.07,1747.29,1766.95,63.89851,10.03342,1724.727,1724.727,91526
2020-06-24 00:00:00+00:00,1769.08,1779.43,1760.68,1761.28,61.58718,11.33478,1727.3125,1727.3125,97480
2020-06-25 00:00:00+00:00,1759.56,1768.87,1755.26,1763.63,62.1975,12.41266,1729.56,1729.56,80846
2020-06-26 00:00:00+00:00,1764.15,1772.03,1747.43,1769.57,63.76469,13.58955,1731.518,1731.518,77404
2020-06-29 00:00:00+00:00,1770.32,1775.43,1765.61,1772.6,64.57154,14.59845,1733.174,1733.174,65040
2020-06-30 00:00:00+00:00,1771.9,1785.94,1764.69,1780.54,66.66617,15.85593,1735.8285,1735.8285,64578
2020-07-01 00:00:00+00:00,1781.61,1789.08,1759.22,1769.84,61.39802,15.80688,1739.4075,1739.4075,83087
2020-07-02 00:00:00+00:00,1771.4,1779.39,1757.43,1774.97,62.91128,15.99754,1742.516,1742.516,71827
2020-07-03 00:00:00+00:00,1776.49,1777.1,1772.66,1774.9,62.87506,15.95903,1747.046,1747.046,30087
2020-07-06 00:00:00+00:00,1773.37,1787.0,1769.86,1784.25,65.71447,16.49286,1751.339,1751.339,60393
2020-07-07 00:00:00+00:00,1785.22,1797.34,1773.47,1794.6,68.57925,17.54879,1755.361,1755.361,71877
2020-07-08 00:00:00+00:00,1795.13,1817.92,1791.52,1808.45,71.95611,19.28094,1758.892,1758.892,69808
2020-07-09 00:00:00+00:00,1809.37,1815.91,1795.42,1802.32,68.44969,19.92931,1762.58,1762.58,76806
2020-07-10 00:00:00+00:00,1802.06,1810.43,1793.98,1798.57,66.32058,19.91103,1765.98,1765.98,62639
2020-07-13 00:00:00+00:00,1799.11,1813.31,1797.73,1802.27,67.3981,19.96496,1769.8315,1769.8315,71138
2020-07-14 00:00:00+00:00,1802.13,1810.84,1790.63,1808.99,69.31808,20.31576,1773.9605,1773.9605,80509
2020-07-15 00:00:00+00:00,1807.97,1815.04,1802.45,1809.97,69.59925,20.43726,1778.1495,1778.1495,65442
2020-07-16 00:00:00+00:00,1810.53,1813.29,1794.9,1796.84,61.47111,19.25215,1781.8675,1781.8675,63581
2020-07-17 00:00:00+00:00,1798.09,1811.95,1795.75,1809.68,65.69082,19.12851,1785.2385,1785.2385,48289
2020-07-20 00:00:00+00:00,1808.04,1820.53,1805.62,1817.21,67.91042,19.41434,1788.3715,1788.3715,69408
2020-07-21 00:00:00+00:00,1817.92,1843.47,1815.59,1841.48,73.79491,21.3531,1792.098,1792.098,84616
2020-07-22 00:00:00+00:00,1840.95,1872.02,1840.74,1871.22,78.90075,25.00116,1797.595,1797.595,126022
2020-07-23 00:00:00+00:00,1873.97,1898.36,1863.64,1885.97,80.88954,28.75105,1803.712,1803.712,137686
2020-07-24 00:00:00+00:00,1889.65,1906.5,1881.29,1901.63,82.74875,32.61058,1810.315,1810.315,97339
2020-07-27 00:00:00+00:00,1902.64,1945.62,1902.54,1940.96,86.34247,38.40023,1818.733,1818.733,137360
2020-07-28 00:00:00+00:00,1943.28,1981.16,1906.63,1957.98,87.55106,43.8564,1827.605,1827.605,162655
2020-07-29 00:00:00+00:00,1962.16,1980.75,1941.33,1970.82,88.38604,48.65565,1837.654,1837.654,110719
2020-07-30 00:00:00+00:00,1971.04,1971.32,1939.44,1957.54,82.24199,50.8019,1846.7825,1846.7825,124775
2020-07-31 00:00:00+00:00,1955.5,1983.97,1955.33,1975.02,83.83485,53.29892,1856.7885,1856.7885,123851
2020-08-03 00:00:00+00:00,1983.53,1984.9,1960.39,1975.98,83.92016,54.72445,1866.375,1866.375,93017
2020-08-04 00:00:00+00:00,1977.36,2019.82,1966.66,2018.53,87.15556,58.61198,1877.5715,1877.5715,99875
2020-08-05 00:00:00+00:00,2021.19,2055.57,2009.39,2038.96,88.36597,62.61957,1889.097,1889.097,153351
2020-08-06 00:00:00+00:00,2040.28,2069.74,2034.44,2063.25,89.61858,66.98347,1902.1435,1902.1435,135426
2020-08-07 00:00:00+00:00,2066.55,2074.87,2015.37,2033.15,78.35954,67.23799,1913.8725,1913.8725,188063
2020-08-10 00:00:00+00:00,2026.31,2049.85,2019.15,2027.61,76.45565,66.22923,1925.1395,1925.1395,134556
2020-08-11 00:00:00+00:00,2026.64,2029.92,1901.25,1912.57,49.53903,55.50715,1930.3185,1930.3185,198468
2020-08-12 00:00:00+00:00,1915.36,1949.48,1862.58,1918.98,50.58299,46.98545,1935.769,1935.769,193909
2020-08-13 00:00:00+00:00,1919.72,1966.16,1912.66,1953.64,55.8962,42.53835,1943.609,1943.609,155604
2020-08-14 00:00:00+00:00,1951.38,1962.37,1932.07,1943.57,54.077,37.76608,1950.3035,1950.3035,134787
2020-08-17 00:00:00+00:00,1944.91,1990.68,1929.4,1984.43,59.79484,36.85623,1958.6645,1958.6645,137410
2020-08-18 00:00:00+00:00,1983.17,2015.57,1975.86,2002.22,62.01255,37.14252,1966.7015,1966.7015,149175
2020-08-19 00:00:00+00:00,2005.1,2006.37,1924.51,1927.66,49.65118,30.99573,1969.5235,1969.5235,168877
2020-08-20 00:00:00+00:00,1931.52,1955.26,1924.54,1946.17,52.19867,27.30323,1972.5335,1972.5335,169910
2020-08-21 00:00:00+00:00,1948.08,1955.97,1911.26,1938.98,51.11675,23.52553,1974.401,1974.401,149830
2020-08-24 00:00:00+00:00,1936.69,1961.88,1923.74,1928.38,49.48822,19.45212,1973.772,1973.772,131802
2020-08-25 00:00:00+00:00,1930.34,1937.49,1914.19,1926.87,49.24752,15.91857,1972.2165,1972.2165,131524
2020-08-26 00:00:00+00:00,1928.28,1954.82,1902.64,1953.14,53.48612,15.06432,1971.3325,1971.3325,134650
2020-08-27 00:00:00+00:00,1951.92,1976.53,1909.79,1928.32,49.29709,12.24342,1969.8715,1969.8715,159239
2020-08-28 00:00:00+00:00,1929.98,1973.78,1923.15,1964.34,54.82654,12.76717,1969.3375,1969.3375,148365
2020-08-31 00:00:00+00:00,1969.07,1976.54,1954.23,1968.22,55.39089,13.34154,1968.9495,1968.9495,99691
2020-09-01 00:00:00+00:00,1968.35,1992.29,1963.35,1970.63,55.76058,13.83176,1966.5545,1966.5545,110904
2020-09-02 00:00:00+00:00,1968.21,1973.26,1932.39,1943.08,50.59829,11.86049,1961.7605,1961.7605,115889
2020-09-03 00:00:00+00:00,1942.01,1950.94,1921.75,1930.45,48.38668,9.17336,1955.1205,1955.1205,121698
2020-09-04 00:00:00+00:00,1931.28,1948.36,1916.27,1933.09,48.88956,7.17411,1950.1175,1950.1175,122132
2020-09-07 00:00:00+00:00,1932.07,1941.37,1924.44,1928.29,47.97432,5.14309,1945.1515,1945.1515,53826
2020-09-08 00:00:00+00:00,1929.54,1940.84,1906.54,1931.51,48.66855,3.75009,1946.0985,1946.0985,127513
2020-09-09 00:00:00+00:00,1931.59,1950.84,1919.95,1947.37,52.06167,3.88116,1947.518,1947.518,106929
2020-09-10 00:00:00+00:00,1946.3,1966.53,1941.35,1946.01,51.7458,3.83113,1947.1365,1947.1365,125077
2020-09-11 00:00:00+00:00,1946.32,1954.8,1937.12,1940.48,50.40658,3.30713,1946.982,1946.982,115707
2020-09-14 00:00:00+00:00,1937.74,1962.56,1937.36,1956.52,54.11597,4.13845,1945.5865,1945.5865,94840
2020-09-15 00:00:00+00:00,1957.68,1972.21,1948.29,1953.34,53.26536,4.48893,1943.1425,1943.1425,101514
2020-09-16 00:00:00+00:00,1954.52,1973.64,1949.87,1959.15,54.66736,5.17584,1944.717,1944.717,114101
2020-09-17 00:00:00+00:00,1959.47,1960.96,1932.87,1944.2,50.47163,4.46244,1944.6185,1944.6185,116066
2020-09-18 00:00:00+00:00,1944.43,1960.1,1943.93,1950.42,52.11822,4.34884,1945.1905,1945.1905,104181
2020-09-21 00:00:00+00:00,1949.75,1955.62,1882.71,1911.92,42.66363,1.13905,1944.3675,1944.3675,140739
2020-09-22 00:00:00+00:00,1914.34,1920.03,1894.64,1900.34,40.29582,-2.31248,1943.041,1943.041,138128
2020-09-23 00:00:00+00:00,1900.62,1905.39,1855.67,1862.74,33.7467,-7.98975,1938.521,1938.521,170439
2020-09-24 00:00:00+00:00,1863.96,1877.15,1848.75,1868.66,35.52352,-11.87445,1935.538,1935.538,185366
2020-09-25 00:00:00+00:00,1869.77,1875.18,1852.37,1860.14,34.10587,-15.46236,1930.328,1930.328,143312
2020-09-28 00:00:00+00:00,1862.9,1882.96,1848.93,1881.84,40.60704,-16.36613,1926.009,1926.009,121920
2020-09-29 00:00:00+00:00,1881.24,1899.12,1875.49,1897.48,44.83173,-15.64007,1922.3515,1922.3515,121758
2020-09-30 00:00:00+00:00,1897.69,1902.27,1881.34,1885.23,42.29413,-15.8702,1919.459,1919.459,124684
2020-10-01 00:00:00+00:00,1887.32,1912.12,1884.67,1905.94,47.68539,-14.21756,1918.2335,1918.2335,129822
2020-10-02 00:00:00+00:00,1904.72,1917.1,1889.76,1900.58,46.47518,-13.18831,1916.608,1916.608,110455
2020-10-05 00:00:00+00:00,1903.47,1918.73,1887.05,1913.65,49.81949,-11.189,1915.876,1915.876,96742
2020-10-06 00:00:00+00:00,1911.96,1921.09,1876.78,1877.56,42.01338,-12.37406,1913.1785,1913.1785,103229
2020-10-07 00:00:00+00:00,1877.88,1898.01,1872.94,1887.83,44.6702,-12.34225,1910.2015,1910.2015,94014
2020-10-08 00:00:00+00:00,1887.27,1900.62,1882.0,1893.5,46.1375,-11.72436,1907.576,1907.576,89931
2020-10-09 00:00:00+00:00,1893.93,1930.41,1893.58,1929.87,54.47693,-8.20534,1907.0455,1907.0455,93245
2020-10-12 00:00:00+00:00,1926.89,1933.18,1918.2,1922.63,52.72683,-5.93232,1905.351,1905.351,89130
2020-10-13 00:00:00+00:00,1923.88,1925.37,1886.37,1891.07,45.81713,-6.60146,1902.2375,1902.2375,98934
2020-10-14 00:00:00+00:00,1892.95,1912.94,1882.46,1900.49,48.00725,-6.29904,1899.3045,1899.3045,88039
2020-10-15 00:00:00+00:00,1901.54,1908.9,1889.48,1907.92,49.73314,-5.3976,1897.4905,1897.4905,100016
2020-10-16 00:00:00+00:00,1908.74,1913.92,1897.76,1898.76,47.63383,-5.36055,1894.9075,1894.9075,79358
2020-10-19 00:00:00+00:00,1899.71,1918.47,1896.98,1903.44,48.82245,-4.8971,1894.4835,1894.4835,81201
2020-10-20 00:00:00+00:00,1903.5,1914.03,1894.81,1907.53,49.89288,-4.15192,1894.843,1894.843,80173
2020-10-21 00:00:00+00:00,1910.14,1931.36,1908.41,1924.6,54.19863,-2.15907,1897.936,1897.936,87121
2020-10-22 00:00:00+00:00,1924.65,1925.94,1894.5,1903.67,48.67556,-2.24274,1899.6865,1899.6865,83858
2020-10-23 00:00:00+00:00,1904.81,1914.19,1894.29,1901.41,48.10551,-2.46303,1901.75,1901.75,72918
2020-10-26 00:00:00+00:00,1901.37,1908.52,1891.21,1901.68,48.18358,-2.586,1902.742,1902.742,84997
2020-10-27 00:00:00+00:00,1902.06,1911.42,1897.84,1907.35,49.88859,-2.20058,1903.2355,1903.2355,70872
2020-10-28 00:00:00+00:00,1907.75,1910.87,1869.36,1876.81,41.89267,-4.30977,1902.8145,1902.8145,107560
2020-10-29 00:00:00+00:00,1877.7,1884.97,1859.92,1867.11,39.7154,-6.68694,1900.873,1900.873,101170
2020-10-30 00:00:00+00:00,1869.1,1889.79,1864.45,1878.37,43.39325,-7.57496,1899.7625,1899.7625,102452
2020-11-02 00:00:00+00:00,1879.27,1896.02,1873.41,1895.06,48.41668,-6.85298,1898.833,1898.833,91898
2020-11-03 00:00:00+00:00,1894.95,1910.55,1886.86,1908.94,52.2146,-5.10199,1900.402,1900.402,83912
2020-11-04 00:00:00+00:00,1909.17,1916.31,1881.82,1903.27,50.57642,-4.1243,1901.174,1901.174,138750
2020-11-05 00:00:00+00:00,1903.22,1952.76,1902.45,1949.17,61.19127,0.35023,1903.9575,1903.9575,136181
2020-11-06 00:00:00+00:00,1946.29,1960.29,1935.59,1951.81,61.70078,4.06253,1905.0545,1905.0545,129291
2020-11-09 00:00:00+00:00,1957.18,1965.46,1850.52,1863.13,41.83323,-0.14946,1902.0795,1902.0795,178171
2020-11-10 00:00:00+00:00,1860.97,1890.35,1860.69,1877.39,44.90537,-2.3102,1901.3955,1901.3955,145814
2020-11-11 00:00:00+00:00,1875.53,1884.41,1856.43,1865.5,42.87213,-4.92525,1899.646,1899.646,110216
2020-11-12 00:00:00+00:00,1866.76,1883.81,1862.69,1876.71,45.38301,-6.02371,1898.0855,1898.0855,108861
2020-11-13 00:00:00+00:00,1877.12,1896.75,1873.97,1889.28,48.13573,-5.81294,1897.6115,1897.6115,91972
2020-11-16 00:00:00+00:00,1887.89,1899.01,1864.46,1888.66,48.00721,-5.63102,1896.8725,1896.8725,117953
2020-11-17 00:00:00+00:00,1889.5,1893.43,1876.84,1880.19,46.19268,-6.09999,1895.5055,1895.5055,92151
2020-11-18 00:00:00+00:00,1881.56,1884.82,1863.47,1871.97,44.43728,-7.05363,1892.874,1892.874,88323
2020-11-19 00:00:00+00:00,1873.83,1874.13,1852.69,1866.84,43.33058,-8.12963,1891.0325,1891.0325,88459
2020-11-20 00:00:00+00:00,1861.33,1879.75,1860.76,1870.9,44.50846,-8.55613,1889.507,1889.507,69867
2020-11-23 00:00:00+00:00,1870.86,1876.14,1830.95,1837.49,37.58528,-11.45796,1886.2975,1886.2975,90322
2020-11-24 00:00:00+00:00,1838.68,1838.95,1800.25,1807.71,32.70241,-15.97651,1881.3155,1881.3155,115098
2020-11-25 00:00:00+00:00,1807.66,1817.63,1801.73,1807.07,32.60438,-19.38567,1877.8285,1877.8285,80615
2020-11-26 00:00:00+00:00,1809.01,1818.22,1805.7,1810.2,33.65192,-21.58606,1874.983,1874.983,48151
2020-11-27 00:00:00+00:00,1810.24,1813.88,1774.33,1786.76,29.90341,-24.93388,1870.4025,1870.4025,77501
2020-11-30 00:00:00+00:00,1789.31,1789.86,1764.38,1777.64,28.56995,-28.00018,1864.5315,1864.5315,99038
2020-12-01 00:00:00+00:00,1776.97,1817.27,1775.74,1815.42,40.42208,-27.06968,1859.8555,1859.8555,84421
2020-12-02 00:00:00+00:00,1812.97,1832.55,1807.43,1830.72,44.4425,-24.81166,1856.228,1856.228,80494
2020-12-03 00:00:00+00:00,1829.36,1843.91,1823.64,1840.98,47.0242,-21.94133,1850.8185,1850.8185,89559
2020-12-04 00:00:00+00:00,1841.28,1848.17,1829.11,1838.6,46.48458,-19.63232,1845.158,1845.158,74001
2020-12-07 00:00:00+00:00,1836.86,1868.5,1821.99,1863.1,52.52421,-15.64511,1845.1565,1845.1565,80761
2020-12-08 00:00:00+00:00,1862.91,1875.28,1860.17,1870.83,54.27752,-11.7263,1844.8285,1844.8285,75510
2020-12-09 00:00:00+00:00,1869.35,1870.53,1825.4,1839.41,46.72417,-11.02882,1843.524,1843.524,99377
2020-12-10 00:00:00+00:00,1838.49,1849.98,1828.62,1835.96,45.96773,-10.63189,1841.4865,1841.4865,90853
2020-12-11 00:00:00+00:00,1837.03,1847.66,1823.91,1839.91,47.02519,-9.88464,1839.018,1839.018,75786
2020-12-14 00:00:00+00:00,1837.07,1839.02,1818.34,1827.82,44.17546,-10.15099,1835.976,1835.976,77212
2020-12-15 00:00:00+00:00,1828.4,1855.32,1825.46,1853.67,51.01124,-8.18187,1834.65,1834.65,74189
2020-12-16 00:00:00+00:00,1853.88,1865.77,1844.71,1864.06,53.4771,-5.71705,1834.2545,1834.2545,101568
2020-12-17 00:00:00+00:00,1863.46,1896.19,1862.01,1886.04,58.26327,-1.96738,1835.2145,1835.2145,95207
2020-12-18 00:00:00+00:00,1884.71,1889.58,1877.38,1880.55,56.69438,0.55487,1835.697,1835.697,78474
2020-12-21 00:00:00+00:00,1882.51,1906.7,1854.99,1876.25,55.43528,2.18165,1837.635,1837.635,133851
2020-12-22 00:00:00+00:00,1879.31,1884.21,1858.93,1859.91,50.81681,2.12785,1840.245,1840.245,101321
2020-12-23 00:00:00+00:00,1861.01,1878.56,1857.06,1872.63,54.02771,3.07616,1843.523,1843.523,98019
2020-12-24 00:00:00+00:00,1873.39,1883.46,1869.5,1879.3,55.6623,4.31615,1846.978,1846.978,55919
2020-12-28 00:00:00+00:00,1888.4,1900.2,1869.12,1873.05,53.73432,4.7399,1851.2925,1851.2925,85663
2020-12-29 00:00:00+00:00,1875.23,1886.44,1871.71,1878.17,55.10616,5.42631,1856.319,1856.319,75438
2020-12-30 00:00:00+00:00,1877.31,1894.04,1876.08,1893.81,59.09604,7.14989,1860.2385,1860.2385,63365
2020-12-31 00:00:00+00:00,1893.47,1900.38,1885.41,1893.43,58.95894,8.38848,1863.374,1863.374,63888
2021-01-04 00:00:00+00:00,1909.07,1944.43,1907.72,1943.23,69.08246,13.23594,1868.4865,1868.4865,110285
2021-01-05 00:00:00+00:00,1941.49,1953.09,1934.31,1950.03,70.16466,17.42543,1874.058,1874.058,95998
2021-01-06 00:00:00+00:00,1949.89,1959.29,1900.83,1918.79,59.8074,18.01712,1876.8425,1876.8425,143511
2021-01-07 00:00:00+00:00,1920.94,1927.64,1906.77,1913.51,58.24254,17.85418,1878.9765,1878.9765,105316
2021-01-08 00:00:00+00:00,1916.18,1917.48,1828.27,1849.04,43.33345,12.38015,1879.458,1879.458,155562
2021-01-11 00:00:00+00:00,1854.74,1855.59,1817.0,1844.45,42.49932,7.58414,1879.8825,1879.8825,120645
2021-01-12 00:00:00+00:00,1847.51,1863.8,1836.7,1855.31,45.18769,4.60648,1880.6525,1880.6525,105679
2021-01-13 00:00:00+00:00,1855.04,1862.94,1841.91,1844.68,43.06527,1.37308,1881.4955,1881.4955,88213
2021-01-14 00:00:00+00:00,1847.51,1857.45,1830.94,1846.46,43.54346,-1.03386,1881.135,1881.135,102850
2021-01-15 00:00:00+00:00,1847.79,1856.85,1823.39,1827.65,39.74461,-4.40837,1879.3145,1879.3145,125252
2021-01-18 00:00:00+00:00,1828.39,1840.72,1810.29,1837.52,42.5756,-6.21463,1876.8885,1876.8885,89033
2021-01-19 00:00:00+00:00,1838.41,1845.51,1833.12,1839.63,43.19009,-7.39065,1874.8425,1874.8425,109648
2021-01-20 00:00:00+00:00,1840.51,1871.73,1832.49,1871.42,51.5945,-5.69186,1874.601,1874.601,125615
2021-01-21 00:00:00+00:00,1871.58,1875.01,1858.32,1869.8,51.17899,-4.42526,1875.0955,1875.0955,118950
2021-01-22 00:00:00+00:00,1869.76,1870.81,1837.4,1854.67,47.34408,-4.58943,1874.1975,1874.1975,132569
2021-01-25 00:00:00+00:00,1858.02,1867.93,1847.11,1855.94,47.69835,-4.56444,1873.0295,1873.0295,137306
2021-01-26 00:00:00+00:00,1855.26,1861.73,1848.4,1851.43,46.50186,-4.85262,1871.9485,1871.9485,110758
2021-01-27 00:00:00+00:00,1851.58,1853.11,1831.35,1843.83,44.47714,-5.62937,1870.2315,1870.2315,143666
2021-01-28 00:00:00+00:00,1842.66,1864.0,1834.0,1842.61,44.14486,-6.2711,1867.6715,1867.6715,171059
2021-01-29 00:00:00+00:00,1843.12,1875.69,1839.59,1847.59,45.9209,-6.30516,1865.3795,1865.3795,192328
2021-02-01 00:00:00+00:00,1855.57,1871.78,1849.15,1860.55,50.34581,-5.22614,1861.2455,1861.2455,220293
2021-02-02 00:00:00+00:00,1859.37,1864.05,1829.53,1837.65,43.56302,-6.14797,1855.6265,1855.6265,180506
2021-02-03 00:00:00+00:00,1837.38,1844.98,1829.81,1834.21,42.63382,-7.07456,1851.3975,1851.3975,128024
2021-02-04 00:00:00+00:00,1834.12,1834.74,1784.9,1793.12,33.45458,-10.99774,1845.378,1845.378,158695
2021-02-05 00:00:00+00:00,1795.17,1815.2,1791.98,1813.4,40.2879,-12.32834,1843.596,1843.596,127304
2021-02-08 00:00:00+00:00,1817.35,1839.19,1807.77,1830.13,45.27988,-11.89576,1842.88,1842.88,136422
2021-02-09 00:00:00+00:00,1830.87,1848.56,1828.83,1837.64,47.40547,-10.82218,1841.9965,1841.9965,123760
2021-02-10 00:00:00+00:00,1838.59,1855.31,1834.05,1842.35,48.75007,-9.48201,1841.88,1841.88,123670
2021-02-11 00:00:00+00:00,1843.91,1847.54,1821.2,1825.47,44.37187,-9.67051,1840.8305,1840.8305,105907
2021-02-12 00:00:00+00:00,1826.11,1830.68,1810.52,1824.17,44.04381,-9.8117,1840.6565,1840.6565,110731
2021-02-15 00:00:00+00:00,1824.88,1827.02,1816.07,1818.72,42.6211,-10.24525,1839.7165,1839.7165,71964
2021-02-16 00:00:00+00:00,1819.62,1826.42,1789.48,1794.56,36.92661,-12.39547,1837.463,1837.463,149750
2021-02-17 00:00:00+00:00,1792.65,1795.15,1769.47,1776.7,33.37651,-15.36359,1832.727,1832.727,153764
2021-02-18 00:00:00+00:00,1776.95,1789.62,1768.42,1775.44,33.13449,-17.61447,1828.009,1828.009,148265
2021-02-19 00:00:00+00:00,1776.46,1791.63,1760.64,1783.05,36.14611,-18.57018,1824.428,1824.428,159459
2021-02-22 00:00:00+00:00,1786.78,1812.69,1780.68,1809.04,45.22059,-17.03405,1822.083,1822.083,177046
2021-02-23 00:00:00+00:00,1809.4,1816.01,1795.6,1805.07,44.18758,-15.9531,1819.765,1819.765,158899
2021-02-24 00:00:00+00:00,1806.6,1813.94,1783.63,1805.33,44.27736,-14.90366,1817.84,1817.84,162824
2021-02-25 00:00:00+00:00,1803.65,1804.23,1765.28,1770.25,35.88914,-16.71002,1814.222,1814.222,225865
2021-02-26 00:00:00+00:00,1772.25,1775.76,1717.18,1733.84,29.61749,-20.83933,1808.5345,1808.5345,243495
2021-03-01 00:00:00+00:00,1737.79,1759.89,1719.63,1724.79,28.29398,-24.55899,1801.7465,1801.7465,188016
2021-03-02 00:00:00+00:00,1723.03,1738.77,1707.2,1738.77,33.25573,-26.07817,1796.8025,1796.8025,181720
2021-03-03 00:00:00+00:00,1738.15,1740.49,1701.86,1711.71,29.06361,-29.12986,1790.6775,1790.6775,175583
2021-03-04 00:00:00+00:00,1710.88,1723.19,1690.54,1698.6,27.27006,-32.23463,1785.9515,1785.9515,218170
2021-03-05 00:00:00+00:00,1697.83,1707.62,1687.28,1700.76,28.0578,-34.12749,1780.3195,1780.3195,192230
2021-03-08 00:00:00+00:00,1706.24,1714.29,1676.82,1682.53,25.54323,-36.67582,1772.9395,1772.9395,185032
2021-03-09 00:00:00+00:00,1684.52,1720.58,1680.12,1715.59,36.63411,-35.61716,1766.837,1766.837,160257
2021-03-10 00:00:00+00:00,1715.33,1726.57,1708.2,1726.33,39.77275,-33.52508,1761.036,1761.036,149898
2021-03-11 00:00:00+00:00,1726.56,1739.82,1719.27,1722.38,39.00749,-31.81903,1755.8815,1755.8815,142465
2021-03-12 00:00:00+00:00,1721.63,1727.96,1699.21,1726.92,40.42629,-29.7576,1751.019,1751.019,149733
2021-03-15 00:00:00+00:00,1728.56,1734.54,1721.66,1732.11,42.08487,-27.38939,1746.6885,1746.6885,132634
2021-03-16 00:00:00+00:00,1731.86,1741.21,1726.25,1731.85,42.02175,-25.24257,1743.553,1743.553,125856
2021-03-17 00:00:00+00:00,1732.35,1751.63,1724.17,1744.54,46.25822,-22.26061,1741.945,1741.945,136197
2021-03-18 00:00:00+00:00,1748.74,1755.46,1719.25,1736.49,44.05889,-20.3128,1739.9975,1739.9975,161388
2021-03-19 00:00:00+00:00,1735.77,1746.72,1728.5,1745.14,46.97617,-17.86523,1738.102,1738.102,139589
2021-03-22 00:00:00+00:00,1743.8,1744.33,1727.39,1738.68,45.08521,-16.25935,1734.584,1734.584,129700
2021-03-23 00:00:00+00:00,1739.58,1742.6,1724.68,1726.89,41.77971,-15.7564,1730.675,1730.675,126605
2021-03-24 00:00:00+00:00,1727.15,1738.47,1723.79,1733.83,44.36541,-14.62918,1727.1,1727.1,111264
2021-03-25 00:00:00+00:00,1734.91,1745.43,1721.76,1726.98,42.36541,-14.12575,1724.9365,1724.9365,131827
2021-03-26 00:00:00+00:00,1727.94,1736.65,1721.63,1732.7,44.61085,-13.11405,1724.8795,1724.8795,105918
2021-03-29 00:00:00+00:00,1731.17,1732.84,1705.65,1711.81,38.68338,-13.8384,1724.2305,1724.2305,109038
2021-03-30 00:00:00+00:00,1712.68,1714.36,1678.77,1685.06,32.69301,-16.38211,1721.545,1721.545,135333
2021-03-31 00:00:00+00:00,1684.83,1715.34,1677.86,1707.7,41.01804,-16.38232,1721.3445,1721.3445,130802
2021-04-01 00:00:00+00:00,1707.4,1730.4,1705.76,1729.49,47.72034,-14.45755,1722.889,1722.889,115912
2021-04-05 00:00:00+00:00,1728.66,1733.57,1721.25,1728.36,47.41941,-12.87493,1724.269,1724.269,88124
2021-04-06 00:00:00+00:00,1728.71,1745.47,1727.16,1743.06,51.68761,-10.31561,1727.2955,1727.2955,109667
2021-04-07 00:00:00+00:00,1743.28,1744.32,1730.57,1737.57,50.05346,-8.63084,1728.3945,1728.3945,103223
2021-04-08 00:00:00+00:00,1737.56,1758.66,1733.14,1756.14,55.21164,-5.73113,1729.885,1729.885,102546
2021-04-09 00:00:00+00:00,1755.65,1757.32,1731.26,1743.46,51.31469,-4.40548,1730.939,1730.939,110017
2021-04-12 00:00:00+00:00,1742.71,1745.0,1727.48,1732.34,48.10783,-4.20373,1731.21,1731.21,110257
2021-04-13 00:00:00+00:00,1733.23,1748.99,1723.7,1745.39,51.90636,-2.95673,1731.874,1731.874,122156
2021-04-14 00:00:00+00:00,1745.66,1749.31,1732.58,1736.25,49.19045,-2.67516,1732.094,1732.094,106297
2021-04-15 00:00:00+00:00,1736.26,1769.68,1734.35,1763.5,56.49854,-0.25028,1733.042,1733.042,103270
2021-04-16 00:00:00+00:00,1763.97,1783.79,1759.72,1776.67,59.52834,2.70301,1735.051,1735.051,100215
2021-04-19 00:00:00+00:00,1775.67,1790.03,1766.76,1770.78,57.59629,4.51618,1736.333,1736.333,113432
2021-04-20 00:00:00+00:00,1770.9,1780.41,1763.53,1778.55,59.4653,6.50511,1738.3265,1738.3265,110180
2021-04-21 00:00:00+00:00,1778.16,1797.63,1776.24,1793.92,62.94464,9.21536,1741.678,1741.678,102562
2021-04-22 00:00:00+00:00,1793.95,1797.88,1777.45,1784.36,59.52234,10.47113,1744.2045,1744.2045,104081
2021-04-23 00:00:00+00:00,1784.16,1795.95,1770.01,1776.48,56.78188,10.70707,1746.6795,1746.6795,102335
2021-04-26 00:00:00+00:00,1775.48,1783.5,1768.84,1781.39,58.07707,11.16158,1749.114,1749.114,95870
2021-04-27 00:00:00+00:00,1781.27,1785.55,1773.76,1776.7,56.34022,11.01635,1752.3585,1752.3585,90326
2021-04-28 00:00:00+00:00,1776.99,1782.54,1762.62,1781.47,57.72498,11.15754,1757.179,1757.179,104594
2021-04-29 00:00:00+00:00,1781.96,1789.98,1756.19,1772.28,54.16081,10.4079,1760.408,1760.408,105898
2021-04-30 00:00:00+00:00,1772.61,1773.62,1764.24,1768.97,52.89404,9.43792,1762.382,1762.382,97490
2021-05-03 00:00:00+00:00,1766.81,1797.91,1766.04,1793.04,60.18653,10.49052,1765.616,1765.616,90768
2021-05-04 00:00:00+00:00,1792.58,1799.09,1771.01,1779.28,54.94944,10.098,1767.427,1767.427,107458
2021-05-05 00:00:00+00:00,1778.34,1787.97,1770.49,1787.66,57.38163,10.34388,1769.9315,1769.9315,86898
2021-05-06 00:00:00+00:00,1786.8,1818.12,1782.0,1815.22,64.22271,12.61716,1772.8855,1772.8855,110093
2021-05-07 00:00:00+00:00,1814.64,1843.3,1812.85,1830.85,67.41706,15.50127,1777.255,1777.255,126630
2021-05-10 00:00:00+00:00,1833.04,1845.49,1829.97,1835.54,68.33078,17.95838,1782.415,1782.415,124892
2021-05-11 00:00:00+00:00,1836.07,1841.8,1818.09,1836.8,68.58566,19.77933,1786.9855,1786.9855,120851
2021-05-12 00:00:00+00:00,1836.83,1843.68,1813.24,1816.11,60.04062,19.3301,1790.9785,1790.9785,137693
2021-05-13 00:00:00+00:00,1814.87,1828.8,1808.77,1826.93,62.66061,19.621,1794.15,1794.15,122267
2021-05-14 00:00:00+00:00,1827.12,1845.93,1819.77,1842.56,66.11668,20.87214,1797.4445,1797.4445,101155
2021-05-17 00:00:00+00:00,1843.52,1868.41,1843.52,1866.65,70.62897,23.53623,1802.238,1802.238,105152
2021-05-18 00:00:00+00:00,1866.69,1875.03,1863.2,1869.64,71.14265,25.59378,1806.7925,1806.7925,95130
2021-05-19 00:00:00+00:00,1869.12,1890.09,1852.23,1870.15,71.23506,26.95484,1810.604,1810.604,155875
2021-05-20 00:00:00+00:00,1870.06,1883.94,1863.86,1877.28,72.55811,28.28279,1815.25,1815.25,147676
2021-05-21 00:00:00+00:00,1877.79,1889.41,1870.1,1881.74,73.38282,29.35668,1820.513,1820.513,139975
2021-05-24 00:00:00+00:00,1881.41,1887.02,1875.17,1881.35,73.17573,29.83239,1825.511,1825.511,128610
2021-05-25 00:00:00+00:00,1880.78,1900.21,1872.71,1899.18,76.44818,31.28746,1831.635,1831.635,121916
2021-05-26 00:00:00+00:00,1898.77,1912.74,1890.77,1896.5,74.96775,31.85713,1837.3865,1837.3865,122351
2021-05-27 00:00:00+00:00,1896.45,1903.67,1888.28,1896.43,74.92694,31.93483,1843.594,1843.594,124764
2021-05-28 00:00:00+00:00,1897.4,1905.95,1882.27,1903.18,76.26861,32.17023,1850.3045,1850.3045,131825
2021-05-31 00:00:00+00:00,1903.74,1910.65,1902.14,1906.62,76.94567,32.26247,1855.9835,1855.9835,68155
2021-06-01 00:00:00+00:00,1907.26,1916.58,1892.37,1899.87,72.57048,31.42861,1862.013,1862.013,123400
2021-06-02 00:00:00+00:00,1899.65,1909.09,1894.37,1908.66,74.59621,31.11834,1868.063,1868.063,106790
2021-06-03 00:00:00+00:00,1908.45,1909.64,1865.37,1870.7,55.52514,27.49248,1870.837,1870.837,132560
2021-06-04 00:00:00+00:00,1871.33,1896.14,1855.5,1891.51,61.35761,25.99845,1873.87,1873.87,127130
2021-06-07 00:00:00+00:00,1890.19,1900.13,1881.57,1898.78,63.17452,25.11158,1877.032,1877.032,104532
2021-06-08 00:00:00+00:00,1899.1,1903.67,1883.84,1893.06,60.7541,23.67428,1879.845,1879.845,105052
2021-06-09 00:00:00+00:00,1891.72,1898.95,1887.33,1888.89,58.98,21.94574,1883.484,1883.484,97129
2021-06-10 00:00:00+00:00,1888.89,1899.86,1869.84,1899.64,62.05611,21.19893,1887.1195,1887.1195,126781
2021-06-11 00:00:00+00:00,1898.15,1903.03,1874.44,1876.16,52.75118,18.49919,1888.7995,1888.7995,118817
2021-06-14 00:00:00+00:00,1876.07,1877.62,1844.77,1866.31,49.40447,15.38743,1888.7825,1888.7825,118581
2021-06-15 00:00:00+00:00,1867.53,1869.16,1851.65,1858.89,46.98618,12.18219,1888.245,1888.245,94645
2021-06-16 00:00:00+00:00,1859.13,1862.91,1803.33,1810.21,34.9122,5.64882,1885.248,1885.248,112002
2021-06-17 00:00:00+00:00,1813.54,1825.33,1767.3,1772.78,28.78688,-2.52016,1880.023,1880.023,186319
2021-06-18 00:00:00+00:00,1775.49,1797.14,1760.91,1764.52,27.63462,-9.55055,1874.162,1874.162,136136
2021-06-21 00:00:00+00:00,1768.64,1786.61,1766.4,1783.25,34.0782,-13.45573,1869.257,1869.257,142895
2021-06-22 00:00:00+00:00,1784.05,1790.09,1772.44,1778.63,33.29078,-16.73054,1863.2295,1863.2295,126279
2021-06-23 00:00:00+00:00,1779.76,1794.95,1773.33,1778.4,33.24959,-19.12396,1857.3245,1857.3245,104888
2021-06-24 00:00:00+00:00,1778.61,1787.97,1772.85,1774.96,32.59991,-21.05563,1851.251,1851.251,110374
2021-06-25 00:00:00+00:00,1776.26,1790.34,1773.7,1781.11,35.04353,-21.8385,1845.1475,1845.1475,94761
2021-06-28 00:00:00+00:00,1781.24,1785.74,1770.67,1779.03,34.58681,-22.36891,1838.768,1838.768,87814
2021-06-29 00:00:00+00:00,1778.6,1778.96,1750.69,1761.08,30.85008,-23.96147,1831.8285,1831.8285,81852
2021-06-30 00:00:00+00:00,1762.09,1774.39,1753.33,1769.65,34.48919,-24.25249,1824.878,1824.878,80009
2021-07-01 00:00:00+00:00,1770.03,1782.78,1765.64,1776.52,37.33614,-23.65608,1820.169,1820.169,74755
2021-07-02 00:00:00+00:00,1776.28,1795.04,1774.33,1787.33,41.63427,-22.05688,1814.96,1814.96,79540
2021-07-05 00:00:00+00:00,1787.11,1794.34,1784.47,1791.73,43.33787,-20.2016,1809.6075,1809.6075,40542
2021-07-06 00:00:00+00:00,1791.27,1814.97,1790.11,1797.05,45.41252,-18.09342,1804.807,1804.807,88151
2021-07-07 00:00:00+00:00,1796.31,1809.72,1793.85,1803.59,47.93623,-15.71381,1800.542,1800.542,83421
2021-07-08 00:00:00+00:00,1803.68,1818.33,1793.83,1802.35,47.48794,-13.76929,1795.6775,1795.6775,105013
2021-07-09 00:00:00+00:00,1802.94,1812.33,1796.38,1808.04,49.80752,-11.63498,1792.2715,1792.2715,77370
2021-07-12 00:00:00+00:00,1807.97,1810.82,1791.65,1806.17,49.04083,-9.97939,1789.2645,1789.2645,66869
2021-07-13 00:00:00+00:00,1806.26,1817.14,1798.6,1807.14,49.47528,-8.49116,1786.677,1786.677,78097
2021-07-14 00:00:00+00:00,1807.95,1829.73,1804.55,1827.99,57.80295,-5.56517,1787.566,1787.566,80677
2021-07-15 00:00:00+00:00,1827.44,1834.07,1820.22,1829.45,58.321,-3.09283,1790.3995,1790.3995,76139
2021-07-16 00:00:00+00:00,1829.87,1832.0,1808.96,1811.51,50.17042,-2.55168,1792.749,1792.749,90910
2021-07-19 00:00:00+00:00,1811.29,1817.27,1794.98,1812.61,50.62605,-2.01087,1794.217,1794.217,117655
2021-07-20 00:00:00+00:00,1812.65,1824.92,1805.1,1810.24,49.57427,-1.7533,1795.7975,1795.7975,103742
2021-07-21 00:00:00+00:00,1810.4,1813.74,1794.68,1803.42,46.57559,-2.07557,1797.0485,1797.0485,94121
2021-07-22 00:00:00+00:00,1803.83,1808.04,1792.74,1806.42,48.06381,-2.06509,1798.6215,1798.6215,92708
2021-07-23 00:00:00+00:00,1806.98,1810.3,1789.63,1801.93,45.99852,-2.39152,1799.6625,1799.6625,83504
2021-07-26 00:00:00+00:00,1802.26,1811.46,1796.38,1797.65,44.05522,-2.96145,1800.5935,1800.5935,90431
2021-07-27 00:00:00+00:00,1797.99,1805.22,1793.6,1798.47,44.53866,-3.3088,1802.463,1802.463,88456
2021-07-28 00:00:00+00:00,1800.52,1809.82,1792.36,1807.11,49.49126,-2.85401,1804.336,1804.336,91748
2021-07-29 00:00:00+00:00,1807.34,1832.62,1807.22,1827.79,58.94195,-0.81549,1806.8995,1806.8995,89520
2021-07-30 00:00:00+00:00,1828.79,1831.34,1810.2,1814.28,52.08545,-0.28677,1808.247,1808.247,81091
2021-08-02 00:00:00+00:00,1814.6,1819.51,1805.78,1813.11,51.52643,0.03739,1809.316,1809.316,88661
2021-08-03 00:00:00+00:00,1813.49,1814.99,1807.12,1810.12,50.04812,0.05242,1809.9695,1809.9695,71014
2021-08-04 00:00:00+00:00,1810.26,1831.65,1806.4,1811.6,50.80056,0.18167,1810.37,1810.37,81473
2021-08-05 00:00:00+00:00,1812.03,1814.81,1797.83,1803.73,46.76643,-0.34695,1810.439,1810.439,76504
2021-08-06 00:00:00+00:00,1804.65,1804.72,1758.65,1763.18,32.46229,-3.99192,1808.196,1808.196,90320
2021-08-09 00:00:00+00:00,1761.08,1762.27,1683.2,1729.58,25.5019,-9.48251,1804.3665,1804.3665,123735
2021-08-10 00:00:00+00:00,1728.91,1738.27,1717.71,1728.74,25.35553,-13.7432,1800.4465,1800.4465,88755
2021-08-11 00:00:00+00:00,1729.71,1754.37,1724.08,1751.5,36.06347,-15.10911,1796.622,1796.622,91167
2021-08-12 00:00:00+00:00,1751.32,1758.15,1741.58,1752.86,36.64828,-15.8986,1792.7925,1792.7925,77872
2021-08-13 00:00:00+00:00,1753.17,1779.79,1751.69,1779.7,46.95939,-14.19489,1791.202,1791.202,73095
2021-08-16 00:00:00+00:00,1779.08,1789.28,1770.8,1787.24,49.44856,-12.09682,1789.9335,1789.9335,84258
2021-08-17 00:00:00+00:00,1787.22,1795.46,1780.53,1785.8,48.97584,-10.43005,1788.7115,1788.7115,84021
2021-08-18 00:00:00+00:00,1786.3,1793.75,1777.32,1787.68,49.65256,-8.85535,1787.9245,1787.9245,84606
2021-08-19 00:00:00+00:00,1787.37,1792.44,1774.41,1780.0,46.91519,-8.13334,1786.6035,1786.6035,95481
2021-08-20 00:00:00+00:00,1780.14,1788.37,1778.33,1780.94,47.29817,-7.39998,1785.554,1785.554,74472
2021-08-23 00:00:00+00:00,1781.52,1806.42,1776.44,1805.18,56.09458,-4.80742,1785.9305,1785.9305,81054
2021-08-24 00:00:00+00:00,1805.41,1809.51,1800.7,1802.83,55.13381,-2.90888,1786.1485,1786.1485,68351
2021-08-25 00:00:00+00:00,1802.42,1802.78,1782.57,1790.33,50.20781,-2.38543,1785.3095,1785.3095,71904
2021-08-26 00:00:00+00:00,1791.03,1798.12,1780.07,1791.69,50.72366,-1.83964,1783.5045,1783.5045,66655
2021-08-27 00:00:00+00:00,1792.42,1819.09,1784.01,1817.85,59.43034,0.69578,1783.683,1783.683,73792
2021-08-30 00:00:00+00:00,1818.18,1823.24,1807.76,1810.13,56.27054,2.05844,1783.534,1783.534,51256
2021-08-31 00:00:00+00:00,1810.0,1819.15,1801.71,1814.26,57.57023,3.43206,1783.741,1783.741,69797
2021-09-01 00:00:00+00:00,1814.47,1820.03,1808.72,1813.77,57.35244,4.43005,1783.8495,1783.8495,66557
2021-09-02 00:00:00+00:00,1813.97,1817.15,1804.86,1809.55,55.4083,4.82484,1784.1405,1784.1405,48158
2021-09-03 00:00:00+00:00,1809.49,1833.95,1808.94,1827.59,61.42776,6.51824,1787.361,1787.361,64900
2021-09-06 00:00:00+00:00,1828.29,1830.24,1821.42,1823.14,59.30122,7.41572,1792.039,1792.039,30435
2021-09-07 00:00:00+00:00,1823.53,1827.22,1792.04,1793.92,47.63906,5.70342,1795.298,1795.298,65120
2021-09-08 00:00:00+00:00,1795.12,1802.11,1782.43,1789.29,46.09228,3.92753,1797.1875,1797.1875,69657
2021-09-09 00:00:00+00:00,1789.54,1800.9,1783.86,1794.36,48.08025,2.89585,1799.2625,1799.2625,69299
2021-09-10 00:00:00+00:00,1793.87,1803.77,1787.24,1787.81,45.73379,1.53205,1799.668,1799.668,64121
2021-09-13 00:00:00+00:00,1787.35,1798.43,1783.64,1793.37,48.05139,0.88962,1799.9745,1799.9745,53287
2021-09-14 00:00:00+00:00,1793.38,1808.58,1779.6,1804.69,52.4994,1.27917,1800.919,1800.919,68253
2021-09-15 00:00:00+00:00,1803.86,1806.94,1790.75,1793.73,48.19655,0.69549,1801.2215,1801.2215,71910
2021-09-16 00:00:00+00:00,1794.12,1796.2,1745.24,1752.72,36.23072,-3.04118,1799.8575,1799.8575,92224
2021-09-17 00:00:00+00:00,1753.57,1767.47,1747.38,1753.92,36.72575,-5.83839,1798.5065,1798.5065,93996
2021-09-20 00:00:00+00:00,1754.22,1767.05,1742.07,1764.82,41.19144,-7.09389,1796.4885,1796.4885,96288
2021-09-21 00:00:00+00:00,1764.46,1781.69,1757.97,1773.89,44.68956,-7.27316,1795.0415,1795.0415,77017
2021-09-22 00:00:00+00:00,1774.86,1787.21,1764.72,1767.99,42.90184,-7.80139,1793.9245,1793.9245,95213
2021-09-23 00:00:00+00:00,1768.62,1776.56,1737.43,1742.48,36.16541,-10.16133,1791.464,1791.464,94004
2021-09-24 00:00:00+00:00,1744.64,1757.71,1740.49,1749.72,39.08866,-11.31693,1788.0575,1788.0575,73477
2021-09-27 00:00:00+00:00,1749.81,1760.82,1744.84,1750.15,39.26655,-12.05905,1785.0585,1785.0585,90252
2021-09-28 00:00:00+00:00,1750.67,1754.49,1728.1,1733.53,35.01057,-13.82887,1781.022,1781.022,109052
2021-09-29 00:00:00+00:00,1734.2,1745.48,1721.65,1726.46,33.3544,-15.62187,1776.6565,1776.6565,99056
2021-09-30 00:00:00+00:00,1726.64,1764.12,1722.24,1757.16,45.42665,-14.39962,1774.037,1774.037,101418
2021-10-01 00:00:00+00:00,1755.82,1764.28,1749.77,1760.15,46.44417,-13.03939,1770.665,1770.665,93635
2021-10-04 00:00:00+00:00,1760.79,1770.5,1747.79,1769.35,49.56042,-11.09119,1767.9755,1767.9755,94390
2021-10-05 00:00:00+00:00,1768.61,1769.33,1748.66,1759.87,46.5544,-10.19467,1766.273,1766.273,84128
2021-10-06 00:00:00+00:00,1760.02,1765.03,1745.95,1762.87,47.63678,-9.13677,1764.952,1764.952,94004
2021-10-07 00:00:00+00:00,1762.95,1766.91,1751.97,1754.91,45.03089,-8.83879,1762.9795,1762.9795,76394
2021-10-08 00:00:00+00:00,1755.94,1781.27,1753.45,1757.1,45.90762,-8.3299,1761.444,1761.444,95076
2021-10-11 00:00:00+00:00,1756.97,1760.97,1750.18,1754.11,44.85572,-8.0748,1759.481,1759.481,75370
2021-10-12 00:00:00+00:00,1753.79,1769.31,1750.8,1760.19,47.49051,-7.29789,1757.256,1757.256,85568
2021-10-13 00:00:00+00:00,1760.7,1796.15,1757.91,1792.75,58.83407,-4.00866,1757.207,1757.207,102178
2021-10-14 00:00:00+00:00,1793.03,1800.57,1786.75,1795.92,59.74584,-1.13306,1759.367,1759.367,79665
2021-10-15 00:00:00+00:00,1796.02,1796.47,1764.93,1767.42,49.19603,-1.1407,1760.042,1760.042,91079
2021-10-18 00:00:00+00:00,1767.18,1772.04,1760.31,1764.53,48.26533,-1.36422,1760.0275,1760.0275,100833
2021-10-19 00:00:00+00:00,1764.93,1785.11,1763.0,1768.99,49.84236,-1.16801,1759.7825,1759.7825,95022
2021-10-20 00:00:00+00:00,1769.43,1788.44,1766.9,1782.06,54.24414,0.04164,1760.486,1760.486,94540
2021-10-21 00:00:00+00:00,1782.65,1789.44,1776.53,1783.32,54.65726,1.08941,1762.528,1762.528,98030
2021-10-22 00:00:00+00:00,1783.37,1813.79,1782.89,1792.67,57.70873,2.64377,1764.6755,1764.6755,109808
2021-10-25 00:00:00+00:00,1792.93,1809.99,1792.25,1807.43,62.0505,5.00888,1767.5395,1767.5395,95376
2021-10-26 00:00:00+00:00,1807.45,1808.39,1782.45,1793.0,55.99777,5.6537,1770.513,1770.513,89761
2021-10-27 00:00:00+00:00,1793.08,1799.05,1783.54,1796.89,57.20954,6.40478,1774.0345,1774.0345,98026
2021-10-28 00:00:00+00:00,1796.75,1810.38,1792.25,1798.81,57.82687,7.0734,1776.117,1776.117,111028
2021-10-29 00:00:00+00:00,1799.49,1801.2,1771.98,1782.98,51.26059,6.25386,1777.2585,1777.2585,118861
2021-11-01 00:00:00+00:00,1783.36,1795.79,1779.12,1793.2,54.82694,6.35576,1778.451,1778.451,88126
2021-11-02 00:00:00+00:00,1792.82,1796.4,1786.41,1787.84,52.65099,5.93559,1779.8495,1779.8495,80400
2021-11-03 00:00:00+00:00,1787.63,1788.2,1758.07,1769.89,46.05851,4.10685,1780.2005,1780.2005,95424
2021-11-04 00:00:00+00:00,1771.35,1798.9,1770.86,1791.71,53.65511,4.3679,1782.0405,1782.0405,89121
2021-11-05 00:00:00+00:00,1791.11,1818.27,1785.1,1817.84,60.77854,6.60709,1785.0775,1785.0775,98757
2021-11-08 00:00:00+00:00,1815.69,1826.44,1812.46,1824.14,62.28377,8.78872,1788.579,1788.579,86785
2021-11-09 00:00:00+00:00,1824.28,1832.7,1819.23,1831.68,64.06145,10.99929,1792.1535,1792.1535,87840
2021-11-10 00:00:00+00:00,1831.6,1868.55,1822.32,1848.97,67.80839,13.98514,1794.9645,1794.9645,104451
2021-11-11 00:00:00+00:00,1848.98,1866.0,1842.88,1861.77,70.27887,17.18618,1798.257,1798.257,73362
2021-11-12 00:00:00+00:00,1861.75,1868.61,1845.2,1864.35,70.76586,19.70408,1803.1035,1803.1035,86565
2021-11-15 00:00:00+00:00,1866.79,1870.3,1856.38,1862.71,69.98091,21.32141,1808.0125,1808.0125,78903
2021-11-16 00:00:00+00:00,1863.07,1877.23,1849.67,1849.98,64.04262,21.33008,1812.062,1812.062,96336
2021-11-17 00:00:00+00:00,1850.24,1868.03,1849.53,1867.39,68.03729,22.48263,1816.3285,1816.3285,83204
2021-11-18 00:00:00+00:00,1866.24,1870.94,1855.03,1858.81,64.24909,22.44496,1820.103,1820.103,82994
2021-11-19 00:00:00+00:00,1859.19,1865.72,1843.0,1845.7,58.8567,21.11386,1822.7545,1822.7545,99128
2021-11-22 00:00:00+00:00,1842.19,1849.15,1802.28,1804.77,45.90335,16.56528,1822.6215,1822.6215,111380
2021-11-23 00:00:00+00:00,1808.0,1812.45,1782.0,1789.28,42.12485,11.57714,1822.4355,1822.4355,107732
2021-11-24 00:00:00+00:00,1789.1,1796.34,1778.54,1788.64,41.97113,7.48606,1822.023,1822.023,100596
2021-11-25 00:00:00+00:00,1787.93,1795.04,1786.01,1788.42,41.91451,4.17794,1821.5035,1821.5035,43784
2021-11-26 00:00:00+00:00,1790.47,1815.55,1780.4,1790.86,42.83563,1.73314,1821.8975,1821.8975,103879
2021-11-29 00:00:00+00:00,1788.53,1799.39,1777.64,1784.96,41.13688,-0.67271,1821.4855,1821.4855,83509
2021-11-30 00:00:00+00:00,1785.12,1808.74,1769.82,1774.43,38.22339,-3.38997,1820.815,1820.815,117288
2021-12-01 00:00:00+00:00,1775.91,1794.41,1772.17,1781.88,41.38635,-4.88594,1821.4145,1821.4145,111262
2021-12-02 00:00:00+00:00,1781.48,1783.38,1761.97,1768.4,37.63192,-7.07765,1820.249,1820.249,114608
2021-12-03 00:00:00+00:00,1769.67,1786.12,1766.15,1783.88,43.92316,-7.47927,1818.551,1818.551,113243
2021-12-06 00:00:00+00:00,1782.0,1787.71,1775.74,1778.37,42.28802,-8.14823,1816.2625,1816.2625,94257
2021-12-07 00:00:00+00:00,1778.93,1787.68,1772.35,1784.16,44.62104,-8.11762,1813.8865,1813.8865,82219
2021-12-08 00:00:00+00:00,1784.6,1793.15,1779.64,1782.49,44.0677,-8.13434,1810.5625,1810.5625,86165
2021-12-09 00:00:00+00:00,1783.08,1787.64,1773.27,1775.13,41.61815,-8.64187,1806.2305,1806.2305,83436
2021-12-10 00:00:00+00:00,1775.99,1789.41,1770.1,1782.82,45.05475,-8.32757,1802.154,1802.154,82249
2021-12-13 00:00:00+00:00,1782.77,1791.57,1781.83,1786.99,46.88073,-7.65378,1798.368,1798.368,75375
2021-12-14 00:00:00+00:00,1785.95,1789.53,1766.43,1770.58,41.09319,-8.34771,1794.398,1794.398,82804
2021-12-15 00:00:00+00:00,1771.44,1780.85,1752.34,1777.09,44.0444,-8.27695,1789.883,1789.883,97659
2021-12-16 00:00:00+00:00,1778.34,1799.55,1775.54,1799.02,52.65027,-6.37778,1786.8935,1786.8935,99122
2021-12-17 00:00:00+00:00,1798.39,1814.28,1795.94,1797.98,52.23994,-4.90011,1784.5075,1784.5075,90843
2021-12-20 00:00:00+00:00,1800.31,1804.21,1788.29,1790.3,49.19112,-4.2992,1783.784,1783.784,97492
2021-12-21 00:00:00+00:00,1790.8,1800.52,1785.0,1788.63,48.5279,-3.91263,1783.7515,1783.7515,82073
2021-12-22 00:00:00+00:00,1788.87,1804.92,1785.86,1803.54,54.43472,-2.37576,1784.4965,1784.4965,72738
2021-12-23 00:00:00+00:00,1803.13,1810.63,1798.9,1807.76,55.97466,-0.80796,1785.4635,1785.4635,66632
2021-12-27 00:00:00+00:00,1805.97,1813.47,1802.92,1811.82,57.46411,0.75346,1786.5115,1786.5115,66267
2021-12-28 00:00:00+00:00,1811.55,1820.18,1805.05,1806.13,54.67246,1.51431,1787.57,1787.57,65449
2021-12-29 00:00:00+00:00,1806.56,1807.71,1789.47,1803.9,53.57397,1.91526,1789.0435,1789.0435,74622
2021-12-30 00:00:00+00:00,1803.71,1817.21,1796.12,1815.08,58.11738,3.09943,1790.7035,1790.7035,71293
2021-12-31 00:00:00+00:00,1814.64,1828.08,1814.2,1827.95,62.64891,5.01854,1793.681,1793.681,58510
2022-01-03 00:00:00+00:00,1830.63,1831.82,1798.32,1801.2,50.43458,4.33102,1794.547,1794.547,87227
2022-01-04 00:00:00+00:00,1802.46,1816.74,1798.51,1814.36,55.07504,4.79281,1796.3465,1796.3465,95966
2022-01-05 00:00:00+00:00,1813.84,1829.6,1808.32,1810.53,53.50502,4.79446,1797.665,1797.665,91086
2022-01-06 00:00:00+00:00,1810.06,1811.58,1786.5,1789.72,45.85604,3.08107,1798.0265,1798.0265,114463
2022-01-07 00:00:00+00:00,1791.18,1798.63,1782.64,1796.3,48.3694,2.22845,1799.085,1799.085,93200
2022-01-10 00:00:00+00:00,1794.95,1802.32,1790.36,1801.69,50.40049,1.96502,1800.0285,1800.0285,98141
2022-01-11 00:00:00+00:00,1800.41,1823.25,1799.97,1821.43,57.06246,3.31094,1801.7505,1801.7505,95816
2022-01-12 00:00:00+00:00,1820.14,1828.01,1814.71,1826.14,58.49493,4.70343,1804.5285,1804.5285,89178
2022-01-13 00:00:00+00:00,1825.78,1828.14,1812.35,1822.71,57.00349,5.46719,1806.8095,1806.8095,88822
2022-01-14 00:00:00+00:00,1821.49,1829.18,1814.7,1817.54,54.73801,5.59085,1807.7355,1807.7355,100708
2022-01-17 00:00:00+00:00,1817.35,1823.17,1813.2,1819.11,55.31875,5.74927,1808.792,1808.792,50418
2022-01-18 00:00:00+00:00,1818.27,1822.78,1805.79,1813.7,52.80456,5.3763,1809.962,1809.962,116659
2022-01-19 00:00:00+00:00,1814.08,1843.32,1810.25,1840.63,62.05056,7.17108,1812.562,1812.562,118270
2022-01-20 00:00:00+00:00,1840.2,1847.92,1835.95,1839.53,61.52039,8.40777,1814.3615,1814.3615,115018
2022-01-21 00:00:00+00:00,1839.26,1843.24,1828.39,1834.63,59.09808,8.89,1815.705,1815.705,118667
2022-01-24 00:00:00+00:00,1832.9,1844.38,1829.72,1843.16,61.90974,9.84695,1817.272,1817.272,137348
2022-01-25 00:00:00+00:00,1842.85,1853.9,1834.94,1847.69,63.35059,10.84586,1819.35,1819.35,115864
2022-01-26 00:00:00+00:00,1847.49,1850.06,1815.03,1818.84,50.30059,9.20345,1820.097,1820.097,119417
2022-01-27 00:00:00+00:00,1819.89,1822.12,1791.84,1796.7,42.98292,6.04562,1819.178,1819.178,134786
2022-01-28 00:00:00+00:00,1797.3,1799.42,1780.3,1791.58,41.48007,3.09422,1817.3595,1817.3595,117835
2022-01-31 00:00:00+00:00,1788.96,1799.89,1785.57,1796.88,43.67544,1.16939,1817.1435,1817.1435,99871
2022-02-01 00:00:00+00:00,1797.51,1808.79,1795.77,1800.9,45.35011,-0.0313,1816.4705,1816.4705,98541
2022-02-02 00:00:00+00:00,1801.02,1810.77,1794.51,1806.86,47.82687,-0.49622,1816.287,1816.287,87102
2022-02-03 00:00:00+00:00,1806.94,1808.93,1788.66,1804.88,47.06376,-1.01277,1817.045,1817.045,106335
2022-02-04 00:00:00+00:00,1804.8,1814.88,1792.14,1807.84,48.38951,-1.1698,1817.622,1817.622,105497
2022-02-07 00:00:00+00:00,1808.53,1823.54,1807.84,1820.48,53.71971,-0.27119,1818.5615,1818.5615,103673
2022-02-08 00:00:00+00:00,1821.2,1828.75,1815.43,1826.03,55.87461,0.87868,1818.7915,1818.7915,89692
2022-02-09 00:00:00+00:00,1825.75,1835.8,1824.73,1832.87,58.44277,2.31521,1819.128,1819.128,83092
2022-02-10 00:00:00+00:00,1832.74,1841.92,1821.68,1826.75,55.3393,2.9261,1819.33,1819.33,123300
2022-02-11 00:00:00+00:00,1827.28,1865.45,1820.92,1858.98,65.6765,5.94243,1821.402,1821.402,134846
2022-02-14 00:00:00+00:00,1855.86,1874.16,1850.82,1871.74,68.75948,9.25582,1824.0335,1824.0335,145102
2022-02-15 00:00:00+00:00,1870.57,1879.51,1844.49,1853.36,60.35056,10.28009,1826.0165,1826.0165,111096
2022-02-16 00:00:00+00:00,1853.83,1872.57,1850.33,1869.0,64.34622,12.21306,1827.435,1827.435,101098
2022-02-17 00:00:00+00:00,1869.85,1901.13,1867.81,1898.25,70.3618,15.92166,1830.371,1830.371,136437
2022-02-18 00:00:00+00:00,1898.69,1902.51,1886.58,1897.34,69.96629,18.57321,1833.5065,1833.5065,114121
2022-02-21 00:00:00+00:00,1902.54,1908.26,1887.62,1903.46,71.14118,20.92719,1836.5215,1836.5215,84038
2022-02-22 00:00:00+00:00,1912.0,1913.98,1891.38,1898.5,68.79239,22.13731,1839.062,1839.062,149372
2022-02-23 00:00:00+00:00,1898.91,1910.49,1889.62,1908.08,70.79782,23.59736,1843.524,1843.524,101624
2022-02-24 00:00:00+00:00,1909.79,1974.52,1878.0,1903.77,68.66012,24.12853,1848.8775,1848.8775,194530
2022-02-25 00:00:00+00:00,1906.5,1921.42,1882.86,1888.25,61.46328,23.03167,1853.711,1853.711,149053
2022-02-28 00:00:00+00:00,1919.79,1926.69,1890.86,1908.26,66.35929,23.50607,1859.28,1859.28,144843
2022-03-01 00:00:00+00:00,1908.3,1950.17,1901.39,1945.17,73.13851,26.55426,1866.4935,1866.4935,143236
2022-03-02 00:00:00+00:00,1942.98,1947.87,1913.42,1927.61,66.29383,27.23903,1872.531,1872.531,134384
2022-03-03 00:00:00+00:00,1929.27,1941.18,1922.08,1936.62,67.95115,28.18387,1879.118,1879.118,119807
2022-03-04 00:00:00+00:00,1936.72,1970.19,1929.56,1969.74,73.17292,31.24499,1887.213,1887.213,142983
2022-03-07 00:00:00+00:00,1980.67,2002.61,1961.03,1997.24,76.58437,35.48097,1896.051,1896.051,196672
2022-03-08 00:00:00+00:00,1997.23,2070.3,1981.08,2050.15,81.46742,42.61616,1907.257,1907.257,198331
2022-03-09 00:00:00+00:00,2050.01,2059.24,1976.04,1992.39,65.42698,43.11311,1915.233,1915.233,163223
2022-03-10 00:00:00+00:00,1991.87,2009.1,1970.26,1996.01,65.8804,43.29993,1923.696,1923.696,130688
2022-03-11 00:00:00+00:00,1997.35,1998.88,1958.56,1985.22,63.219,42.0921,1930.008,1930.008,92301
2022-03-14 00:00:00+00:00,1979.73,1983.64,1949.7,1951.44,55.64074,37.97141,1933.993,1933.993,91098
2022-03-15 00:00:00+00:00,1953.28,1954.5,1907.05,1917.56,49.26242,31.60756,1937.203,1937.203,99796
2022-03-16 00:00:00+00:00,1920.11,1929.49,1895.01,1924.83,50.5718,26.84137,1939.9945,1939.9945,96954
2022-03-17 00:00:00+00:00,1925.74,1949.74,1923.35,1942.56,53.70932,24.21566,1942.21,1942.21,77105
2022-03-18 00:00:00+00:00,1942.17,1945.36,1917.97,1920.74,49.54148,20.14188,1943.38,1943.38,76973
2022-03-21 00:00:00+00:00,1925.11,1941.02,1917.69,1934.91,52.13891,17.85101,1944.9525,1944.9525,86440
2022-03-22 00:00:00+00:00,1936.13,1938.35,1910.67,1921.53,49.54542,14.78539,1946.104,1946.104,88165
2022-03-23 00:00:00+00:00,1921.25,1948.28,1915.51,1944.86,53.8555,14.07614,1947.943,1947.943,81081
2022-03-24 00:00:00+00:00,1944.37,1966.2,1937.54,1956.95,55.95529,14.32449,1950.602,1950.602,96144
2022-03-25 00:00:00+00:00,1958.89,1964.37,1943.2,1957.24,56.007,14.37896,1954.0515,1954.0515,89870
2022-03-28 00:00:00+00:00,1955.63,1958.52,1917.02,1921.82,48.51478,11.43224,1954.7295,1954.7295,135357
2022-03-29 00:00:00+00:00,1922.35,1929.36,1890.02,1919.31,48.0245,8.79305,1953.4365,1953.4365,127185
2022-03-30 00:00:00+00:00,1920.13,1938.45,1915.81,1933.13,50.9629,7.72755,1953.7125,1953.7125,99799
2022-03-31 00:00:00+00:00,1933.15,1949.76,1919.1,1936.88,51.75985,7.10385,1953.7255,1953.7255,104316
2022-04-01 00:00:00+00:00,1937.15,1939.6,1918.06,1924.09,48.84416,5.51394,1951.443,1951.443,100702
2022-04-04 00:00:00+00:00,1924.07,1936.82,1915.5,1932.72,50.85578,4.89389,1948.217,1948.217,94793
2022-04-05 00:00:00+00:00,1932.48,1944.58,1917.97,1923.62,48.68191,3.6264,1941.8905,1941.8905,94998
2022-04-06 00:00:00+00:00,1923.02,1933.41,1915.15,1925.61,49.19337,2.75077,1938.5515,1938.5515,114998
2022-04-07 00:00:00+00:00,1924.08,1937.72,1920.47,1931.25,50.69325,2.4833,1935.3135,1935.3135,99287
2022-04-08 00:00:00+00:00,1931.72,1948.25,1927.67,1946.4,54.5727,3.45399,1933.3725,1933.3725,98379
2022-04-11 00:00:00+00:00,1947.6,1969.78,1940.0,1954.81,56.61344,4.84603,1933.541,1933.541,118784
2022-04-12 00:00:00+00:00,1952.27,1978.68,1949.81,1966.38,59.32091,6.80439,1935.982,1935.982,115214
2022-04-13 00:00:00+00:00,1966.8,1981.59,1962.81,1977.76,61.84308,9.16898,1938.6285,1938.6285,100306
2022-04-14 00:00:00+00:00,1977.13,1980.35,1960.38,1973.19,60.22812,10.55254,1940.16,1940.16,103562
2022-04-18 00:00:00+00:00,1972.39,1998.43,1971.66,1978.71,61.53474,11.9566,1943.0585,1943.0585,114851
2022-04-19 00:00:00+00:00,1977.54,1982.0,1943.81,1949.19,51.74442,10.56553,1943.7725,1943.7725,122910
2022-04-20 00:00:00+00:00,1949.81,1958.33,1939.32,1957.63,53.99796,10.02852,1945.5775,1945.5775,123690
2022-04-21 00:00:00+00:00,1956.03,1957.32,1936.84,1951.74,52.16703,9.02365,1945.9215,1945.9215,121210
2022-04-22 00:00:00+00:00,1950.28,1955.63,1926.68,1931.91,46.45586,6.55164,1944.6695,1944.6695,129744
2022-04-25 00:00:00+00:00,1932.72,1934.26,1891.43,1897.67,38.59821,1.80883,1941.691,1941.691,155235
2022-04-26 00:00:00+00:00,1898.55,1911.27,1895.77,1906.14,41.24566,-1.252,1940.907,1940.907,124374
2022-04-27 00:00:00+00:00,1906.03,1907.03,1881.42,1885.53,37.05856,-5.27992,1939.218,1939.218,129658
2022-04-28 00:00:00+00:00,1885.48,1896.72,1872.04,1894.22,39.83205,-7.6823,1937.2725,1937.2725,136446
2022-04-29 00:00:00+00:00,1895.11,1919.83,1892.48,1896.42,40.54631,-9.30147,1935.2495,1935.2495,130548
2022-05-02 00:00:00+00:00,1899.29,1899.86,1854.6,1863.21,33.9873,-13.11328,1932.2055,1932.2055,119020
2022-05-03 00:00:00+00:00,1863.44,1878.13,1850.38,1868.01,35.60863,-15.56739,1928.97,1928.97,106594
2022-05-04 00:00:00+00:00,1868.01,1889.81,1861.42,1881.75,40.14079,-16.21666,1926.8765,1926.8765,105352
2022-05-05 00:00:00+00:00,1881.9,1909.77,1872.57,1877.2,39.1579,-16.9035,1924.456,1924.456,147761
2022-05-06 00:00:00+00:00,1876.3,1892.56,1866.06,1882.37,40.92787,-16.83657,1922.012,1922.012,133092
2022-05-09 00:00:00+00:00,1883.46,1885.59,1851.63,1854.13,34.94739,-18.84502,1917.3985,1917.3985,144752
2022-05-10 00:00:00+00:00,1853.22,1865.39,1835.49,1838.24,32.1047,-21.47142,1911.57,1911.57,139335
2022-05-11 00:00:00+00:00,1838.98,1858.15,1831.97,1852.3,36.98874,-22.16285,1905.866,1905.866,134721
2022-05-12 00:00:00+00:00,1851.39,1858.77,1821.53,1821.94,31.68801,-24.87389,1898.075,1898.075,150296
2022-05-13 00:00:00+00:00,1822.63,1828.76,1799.06,1811.66,30.11433,-27.53451,1889.9985,1889.9985,115253
2022-05-16 00:00:00+00:00,1814.33,1826.89,1786.84,1824.79,34.5829,-28.25785,1882.3025,1882.3025,108353
2022-05-17 00:00:00+00:00,1824.95,1836.05,1812.86,1814.52,32.81544,-29.32181,1875.569,1875.569,105815
2022-05-18 00:00:00+00:00,1814.35,1824.71,1807.32,1817.35,33.81918,-29.59548,1868.555,1868.555,99960
2022-05-19 00:00:00+00:00,1816.31,1849.15,1810.96,1841.17,41.7126,-27.57246,1863.0265,1863.0265,113657
2022-05-20 00:00:00+00:00,1841.91,1849.44,1832.38,1845.71,43.10544,-25.31109,1858.7165,1858.7165,93151
2022-05-23 00:00:00+00:00,1847.95,1865.39,1843.32,1853.6,45.54103,-22.62151,1856.513,1856.513,92015
2022-05-24 00:00:00+00:00,1853.3,1869.67,1849.4,1866.14,49.25892,-19.25616,1854.513,1854.513,73881
2022-05-25 00:00:00+00:00,1865.24,1868.05,1842.05,1853.79,45.93304,-17.38522,1852.926,1852.926,76622
2022-05-26 00:00:00+00:00,1852.72,1854.37,1840.78,1850.85,45.15148,-15.9558,1850.7575,1850.7575,85738
2022-05-27 00:00:00+00:00,1850.63,1862.0,1847.96,1852.98,45.87009,-14.48414,1848.5855,1848.5855,71835
2022-05-30 00:00:00+00:00,1852.24,1863.96,1848.22,1855.1,46.61971,-12.99694,1848.18,1848.18,47890
2022-05-31 00:00:00+00:00,1856.03,1857.09,1835.1,1838.26,41.68178,-13.02701,1846.6925,1846.6925,85742
2022-06-01 00:00:00+00:00,1836.74,1850.02,1828.5,1846.64,44.81427,-12.23363,1844.937,1844.937,87334
2022-06-02 00:00:00+00:00,1847.13,1870.37,1844.13,1868.36,52.00944,-9.73996,1844.495,1844.495,72105
2022-06-03 00:00:00+00:00,1868.8,1874.09,1847.38,1851.16,46.80515,-9.04732,1842.9345,1842.9345,66445
2022-06-06 00:00:00+00:00,1850.56,1857.82,1839.84,1842.14,44.30157,-9.12109,1842.335,1842.335,70512
2022-06-07 00:00:00+00:00,1840.79,1855.52,1837.03,1852.01,47.6042,-8.2876,1843.0235,1843.0235,70502
2022-06-08 00:00:00+00:00,1852.56,1859.62,1844.61,1852.83,47.8807,-7.47472,1843.05,1843.05,68381
2022-06-09 00:00:00+00:00,1852.74,1855.32,1840.03,1847.94,46.31118,-7.14275,1844.35,1844.35,76864
2022-06-10 00:00:00+00:00,1847.73,1876.0,1825.13,1871.57,54.13511,-4.91624,1847.3455,1847.3455,108740
2022-06-13 00:00:00+00:00,1878.2,1878.78,1819.06,1819.11,40.14738,-7.30065,1847.0615,1847.0615,135543
2022-06-14 00:00:00+00:00,1815.05,1831.55,1805.17,1809.31,38.16357,-9.86734,1846.801,1846.801,120789
2022-06-15 00:00:00+00:00,1807.31,1841.82,1807.31,1833.77,45.41363,-9.81461,1847.622,1847.622,149301
2022-06-16 00:00:00+00:00,1833.07,1857.23,1815.32,1856.47,51.13912,-7.85062,1848.387,1848.387,130649
2022-06-17 00:00:00+00:00,1853.58,1853.62,1833.94,1840.39,47.35037,-7.50515,1848.121,1848.121,106457
2022-06-20 00:00:00+00:00,1835.91,1846.03,1834.48,1838.41,46.8897,-7.30691,1847.3615,1847.3615,60392
2022-06-21 00:00:00+00:00,1837.77,1843.63,1828.67,1833.41,45.68109,-7.46718,1845.725,1845.725,85754
2022-06-22 00:00:00+00:00,1832.38,1847.93,1823.48,1838.32,47.12246,-7.11597,1844.9515,1844.9515,104788
2022-06-23 00:00:00+00:00,1837.17,1846.04,1822.58,1823.25,43.32269,-7.96188,1843.5715,1843.5715,100000
2022-06-24 00:00:00+00:00,1823.83,1831.7,1816.92,1827.42,44.65264,-8.20124,1842.2935,1842.2935,94762
2022-06-27 00:00:00+00:00,1835.82,1841.03,1820.81,1822.75,43.42373,-8.66785,1840.676,1840.676,99949
2022-06-28 00:00:00+00:00,1822.65,1829.48,1818.37,1820.62,42.84455,-9.10457,1839.794,1839.794,82505
2022-06-29 00:00:00+00:00,1819.14,1833.07,1812.16,1818.25,42.17057,-9.53202,1838.3745,1838.3745,84669
2022-06-30 00:00:00+00:00,1817.97,1825.1,1802.75,1807.16,39.07315,-10.64297,1835.3145,1835.3145,94229
2022-07-01 00:00:00+00:00,1806.65,1809.32,1784.45,1808.53,39.66274,-11.2828,1833.183,1833.183,120444
2022-07-04 00:00:00+00:00,1809.72,1814.26,1803.99,1807.9,39.47357,-11.70577,1831.471,1831.471,59009
2022-07-05 00:00:00+00:00,1807.58,1812.13,1763.95,1765.99,29.42079,-15.247,1827.17,1827.17,109486
2022-07-06 00:00:00+00:00,1766.78,1772.86,1732.25,1739.11,25.01972,-19.99199,1821.484,1821.484,124508
2022-07-07 00:00:00+00:00,1739.9,1749.12,1736.5,1740.02,25.42643,-23.40915,1816.088,1816.088,98634
2022-07-08 00:00:00+00:00,1740.69,1752.45,1732.95,1742.35,26.52538,-25.63377,1809.627,1809.627,92536
2022-07-11 00:00:00+00:00,1740.87,1744.51,1731.37,1733.92,25.08505,-27.75707,1805.3675,1805.3675,91186
2022-07-12 00:00:00+00:00,1733.46,1744.2,1723.23,1726.33,23.83038,-29.70977,1801.2185,1801.2185,106211
2022-07-13 00:00:00+00:00,1725.79,1745.42,1707.03,1735.59,28.52725,-30.1624,1796.3095,1796.3095,126986
2022-07-14 00:00:00+00:00,1735.81,1736.28,1697.61,1710.69,24.20504,-32.15962,1789.0205,1789.0205,141139
2022-07-15 00:00:00+00:00,1710.89,1716.62,1699.09,1707.11,23.65022,-33.64348,1782.3565,1782.3565,110306
2022-07-18 00:00:00+00:00,1706.88,1723.95,1706.38,1708.93,24.59648,-34.27747,1775.8825,1775.8825,108306
2022-07-19 00:00:00+00:00,1709.72,1718.42,1705.38,1711.3,25.88464,-34.1945,1769.777,1769.777,98672
2022-07-20 00:00:00+00:00,1711.12,1714.46,1692.46,1696.66,23.24314,-34.90767,1762.694,1762.694,90724
2022-07-21 00:00:00+00:00,1696.56,1720.32,1680.84,1720.26,34.79486,-33.186,1757.5445,1757.5445,108279
2022-07-22 00:00:00+00:00,1718.16,1739.31,1712.9,1726.93,37.65086,-30.92684,1752.52,1752.52,109201
2022-07-25 00:00:00+00:00,1725.62,1736.28,1714.77,1719.53,35.7785,-29.39471,1747.359,1747.359,106357
2022-07-26 00:00:00+00:00,1718.69,1728.22,1713.66,1717.24,35.19521,-28.04203,1742.19,1742.19,93485
2022-07-27 00:00:00+00:00,1717.17,1740.32,1711.52,1734.77,42.87301,-25.26426,1738.016,1738.016,100731
2022-07-28 00:00:00+00:00,1734.33,1757.11,1734.06,1756.4,50.64326,-21.07456,1735.478,1735.478,123916
2022-07-29 00:00:00+00:00,1755.3,1767.93,1751.98,1766.02,53.66206,-16.78446,1733.3525,1733.3525,120890
2022-08-01 00:00:00+00:00,1765.17,1775.23,1758.37,1772.06,55.50229,-12.75017,1731.5605,1731.5605,111349
2022-08-02 00:00:00+00:00,1771.8,1788.06,1760.5,1761.41,51.61032,-10.29368,1731.3315,1731.3315,123472
2022-08-03 00:00:00+00:00,1761.99,1772.8,1754.34,1765.94,53.11628,-7.8904,1732.673,1732.673,93782
2022-08-04 00:00:00+00:00,1765.43,1794.95,1763.14,1791.15,60.48629,-3.90651,1735.2295,1735.2295,85450
2022-08-05 00:00:00+00:00,1790.7,1794.89,1764.98,1775.31,54.67102,-2.00431,1736.8775,1736.8775,115098
2022-08-08 00:00:00+00:00,1772.85,1790.01,1771.19,1789.51,58.521,0.64163,1739.657,1739.657,90560
2022-08-09 00:00:00+00:00,1788.53,1800.45,1783.23,1794.15,59.72475,3.07749,1743.048,1743.048,85393
2022-08-10 00:00:00+00:00,1793.64,1807.87,1787.62,1792.09,58.9074,4.78652,1745.873,1745.873,107089
2022-08-11 00:00:00+00:00,1792.72,1799.31,1783.59,1789.63,57.88856,5.87472,1749.82,1749.82,103449
2022-08-12 00:00:00+00:00,1789.29,1802.11,1784.88,1801.8,61.44154,7.63118,1754.5545,1754.5545,99741
2022-08-15 00:00:00+00:00,1801.03,1801.76,1772.98,1778.77,52.42715,7.0832,1758.0465,1758.0465,104004
2022-08-16 00:00:00+00:00,1779.4,1783.09,1771.47,1775.88,51.40787,6.34262,1761.2755,1761.2755,89508
2022-08-17 00:00:00+00:00,1775.86,1782.34,1759.8,1762.26,46.79086,4.60361,1764.5555,1764.5555,114876
2022-08-18 00:00:00+00:00,1762.24,1772.4,1755.35,1758.57,45.59606,2.89432,1766.471,1766.471,102543
2022-08-19 00:00:00+00:00,1758.95,1759.14,1745.54,1747.01,41.97958,0.59998,1767.475,1767.475,104706
2022-08-22 00:00:00+00:00,1745.61,1749.06,1727.77,1735.75,38.75515,-2.10265,1768.286,1768.286,105104
2022-08-23 00:00:00+00:00,1735.68,1754.11,1730.82,1748.32,43.9325,-3.1934,1769.84,1769.84,107118
2022-08-24 00:00:00+00:00,1747.5,1755.9,1742.46,1752.19,45.46114,-3.70286,1770.711,1770.711,101004
2022-08-25 00:00:00+00:00,1751.33,1765.5,1749.98,1758.36,47.90002,-3.56763,1770.809,1770.809,100759
2022-08-26 00:00:00+00:00,1758.2,1758.82,1734.2,1738.35,41.42949,-5.01725,1769.4255,1769.4255,121949
2022-08-29 00:00:00+00:00,1734.51,1745.52,1720.31,1737.76,41.25254,-6.14289,1767.7105,1767.7105,111935
2022-08-30 00:00:00+00:00,1737.86,1740.55,1721.18,1724.39,37.35859,-8.02135,1765.8595,1765.8595,109963
2022-08-31 00:00:00+00:00,1723.01,1726.52,1709.57,1710.53,33.79708,-10.5073,1763.089,1763.089,120299
2022-09-01 00:00:00+00:00,1711.11,1711.39,1688.8,1697.3,30.78058,-13.39063,1758.3965,1758.3965,125243
2022-09-02 00:00:00+00:00,1697.22,1717.98,1694.99,1711.89,37.4146,-14.33317,1755.2255,1755.2255,114665
2022-09-05 00:00:00+00:00,1711.46,1715.75,1707.71,1710.07,36.93901,-15.05348,1751.2535,1751.2535,62981
2022-09-06 00:00:00+00:00,1710.66,1726.77,1699.85,1701.58,34.72175,-16.12353,1746.625,1746.625,120872
2022-09-07 00:00:00+00:00,1701.89,1719.22,1691.27,1719.04,42.38149,-15.38533,1742.9725,1742.9725,126877
2022-09-08 00:00:00+00:00,1718.34,1728.2,1703.96,1708.71,39.43334,-15.45568,1738.9265,1738.9265,134448
2022-09-09 00:00:00+00:00,1708.49,1729.41,1708.31,1717.57,43.08997,-14.62789,1734.715,1734.715,111440
2022-09-12 00:00:00+00:00,1718.12,1735.13,1711.95,1724.72,45.92712,-13.24226,1732.0125,1732.0125,109215
2022-09-13 00:00:00+00:00,1724.78,1731.82,1697.11,1702.23,39.29177,-13.79982,1728.33,1728.33,125879
2022-09-14 00:00:00+00:00,1700.93,1707.11,1693.67,1697.03,37.92735,-14.49421,1725.0685,1725.0685,126954
2022-09-15 00:00:00+00:00,1697.63,1698.21,1660.35,1664.2,30.68307,-17.49198,1720.35,1720.35,121218
2022-09-16 00:00:00+00:00,1664.84,1680.34,1654.16,1675.56,35.28896,-18.73512,1716.7775,1716.7775,119346
2022-09-19 00:00:00+00:00,1674.25,1680.0,1659.63,1675.51,35.27785,-19.49957,1713.7655,1713.7655,101125
2022-09-20 00:00:00+00:00,1675.58,1679.46,1660.0,1664.88,32.90574,-20.72426,1709.5935,1709.5935,102473
2022-09-21 00:00:00+00:00,1664.89,1688.03,1653.93,1674.14,36.88693,-20.70891,1705.691,1705.691,136223
2022-09-22 00:00:00+00:00,1671.45,1684.91,1655.67,1671.52,36.23186,-20.66988,1701.349,1701.349,159468
2022-09-23 00:00:00+00:00,1671.25,1675.92,1639.75,1645.09,30.37214,-22.51213,1696.686,1696.686,152534
2022-09-26 00:00:00+00:00,1643.17,1649.76,1621.17,1623.79,26.63374,-25.39809,1690.9875,1690.9875,180506
2022-09-27 00:00:00+00:00,1623.49,1642.45,1623.44,1629.39,29.10445,-26.923,1686.2375,1686.2375,147462
2022-09-28 00:00:00+00:00,1629.72,1662.69,1614.81,1659.92,40.80788,-25.37548,1683.707,1683.707,153249
2022-09-29 00:00:00+00:00,1658.59,1664.87,1641.53,1660.37,40.96258,-23.83795,1681.8605,1681.8605,163573
2022-09-30 00:00:00+00:00,1660.41,1675.36,1659.24,1660.83,41.13195,-22.32499,1679.3075,1679.3075,144765
2022-10-03 00:00:00+00:00,1664.3,1701.51,1659.72,1699.2,53.19421,-17.82435,1678.764,1678.764,148173
2022-10-04 00:00:00+00:00,1698.95,1729.49,1695.24,1726.0,59.44482,-11.95718,1679.985,1679.985,145882
2022-10-05 00:00:00+00:00,1724.75,1727.8,1700.52,1716.45,56.54691,-7.98596,1679.8555,1679.8555,134556
2022-10-06 00:00:00+00:00,1715.85,1725.57,1706.96,1712.82,55.44057,-5.07317,1680.061,1680.061,130260
2022-10-07 00:00:00+00:00,1711.52,1714.83,1690.65,1694.63,50.14607,-4.18431,1678.914,1678.914,130256
2022-10-10 00:00:00+00:00,1696.02,1699.81,1665.71,1668.26,43.63965,-5.54382,1676.091,1676.091,123892
2022-10-11 00:00:00+00:00,1668.37,1683.97,1661.01,1666.31,43.19335,-6.70133,1674.295,1674.295,142522
2022-10-12 00:00:00+00:00,1666.37,1678.38,1661.38,1673.07,45.28251,-6.99259,1673.097,1673.097,136207
2022-10-13 00:00:00+00:00,1673.6,1682.46,1642.46,1665.78,43.42768,-7.72264,1673.176,1673.176,147841
2022-10-14 00:00:00+00:00,1665.53,1671.77,1640.19,1644.49,38.4715,-9.90495,1671.6225,1671.6225,155978
2022-10-17 00:00:00+00:00,1646.04,1668.46,1644.06,1650.64,40.58105,-11.01127,1670.379,1670.379,127034
2022-10-18 00:00:00+00:00,1650.48,1660.93,1645.83,1651.48,40.87921,-11.68554,1669.709,1669.709,130391
2022-10-19 00:00:00+00:00,1652.01,1654.5,1627.68,1628.88,35.69024,-13.8835,1667.446,1667.446,128225
2022-10-20 00:00:00+00:00,1629.27,1645.64,1622.43,1628.13,35.52907,-15.50716,1665.2765,1665.2765,139638
2022-10-21 00:00:00+00:00,1628.06,1657.74,1617.29,1657.03,45.70415,-14.29713,1665.8735,1665.8735,180546
2022-10-24 00:00:00+00:00,1659.8,1670.53,1644.01,1649.49,43.76351,-13.78765,1667.1585,1667.1585,167384
2022-10-25 00:00:00+00:00,1649.99,1662.43,1638.2,1653.09,44.96506,-12.94418,1668.3435,1668.3435,140847
2022-10-26 00:00:00+00:00,1652.38,1674.93,1649.68,1664.27,48.63545,-11.24398,1668.561,1668.561,144840
2022-10-27 00:00:00+00:00,1664.16,1670.83,1654.88,1662.75,48.16513,-9.90503,1668.68,1668.68,160130
2022-10-28 00:00:00+00:00,1662.02,1667.04,1638.05,1645.16,42.98476,-10.14631,1667.8965,1667.8965,151089
2022-10-31 00:00:00+00:00,1643.28,1645.65,1631.8,1633.68,39.96372,-11.1355,1664.6205,1664.6205,117806
2022-11-01 00:00:00+00:00,1632.58,1657.04,1630.65,1647.8,45.07671,-10.65722,1660.7105,1660.7105,143663
2022-11-02 00:00:00+00:00,1646.21,1669.33,1634.74,1635.06,41.6316,-11.17735,1656.641,1656.641,140614
2022-11-03 00:00:00+00:00,1634.32,1641.0,1616.72,1629.46,40.17801,-11.90421,1652.473,1652.473,148382
2022-11-04 00:00:00+00:00,1629.05,1681.72,1628.77,1680.61,55.47133,-8.25768,1651.772,1651.772,164815
2022-11-07 00:00:00+00:00,1675.29,1681.9,1666.9,1675.21,53.90458,-5.73738,1652.1195,1652.1195,144419
2022-11-08 00:00:00+00:00,1674.26,1716.88,1664.71,1712.34,61.87766,-0.73546,1654.421,1654.421,132025
2022-11-09 00:00:00+00:00,1711.59,1722.37,1702.2,1707.03,60.27206,2.76821,1656.119,1656.119,138228
2022-11-10 00:00:00+00:00,1705.82,1757.19,1703.71,1754.9,68.26633,9.30039,1660.575,1660.575,152219
2022-11-11 00:00:00+00:00,1753.3,1772.45,1747.3,1769.86,70.27911,15.50561,1666.8435,1666.8435,145930
2022-11-14 00:00:00+00:00,1763.65,1775.09,1753.3,1771.69,70.52539,20.33652,1672.896,1672.896,142507
2022-11-15 00:00:00+00:00,1770.2,1786.57,1767.13,1778.42,71.46196,24.42653,1679.243,1679.243,209063
2022-11-16 00:00:00+00:00,1777.85,1785.06,1770.35,1773.48,69.71095,26.95852,1686.473,1686.473,175063
2022-11-17 00:00:00+00:00,1773.08,1774.88,1754.51,1760.74,65.26923,27.61876,1693.1035,1693.1035,148729
2022-11-18 00:00:00+00:00,1760.36,1767.72,1747.55,1750.14,61.74417,26.97571,1697.759,1697.759,129547
2022-11-21 00:00:00+00:00,1751.45,1752.95,1732.54,1738.51,58.04038,25.23673,1702.21,1702.21,143201
2022-11-22 00:00:00+00:00,1738.8,1749.74,1737.08,1740.02,58.38939,23.70714,1706.5565,1706.5565,128171
2022-11-23 00:00:00+00:00,1739.98,1753.39,1727.31,1749.3,60.56055,22.97886,1710.808,1710.808,140536
2022-11-24 00:00:00+00:00,1748.83,1758.61,1748.67,1754.96,61.86743,22.59792,1715.4185,1715.4185,86334
2022-11-25 00:00:00+00:00,1754.67,1761.24,1746.05,1756.1,62.13956,22.13287,1720.9655,1720.9655,103224
2022-11-28 00:00:00+00:00,1753.12,1763.76,1739.63,1741.13,56.44338,20.3221,1726.338,1726.338,128731
2022-11-29 00:00:00+00:00,1740.84,1759.05,1740.24,1749.92,58.82981,19.37302,1731.444,1731.444,150188
2022-11-30 00:00:00+00:00,1749.03,1769.99,1744.91,1768.32,63.35581,19.87646,1738.107,1738.107,173697
2022-12-01 00:00:00+00:00,1769.78,1804.12,1769.19,1803.1,70.05664,22.81886,1746.789,1746.789,187517
2022-12-02 00:00:00+00:00,1802.18,1804.52,1778.49,1798.56,68.3009,24.50194,1752.6865,1752.6865,164075
2022-12-05 00:00:00+00:00,1795.03,1810.01,1765.85,1768.56,57.9634,23.14822,1757.354,1757.354,155880
2022-12-06 00:00:00+00:00,1767.88,1780.86,1767.27,1771.11,58.53784,22.02722,1760.2925,1760.2925,140292
2022-12-07 00:00:00+00:00,1770.75,1790.52,1768.74,1786.12,61.84317,22.09531,1764.247,1764.247,150129
2022-12-08 00:00:00+00:00,1785.63,1794.83,1781.45,1789.61,62.58993,22.17526,1765.9825,1765.9825,127755
2022-12-09 00:00:00+00:00,1789.75,1806.14,1788.44,1796.8,64.1467,22.55875,1767.3295,1767.3295,130758
2022-12-12 00:00:00+00:00,1796.13,1796.69,1777.63,1781.58,58.58867,21.388,1767.824,1767.824,117386
2022-12-13 00:00:00+00:00,1781.02,1824.52,1780.86,1810.58,64.83989,22.54039,1769.432,1769.432,165126
2022-12-14 00:00:00+00:00,1810.65,1814.22,1795.64,1807.34,63.68324,22.92793,1771.125,1771.125,167721
2022-12-15 00:00:00+00:00,1806.91,1808.6,1773.75,1776.72,53.89788,20.52765,1771.924,1771.924,172927
2022-12-16 00:00:00+00:00,1776.22,1794.27,1774.25,1793.01,57.62807,19.71264,1774.0675,1774.0675,144937
2022-12-19 00:00:00+00:00,1792.25,1798.73,1783.79,1787.62,56.01314,18.41949,1776.523,1776.523,125274
2022-12-20 00:00:00+00:00,1787.41,1821.12,1784.61,1818.06,62.41836,19.62469,1780.425,1780.425,187076
2022-12-21 00:00:00+00:00,1817.75,1823.84,1811.85,1814.42,61.26943,20.05492,1783.681,1783.681,131435
2022-12-22 00:00:00+00:00,1813.84,1820.43,1784.67,1792.68,54.78344,18.4292,1785.567,1785.567,135277
2022-12-23 00:00:00+00:00,1792.8,1803.22,1791.18,1795.73,55.49525,17.18878,1787.5485,1787.5485,101960
2022-12-27 00:00:00+00:00,1800.6,1833.63,1799.89,1814.1,59.61852,17.48646,1791.197,1791.197,106067
2022-12-28 00:00:00+00:00,1813.13,1814.62,1797.04,1804.06,56.53557,16.71951,1793.904,1793.904,102234
2022-12-29 00:00:00+00:00,1804.47,1820.24,1804.3,1814.74,58.96636,16.78004,1796.225,1796.225,99776
2022-12-30 00:00:00+00:00,1814.17,1826.04,1813.39,1819.48,60.03465,17.01437,1797.044,1797.044,100186
2023-01-03 00:00:00+00:00,1827.53,1849.99,1823.52,1839.38,64.24351,18.59152,1799.085,1799.085,152967
2023-01-04 00:00:00+00:00,1838.4,1865.12,1836.18,1854.45,67.07161,20.81748,1803.3795,1803.3795,159063
2023-01-05 00:00:00+00:00,1854.57,1859.03,1825.11,1833.11,59.85243,20.6219,1806.4795,1806.4795,142593
2023-01-06 00:00:00+00:00,1831.71,1869.87,1831.31,1866.44,66.0066,22.89246,1810.4955,1810.4955,134903
2023-01-09 00:00:00+00:00,1866.3,1881.58,1866.28,1871.59,66.85212,24.82133,1814.5945,1814.5945,134130
2023-01-10 00:00:00+00:00,1870.37,1880.77,1867.72,1877.22,67.79517,26.4988,1818.6155,1818.6155,131819
2023-01-11 00:00:00+00:00,1877.08,1886.63,1867.15,1875.92,67.31892,27.40738,1823.3325,1823.3325,125476
2023-01-12 00:00:00+00:00,1876.92,1901.61,1875.3,1897.29,70.93363,29.51162,1827.668,1827.668,169713
2023-01-13 00:00:00+00:00,1895.68,1921.89,1892.32,1920.53,74.267,32.67784,1833.3275,1833.3275,159316
2023-01-16 00:00:00+00:00,1921.91,1928.96,1910.85,1915.45,72.31477,34.38085,1840.264,1840.264,89889
2023-01-17 00:00:00+00:00,1916.35,1919.0,1903.82,1908.38,69.57368,34.75932,1846.0325,1846.0325,139659
2023-01-18 00:00:00+00:00,1908.17,1925.89,1896.59,1904.15,67.91499,34.32229,1851.859,1851.859,180769
2023-01-19 00:00:00+00:00,1903.17,1935.17,1900.98,1931.69,72.51016,35.78568,1857.5405,1857.5405,155763
2023-01-20 00:00:00+00:00,1932.09,1937.54,1920.69,1926.72,70.54656,36.12792,1863.1555,1863.1555,135927
2023-01-23 00:00:00+00:00,1924.21,1935.59,1911.4,1931.55,71.35832,36.36965,1870.099,1870.099,145512
2023-01-24 00:00:00+00:00,1930.96,1942.53,1917.17,1937.27,72.33089,36.60086,1877.176,1877.176,142790
2023-01-25 00:00:00+00:00,1937.34,1948.06,1919.88,1946.26,73.83471,37.08206,1883.784,1883.784,143474
2023-01-26 00:00:00+00:00,1946.42,1949.09,1918.62,1929.09,66.41077,35.66679,1890.0355,1890.0355,145329
2023-01-27 00:00:00+00:00,1928.89,1935.11,1916.59,1928.41,66.12719,34.09726,1895.719,1895.719,119232
2023-01-30 00:00:00+00:00,1926.75,1934.5,1920.69,1923.04,63.80992,32.05062,1900.897,1900.897,145027
2023-01-31 00:00:00+00:00,1922.46,1931.15,1900.82,1928.06,65.04315,30.48234,1905.331,1905.331,163473
2023-02-01 00:00:00+00:00,1927.46,1954.54,1920.54,1950.09,69.89193,30.66363,1910.113,1910.113,170166
2023-02-02 00:00:00+00:00,1952.93,1959.68,1911.3,1912.52,55.70195,27.45918,1914.0835,1914.0835,187315
2023-02-03 00:00:00+00:00,1913.03,1918.6,1861.44,1865.75,43.78444,20.90471,1914.049,1914.049,180164
2023-02-06 00:00:00+00:00,1864.25,1881.38,1863.07,1867.64,44.30304,15.68198,1913.8515,1913.8515,151684
2023-02-07 00:00:00+00:00,1867.52,1884.4,1864.99,1872.09,45.57607,11.76637,1913.595,1913.595,157514
2023-02-08 00:00:00+00:00,1872.76,1886.36,1869.03,1875.78,46.66469,8.85886,1913.588,1913.588,122134
2023-02-09 00:00:00+00:00,1874.41,1890.31,1858.91,1861.27,43.02061,5.32244,1911.787,1911.787,126362
2023-02-10 00:00:00+00:00,1862.1,1872.23,1852.8,1865.22,44.29588,2.80619,1909.0215,1909.0215,138244
2023-02-13 00:00:00+00:00,1863.96,1866.58,1850.47,1853.91,41.43622,-0.09944,1905.9445,1905.9445,108265
2023-02-14 00:00:00+00:00,1853.49,1870.66,1843.29,1854.38,41.60493,-2.3373,1903.2445,1903.2445,145835
2023-02-15 00:00:00+00:00,1853.5,1860.11,1830.45,1836.08,37.12085,-5.5238,1899.841,1899.841,130104
2023-02-16 00:00:00+00:00,1836.47,1845.3,1827.64,1836.25,37.18857,-7.94383,1895.069,1895.069,136199
2023-02-17 00:00:00+00:00,1835.29,1843.6,1818.9,1841.86,39.50419,-9.30183,1890.826,1890.826,130134
2023-02-20 00:00:00+00:00,1841.2,1847.48,1837.29,1841.26,39.33716,-10.30764,1886.3115,1886.3115,68257
2023-02-21 00:00:00+00:00,1842.18,1843.84,1830.23,1834.9,37.52589,-11.48555,1881.193,1881.193,127575
2023-02-22 00:00:00+00:00,1834.74,1846.03,1823.55,1825.28,34.90768,-13.04494,1875.144,1875.144,134842
2023-02-23 00:00:00+00:00,1825.37,1833.78,1817.46,1822.34,34.12409,-14.35255,1869.8065,1869.8065,122548
2023-02-24 00:00:00+00:00,1822.73,1827.82,1808.93,1811.11,31.23946,-16.10931,1863.9415,1863.9415,134980
2023-02-27 00:00:00+00:00,1811.96,1820.18,1806.69,1817.22,34.48449,-16.8147,1858.6505,1858.6505,113341
2023-02-28 00:00:00+00:00,1817.19,1831.18,1804.69,1827.11,39.4645,-16.38679,1853.603,1853.603,115922
2023-03-01 00:00:00+00:00,1826.78,1844.55,1823.08,1836.74,43.93344,-15.09658,1847.9355,1847.9355,124004
2023-03-02 00:00:00+00:00,1837.53,1839.01,1829.99,1835.98,43.65951,-13.97432,1844.1085,1844.1085,115034
2023-03-03 00:00:00+00:00,1836.15,1856.32,1836.15,1854.66,51.64086,-11.44566,1843.554,1843.554,114629
2023-03-06 00:00:00+00:00,1853.73,1858.27,1845.12,1847.1,48.63783,-9.93716,1842.527,1842.527,107557
2023-03-07 00:00:00+00:00,1846.03,1851.66,1812.69,1813.53,38.05519,-11.31999,1839.599,1839.599,134152
2023-03-08 00:00:00+00:00,1814.0,1824.3,1809.41,1813.59,38.08112,-12.26962,1836.4895,1836.4895,122849
2023-03-09 00:00:00+00:00,1814.42,1835.68,1811.94,1830.91,45.21122,-11.49215,1834.9715,1834.9715,126652
2023-03-10 00:00:00+00:00,1830.88,1870.18,1827.75,1867.28,56.53089,-7.85075,1835.0745,1835.0745,192706
2023-03-13 00:00:00+00:00,1893.72,1914.62,1871.55,1913.97,66.18853,-1.18377,1838.0775,1838.0775,252479
2023-03-14 00:00:00+00:00,1912.21,1914.15,1895.42,1903.67,62.8701,3.23148,1840.542,1840.542,191638
2023-03-15 00:00:00+00:00,1904.21,1937.36,1885.75,1918.12,65.48454,7.8066,1844.644,1844.644,210492
2023-03-16 00:00:00+00:00,1919.03,1933.51,1907.58,1919.72,65.77193,11.42977,1848.8175,1848.8175,194242
2023-03-17 00:00:00+00:00,1919.72,1987.76,1918.26,1986.28,75.07107,19.44782,1856.0385,1856.0385,178110
2023-03-20 00:00:00+00:00,1985.88,2009.8,1965.83,1978.79,72.67821,24.91064,1862.915,1862.915,216068
2023-03-21 00:00:00+00:00,1978.6,1985.19,1935.44,1940.39,61.80191,25.8435,1868.1895,1868.1895,149310
2023-03-22 00:00:00+00:00,1939.66,1979.19,1934.28,1968.21,65.79556,28.49911,1875.336,1875.336,158264
2023-03-23 00:00:00+00:00,1967.56,2003.33,1964.41,1993.26,68.94409,32.25324,1883.882,1883.882,179926
2023-03-24 00:00:00+00:00,1992.68,2002.96,1975.15,1977.61,64.92325,33.57852,1892.207,1892.207,185486
2023-03-27 00:00:00+00:00,1976.25,1978.74,1944.04,1956.15,59.77522,32.52227,1899.1535,1899.1535,138077
2023-03-28 00:00:00+00:00,1957.21,1975.32,1949.15,1973.94,62.43448,32.74325,1906.495,1906.495,122855
2023-03-29 00:00:00+00:00,1973.91,1974.28,1958.68,1964.43,60.14541,31.7846,1912.8795,1912.8795,112121
2023-03-30 00:00:00+00:00,1963.9,1984.37,1955.22,1980.0,62.56533,31.91336,1920.0805,1920.0805,114518
2023-03-31 00:00:00+00:00,1979.94,1987.63,1966.89,1969.3,59.87475,30.79699,1925.8125,1925.8125,122385
2023-04-03 00:00:00+00:00,1966.26,1990.54,1949.76,1984.07,62.28576,30.74962,1932.661,1932.661,134886
2023-04-04 00:00:00+00:00,1985.3,2025.0,1977.01,2020.22,67.4422,33.24584,1942.9955,1942.9955,130246
2023-04-05 00:00:00+00:00,2021.06,2032.26,2009.9,2020.29,67.45148,34.82828,1953.3305,1953.3305,145545
2023-04-06 00:00:00+00:00,2021.01,2021.4,2000.84,2007.52,63.87463,34.65249,1962.161,1962.161,137560
2023-04-10 00:00:00+00:00,1997.88,2006.29,1981.72,1991.28,59.5498,32.82436,1968.361,1968.361,109236
2023-04-11 00:00:00+00:00,1991.17,2007.44,1988.82,2003.4,61.63741,31.98484,1972.8325,1972.8325,124039
2023-04-12 00:00:00+00:00,2003.16,2028.35,2001.39,2014.78,63.5401,31.87041,1978.388,1978.388,159603
2023-04-13 00:00:00+00:00,2014.35,2048.67,2013.95,2040.71,67.49598,33.48604,1984.5175,1984.5175,150007
2023-04-14 00:00:00+00:00,2040.16,2047.47,1992.4,2004.58,58.04564,31.48808,1988.7605,1988.7605,175897
2023-04-17 00:00:00+00:00,2001.0,2015.05,1981.18,1995.11,55.8388,28.80845,1989.202,1989.202,148394
2023-04-18 00:00:00+00:00,1994.7,2011.82,1991.19,2004.73,57.60222,27.14812,1990.499,1990.499,129533
2023-04-19 00:00:00+00:00,2005.23,2008.2,1969.18,1994.94,55.18706,24.75695,1993.2265,1993.2265,154579
2023-04-20 00:00:00+00:00,1994.1,2012.39,1990.5,2004.77,57.13067,23.38556,1995.0545,1995.0545,147152
2023-04-21 00:00:00+00:00,2004.03,2005.53,1971.59,1982.66,51.69931,20.28084,1994.5245,1994.5245,152418
2023-04-24 00:00:00+00:00,1982.23,1990.79,1974.13,1988.92,53.05998,18.11662,1995.09,1995.09,139790
2023-04-25 00:00:00+00:00,1991.4,2003.85,1976.09,1996.64,54.75283,16.83039,1997.1145,1997.1145,165216
2023-04-26 00:00:00+00:00,1996.84,2009.43,1983.37,1989.16,52.76715,15.03417,1997.8755,1997.8755,173676
2023-04-27 00:00:00+00:00,1989.44,2003.34,1974.22,1987.69,52.36523,13.33827,1999.0385,1999.0385,159824
2023-04-28 00:00:00+00:00,1987.51,1995.04,1976.15,1989.66,52.88318,12.01473,1999.5215,1999.5215,184872
2023-05-01 00:00:00+00:00,1989.84,2006.0,1977.09,1982.51,50.72726,10.27047,2000.182,2000.182,128313
2023-05-02 00:00:00+00:00,1981.68,2019.41,1978.49,2016.71,59.27874,11.51506,2001.814,2001.814,163652
2023-05-03 00:00:00+00:00,2016.03,2039.41,2007.78,2039.01,63.70234,14.13785,2002.7535,2002.7535,162415
2023-05-04 00:00:00+00:00,2060.95,2062.9,2030.38,2050.38,65.74555,16.93863,2004.258,2004.258,236239
2023-05-05 00:00:00+00:00,2049.19,2053.0,1999.51,2015.83,55.51863,16.18383,2004.6735,2004.6735,171591
2023-05-08 00:00:00+00:00,2016.14,2029.42,2014.07,2021.48,56.70468,15.85873,2006.1835,2006.1835,127624
2023-05-09 00:00:00+00:00,2020.72,2037.62,2019.51,2034.45,59.38212,16.45795,2007.736,2007.736,126405
2023-05-10 00:00:00+00:00,2034.15,2048.18,2021.55,2029.97,58.04682,16.38248,2008.4955,2008.4955,156618
2023-05-11 00:00:00+00:00,2029.74,2041.29,2011.04,2015.01,53.70403,14.94327,2007.2105,2007.2105,171611
2023-05-12 00:00:00+00:00,2015.15,2022.59,2000.89,2010.78,52.50781,13.30796,2007.5205,2007.5205,139234
2023-05-15 00:00:00+00:00,2008.45,2022.21,2008.45,2016.0,53.87324,12.29148,2008.565,2008.565,117860
2023-05-16 00:00:00+00:00,2016.28,2018.32,1985.19,1988.64,46.35116,9.17246,2007.7605,2007.7605,130365
2023-05-17 00:00:00+00:00,1988.13,1993.04,1974.98,1981.79,44.66951,6.07781,2007.103,2007.103,119225
2023-05-18 00:00:00+00:00,1982.16,1986.01,1951.98,1957.35,39.20434,1.63434,2004.732,2004.732,121762
2023-05-19 00:00:00+00:00,1958.22,1984.18,1954.02,1977.55,45.1748,-0.25425,2004.4765,2004.4765,137125
2023-05-22 00:00:00+00:00,1978.08,1982.59,1968.87,1971.65,43.82116,-2.20166,2003.613,2003.613,119644
2023-05-23 00:00:00+00:00,1971.64,1977.78,1954.24,1975.16,44.87934,-3.42233,2002.539,2002.539,132916
2023-05-24 00:00:00+00:00,1976.2,1985.29,1956.71,1957.59,40.74235,-5.74128,2000.9605,2000.9605,132332
2023-05-25 00:00:00+00:00,1958.27,1964.77,1938.84,1940.58,37.17004,-8.84962,1998.605,1998.605,131933
2023-05-26 00:00:00+00:00,1941.01,1957.3,1936.76,1946.46,39.15604,-10.71502,1996.445,1996.445,119957
2023-05-29 00:00:00+00:00,1942.99,1949.71,1940.22,1943.15,38.41983,-12.31845,1994.477,1994.477,52903
2023-05-30 00:00:00+00:00,1942.91,1963.55,1932.05,1959.81,44.11527,-12.10532,1991.632,1991.632,124843
2023-05-31 00:00:00+00:00,1958.9,1974.79,1953.68,1963.04,45.17401,-11.54272,1987.8335,1987.8335,135229
2023-06-01 00:00:00+00:00,1963.31,1983.1,1953.39,1977.81,49.85249,-9.79216,1984.205,1984.205,130239
2023-06-02 00:00:00+00:00,1976.96,1983.48,1947.92,1948.17,42.09032,-10.67349,1980.822,1980.822,124711
2023-06-05 00:00:00+00:00,1947.43,1964.03,1938.13,1961.6,46.17941,-10.17102,1977.828,1977.828,127561
2023-06-06 00:00:00+00:00,1961.21,1966.4,1954.39,1962.98,46.5967,-9.55135,1974.2545,1974.2545,109141
2023-06-07 00:00:00+00:00,1963.1,1970.18,1939.81,1940.04,40.91745,-10.78698,1969.758,1969.758,116650
2023-06-08 00:00:00+00:00,1940.07,1970.5,1940.07,1965.36,48.39384,-9.61231,1967.2755,1967.2755,120830
2023-06-09 00:00:00+00:00,1965.97,1973.1,1956.64,1960.53,47.16769,-8.96774,1964.763,1964.763,102318
2023-06-12 00:00:00+00:00,1959.61,1966.97,1949.2,1956.93,46.22754,-8.64772,1961.8095,1961.8095,117623
2023-06-13 00:00:00+00:00,1957.08,1971.13,1940.05,1943.0,42.6824,-9.40966,1959.5275,1959.5275,127102
2023-06-14 00:00:00+00:00,1943.52,1960.27,1939.98,1940.06,41.95116,-10.13392,1957.441,1957.441,124288
2023-06-15 00:00:00+00:00,1943.47,1960.26,1925.89,1958.0,47.82511,-9.15477,1957.4735,1957.4735,144510
2023-06-16 00:00:00+00:00,1957.37,1967.93,1953.28,1957.26,47.6111,-8.34233,1956.459,1956.459,121219
2023-06-19 00:00:00+00:00,1958.32,1958.76,1947.78,1950.48,45.59779,-8.15159,1955.4005,1955.4005,64748
2023-06-20 00:00:00+00:00,1951.25,1956.79,1929.78,1935.58,41.44957,-9.09785,1953.4215,1953.4215,125216
2023-06-21 00:00:00+00:00,1936.34,1939.45,1919.19,1932.31,40.57711,-9.99641,1952.1575,1952.1575,117295
2023-06-22 00:00:00+00:00,1933.15,1934.82,1912.18,1913.21,35.83276,-12.11013,1950.789,1950.789,112138
2023-06-23 00:00:00+00:00,1914.18,1937.47,1909.99,1921.25,39.06264,-12.9868,1949.5285,1949.5285,117563
2023-06-26 00:00:00+00:00,1922.83,1933.36,1921.56,1923.03,39.78528,-13.38367,1948.5225,1948.5225,125998
2023-06-27 00:00:00+00:00,1923.71,1930.69,1910.86,1913.1,37.13929,-14.33421,1946.187,1946.187,145372
2023-06-28 00:00:00+00:00,1914.24,1917.14,1902.79,1906.83,35.53238,-15.41576,1943.3765,1943.3765,128131
2023-06-29 00:00:00+00:00,1907.71,1913.13,1892.95,1908.11,36.13983,-15.98534,1939.8915,1939.8915,157943
2023-06-30 00:00:00+00:00,1908.48,1922.8,1900.56,1918.99,41.21064,-15.38151,1938.4325,1938.4325,152010
2023-07-03 00:00:00+00:00,1918.54,1930.98,1909.97,1921.29,42.25452,-14.54965,1936.417,1936.417,117239
2023-07-04 00:00:00+00:00,1921.04,1930.75,1919.74,1925.89,44.3816,-13.36515,1934.5625,1934.5625,59863
2023-07-05 00:00:00+00:00,1925.4,1935.05,1914.74,1914.82,40.51397,-13.1679,1933.3015,1933.3015,137502
2023-07-06 00:00:00+00:00,1916.19,1927.59,1902.59,1910.61,39.11781,-13.19913,1930.564,1930.564,154914
2023-07-07 00:00:00+00:00,1910.75,1934.97,1909.45,1925.04,45.98829,-11.92207,1928.7895,1928.7895,155143
2023-07-10 00:00:00+00:00,1925.1,1928.06,1912.69,1925.06,45.99739,-10.78407,1927.196,1927.196,130091
2023-07-11 00:00:00+00:00,1925.05,1938.47,1924.35,1932.2,49.28132,-9.2,1926.656,1926.656,140481
2023-07-12 00:00:00+00:00,1932.1,1959.7,1932.1,1957.58,58.85848,-5.82946,1927.532,1927.532,182618
2023-07-13 00:00:00+00:00,1957.75,1963.65,1952.38,1960.32,59.74229,-2.90372,1927.648,1927.648,174608
2023-07-14 00:00:00+00:00,1960.34,1963.78,1950.93,1958.62,58.8969,-0.714,1927.716,1927.716,150427
2023-07-17 00:00:00+00:00,1954.83,1959.85,1945.77,1954.84,56.96661,0.7082,1927.934,1927.934,122617
2023-07-18 00:00:00+00:00,1954.45,1984.36,1954.45,1978.82,64.8394,3.72732,1930.096,1930.096,166888
2023-07-19 00:00:00+00:00,1978.77,1980.93,1969.69,1976.64,63.69851,5.87635,1932.3125,1932.3125,139220
2023-07-20 00:00:00+00:00,1978.29,1987.43,1965.36,1969.41,59.93207,6.91634,1935.1225,1935.1225,150651
2023-07-21 00:00:00+00:00,1970.44,1973.8,1956.81,1961.84,56.18603,7.04845,1937.152,1937.152,131245
2023-07-24 00:00:00+00:00,1962.15,1967.88,1953.47,1954.47,52.73038,6.48372,1938.724,1938.724,128851
2023-07-25 00:00:00+00:00,1955.08,1965.69,1951.74,1964.68,56.70321,6.78185,1941.303,1941.303,114755
2023-07-26 00:00:00+00:00,1964.73,1978.32,1962.0,1972.01,59.34498,7.52287,1944.562,1944.562,151322
2023-07-27 00:00:00+00:00,1971.08,1982.23,1942.57,1944.7,47.67365,5.83913,1946.3915,1946.3915,171479
2023-07-28 00:00:00+00:00,1946.72,1963.56,1945.35,1959.0,52.89738,5.59416,1948.392,1948.392,163704
2023-07-31 00:00:00+00:00,1959.69,1972.39,1950.87,1965.57,55.11445,5.86259,1950.606,1950.606,124167
2023-08-01 00:00:00+00:00,1965.64,1965.98,1941.26,1944.09,47.2791,4.29258,1951.516,1951.516,137650
2023-08-02 00:00:00+00:00,1950.1,1954.84,1932.94,1934.56,44.27189,2.25337,1952.503,1952.503,137843
2023-08-03 00:00:00+00:00,1935.23,1938.88,1929.51,1934.2,44.15763,0.6013,1953.6825,1953.6825,143881
2023-08-04 00:00:00+00:00,1934.68,1946.95,1925.53,1942.65,47.5776,-0.02584,1954.563,1954.563,131349
2023-08-07 00:00:00+00:00,1942.32,1946.72,1931.49,1936.21,45.30053,-1.03062,1955.1205,1955.1205,92575
2023-08-08 00:00:00+00:00,1936.43,1938.06,1922.73,1924.69,41.47646,-2.72507,1954.745,1954.745,116875
2023-08-09 00:00:00+00:00,1924.88,1932.34,1913.98,1914.44,38.37261,-4.83924,1952.588,1952.588,104681
2023-08-10 00:00:00+00:00,1915.32,1930.14,1912.1,1912.39,37.76393,-6.60403,1950.1915,1950.1915,138994
2023-08-11 00:00:00+00:00,1912.5,1920.95,1910.77,1913.66,38.41567,-7.81013,1947.9435,1947.9435,110410
2023-08-14 00:00:00+00:00,1913.77,1916.24,1902.69,1907.1,36.30103,-9.18938,1945.5565,1945.5565,110271
2023-08-15 00:00:00+00:00,1907.09,1911.65,1896.35,1901.57,34.5733,-10.6064,1941.694,1941.694,148964
2023-08-16 00:00:00+00:00,1901.75,1907.22,1891.85,1892.47,31.88406,-12.32166,1937.4855,1937.4855,115164
2023-08-17 00:00:00+00:00,1894.04,1903.49,1885.04,1888.95,30.88337,-13.80591,1933.4625,1933.4625,132716
2023-08-18 00:00:00+00:00,1889.48,1896.91,1886.76,1889.58,31.29897,-14.76119,1929.8495,1929.8495,110303
2023-08-21 00:00:00+00:00,1889.27,1898.78,1884.81,1894.66,34.70819,-14.93617,1926.859,1926.859,124296
2023-08-22 00:00:00+00:00,1894.5,1904.53,1889.11,1897.32,36.48552,-14.69085,1923.491,1923.491,112253
2023-08-23 00:00:00+00:00,1897.76,1920.38,1897.5,1915.33,47.00433,-12.89454,1920.657,1920.657,130235
2023-08-24 00:00:00+00:00,1916.65,1923.4,1911.77,1916.85,47.79022,-11.21898,1919.2645,1919.2645,123170
2023-08-25 00:00:00+00:00,1916.76,1922.45,1903.78,1913.87,46.33935,-10.01608,1917.008,1917.008,133164
2023-08-28 00:00:00+00:00,1915.66,1926.07,1912.77,1920.04,49.74149,-8.4673,1914.7315,1914.7315,88244
2023-08-29 00:00:00+00:00,1920.16,1938.2,1914.44,1937.56,57.90315,-5.75977,1914.405,1914.405,126501
2023-08-30 00:00:00+00:00,1937.0,1949.07,1934.95,1942.37,59.83177,-3.18915,1914.7955,1914.7955,119671
2023-08-31 00:00:00+00:00,1943.79,1947.91,1939.07,1939.87,58.33584,-1.33821,1915.079,1915.079,102490
2023-09-01 00:00:00+00:00,1939.97,1953.02,1934.4,1939.86,58.32955,0.1264,1914.9395,1914.9395,139380
2023-09-04 00:00:00+00:00,1940.03,1946.28,1936.76,1938.47,57.40417,1.16157,1915.0525,1915.0525,49788
2023-09-05 00:00:00+00:00,1938.57,1938.99,1925.36,1925.83,49.68493,0.95105,1915.1095,1915.1095,114240
2023-09-06 00:00:00+00:00,1926.27,1929.19,1915.31,1916.19,44.74326,0.00626,1915.197,1915.197,117051
2023-09-07 00:00:00+00:00,1917.26,1923.54,1916.25,1919.53,46.72052,-0.46759,1915.554,1915.554,100188
2023-09-08 00:00:00+00:00,1919.28,1929.7,1917.35,1918.99,46.43124,-0.87658,1915.8205,1915.8205,98110
2023-09-11 00:00:00+00:00,1919.64,1930.77,1916.47,1922.36,48.57136,-0.9182,1916.5835,1916.5835,101675
2023-09-12 00:00:00+00:00,1922.7,1924.48,1907.59,1913.26,43.51579,-1.66627,1917.168,1917.168,103719
2023-09-13 00:00:00+00:00,1913.19,1915.77,1905.51,1908.13,40.92945,-2.64261,1917.951,1917.951,127049
2023-09-14 00:00:00+00:00,1909.13,1912.91,1901.02,1910.39,42.54943,-3.19714,1919.023,1919.023,151532
2023-09-15 00:00:00+00:00,1910.68,1930.43,1909.71,1923.62,51.01801,-2.53979,1920.725,1920.725,122430
2023-09-18 00:00:00+00:00,1923.91,1934.23,1922.52,1933.56,56.23752,-1.20289,1922.67,1922.67,98677
2023-09-19 00:00:00+00:00,1933.56,1937.41,1929.75,1931.23,54.76437,-0.32762,1924.3655,1924.3655,87422
2023-09-20 00:00:00+00:00,1932.25,1947.42,1927.95,1929.31,53.52024,0.2087,1925.0645,1925.0645,136348
2023-09-21 00:00:00+00:00,1929.81,1931.6,1913.9,1919.82,47.74646,-0.13052,1925.213,1925.213,145044
2023-09-22 00:00:00+00:00,1919.63,1929.12,1919.63,1925.07,50.90207,0.024,1925.773,1925.773,96529
2023-09-25 00:00:00+00:00,1926.04,1927.22,1915.11,1915.9,45.70965,-0.58672,1925.566,1925.566,87557
2023-09-26 00:00:00+00:00,1916.08,1916.71,1899.12,1900.3,38.51228,-2.30296,1923.703,1923.703,98639
2023-09-27 00:00:00+00:00,1900.71,1903.92,1872.55,1875.08,30.22612,-5.6332,1920.3385,1920.3385,115362
2023-09-28 00:00:00+00:00,1876.53,1879.58,1857.66,1865.24,27.72011,-8.96313,1916.607,1916.607,148178
2023-09-29 00:00:00+00:00,1865.03,1879.88,1846.33,1848.99,24.15801,-12.7662,1912.0635,1912.0635,148067
2023-10-02 00:00:00+00:00,1847.39,1848.93,1827.14,1828.02,20.4975,-17.27315,1906.541,1906.541,153863
2023-10-03 00:00:00+00:00,1828.98,1833.38,1815.25,1823.21,19.75798,-20.99109,1901.41,1901.41,192005
2023-10-04 00:00:00+00:00,1823.73,1830.79,1816.58,1820.77,19.37608,-23.85944,1896.639,1896.639,181864
2023-10-05 00:00:00+00:00,1821.7,1829.2,1813.01,1820.15,19.27413,-25.88428,1891.67,1891.67,163465
2023-10-06 00:00:00+00:00,1820.64,1834.9,1810.47,1831.49,26.85457,-26.27109,1887.295,1887.295,200816
2023-10-09 00:00:00+00:00,1854.3,1863.49,1844.23,1861.31,42.21983,-23.89597,1884.2425,1884.2425,154617
2023-10-10 00:00:00+00:00,1861.13,1865.37,1853.0,1860.02,41.81066,-21.8657,1881.5805,1881.5805,206185
2023-10-11 00:00:00+00:00,1860.27,1877.2,1858.61,1873.64,47.58638,-18.93936,1879.856,1879.856,192900
2023-10-12 00:00:00+00:00,1874.36,1885.12,1867.91,1868.82,45.85188,-16.81531,1877.7775,1877.7775,190711
2023-10-13 00:00:00+00:00,1869.2,1930.79,1869.16,1929.6,63.78011,-10.11099,1878.0765,1878.0765,213016
2023-10-16 00:00:00+00:00,1927.12,1927.33,1908.2,1919.76,60.29926,-5.52806,1877.3865,1877.3865,157802
2023-10-17 00:00:00+00:00,1919.76,1931.57,1912.41,1922.95,61.04156,-1.61996,1876.9725,1876.9725,161180
2023-10-18 00:00:00+00:00,1923.28,1962.67,1923.27,1947.69,66.30366,3.43395,1877.8915,1877.8915,189675
2023-10-19 00:00:00+00:00,1947.43,1977.73,1945.25,1974.15,70.84014,9.46521,1880.608,1880.608,208013
2023-10-20 00:00:00+00:00,1972.95,1997.21,1972.04,1980.3,71.79073,14.57329,1883.3695,1883.3695,200791
2023-10-23 00:00:00+00:00,1974.01,1982.81,1964.38,1972.61,68.77177,17.79582,1886.205,1886.205,173228
2023-10-24 00:00:00+00:00,1973.26,1980.87,1953.49,1971.01,68.12982,19.99015,1889.7405,1889.7405,169733
2023-10-25 00:00:00+00:00,1969.97,1987.28,1962.96,1979.52,69.74735,22.16042,1894.9625,1894.9625,162510
2023-10-26 00:00:00+00:00,1980.68,1993.44,1971.63,1984.51,70.68682,24.00629,1900.926,1900.926,190119
2023-10-27 00:00:00+00:00,1983.77,2009.47,1976.78,2005.58,74.314,26.8597,1908.7555,1908.7555,179835
2023-10-30 00:00:00+00:00,2003.35,2006.74,1990.96,1996.35,70.21518,28.0529,1917.172,1917.172,160759
2023-10-31 00:00:00+00:00,1995.96,2007.93,1978.84,1983.79,64.96427,27.66611,1925.201,1925.201,176431
2023-11-01 00:00:00+00:00,1983.65,1992.03,1969.88,1981.4,63.98373,26.85713,1933.2325,1933.2325,184859
2023-11-02 00:00:00+00:00,1982.19,1991.08,1978.84,1985.34,64.92364,26.23155,1941.492,1941.492,154123
2023-11-03 00:00:00+00:00,1985.85,2004.11,1983.17,1992.36,66.59631,26.00249,1949.5355,1949.5355,188117
2023-11-06 00:00:00+00:00,1991.44,1993.16,1977.42,1978.1,60.30533,24.38915,1955.375,1955.375,141214
2023-11-07 00:00:00+00:00,1978.17,1978.27,1956.71,1968.76,56.5381,22.10213,1960.812,1960.812,160002
2023-11-08 00:00:00+00:00,1969.06,1971.04,1947.44,1950.25,49.88695,18.58185,1964.6425,1964.6425,154454
2023-11-09 00:00:00+00:00,1950.89,1965.64,1944.51,1958.5,52.5654,16.27015,1969.1265,1969.1265,174725
2023-11-10 00:00:00+00:00,1958.16,1960.81,1933.06,1937.78,45.92623,12.6207,1969.5355,1969.5355,159274
2023-11-13 00:00:00+00:00,1940.52,1949.22,1931.6,1946.03,48.7043,10.27574,1970.849,1970.849,126563
2023-11-14 00:00:00+00:00,1945.92,1970.87,1943.71,1963.08,53.96779,9.68153,1972.8555,1972.8555,138428
2023-11-15 00:00:00+00:00,1962.57,1975.34,1955.37,1959.34,52.69059,8.8073,1973.438,1973.438,144804
2023-11-16 00:00:00+00:00,1960.45,1987.91,1956.41,1981.19,58.82191,9.76502,1973.79,1973.79,132632
2023-11-17 00:00:00+00:00,1981.04,1993.36,1978.53,1980.16,58.43744,10.32192,1973.783,1973.783,132298
2023-11-20 00:00:00+00:00,1977.45,1985.15,1965.4,1977.33,57.32869,10.41485,1974.019,1974.019,147844
2023-11-21 00:00:00+00:00,1978.42,2007.53,1978.28,1998.52,62.99085,12.05935,1975.3945,1975.3945,164573
2023-11-22 00:00:00+00:00,1998.47,2006.43,1986.86,1989.89,59.5265,12.52191,1975.913,1975.913,144419
2023-11-23 00:00:00+00:00,1989.81,1998.52,1988.83,1992.78,60.31365,12.97215,1976.3265,1976.3265,39510
2023-11-24 00:00:00+00:00,1993.07,2003.58,1991.45,2002.33,62.88259,13.9389,1976.164,1976.164,53647
2023-11-27 00:00:00+00:00,2000.89,2018.12,2000.38,2013.95,65.78474,15.46443,1977.044,1977.044,78978
2023-11-28 00:00:00+00:00,2012.84,2042.98,2011.49,2041.11,71.41132,18.65002,1979.91,1979.91,76105
2023-11-29 00:00:00+00:00,2040.92,2051.99,2035.42,2044.08,71.95444,21.17024,1983.044,1983.044,91294
2023-11-30 00:00:00+00:00,2044.73,2047.25,2031.01,2035.99,68.15616,22.25816,1985.5765,1985.5765,82496
2023-12-01 00:00:00+00:00,2037.45,2075.36,2033.91,2071.35,74.49376,25.67761,1989.526,1989.526,64670
2023-12-04 00:00:00+00:00,2074.03,2134.57,2020.13,2028.93,59.25729,24.68011,1992.0675,1992.0675,83059
2023-12-05 00:00:00+00:00,2029.53,2041.17,2009.8,2019.16,56.39625,22.83796,1994.5875,1994.5875,74576
2023-12-06 00:00:00+00:00,2019.29,2035.86,2017.21,2025.34,57.7847,21.62741,1998.342,1998.342,64203
2023-12-07 00:00:00+00:00,2025.82,2039.94,2020.18,2028.52,58.51669,20.68619,2001.843,2001.843,63350
2023-12-08 00:00:00+00:00,2028.72,2033.98,1994.58,2003.89,51.12285,17.74823,2005.1485,2005.1485,67601
2023-12-11 00:00:00+00:00,2005.55,2007.71,1975.78,1981.73,45.54666,13.47641,2006.9335,2006.9335,59875
2023-12-12 00:00:00+00:00,1982.41,1996.68,1977.21,1979.31,44.9698,9.78291,2007.745,2007.745,50265
2023-12-13 00:00:00+00:00,1979.87,2027.36,1973.0,2026.29,56.49059,10.52535,2011.0925,2011.0925,56296
2023-12-14 00:00:00+00:00,2025.0,2047.9,2024.45,2035.83,58.39536,11.74812,2013.8245,2013.8245,74024
2023-12-15 00:00:00+00:00,2036.41,2044.95,2015.48,2018.39,53.76178,11.18102,2015.736,2015.736,341130
2023-12-18 00:00:00+00:00,2019.59,2033.77,2015.86,2027.11,55.65641,11.3049,2018.225,2018.225,286998
2023-12-19 00:00:00+00:00,2027.73,2047.03,2021.62,2040.5,58.47044,12.34128,2020.324,2020.324,311737
2023-12-20 00:00:00+00:00,2039.95,2043.56,2027.27,2030.78,55.70683,12.23723,2022.3685,2022.3685,313819
2023-12-21 00:00:00+00:00,2032.44,2046.12,2031.39,2045.87,58.95063,13.22001,2025.023,2025.023,334884
2023-12-22 00:00:00+00:00,2047.3,2070.7,2046.78,2053.08,60.44133,14.4145,2027.5605,2027.5605,383757
2023-12-26 00:00:00+00:00,2058.03,2069.05,2053.39,2067.23,63.26111,16.31486,2030.2245,2030.2245,202692
2023-12-27 00:00:00+00:00,2067.75,2084.51,2061.32,2077.16,65.13908,18.40996,2032.027,2032.027,285861
2023-12-28 00:00:00+00:00,2078.01,2088.51,2064.37,2065.61,61.21924,18.92025,2033.1035,2033.1035,328644
2023-12-29 00:00:00+00:00,2066.76,2074.87,2058.07,2062.74,60.24904,18.87549,2034.441,2034.441,317983
2024-01-02 00:00:00+00:00,2064.98,2078.99,2055.82,2058.89,58.90052,18.3182,2033.818,2033.818,376652
2024-01-03 00:00:00+00:00,2058.97,2066.05,2030.49,2041.04,52.97974,16.24888,2034.4235,2034.4235,441873
2024-01-04 00:00:00+00:00,2042.14,2051.04,2036.1,2043.5,53.67093,14.63869,2035.6405,2035.6405,324177
2024-01-05 00:00:00+00:00,2043.43,2064.07,2024.34,2045.06,54.13139,13.33477,2036.6265,2036.6265,479243
2024-01-08 00:00:00+00:00,2044.75,2046.55,2016.61,2027.92,48.43528,10.79392,2036.5965,2036.5965,386657
2024-01-09 00:00:00+00:00,2028.37,2042.09,2025.95,2030.02,49.14141,8.84774,2037.903,2037.903,376717
2024-01-10 00:00:00+00:00,2030.7,2040.37,2020.31,2024.09,47.17678,6.74908,2040.021,2040.021,399655
2024-01-11 00:00:00+00:00,2025.02,2045.8,2013.16,2028.63,48.8624,5.39008,2042.487,2042.487,539869
2024-01-12 00:00:00+00:00,2029.29,2062.33,2029.15,2048.76,55.6241,5.86972,2043.6105,2043.6105,562612
2024-01-15 00:00:00+00:00,2048.46,2058.66,2045.68,2054.6,57.3846,6.64449,2044.549,2044.549,249053
2024-01-16 00:00:00+00:00,2055.07,2055.59,2024.19,2028.21,48.09853,5.07059,2045.04,2045.04,464060
2024-01-17 00:00:00+00:00,2027.75,2033.0,2001.68,2006.2,41.99478,2.02392,2043.9945,2043.9945,562103
2024-01-18 00:00:00+00:00,2006.87,2023.31,2005.65,2022.84,47.42664,0.94126,2043.1115,2043.1115,435793
2024-01-19 00:00:00+00:00,2024.17,2039.5,2020.26,2029.33,49.41626,0.60002,2043.039,2043.039,410860
2024-01-22 00:00:00+00:00,2028.53,2032.19,2016.42,2021.15,47.00185,-0.3267,2041.803,2041.803,425457
2024-01-23 00:00:00+00:00,2021.71,2037.98,2019.51,2029.05,49.56476,-0.41885,2040.6015,2040.6015,435946
2024-01-24 00:00:00+00:00,2029.59,2036.78,2011.06,2014.21,45.148,-1.67008,2037.9505,2037.9505,546589
2024-01-25 00:00:00+00:00,2015.98,2025.44,2009.47,2019.92,47.10128,-2.17587,2035.0885,2035.0885,443338
2024-01-26 00:00:00+00:00,2020.29,2026.75,2015.81,2018.34,46.60671,-2.67338,2032.725,2032.725,355391
2024-01-29 00:00:00+00:00,2023.75,2037.46,2019.18,2031.72,51.27274,-1.96535,2031.174,2031.174,288179
2024-01-30 00:00:00+00:00,2032.77,2048.64,2028.96,2036.39,52.82241,-1.0157,2030.049,2030.049,414128
2024-01-31 00:00:00+00:00,2036.44,2056.07,2030.79,2038.75,53.62508,-0.07183,2029.9345,2029.9345,569048
2024-02-01 00:00:00+00:00,2039.78,2065.54,2029.93,2054.62,58.71216,1.93447,2030.4905,2030.4905,591935
2024-02-02 00:00:00+00:00,2054.46,2057.73,2027.73,2039.44,52.75143,2.27337,2030.2095,2030.2095,383513
2024-02-05 00:00:00+00:00,2041.8,2042.29,2014.76,2024.74,47.70099,1.34033,2030.0505,2030.0505,397738
2024-02-06 00:00:00+00:00,2025.3,2038.96,2022.77,2035.86,51.48493,1.48112,2030.3425,2030.3425,191843
2024-02-07 00:00:00+00:00,2035.68,2044.64,2030.5,2034.76,51.09113,1.48679,2030.876,2030.876,142465
2024-02-08 00:00:00+00:00,2035.68,2038.7,2020.08,2033.97,50.79067,1.41126,2031.143,2031.143,151331
2024-02-09 00:00:00+00:00,2034.85,2037.28,2020.2,2023.79,46.95833,0.52393,2029.8945,2029.8945,137919
2024-02-12 00:00:00+00:00,2026.07,2027.59,2011.75,2019.87,45.5336,-0.48995,2028.158,2028.158,139042
2024-02-13 00:00:00+00:00,2019.76,2031.91,1989.97,1992.85,37.16363,-3.43416,2026.39,2026.39,153666
2024-02-14 00:00:00+00:00,1992.09,1996.12,1984.03,1992.03,36.94169,-5.76715,2025.6815,2025.6815,145695
2024-02-15 00:00:00+00:00,1993.26,2008.38,1990.09,2004.14,42.4113,-6.56323,2024.7465,2024.7465,138883
2024-02-16 00:00:00+00:00,2004.56,2015.24,1995.19,2013.58,46.32006,-6.3591,2023.959,2023.959,134063
2024-02-19 00:00:00+00:00,2012.06,2023.04,2011.38,2017.91,48.06143,-5.78128,2023.797,2023.797,99424
2024-02-20 00:00:00+00:00,2016.88,2030.94,2014.87,2023.74,50.39474,-4.79763,2023.5315,2023.5315,130543
2024-02-21 00:00:00+00:00,2024.15,2032.27,2020.05,2025.64,51.16473,-3.82071,2024.103,2024.103,140852
2024-02-22 00:00:00+00:00,2026.22,2034.86,2019.48,2024.43,50.62578,-3.10831,2024.3285,2024.3285,148581
2024-02-23 00:00:00+00:00,2024.29,2041.39,2015.92,2035.69,55.34022,-1.6165,2025.196,2025.196,150657
2024-02-26 00:00:00+00:00,2033.22,2037.1,2024.94,2030.83,52.98846,-0.81698,2025.1515,2025.1515,137193
2024-02-27 00:00:00+00:00,2030.85,2039.51,2028.63,2030.22,52.68582,-0.22992,2024.843,2024.843,130031
2024-02-28 00:00:00+00:00,2029.84,2037.94,2024.38,2034.86,54.80053,0.60279,2024.6485,2024.6485,130050
2024-02-29 00:00:00+00:00,2035.24,2050.78,2027.97,2043.75,58.61689,1.9575,2024.105,2024.105,145893
2024-03-01 00:00:00+00:00,2043.47,2088.38,2038.92,2083.31,70.53803,6.15236,2026.2985,2026.2985,163914
2024-03-04 00:00:00+00:00,2082.62,2119.94,2079.37,2114.94,76.39341,11.89201,2030.8085,2030.8085,143599
2024-03-05 00:00:00+00:00,2113.84,2141.81,2110.43,2127.57,78.25207,17.26088,2035.394,2035.394,174269
2024-03-06 00:00:00+00:00,2127.37,2152.27,2123.59,2148.24,80.90223,22.91945,2041.068,2041.068,158416
2024-03-07 00:00:00+00:00,2147.72,2164.76,2144.2,2159.39,82.16479,27.98107,2047.339,2047.339,164964
2024-03-08 00:00:00+00:00,2158.85,2195.22,2153.96,2178.5,84.1044,33.1523,2055.0745,2055.0745,175889
2024-03-11 00:00:00+00:00,2179.67,2189.03,2174.72,2182.56,84.49032,37.1499,2063.209,2063.209,146060
2024-03-12 00:00:00+00:00,2181.74,2184.76,2150.5,2158.57,73.18406,37.94483,2071.495,2071.495,94035
2024-03-13 00:00:00+00:00,2158.26,2179.85,2155.72,2174.5,75.52605,39.40599,2080.6185,2080.6185,62082
2024-03-14 00:00:00+00:00,2173.97,2176.97,2152.75,2161.7,70.21931,39.08062,2088.4965,2088.4965,61521
2024-03-15 00:00:00+00:00,2162.22,2172.71,2155.17,2156.08,67.9614,37.93202,2095.6215,2095.6215,58694
2024-03-18 00:00:00+00:00,2154.24,2163.58,2146.08,2160.1,68.73581,36.92053,2102.731,2102.731,53688
2024-03-19 00:00:00+00:00,2159.78,2162.77,2147.14,2157.57,67.62791,35.50548,2109.4225,2109.4225,59381
2024-03-20 00:00:00+00:00,2157.54,2188.77,2149.61,2185.57,72.84462,36.22582,2117.419,2117.419,62699
2024-03-21 00:00:00+00:00,2187.74,2222.65,2166.43,2181.06,70.86376,36.01758,2125.2505,2125.2505,90892
2024-03-22 00:00:00+00:00,2182.02,2186.03,2157.09,2165.52,64.36861,34.20432,2131.742,2131.742,78823
2024-03-25 00:00:00+00:00,2167.75,2181.26,2163.5,2171.19,65.60726,32.84619,2138.76,2138.76,70299
2024-03-26 00:00:00+00:00,2171.42,2200.03,2167.57,2177.77,67.03925,31.93272,2146.1375,2146.1375,63728
2024-03-27 00:00:00+00:00,2178.37,2197.55,2172.87,2194.74,70.45579,32.20685,2154.1315,2154.1315,64431
2024-03-28 00:00:00+00:00,2191.31,2236.18,2187.27,2232.62,76.349,35.07637,2163.575,2163.575,79290
2024-04-01 00:00:00+00:00,2240.87,2265.61,2228.51,2249.68,78.4353,38.28575,2171.8935,2171.8935,83935
2024-04-02 00:00:00+00:00,2249.34,2281.01,2246.67,2280.02,81.55202,42.7842,2180.1475,2180.1475,88347
2024-04-03 00:00:00+00:00,2281.33,2300.01,2265.42,2300.01,83.26789,47.4157,2188.7695,2188.7695,94706
2024-04-04 00:00:00+00:00,2299.02,2305.56,2279.95,2290.37,79.43103,49.73502,2195.876,2195.876,84214
2024-04-05 00:00:00+00:00,2291.42,2330.44,2267.75,2328.09,82.77548,53.99437,2204.311,2204.311,91337
2024-04-08 00:00:00+00:00,2326.01,2353.84,2302.9,2338.46,83.56659,57.54338,2212.309,2212.309,108686
2024-04-09 00:00:00+00:00,2337.44,2365.28,2337.04,2352.89,84.62481,60.8193,2220.8255,2220.8255,104273
2024-04-10 00:00:00+00:00,2352.41,2360.03,2319.43,2331.79,76.83364,61.00961,2229.4865,2229.4865,100677
2024-04-11 00:00:00+00:00,2333.8,2377.64,2325.85,2374.59,80.71267,63.87769,2239.491,2239.491,102200
2024-04-12 00:00:00+00:00,2373.85,2431.44,2333.86,2344.58,71.65311,63.00285,2248.635,2248.635,127474
2024-04-15 00:00:00+00:00,2359.72,2387.51,2323.98,2381.16,75.29344,64.51752,2259.889,2259.889,113850
2024-04-16 00:00:00+00:00,2382.29,2398.18,2362.99,2378.66,74.58844,64.76955,2270.817,2270.817,114166
2024-04-17 00:00:00+00:00,2383.4,2395.53,2354.54,2361.34,69.71801,62.84724,2281.0055,2281.0055,103675
2024-04-18 00:00:00+00:00,2364.36,2392.76,2362.98,2376.97,71.525,61.87179,2290.5755,2290.5755,117665
2024-04-19 00:00:00+00:00,2379.3,2417.83,2372.91,2390.36,73.01082,61.47061,2301.0405,2301.0405,146102
2024-04-22 00:00:00+00:00,2384.0,2388.38,2324.47,2325.64,57.41604,55.29292,2309.0465,2309.0465,80592
2024-04-23 00:00:00+00:00,2329.92,2334.34,2291.39,2321.51,56.58544,49.49327,2316.5625,2316.5625,78895
2024-04-24 00:00:00+00:00,2321.91,2337.19,2311.78,2315.04,55.23731,43.86924,2323.426,2323.426,71283
2024-04-25 00:00:00+00:00,2317.29,2344.8,2305.05,2331.24,57.93939,40.25532,2330.251,2330.251,68535
2024-04-26 00:00:00+00:00,2331.84,2352.5,2326.17,2337.37,58.94918,37.45415,2335.4885,2335.4885,64963
2024-04-29 00:00:00+00:00,2333.5,2346.63,2320.04,2336.35,58.69666,34.75131,2339.822,2339.822,70057
2024-04-30 00:00:00+00:00,2335.67,2336.23,2285.04,2285.57,47.73386,28.18685,2340.0995,2340.0995,71735
2024-05-01 00:00:00+00:00,2287.72,2328.2,2281.63,2318.09,53.69803,25.31672,2341.0035,2341.0035,69663
2024-05-02 00:00:00+00:00,2319.33,2326.43,2285.5,2302.94,50.79028,21.57099,2341.632,2341.632,68516
2024-05-03 00:00:00+00:00,2304.97,2320.59,2277.38,2300.95,50.40419,18.23173,2340.275,2340.275,67072
2024-05-06 00:00:00+00:00,2302.1,2331.99,2291.79,2324.31,54.75239,17.27121,2339.5675,2339.5675,71355
2024-05-07 00:00:00+00:00,2325.07,2329.88,2310.01,2313.76,52.51317,15.48024,2337.611,2337.611,65002
2024-05-08 00:00:00+00:00,2314.99,2321.32,2303.72,2308.63,51.41211,13.49142,2336.453,2336.453,66905
2024-05-09 00:00:00+00:00,2309.55,2347.17,2306.73,2345.1,58.13286,14.68877,2334.9785,2334.9785,67129
2024-05-10 00:00:00+00:00,2345.71,2378.32,2344.53,2360.77,60.65133,16.70949,2335.788,2335.788,72563
2024-05-13 00:00:00+00:00,2361.39,2364.42,2332.11,2336.45,55.11047,16.1622,2333.5525,2333.5525,66058
2024-05-14 00:00:00+00:00,2337.22,2359.61,2334.84,2357.82,58.68236,17.25396,2332.5105,2332.5105,66147
2024-05-15 00:00:00+00:00,2356.99,2390.23,2351.84,2387.21,63.03833,20.2572,2333.804,2333.804,69471
2024-05-16 00:00:00+00:00,2387.61,2397.25,2371.02,2376.11,60.44637,21.49385,2333.761,2333.761,80347
2024-05-17 00:00:00+00:00,2377.85,2422.74,2374.05,2414.26,65.67084,25.26109,2334.956,2334.956,79735
2024-05-20 00:00:00+00:00,2423.02,2450.07,2407.4,2425.06,66.99973,28.7863,2339.927,2339.927,100493
2024-05-21 00:00:00+00:00,2427.0,2433.96,2406.43,2420.71,65.89332,30.87315,2344.887,2344.887,91548
2024-05-22 00:00:00+00:00,2421.23,2426.59,2375.06,2378.07,56.11174,28.75484,2348.0385,2348.0385,92511
2024-05-23 00:00:00+00:00,2379.4,2383.66,2326.68,2328.56,47.32686,22.81799,2347.9045,2347.9045,91889
2024-05-24 00:00:00+00:00,2328.71,2347.37,2325.46,2333.18,48.14274,18.27512,2347.695,2347.695,77499
2024-05-27 00:00:00+00:00,2335.59,2358.52,2331.68,2350.08,51.12504,15.85578,2348.3815,2348.3815,60048
2024-05-28 00:00:00+00:00,2352.38,2364.14,2340.32,2360.6,52.93936,14.6188,2352.133,2352.133,77999
2024-05-29 00:00:00+00:00,2360.08,2361.37,2334.61,2338.04,48.75921,11.68339,2353.1305,2353.1305,84994
2024-05-30 00:00:00+00:00,2338.57,2351.77,2322.74,2342.61,49.62692,9.61499,2355.114,2355.114,89526
2024-05-31 00:00:00+00:00,2343.47,2359.8,2320.6,2326.44,46.61878,6.59496,2356.3885,2356.3885,86108
2024-06-03 00:00:00+00:00,2328.11,2354.76,2314.77,2350.9,51.41615,6.10491,2357.718,2357.718,86476
2024-06-04 00:00:00+00:00,2351.39,2352.83,2315.62,2326.81,46.94171,3.72968,2358.3705,2358.3705,85805
2024-06-05 00:00:00+00:00,2328.19,2357.41,2325.92,2354.82,52.15527,4.06067,2360.68,2360.68,80231
2024-06-06 00:00:00+00:00,2355.66,2378.5,2353.44,2375.96,55.69379,5.96009,2362.223,2362.223,78712
2024-06-07 00:00:00+00:00,2376.33,2387.69,2286.71,2292.78,42.40458,0.74488,2358.8235,2358.8235,93455
2024-06-10 00:00:00+00:00,2289.88,2313.84,2287.78,2310.47,45.38904,-1.93844,2357.5245,2357.5245,74902
2024-06-11 00:00:00+00:00,2310.47,2319.94,2297.75,2316.37,46.38687,-3.548,2355.452,2355.452,84809
2024-06-12 00:00:00+00:00,2316.6,2341.66,2310.75,2324.23,47.75639,-4.14161,2352.303,2352.303,80907
2024-06-13 00:00:00+00:00,2324.25,2326.67,2295.67,2303.98,44.59574,-6.17488,2348.6965,2348.6965,81083
2024-06-14 00:00:00+00:00,2303.72,2336.59,2301.62,2332.43,49.63868,-5.42801,2344.605,2344.605,80829
2024-06-17 00:00:00+00:00,2330.96,2331.41,2310.03,2318.71,47.39811,-5.87548,2339.2875,2339.2875,77194
2024-06-18 00:00:00+00:00,2320.15,2333.11,2306.64,2329.26,49.29344,-5.3175,2334.715,2334.715,76015
2024-06-19 00:00:00+00:00,2328.93,2335.06,2323.92,2327.98,49.06246,-4.92185,2332.2105,2332.2105,52075
2024-06-20 00:00:00+00:00,2328.83,2365.46,2327.81,2359.2,54.64485,-2.06529,2333.7425,2333.7425,74883
2024-06-21 00:00:00+00:00,2359.5,2368.73,2316.7,2321.07,47.76041,-2.84542,2333.137,2333.137,80013
2024-06-24 00:00:00+00:00,2320.99,2334.68,2317.73,2333.68,50.00372,-2.41828,2332.317,2332.317,80697
2024-06-25 00:00:00+00:00,2333.66,2337.13,2315.54,2319.26,47.49214,-3.20638,2330.25,2330.25,71297
2024-06-26 00:00:00+00:00,2319.78,2323.72,2293.67,2297.78,43.95082,-5.50081,2328.237,2328.237,81245
2024-06-27 00:00:00+00:00,2298.36,2330.91,2296.54,2327.83,49.61152,-4.83859,2327.498,2327.498,73266
2024-06-28 00:00:00+00:00,2327.0,2339.75,2319.06,2326.29,49.33652,-4.38747,2327.4905,2327.4905,73741
2024-07-01 00:00:00+00:00,2323.21,2338.53,2318.5,2331.72,50.3809,-3.55087,2326.5315,2326.5315,75224
2024-07-02 00:00:00+00:00,2331.46,2334.32,2323.36,2331.32,50.29865,-2.88685,2326.757,2326.757,27289
2024-07-03 00:00:00+00:00,2329.8,2364.92,2326.82,2355.92,55.14858,-0.37132,2326.812,2326.812,70069
2024-07-04 00:00:00+00:00,2355.7,2362.52,2350.64,2356.1,55.18305,1.61813,2325.819,2325.819,44797
2024-07-05 00:00:00+00:00,2356.84,2392.91,2352.3,2390.97,61.37452,5.94003,2330.7285,2330.7285,78136
2024-07-08 00:00:00+00:00,2389.67,2391.13,2351.14,2358.47,53.9004,6.66584,2333.1285,2333.1285,74869
2024-07-09 00:00:00+00:00,2358.82,2371.33,2349.29,2363.74,54.86034,7.57894,2335.497,2335.497,74298
2024-07-10 00:00:00+00:00,2362.5,2386.61,2362.19,2371.5,56.30322,8.82699,2337.8605,2337.8605,68113
2024-07-11 00:00:00+00:00,2370.75,2424.54,2370.44,2414.3,63.27577,13.11845,2343.3765,2343.3765,75900
2024-07-12 00:00:00+00:00,2413.01,2418.17,2391.44,2411.41,62.54998,16.10068,2347.3255,2347.3255,81405
2024-07-15 00:00:00+00:00,2410.9,2439.67,2401.32,2421.71,64.12918,19.07535,2352.4755,2352.4755,84081
2024-07-16 00:00:00+00:00,2421.9,2469.65,2420.01,2468.82,70.29833,24.94661,2359.4535,2359.4535,85361
2024-07-17 00:00:00+00:00,2467.62,2483.74,2451.51,2459.24,67.74675,28.49809,2366.0165,2366.0165,99076
2024-07-18 00:00:00+00:00,2457.56,2474.92,2440.3,2445.34,64.1107,29.84699,2370.3235,2370.3235,86555
2024-07-19 00:00:00+00:00,2444.57,2445.16,2393.77,2398.2,53.60338,26.80323,2374.18,2374.18,87990
2024-08-01 00:00:00+00:00,2448.53,2462.17,2430.12,2446.3,60.68399,27.95011,2379.811,2379.811,227718
2024-08-02 00:00:00+00:00,2446.24,2477.61,2410.72,2441.38,59.68071,28.13766,2385.917,2385.917,238833
2024-08-05 00:00:00+00:00,2444.61,2458.65,2364.06,2409.96,53.5876,25.4575,2391.526,2391.526,303106
2024-08-06 00:00:00+00:00,2410.23,2418.23,2381.48,2389.85,50.06449,21.46334,2394.627,2394.627,248749
2024-08-07 00:00:00+00:00,2391.58,2406.9,2378.94,2383.06,48.8956,17.54776,2397.4655,2397.4655,211353
2024-08-08 00:00:00+00:00,2381.01,2427.53,2380.95,2427.18,56.07241,17.79956,2402.2385,2402.2385,214274
2024-08-09 00:00:00+00:00,2427.07,2436.93,2416.78,2431.07,56.65045,18.10432,2407.226,2407.226,176072
2024-08-12 00:00:00+00:00,2429.26,2473.16,2423.75,2472.03,62.27901,21.40423,2413.0315,2413.0315,154564
2024-08-13 00:00:00+00:00,2471.08,2476.82,2458.4,2464.98,60.81535,23.18332,2418.4755,2418.4755,166903
2024-08-14 00:00:00+00:00,2465.65,2479.7,2437.98,2447.92,57.30565,22.95208,2421.323,2421.323,187574
2024-08-15 00:00:00+00:00,2447.5,2469.95,2432.09,2456.24,58.56165,23.17305,2426.2115,2426.2115,176316
2024-08-16 00:00:00+00:00,2455.96,2509.61,2450.64,2507.46,65.32466,27.16802,2433.3975,2433.3975,180403
2024-08-19 00:00:00+00:00,2508.41,2510.06,2485.54,2504.23,64.60855,29.73072,2440.034,2440.034,183561
2024-08-20 00:00:00+00:00,2503.42,2531.53,2497.23,2514.01,65.82997,32.17989,2445.0195,2445.0195,177578
2024-08-21 00:00:00+00:00,2513.79,2519.84,2493.81,2512.3,65.40494,33.59562,2450.064,2450.064,178292
2024-08-22 00:00:00+00:00,2511.93,2514.56,2470.73,2484.73,58.81191,32.12263,2453.215,2453.215,182512
2024-08-23 00:00:00+00:00,2484.81,2518.23,2484.33,2511.93,62.79643,32.77232,2455.3705,2455.3705,178967
2024-08-26 00:00:00+00:00,2511.56,2526.7,2508.63,2517.91,63.62948,33.3849,2458.304,2458.304,172547
2024-08-27 00:00:00+00:00,2518.06,2525.84,2503.45,2524.59,64.58349,34.01726,2462.2665,2462.2665,166644
2024-08-28 00:00:00+00:00,2524.56,2528.9,2493.55,2504.67,59.56587,32.53598,2467.59,2467.59,167110
2024-08-29 00:00:00+00:00,2504.55,2528.6,2503.55,2521.09,62.17459,32.31451,2471.3295,2471.3295,173193
2024-08-30 00:00:00+00:00,2521.13,2526.75,2494.06,2503.35,57.83326,30.35757,2474.428,2474.428,174801
2024-09-02 00:00:00+00:00,2502.34,2507.18,2489.94,2499.46,56.89513,28.1681,2478.903,2478.903,110467
2024-09-03 00:00:00+00:00,2499.89,2506.18,2473.39,2492.86,55.25734,25.6052,2484.0535,2484.0535,185141
2024-09-04 00:00:00+00:00,2493.05,2500.15,2471.77,2495.44,55.79305,23.51124,2489.6725,2489.6725,173118
2024-09-05 00:00:00+00:00,2495.24,2523.31,2493.72,2516.63,60.02637,23.29311,2494.145,2494.145,171151
2024-09-06 00:00:00+00:00,2516.84,2529.08,2485.02,2497.61,54.94069,21.3395,2497.472,2497.472,194614
2024-09-09 00:00:00+00:00,2497.09,2507.04,2485.44,2506.22,56.72797,20.25255,2499.1815,2499.1815,175640
2024-09-10 00:00:00+00:00,2506.19,2518.32,2500.02,2516.54,58.83558,19.99339,2501.7595,2501.7595,162060
2024-09-11 00:00:00+00:00,2516.55,2528.93,2500.85,2511.35,57.32345,19.14849,2504.931,2504.931,192814
2024-09-12 00:00:00+00:00,2511.97,2559.98,2510.9,2558.6,65.91276,22.03755,2510.049,2510.049,187663
2024-09-13 00:00:00+00:00,2558.54,2585.92,2556.61,2578.38,68.7484,25.6278,2513.595,2513.595,191691
2024-09-16 00:00:00+00:00,2579.39,2589.56,2575.17,2582.42,69.30996,28.4709,2517.5045,2517.5045,149290
2024-09-17 00:00:00+00:00,2582.09,2586.82,2560.69,2569.45,65.25593,29.33931,2520.2765,2520.2765,168290
2024-09-18 00:00:00+00:00,2569.64,2600.04,2546.71,2559.27,62.18163,28.87325,2522.625,2522.625,196306
2024-09-19 00:00:00+00:00,2558.73,2594.76,2550.94,2586.61,66.71674,30.36003,2527.719,2527.719,212431
2024-09-20 00:00:00+00:00,2586.85,2625.65,2584.71,2622.26,71.5137,34.02278,2533.2355,2533.2355,192171
2024-09-23 00:00:00+00:00,2619.54,2634.74,2613.78,2628.39,72.25419,36.99374,2538.7595,2538.7595,170980
2024-09-24 00:00:00+00:00,2628.64,2664.24,2622.56,2656.99,75.45944,41.18131,2545.3795,2545.3795,203370
2024-09-25 00:00:00+00:00,2657.43,2670.39,2649.61,2657.02,75.46264,43.99526,2552.997,2552.997,189847
2024-09-26 00:00:00+00:00,2656.47,2685.44,2654.7,2672.23,77.09449,46.91189,2560.554,2560.554,204851
2024-09-27 00:00:00+00:00,2672.24,2674.2,2643.04,2659.81,72.83489,47.67162,2568.377,2568.377,216031
2024-09-30 00:00:00+00:00,2658.25,2665.9,2624.59,2634.53,64.96667,45.70694,2575.1305,2575.1305,207306
2024-10-01 00:00:00+00:00,2634.35,2673.04,2632.13,2663.37,69.07153,45.94741,2583.656,2583.656,178322
2024-10-02 00:00:00+00:00,2663.25,2663.26,2641.02,2658.67,67.67978,45.23727,2591.8175,2591.8175,167809
2024-10-03 00:00:00+00:00,2658.51,2662.79,2636.9,2656.01,66.85869,43.95318,2598.7865,2598.7865,186642
2024-10-04 00:00:00+00:00,2656.25,2670.15,2631.91,2653.57,66.0669,42.25158,2606.5845,2606.5845,129072
2024-10-07 00:00:00+00:00,2649.56,2659.61,2637.74,2642.51,62.45632,39.55465,2613.399,2613.399,85860
2024-10-08 00:00:00+00:00,2644.69,2652.96,2604.77,2621.85,56.27004,35.34281,2618.6645,2618.6645,98279
2024-10-09 00:00:00+00:00,2621.6,2624.34,2605.21,2607.68,52.43394,30.5098,2623.481,2623.481,87211
2024-10-10 00:00:00+00:00,2607.68,2631.52,2605.89,2630.05,57.37437,28.16006,2627.0535,2627.0535,87430
2024-10-11 00:00:00+00:00,2629.75,2661.4,2628.02,2656.38,62.33336,28.09858,2630.9535,2630.9535,80192
2024-10-14 00:00:00+00:00,2655.69,2666.77,2643.17,2648.52,60.0861,27.1032,2634.2585,2634.2585,79898
2024-10-15 00:00:00+00:00,2648.48,2668.96,2638.33,2662.64,62.68849,27.14085,2638.918,2638.918,85041
2024-10-16 00:00:00+00:00,2662.43,2685.24,2658.73,2673.64,64.6236,27.73855,2644.6365,2644.6365,81811
2024-10-17 00:00:00+00:00,2673.91,2696.74,2673.15,2692.83,67.76456,29.42155,2649.9475,2649.9475,87494
2024-10-18 00:00:00+00:00,2692.69,2722.6,2691.82,2721.91,71.84419,32.72462,2654.93,2654.93,87565
2024-10-21 00:00:00+00:00,2720.16,2740.56,2714.27,2719.5,71.04176,34.74731,2659.4855,2659.4855,94372
2024-10-22 00:00:00+00:00,2719.49,2748.86,2718.93,2748.81,74.73731,38.27419,2664.0765,2664.0765,87044
2024-10-23 00:00:00+00:00,2748.27,2758.47,2708.78,2715.57,64.65943,37.94961,2667.004,2667.004,92031
2024-10-24 00:00:00+00:00,2715.39,2743.19,2715.09,2735.84,67.5344,38.87982,2670.1845,2670.1845,90227
2024-10-25 00:00:00+00:00,2735.83,2747.55,2717.02,2747.39,69.07801,40.0869,2674.5635,2674.5635,84877
2024-10-28 00:00:00+00:00,2732.7,2745.92,2724.72,2742.24,67.53609,40.16497,2679.949,2679.949,87422
2024-10-29 00:00:00+00:00,2741.97,2774.75,2739.8,2774.44,71.77785,42.33707,2685.5025,2685.5025,92516
2024-10-30 00:00:00+00:00,2774.11,2790.05,2770.87,2787.21,73.26951,44.57508,2691.9295,2691.9295,92262
2024-10-31 00:00:00+00:00,2787.85,2790.09,2731.64,2743.77,61.38395,42.35523,2696.3175,2696.3175,91037
2024-11-01 00:00:00+00:00,2743.91,2762.26,2733.17,2735.84,59.48687,39.50075,2700.431,2700.431,95509
2024-11-04 00:00:00+00:00,2738.13,2748.16,2730.55,2736.46,59.59202,36.86365,2705.1285,2705.1285,96948
2024-11-05 00:00:00+00:00,2736.84,2749.88,2724.71,2743.72,60.87263,34.95659,2711.222,2711.222,89174
2024-11-06 00:00:00+00:00,2743.32,2749.69,2652.44,2658.94,43.52533,26.30101,2713.785,2713.785,119755
2024-11-07 00:00:00+00:00,2659.18,2710.27,2643.33,2706.24,51.78146,22.99307,2717.5945,2717.5945,104394
2024-11-08 00:00:00+00:00,2705.81,2710.35,2680.35,2684.15,48.23493,18.37718,2718.983,2718.983,97232
2024-11-11 00:00:00+00:00,2682.96,2686.22,2610.59,2619.3,39.64943,9.3781,2717.522,2717.522,96185
2024-11-12 00:00:00+00:00,2619.5,2627.13,2589.81,2597.98,37.29893,0.51992,2714.289,2714.289,101759
2024-11-13 00:00:00+00:00,2598.53,2618.81,2572.65,2572.7,34.67408,-8.44281,2709.242,2709.242,97489
2024-11-14 00:00:00+00:00,2574.82,2581.29,2536.77,2564.53,33.84512,-16.02042,2702.827,2702.827,109662
2024-11-15 00:00:00+00:00,2565.12,2576.05,2554.58,2561.78,33.55433,-21.99409,2694.8205,2694.8205,100256
2024-11-18 00:00:00+00:00,2564.94,2615.02,2564.79,2611.72,43.11286,-22.43986,2689.4315,2689.4315,97519
2024-11-19 00:00:00+00:00,2611.74,2639.4,2610.23,2632.11,46.49706,-20.90683,2683.5965,2683.5965,96397
2024-11-20 00:00:00+00:00,2632.0,2655.35,2618.91,2650.08,49.3565,-18.03398,2680.322,2680.322,94155
2024-11-21 00:00:00+00:00,2649.8,2673.47,2648.63,2669.41,52.30911,-14.03566,2677.0005,2677.0005,94033
2024-11-22 00:00:00+00:00,2669.66,2715.5,2668.21,2715.34,58.50035,-7.07919,2675.398,2675.398,102746
2024-11-25 00:00:00+00:00,2692.25,2721.31,2615.6,2625.46,45.93359,-8.71821,2669.559,2669.559,105609
2024-11-26 00:00:00+00:00,2625.01,2641.9,2604.86,2633.02,46.96556,-9.29991,2662.488,2662.488,100386
2024-11-27 00:00:00+00:00,2630.47,2658.2,2627.0,2635.95,47.38472,-9.41594,2654.925,2654.925,89383
2024-11-28 00:00:00+00:00,2637.8,2649.57,2620.92,2637.07,47.55535,-9.3102,2649.59,2649.59,64090
2024-11-29 00:00:00+00:00,2637.58,2666.37,2634.03,2650.33,49.63774,-8.06348,2645.3145,2645.3145,86260
2024-12-02 00:00:00+00:00,2652.01,2652.69,2621.86,2638.62,47.83151,-7.92894,2640.4225,2640.4225,103110
2024-12-03 00:00:00+00:00,2639.23,2655.56,2634.11,2643.5,48.66978,-7.34389,2635.4115,2635.4115,91928
2024-12-04 00:00:00+00:00,2643.29,2656.99,2632.31,2649.88,49.80535,-6.29288,2634.9585,2634.9585,93798
2024-12-05 00:00:00+00:00,2649.6,2655.54,2623.52,2631.66,46.63253,-6.85117,2631.2295,2631.2295,87579
2024-12-06 00:00:00+00:00,2631.76,2645.6,2612.32,2632.67,46.83472,-7.12993,2628.6555,2628.6555,91127
2024-12-09 00:00:00+00:00,2643.88,2676.32,2627.57,2660.18,52.15208,-5.07255,2630.6995,2630.6995,98808
2024-12-10 00:00:00+00:00,2660.85,2695.46,2657.93,2693.8,57.71775,-0.7209,2635.4905,2635.4905,92398
2024-12-11 00:00:00+00:00,2693.98,2721.07,2674.85,2717.95,61.20832,4.62322,2642.753,2642.753,100382
2024-12-12 00:00:00+00:00,2717.58,2726.15,2675.03,2680.55,53.80089,5.77405,2648.554,2648.554,97260
2024-12-13 00:00:00+00:00,2681.0,2692.77,2645.68,2648.8,48.44132,4.07713,2652.905,2652.905,96541
2024-12-16 00:00:00+00:00,2650.72,2664.23,2643.52,2652.62,49.09834,3.00591,2654.95,2654.95,74306
2024-12-17 00:00:00+00:00,2652.65,2658.57,2633.03,2646.4,48.0252,1.63619,2655.6645,2655.6645,82723
2024-12-18 00:00:00+00:00,2646.32,2651.7,2583.62,2585.31,39.00741,-4.32888,2652.426,2652.426,82407
2024-12-19 00:00:00+00:00,2585.48,2626.42,2582.92,2594.39,40.78711,-8.2287,2648.675,2648.675,90171
2024-12-20 00:00:00+00:00,2594.75,2631.82,2589.69,2623.03,46.12679,-8.90566,2644.0595,2644.0595,84572
2024-12-23 00:00:00+00:00,2620.78,2633.22,2608.13,2612.77,44.57598,-10.15303,2643.425,2643.425,77618
2024-12-24 00:00:00+00:00,2613.12,2621.46,2610.02,2616.59,45.31319,-10.70987,2642.6035,2642.6035,56605
2024-12-26 00:00:00+00:00,2616.14,2639.14,2614.12,2633.53,48.57953,-9.67275,2642.4825,2642.4825,63754
2024-12-27 00:00:00+00:00,2635.7,2638.34,2611.69,2621.54,46.46415,-9.70643,2641.706,2641.706,69633
2024-12-30 00:00:00+00:00,2621.03,2628.13,2596.09,2605.96,43.79547,-10.86506,2639.4875,2639.4875,69847
2024-12-31 00:00:00+00:00,2605.71,2627.58,2602.59,2624.61,47.67006,-10.16124,2638.787,2638.787,69268
2025-01-02 00:00:00+00:00,2624.48,2660.46,2621.48,2657.98,53.80625,-6.83203,2639.511,2639.511,83419
2025-01-03 00:00:00+00:00,2658.34,2665.15,2636.51,2639.98,50.37491,-5.58171,2639.016,2639.016,74593
2025-01-06 00:00:00+00:00,2641.45,2649.45,2614.45,2635.77,49.57853,-4.87435,2639.2215,2639.2215,83848
2025-01-07 00:00:00+00:00,2636.09,2664.33,2632.98,2648.42,52.03237,-3.25548,2640.009,2640.009,70702
2025-01-08 00:00:00+00:00,2648.45,2670.0,2645.25,2661.44,54.48746,-0.91141,2640.072,2640.072,80604
2025-01-09 00:00:00+00:00,2661.31,2678.23,2655.51,2670.34,56.13999,1.64548,2638.899,2638.899,67495
2025-01-10 00:00:00+00:00,2670.34,2698.01,2663.96,2688.96,59.45675,5.11534,2637.4495,2637.4495,89266
2025-01-13 00:00:00+00:00,2690.19,2693.27,2656.84,2662.98,53.39009,5.70312,2636.571,2636.571,93434
2025-01-14 00:00:00+00:00,2663.55,2678.38,2659.86,2677.37,56.06417,7.24656,2637.9995,2637.9995,88452
2025-01-15 00:00:00+00:00,2678.38,2697.55,2669.39,2696.28,59.3635,9.88171,2640.1825,2640.1825,81616
2025-01-16 00:00:00+00:00,2695.01,2724.76,2690.03,2714.26,62.26508,13.26798,2643.5755,2643.5755,86394
2025-01-17 00:00:00+00:00,2714.44,2717.38,2698.47,2702.92,59.38501,14.86522,2649.456,2649.456,80490
2025-01-20 00:00:00+00:00,2703.09,2713.76,2689.26,2706.7,60.04838,16.24876,2655.0715,2655.0715,69969
2025-01-21 00:00:00+00:00,2708.28,2746.02,2702.81,2744.69,66.05004,20.17809,2661.1545,2661.1545,92790
2025-01-22 00:00:00+00:00,2745.17,2763.45,2741.1,2756.18,67.63371,23.94327,2668.325,2668.325,84738
2025-01-23 00:00:00+00:00,2756.17,2758.92,2735.58,2754.52,67.14638,26.48791,2675.2215,2675.2215,85621
2025-01-24 00:00:00+00:00,2754.64,2785.94,2753.49,2771.48,69.55967,29.53265,2682.119,2682.119,87370
2025-01-27 00:00:00+00:00,2769.76,2772.53,2730.48,2740.7,60.82694,29.12619,2688.077,2688.077,99704
2025-01-28 00:00:00+00:00,2739.91,2765.11,2734.81,2763.17,64.34595,30.2683,2695.9375,2695.9375,83114
2025-01-29 00:00:00+00:00,2763.23,2766.2,2744.76,2759.68,63.39341,30.53977,2702.691,2702.691,83303
2025-01-30 00:00:00+00:00,2759.61,2798.49,2758.23,2794.06,68.36204,33.14699,2709.495,2709.495,83835
2025-01-31 00:00:00+00:00,2795.08,2817.23,2791.02,2799.23,69.04251,35.22437,2717.4575,2717.4575,91164
2025-02-03 00:00:00+00:00,2794.53,2795.01,2794.21,2794.41,67.58309,36.06602,2725.3895,2725.3895,1631
